  0
SECTION
  2
HEADER
  9
$ACADVER
  1
AC1027
  9
$ACADMAINTVER
 70
105
  9
$DWGCODEPAGE
  3
ANSI_1252
  9
$LASTSAVEDBY
  1
ezdxf
  9
$REQUIREDVERSIONS
160
0
  9
$INSBASE
 10
0.0
 20
0.0
 30
0.0
  9
$EXTMIN
 10
1e+20
 20
1e+20
 30
1e+20
  9
$EXTMAX
 10
-1e+20
 20
-1e+20
 30
-1e+20
  9
$LIMMIN
 10
0.0
 20
0.0
  9
$LIMMAX
 10
420.0
 20
297.0
  9
$ORTHOMODE
 70
0
  9
$REGENMODE
 70
1
  9
$FILLMODE
 70
1
  9
$QTEXTMODE
 70
0
  9
$MIRRTEXT
 70
1
  9
$LTSCALE
 40
1.0
  9
$ATTMODE
 70
1
  9
$TEXTSIZE
 40
2.5
  9
$TRACEWID
 40
1.0
  9
$TEXTSTYLE
  7
OpenSans
  9
$CLAYER
  8
0
  9
$CELTYPE
  6
ByLayer
  9
$CECOLOR
 62
256
  9
$CELTSCALE
 40
1.0
  9
$DISPSILH
 70
0
  9
$DIMSCALE
 40
1.0
  9
$DIMASZ
 40
0.175
  9
$DIMEXO
 40
0.125
  9
$DIMDLI
 40
3.75
  9
$DIMRND
 40
0.0
  9
$DIMDLE
 40
0.0
  9
$DIMEXE
 40
0.375
  9
$DIMTP
 40
0.0
  9
$DIMTM
 40
0.0
  9
$DIMTXT
 40
0.25
  9
$DIMCEN
 40
2.5
  9
$DIMTSZ
 40
0.0
  9
$DIMTOL
 70
0
  9
$DIMLIM
 70
0
  9
$DIMTIH
 70
0
  9
$DIMTOH
 70
0
  9
$DIMSE1
 70
0
  9
$DIMSE2
 70
0
  9
$DIMTAD
 70
1
  9
$DIMZIN
 70
12
  9
$DIMBLK
  1
ARCHTICK
  9
$DIMASO
 70
1
  9
$DIMSHO
 70
1
  9
$DIMPOST
  1

  9
$DIMAPOST
  1

  9
$DIMALT
 70
0
  9
$DIMALTD
 70
3
  9
$DIMALTF
 40
0.03937007874
  9
$DIMLFAC
 40
100.0
  9
$DIMTOFL
 70
1
  9
$DIMTVP
 40
0.0
  9
$DIMTIX
 70
0
  9
$DIMSOXD
 70
0
  9
$DIMSAH
 70
0
  9
$DIMBLK1
  1

  9
$DIMBLK2
  1

  9
$DIMSTYLE
  2
EZDXF
  9
$DIMCLRD
 70
0
  9
$DIMCLRE
 70
0
  9
$DIMCLRT
 70
0
  9
$DIMTFAC
 40
0.5
  9
$DIMGAP
 40
0.1
  9
$DIMJUST
 70
0
  9
$DIMSD1
 70
0
  9
$DIMSD2
 70
0
  9
$DIMTOLJ
 70
0
  9
$DIMTZIN
 70
8
  9
$DIMALTZ
 70
0
  9
$DIMALTTZ
 70
0
  9
$DIMUPT
 70
1
  9
$DIMDEC
 70
2
  9
$DIMTDEC
 70
2
  9
$DIMALTU
 70
2
  9
$DIMALTTD
 70
3
  9
$DIMTXSTY
  7
OpenSansCondensed-Light
  9
$DIMAUNIT
 70
0
  9
$DIMADEC
 70
2
  9
$DIMALTRND
 40
0.0
  9
$DIMAZIN
 70
3
  9
$DIMDSEP
 70
46
  9
$DIMATFIT
 70
3
  9
$DIMFRAC
 70
0
  9
$DIMLDRBLK
  1

  9
$DIMLUNIT
 70
2
  9
$DIMLWD
 70
-2
  9
$DIMLWE
 70
-2
  9
$DIMTMOVE
 70
2
  9
$DIMFXL
 40
1.0
  9
$DIMFXLON
 70
0
  9
$DIMJOGANG
 40
0.785398163397
  9
$DIMTFILL
 70
0
  9
$DIMTFILLCLR
 70
0
  9
$DIMARCSYM
 70
0
  9
$DIMLTYPE
  6

  9
$DIMLTEX1
  6

  9
$DIMLTEX2
  6

  9
$DIMTXTDIRECTION
 70
0
  9
$LUNITS
 70
2
  9
$LUPREC
 70
4
  9
$SKETCHINC
 40
1.0
  9
$FILLETRAD
 40
10.0
  9
$AUNITS
 70
0
  9
$AUPREC
 70
2
  9
$MENU
  1
.
  9
$ELEVATION
 40
0.0
  9
$PELEVATION
 40
0.0
  9
$THICKNESS
 40
0.0
  9
$LIMCHECK
 70
0
  9
$CHAMFERA
 40
0.0
  9
$CHAMFERB
 40
0.0
  9
$CHAMFERC
 40
0.0
  9
$CHAMFERD
 40
0.0
  9
$SKPOLY
 70
0
  9
$TDCREATE
 40
2461313.554548611
  9
$TDUCREATE
 40
2458532.153996898
  9
$TDUPDATE
 40
2461313.5545601854
  9
$TDUUPDATE
 40
2458532.1544311
  9
$TDINDWG
 40
0.0
  9
$TDUSRTIMER
 40
0.0
  9
$USRTIMER
 70
1
  9
$ANGBASE
 50
0.0
  9
$ANGDIR
 70
0
  9
$PDMODE
 70
0
  9
$PDSIZE
 40
0.0
  9
$PLINEWID
 40
0.0
  9
$SPLFRAME
 70
0
  9
$SPLINETYPE
 70
6
  9
$SPLINESEGS
 70
8
  9
$HANDSEED
  5
3C7
  9
$SURFTAB1
 70
6
  9
$SURFTAB2
 70
6
  9
$SURFTYPE
 70
6
  9
$SURFU
 70
6
  9
$SURFV
 70
6
  9
$UCSBASE
  2

  9
$UCSNAME
  2

  9
$UCSORG
 10
0.0
 20
0.0
 30
0.0
  9
$UCSXDIR
 10
1.0
 20
0.0
 30
0.0
  9
$UCSYDIR
 10
0.0
 20
1.0
 30
0.0
  9
$UCSORTHOREF
  2

  9
$UCSORTHOVIEW
 70
0
  9
$UCSORGTOP
 10
0.0
 20
0.0
 30
0.0
  9
$UCSORGBOTTOM
 10
0.0
 20
0.0
 30
0.0
  9
$UCSORGLEFT
 10
0.0
 20
0.0
 30
0.0
  9
$UCSORGRIGHT
 10
0.0
 20
0.0
 30
0.0
  9
$UCSORGFRONT
 10
0.0
 20
0.0
 30
0.0
  9
$UCSORGBACK
 10
0.0
 20
0.0
 30
0.0
  9
$PUCSBASE
  2

  9
$PUCSNAME
  2

  9
$PUCSORG
 10
0.0
 20
0.0
 30
0.0
  9
$PUCSXDIR
 10
1.0
 20
0.0
 30
0.0
  9
$PUCSYDIR
 10
0.0
 20
1.0
 30
0.0
  9
$PUCSORTHOREF
  2

  9
$PUCSORTHOVIEW
 70
0
  9
$PUCSORGTOP
 10
0.0
 20
0.0
 30
0.0
  9
$PUCSORGBOTTOM
 10
0.0
 20
0.0
 30
0.0
  9
$PUCSORGLEFT
 10
0.0
 20
0.0
 30
0.0
  9
$PUCSORGRIGHT
 10
0.0
 20
0.0
 30
0.0
  9
$PUCSORGFRONT
 10
0.0
 20
0.0
 30
0.0
  9
$PUCSORGBACK
 10
0.0
 20
0.0
 30
0.0
  9
$USERI1
 70
0
  9
$USERI2
 70
0
  9
$USERI3
 70
0
  9
$USERI4
 70
0
  9
$USERI5
 70
0
  9
$USERR1
 40
0.0
  9
$USERR2
 40
0.0
  9
$USERR3
 40
0.0
  9
$USERR4
 40
0.0
  9
$USERR5
 40
0.0
  9
$WORLDVIEW
 70
1
  9
$SHADEDGE
 70
3
  9
$SHADEDIF
 70
70
  9
$TILEMODE
 70
1
  9
$MAXACTVP
 70
64
  9
$PINSBASE
 10
0.0
 20
0.0
 30
0.0
  9
$PLIMCHECK
 70
0
  9
$PEXTMIN
 10
1e+20
 20
1e+20
 30
1e+20
  9
$PEXTMAX
 10
-1e+20
 20
-1e+20
 30
-1e+20
  9
$PLIMMIN
 10
0.0
 20
0.0
  9
$PLIMMAX
 10
420.0
 20
297.0
  9
$UNITMODE
 70
0
  9
$VISRETAIN
 70
1
  9
$PLINEGEN
 70
0
  9
$PSLTSCALE
 70
1
  9
$TREEDEPTH
 70
3020
  9
$CMLSTYLE
  2
Standard
  9
$CMLJUST
 70
0
  9
$CMLSCALE
 40
20.0
  9
$PROXYGRAPHICS
 70
1
  9
$MEASUREMENT
 70
1
  9
$CELWEIGHT
370
-1
  9
$ENDCAPS
280
0
  9
$JOINSTYLE
280
0
  9
$LWDISPLAY
290
1
  9
$INSUNITS
 70
5
  9
$HYPERLINKBASE
  1

  9
$STYLESHEET
  1

  9
$XEDIT
290
1
  9
$CEPSNTYPE
380
0
  9
$PSTYLEMODE
290
1
  9
$FINGERPRINTGUID
  2
{F8C44DCF-DA39-46AE-ADF5-00D9E51AA18C}
  9
$VERSIONGUID
  2
{8173ACFF-D373-45DF-9B4B-EF5FF0EDB166}
  9
$EXTNAMES
290
1
  9
$PSVPSCALE
 40
0.0
  9
$OLESTARTUP
290
0
  9
$SORTENTS
280
127
  9
$INDEXCTL
280
0
  9
$HIDETEXT
280
1
  9
$XCLIPFRAME
280
1
  9
$HALOGAP
280
0
  9
$OBSCOLOR
 70
257
  9
$OBSLTYPE
280
0
  9
$INTERSECTIONDISPLAY
280
0
  9
$INTERSECTIONCOLOR
 70
257
  9
$DIMASSOC
280
2
  9
$PROJECTNAME
  1

  9
$CAMERADISPLAY
290
0
  9
$LENSLENGTH
 40
50.0
  9
$CAMERAHEIGHT
 40
0.0
  9
$STEPSPERSEC
 40
24.0
  9
$STEPSIZE
 40
100.0
  9
$3DDWFPREC
 40
2.0
  9
$PSOLWIDTH
 40
0.005
  9
$PSOLHEIGHT
 40
0.08
  9
$LOFTANG1
 40
1.570796326795
  9
$LOFTANG2
 40
1.570796326795
  9
$LOFTMAG1
 40
0.0
  9
$LOFTMAG2
 40
0.0
  9
$LOFTPARAM
 70
7
  9
$LOFTNORMALS
280
1
  9
$LATITUDE
 40
37.795
  9
$LONGITUDE
 40
-122.394
  9
$NORTHDIRECTION
 40
0.0
  9
$TIMEZONE
 70
-8000
  9
$LIGHTGLYPHDISPLAY
280
1
  9
$TILEMODELIGHTSYNCH
280
1
  9
$CMATERIAL
347
20
  9
$SOLIDHIST
280
0
  9
$SHOWHIST
280
1
  9
$DWFFRAME
280
2
  9
$DGNFRAME
280
2
  9
$REALWORLDSCALE
290
1
  9
$INTERFERECOLOR
 62
256
  9
$CSHADOW
280
0
  9
$SHADOWPLANELOCATION
 40
0.0
  0
ENDSEC
  0
SECTION
  2
CLASSES
  0
CLASS
  1
ACDBDICTIONARYWDFLT
  2
AcDbDictionaryWithDefault
  3
ObjectDBX Classes
 90
0
 91
0
280
0
281
0
  0
CLASS
  1
SUN
  2
AcDbSun
  3
SCENEOE
 90
1153
 91
0
280
0
281
0
  0
CLASS
  1
VISUALSTYLE
  2
AcDbVisualStyle
  3
ObjectDBX Classes
 90
4095
 91
0
280
0
281
0
  0
CLASS
  1
MATERIAL
  2
AcDbMaterial
  3
ObjectDBX Classes
 90
1153
 91
0
280
0
281
0
  0
CLASS
  1
SCALE
  2
AcDbScale
  3
ObjectDBX Classes
 90
1153
 91
0
280
0
281
0
  0
CLASS
  1
TABLESTYLE
  2
AcDbTableStyle
  3
ObjectDBX Classes
 90
4095
 91
0
280
0
281
0
  0
CLASS
  1
MLEADERSTYLE
  2
AcDbMLeaderStyle
  3
ACDB_MLEADERSTYLE_CLASS
 90
4095
 91
0
280
0
281
0
  0
CLASS
  1
DICTIONARYVAR
  2
AcDbDictionaryVar
  3
ObjectDBX Classes
 90
0
 91
0
280
0
281
0
  0
CLASS
  1
CELLSTYLEMAP
  2
AcDbCellStyleMap
  3
ObjectDBX Classes
 90
1152
 91
0
280
0
281
0
  0
CLASS
  1
MENTALRAYRENDERSETTINGS
  2
AcDbMentalRayRenderSettings
  3
SCENEOE
 90
1024
 91
0
280
0
281
0
  0
CLASS
  1
ACDBDETAILVIEWSTYLE
  2
AcDbDetailViewStyle
  3
ObjectDBX Classes
 90
1025
 91
0
280
0
281
0
  0
CLASS
  1
ACDBSECTIONVIEWSTYLE
  2
AcDbSectionViewStyle
  3
ObjectDBX Classes
 90
1025
 91
0
280
0
281
0
  0
CLASS
  1
RASTERVARIABLES
  2
AcDbRasterVariables
  3
ISM
 90
0
 91
0
280
0
281
0
  0
CLASS
  1
LAYOUT
  2
AcDbLayout
  3
ObjectDBX Classes
 90
0
 91
0
280
0
281
0
  0
CLASS
  1
ACDBPLACEHOLDER
  2
AcDbPlaceHolder
  3
ObjectDBX Classes
 90
0
 91
0
280
0
281
0
  0
ENDSEC
  0
SECTION
  2
TABLES
  0
TABLE
  2
VPORT
  5
8
330
0
100
AcDbSymbolTable
 70
1
  0
VPORT
  5
23
330
8
100
AcDbSymbolTableRecord
100
AcDbViewportTableRecord
  2
*Active
 70
0
 10
0.0
 20
0.0
 11
1.0
 21
1.0
 12
0.0
 22
0.0
 13
0.0
 23
0.0
 14
0.5
 24
0.5
 15
0.5
 25
0.5
 16
0.0
 26
0.0
 36
1.0
 17
0.0
 27
0.0
 37
0.0
 40
1000.0
 41
1.34
 42
50.0
 43
0.0
 44
0.0
 50
0.0
 51
0.0
 71
0
 72
1000
 73
1
 74
3
 75
0
 76
0
 77
0
 78
0
281
0
 65
0
146
0.0
  0
ENDTAB
  0
TABLE
  2
LTYPE
  5
2
330
0
100
AcDbSymbolTable
 70
21
  0
LTYPE
  5
24
330
2
100
AcDbSymbolTableRecord
100
AcDbLinetypeTableRecord
  2
ByBlock
 70
0
  3

 72
65
 73
0
 40
0.0
  0
LTYPE
  5
25
330
2
100
AcDbSymbolTableRecord
100
AcDbLinetypeTableRecord
  2
ByLayer
 70
0
  3

 72
65
 73
0
 40
0.0
  0
LTYPE
  5
26
330
2
100
AcDbSymbolTableRecord
100
AcDbLinetypeTableRecord
  2
Continuous
 70
0
  3

 72
65
 73
0
 40
0.0
  0
LTYPE
  5
2F
330
2
100
AcDbSymbolTableRecord
100
AcDbLinetypeTableRecord
  2
CENTER
 70
0
  3
Center ____ _ ____ _ ____ _ ____ _ ____ _ ____
 72
65
 73
4
 40
5.08
 49
3.175
 74
0
 49
-0.635
 74
0
 49
0.635
 74
0
 49
-0.635
 74
0
  0
LTYPE
  5
30
330
2
100
AcDbSymbolTableRecord
100
AcDbLinetypeTableRecord
  2
CENTERX2
 70
0
  3
Center (2x) ________  __  ________  __  ________
 72
65
 73
4
 40
8.89
 49
6.35
 74
0
 49
-0.635
 74
0
 49
1.27
 74
0
 49
-0.635
 74
0
  0
LTYPE
  5
31
330
2
100
AcDbSymbolTableRecord
100
AcDbLinetypeTableRecord
  2
CENTER2
 70
0
  3
Center (.5x) ____ _ ____ _ ____ _ ____ _ ____
 72
65
 73
4
 40
2.54
 49
1.587
 74
0
 49
-0.318
 74
0
 49
0.318
 74
0
 49
-0.318
 74
0
  0
LTYPE
  5
32
330
2
100
AcDbSymbolTableRecord
100
AcDbLinetypeTableRecord
  2
DASHED
 70
0
  3
Dashed __ __ __ __ __ __ __ __ __ __ __ __ __ _
 72
65
 73
2
 40
1.524
 49
1.27
 74
0
 49
-0.254
 74
0
  0
LTYPE
  5
33
330
2
100
AcDbSymbolTableRecord
100
AcDbLinetypeTableRecord
  2
DASHEDX2
 70
0
  3
Dashed (2x) ____  ____  ____  ____  ____  ____
 72
65
 73
2
 40
3.048
 49
2.54
 74
0
 49
-0.508
 74
0
  0
LTYPE
  5
34
330
2
100
AcDbSymbolTableRecord
100
AcDbLinetypeTableRecord
  2
DASHED2
 70
0
  3
Dashed (.5x) _ _ _ _ _ _ _ _ _ _ _ _ _ _
 72
65
 73
2
 40
0.762
 49
0.635
 74
0
 49
-0.127
 74
0
  0
LTYPE
  5
35
330
2
100
AcDbSymbolTableRecord
100
AcDbLinetypeTableRecord
  2
PHANTOM
 70
0
  3
Phantom ______  __  __  ______  __  __  ______
 72
65
 73
6
 40
6.35
 49
3.175
 74
0
 49
-0.635
 74
0
 49
0.635
 74
0
 49
-0.635
 74
0
 49
0.635
 74
0
 49
-0.635
 74
0
  0
LTYPE
  5
36
330
2
100
AcDbSymbolTableRecord
100
AcDbLinetypeTableRecord
  2
PHANTOMX2
 70
0
  3
Phantom (2x)____________    ____    ____    ____________
 72
65
 73
6
 40
10.795
 49
6.35
 74
0
 49
-0.635
 74
0
 49
1.27
 74
0
 49
-0.635
 74
0
 49
1.27
 74
0
 49
-0.635
 74
0
  0
LTYPE
  5
37
330
2
100
AcDbSymbolTableRecord
100
AcDbLinetypeTableRecord
  2
PHANTOM2
 70
0
  3
Phantom (.5x) ___ _ _ ___ _ _ ___ _ _ ___ _ _ ___
 72
65
 73
6
 40
3.175
 49
1.587
 74
0
 49
-0.318
 74
0
 49
0.318
 74
0
 49
-0.318
 74
0
 49
0.318
 74
0
 49
-0.318
 74
0
  0
LTYPE
  5
38
330
2
100
AcDbSymbolTableRecord
100
AcDbLinetypeTableRecord
  2
DASHDOT
 70
0
  3
Dash dot __ . __ . __ . __ . __ . __ . __ . __
 72
65
 73
4
 40
3.556
 49
2.54
 74
0
 49
-0.508
 74
0
 49
0.0
 74
0
 49
-0.508
 74
0
  0
LTYPE
  5
39
330
2
100
AcDbSymbolTableRecord
100
AcDbLinetypeTableRecord
  2
DASHDOTX2
 70
0
  3
Dash dot (2x) ____  .  ____  .  ____  .  ____
 72
65
 73
4
 40
6.096
 49
5.08
 74
0
 49
-0.508
 74
0
 49
0.0
 74
0
 49
-0.508
 74
0
  0
LTYPE
  5
3A
330
2
100
AcDbSymbolTableRecord
100
AcDbLinetypeTableRecord
  2
DASHDOT2
 70
0
  3
Dash dot (.5x) _ . _ . _ . _ . _ . _ . _ . _
 72
65
 73
4
 40
1.778
 49
1.27
 74
0
 49
-0.254
 74
0
 49
0.0
 74
0
 49
-0.254
 74
0
  0
LTYPE
  5
3B
330
2
100
AcDbSymbolTableRecord
100
AcDbLinetypeTableRecord
  2
DOT
 70
0
  3
Dot .  .  .  .  .  .  .  .  .  .  .  .  .  .  .  .
 72
65
 73
2
 40
0.508
 49
0.0
 74
0
 49
-0.508
 74
0
  0
LTYPE
  5
3C
330
2
100
AcDbSymbolTableRecord
100
AcDbLinetypeTableRecord
  2
DOTX2
 70
0
  3
Dot (2x) .    .    .    .    .    .    .    . 
 72
65
 73
2
 40
1.016
 49
0.0
 74
0
 49
-1.016
 74
0
  0
LTYPE
  5
3D
330
2
100
AcDbSymbolTableRecord
100
AcDbLinetypeTableRecord
  2
DOT2
 70
0
  3
Dot (.5) . . . . . . . . . . . . . . . . . . . 
 72
65
 73
2
 40
0.254
 49
0.0
 74
0
 49
-0.254
 74
0
  0
LTYPE
  5
3E
330
2
100
AcDbSymbolTableRecord
100
AcDbLinetypeTableRecord
  2
DIVIDE
 70
0
  3
Divide __ . . __ . . __ . . __ . . __ . . __
 72
65
 73
6
 40
4.064
 49
2.54
 74
0
 49
-0.508
 74
0
 49
0.0
 74
0
 49
-0.508
 74
0
 49
0.0
 74
0
 49
-0.508
 74
0
  0
LTYPE
  5
3F
330
2
100
AcDbSymbolTableRecord
100
AcDbLinetypeTableRecord
  2
DIVIDEX2
 70
0
  3
Divide (2x) ____  . .  ____  . .  ____  . .  ____
 72
65
 73
6
 40
6.604
 49
5.08
 74
0
 49
-0.508
 74
0
 49
0.0
 74
0
 49
-0.508
 74
0
 49
0.0
 74
0
 49
-0.508
 74
0
  0
LTYPE
  5
40
330
2
100
AcDbSymbolTableRecord
100
AcDbLinetypeTableRecord
  2
DIVIDE2
 70
0
  3
Divide(.5x) _ . _ . _ . _ . _ . _ . _ . _
 72
65
 73
6
 40
2.032
 49
1.27
 74
0
 49
-0.254
 74
0
 49
0.0
 74
0
 49
-0.254
 74
0
 49
0.0
 74
0
 49
-0.254
 74
0
  0
ENDTAB
  0
TABLE
  2
LAYER
  5
1
330
0
100
AcDbSymbolTable
 70
7
  0
LAYER
  5
27
330
1
100
AcDbSymbolTableRecord
100
AcDbLayerTableRecord
  2
0
 70
0
 62
7
  6
Continuous
370
-3
390
13
347
21
  0
LAYER
  5
28
330
1
100
AcDbSymbolTableRecord
100
AcDbLayerTableRecord
  2
Defpoints
 70
0
 62
7
  6
Continuous
290
0
370
-3
390
13
347
21
  0
LAYER
  5
8B
330
1
100
AcDbSymbolTableRecord
100
AcDbLayerTableRecord
  2
LJ-MOBILIARIO
 70
0
 62
3
  6
Continuous
370
-3
390
13
347
21
  0
LAYER
  5
8C
330
1
100
AcDbSymbolTableRecord
100
AcDbLayerTableRecord
  2
LJ-ILUMINACION
 70
0
 62
6
  6
Continuous
370
-3
390
13
347
21
  0
LAYER
  5
8D
330
1
100
AcDbSymbolTableRecord
100
AcDbLayerTableRecord
  2
LJ-COTAS
 70
0
 62
1
  6
Continuous
370
-3
390
13
347
21
  0
LAYER
  5
8E
330
1
100
AcDbSymbolTableRecord
100
AcDbLayerTableRecord
  2
LJ-TEXTOS
 70
0
 62
7
  6
Continuous
370
-3
390
13
347
21
  0
LAYER
  5
8F
330
1
100
AcDbSymbolTableRecord
100
AcDbLayerTableRecord
  2
LJ-ALZADOS
 70
0
 62
3
  6
Continuous
370
-3
390
13
347
21
  0
ENDTAB
  0
TABLE
  2
STYLE
  5
5
330
0
100
AcDbSymbolTable
 70
27
  0
STYLE
  5
29
330
5
100
AcDbSymbolTableRecord
100
AcDbTextStyleTableRecord
  2
Standard
 70
0
 40
0.0
 41
1.0
 50
0.0
 71
0
 42
2.5
  3
txt
  4

  0
STYLE
  5
41
330
5
100
AcDbSymbolTableRecord
100
AcDbTextStyleTableRecord
  2
OpenSans-Light
 70
0
 40
0.0
 41
1.0
 50
0.0
 71
0
 42
2.5
  3
OpenSans-Light.ttf
  4

  0
STYLE
  5
42
330
5
100
AcDbSymbolTableRecord
100
AcDbTextStyleTableRecord
  2
OpenSans-Light-Italic
 70
0
 40
0.0
 41
1.0
 50
0.0
 71
0
 42
2.5
  3
OpenSans-LightItalic.ttf
  4

  0
STYLE
  5
43
330
5
100
AcDbSymbolTableRecord
100
AcDbTextStyleTableRecord
  2
OpenSans
 70
0
 40
0.0
 41
1.0
 50
0.0
 71
0
 42
2.5
  3
OpenSans-Regular.ttf
  4

  0
STYLE
  5
44
330
5
100
AcDbSymbolTableRecord
100
AcDbTextStyleTableRecord
  2
OpenSans-Italic
 70
0
 40
0.0
 41
1.0
 50
0.0
 71
0
 42
2.5
  3
OpenSans-Italic.ttf
  4

  0
STYLE
  5
45
330
5
100
AcDbSymbolTableRecord
100
AcDbTextStyleTableRecord
  2
OpenSans-SemiBold
 70
0
 40
0.0
 41
1.0
 50
0.0
 71
0
 42
2.5
  3
OpenSans-SemiBold.ttf
  4

  0
STYLE
  5
46
330
5
100
AcDbSymbolTableRecord
100
AcDbTextStyleTableRecord
  2
OpenSans-SemiBoldItalic
 70
0
 40
0.0
 41
1.0
 50
0.0
 71
0
 42
2.5
  3
OpenSans-SemiBoldItalic.ttf
  4

  0
STYLE
  5
47
330
5
100
AcDbSymbolTableRecord
100
AcDbTextStyleTableRecord
  2
OpenSans-Bold
 70
0
 40
0.0
 41
1.0
 50
0.0
 71
0
 42
2.5
  3
OpenSans-Bold.ttf
  4

  0
STYLE
  5
48
330
5
100
AcDbSymbolTableRecord
100
AcDbTextStyleTableRecord
  2
OpenSans-BoldItalic
 70
0
 40
0.0
 41
1.0
 50
0.0
 71
0
 42
2.5
  3
OpenSans-BoldItalic.ttf
  4

  0
STYLE
  5
49
330
5
100
AcDbSymbolTableRecord
100
AcDbTextStyleTableRecord
  2
OpenSans-ExtraBold
 70
0
 40
0.0
 41
1.0
 50
0.0
 71
0
 42
2.5
  3
OpenSans-ExtraBold.ttf
  4

  0
STYLE
  5
4A
330
5
100
AcDbSymbolTableRecord
100
AcDbTextStyleTableRecord
  2
OpenSans-ExtraBoldItalic
 70
0
 40
0.0
 41
1.0
 50
0.0
 71
0
 42
2.5
  3
OpenSans-ExtraBoldItalic.ttf
  4

  0
STYLE
  5
4B
330
5
100
AcDbSymbolTableRecord
100
AcDbTextStyleTableRecord
  2
OpenSansCondensed-Bold
 70
0
 40
0.0
 41
1.0
 50
0.0
 71
0
 42
2.5
  3
OpenSansCondensed-Bold.ttf
  4

  0
STYLE
  5
4C
330
5
100
AcDbSymbolTableRecord
100
AcDbTextStyleTableRecord
  2
OpenSansCondensed-Light
 70
0
 40
0.0
 41
1.0
 50
0.0
 71
0
 42
2.5
  3
OpenSansCondensed-Light.ttf
  4

  0
STYLE
  5
4D
330
5
100
AcDbSymbolTableRecord
100
AcDbTextStyleTableRecord
  2
OpenSansCondensed-Italic
 70
0
 40
0.0
 41
1.0
 50
0.0
 71
0
 42
2.5
  3
OpenSansCondensed-LightItalic.ttf
  4

  0
STYLE
  5
4E
330
5
100
AcDbSymbolTableRecord
100
AcDbTextStyleTableRecord
  2
LiberationSans
 70
0
 40
0.0
 41
1.0
 50
0.0
 71
0
 42
2.5
  3
LiberationSans-Regular.ttf
  4

  0
STYLE
  5
4F
330
5
100
AcDbSymbolTableRecord
100
AcDbTextStyleTableRecord
  2
LiberationSans-Bold
 70
0
 40
0.0
 41
1.0
 50
0.0
 71
0
 42
2.5
  3
LiberationSans-Bold.ttf
  4

  0
STYLE
  5
50
330
5
100
AcDbSymbolTableRecord
100
AcDbTextStyleTableRecord
  2
LiberationSans-BoldItalic
 70
0
 40
0.0
 41
1.0
 50
0.0
 71
0
 42
2.5
  3
LiberationSans-BoldItalic.ttf
  4

  0
STYLE
  5
51
330
5
100
AcDbSymbolTableRecord
100
AcDbTextStyleTableRecord
  2
LiberationSans-Italic
 70
0
 40
0.0
 41
1.0
 50
0.0
 71
0
 42
2.5
  3
LiberationSans-Italic.ttf
  4

  0
STYLE
  5
52
330
5
100
AcDbSymbolTableRecord
100
AcDbTextStyleTableRecord
  2
LiberationSerif
 70
0
 40
0.0
 41
1.0
 50
0.0
 71
0
 42
2.5
  3
LiberationSerif-Regular.ttf
  4

  0
STYLE
  5
53
330
5
100
AcDbSymbolTableRecord
100
AcDbTextStyleTableRecord
  2
LiberationSerif-Bold
 70
0
 40
0.0
 41
1.0
 50
0.0
 71
0
 42
2.5
  3
LiberationSerif-Bold.ttf
  4

  0
STYLE
  5
54
330
5
100
AcDbSymbolTableRecord
100
AcDbTextStyleTableRecord
  2
LiberationSerif-BoldItalic
 70
0
 40
0.0
 41
1.0
 50
0.0
 71
0
 42
2.5
  3
LiberationSerif-BoldItalic.ttf
  4

  0
STYLE
  5
55
330
5
100
AcDbSymbolTableRecord
100
AcDbTextStyleTableRecord
  2
LiberationSerif-Italic
 70
0
 40
0.0
 41
1.0
 50
0.0
 71
0
 42
2.5
  3
LiberationSerif-Italic.ttf
  4

  0
STYLE
  5
56
330
5
100
AcDbSymbolTableRecord
100
AcDbTextStyleTableRecord
  2
LiberationMono
 70
0
 40
0.0
 41
1.0
 50
0.0
 71
0
 42
2.5
  3
LiberationMono-Regular.ttf
  4

  0
STYLE
  5
57
330
5
100
AcDbSymbolTableRecord
100
AcDbTextStyleTableRecord
  2
LiberationMono-Bold
 70
0
 40
0.0
 41
1.0
 50
0.0
 71
0
 42
2.5
  3
LiberationMono-Bold.ttf
  4

  0
STYLE
  5
58
330
5
100
AcDbSymbolTableRecord
100
AcDbTextStyleTableRecord
  2
LiberationMono-BoldItalic
 70
0
 40
0.0
 41
1.0
 50
0.0
 71
0
 42
2.5
  3
LiberationMono-BoldItalic.ttf
  4

  0
STYLE
  5
59
330
5
100
AcDbSymbolTableRecord
100
AcDbTextStyleTableRecord
  2
LiberationMono-Italic
 70
0
 40
0.0
 41
1.0
 50
0.0
 71
0
 42
2.5
  3
LiberationMono-Italic.ttf
  4

  0
STYLE
  5
8A
330
5
100
AcDbSymbolTableRecord
100
AcDbTextStyleTableRecord
  2
LJ
 70
0
 40
0.0
 41
1.0
 50
0.0
 71
0
 42
2.5
  3
arial.ttf
  4

  0
ENDTAB
  0
TABLE
  2
VIEW
  5
7
330
0
100
AcDbSymbolTable
 70
0
  0
ENDTAB
  0
TABLE
  2
UCS
  5
6
330
0
100
AcDbSymbolTable
 70
0
  0
ENDTAB
  0
TABLE
  2
APPID
  5
3
330
0
100
AcDbSymbolTable
 70
3
  0
APPID
  5
2A
330
3
100
AcDbSymbolTableRecord
100
AcDbRegAppTableRecord
  2
ACAD
 70
0
  0
APPID
  5
3C4
330
3
100
AcDbSymbolTableRecord
100
AcDbRegAppTableRecord
  2
HATCHBACKGROUNDCOLOR
 70
0
  0
APPID
  5
3C5
330
3
100
AcDbSymbolTableRecord
100
AcDbRegAppTableRecord
  2
EZDXF
 70
0
  0
ENDTAB
  0
TABLE
  2
DIMSTYLE
  5
4
330
0
100
AcDbSymbolTable
 70
12
100
AcDbDimStyleTable
  0
DIMSTYLE
105
2B
330
4
100
AcDbSymbolTableRecord
100
AcDbDimStyleTableRecord
  2
Standard
 70
0
 40
1.0
 41
2.5
 42
0.625
 43
3.75
 44
1.25
 45
0.0
 46
0.0
 47
0.0
 48
0.0
 49
2.5
140
2.5
141
2.5
142
0.0
143
0.03937007874
144
1.0
145
0.0
146
1.0
147
0.625
148
0.0
 69
0
 70
0
 71
0
 72
0
 73
0
 74
0
 75
0
 76
0
 77
1
 78
8
 79
3
170
0
171
3
172
1
173
0
174
0
175
0
176
0
177
0
178
0
179
2
271
2
272
2
273
2
274
3
275
0
276
0
277
2
278
44
279
0
280
0
281
0
282
0
283
0
284
8
285
0
286
0
288
0
289
3
290
0
371
-2
372
-2
  0
DIMSTYLE
105
73
330
4
100
AcDbSymbolTableRecord
100
AcDbDimStyleTableRecord
  2
EZDXF
 70
0
 40
1.0
 41
0.175
 42
0.125
 43
3.75
 44
0.375
 45
0.0
 46
0.0
 47
0.0
 48
0.0
 49
2.5
140
0.25
141
2.5
142
0.0
143
0.03937007874
144
100.0
145
0.0
146
0.5
147
0.1
148
0.0
 69
0
 70
0
 71
0
 72
0
 73
0
 74
0
 75
0
 76
0
 77
1
 78
12
 79
3
170
0
171
3
172
1
173
0
174
0
175
0
176
0
177
0
178
0
179
2
271
2
272
2
273
2
274
3
275
0
276
0
277
2
278
46
279
2
280
0
281
0
282
0
283
0
284
8
285
0
286
0
288
1
289
3
290
0
340
4C
342
74
371
-2
372
-2
  0
DIMSTYLE
105
7C
330
4
100
AcDbSymbolTableRecord
100
AcDbDimStyleTableRecord
  2
EZ_M_100_H25_CM
 70
0
 40
1.0
 41
0.25
 42
0.125
 43
3.75
 44
0.375
 45
0.0
 46
0.0
 47
0.0
 48
0.0
 49
2.5
140
0.25
141
2.5
142
0.125
143
0.03937007874
144
100.0
145
0.0
146
0.5
147
0.1
148
0.0
 69
0
 70
0
 71
0
 72
0
 73
0
 74
0
 75
0
 76
0
 77
1
 78
12
 79
3
170
0
171
3
172
1
173
0
174
0
175
0
176
0
177
0
178
0
179
2
271
2
272
2
273
2
274
3
275
0
276
0
277
2
278
46
279
2
280
0
281
0
282
0
283
0
284
8
285
0
286
0
288
1
289
3
290
0
340
4C
371
-2
372
-2
  0
DIMSTYLE
105
7D
330
4
100
AcDbSymbolTableRecord
100
AcDbDimStyleTableRecord
  2
EZ_M_50_H25_CM
 70
0
 40
1.0
 41
0.125
 42
0.0625
 43
3.75
 44
0.1875
 45
0.0
 46
0.0
 47
0.0
 48
0.0
 49
2.5
140
0.125
141
2.5
142
0.0625
143
0.03937007874
144
100.0
145
0.0
146
0.5
147
0.05
148
0.0
 69
0
 70
0
 71
0
 72
0
 73
0
 74
0
 75
0
 76
0
 77
1
 78
12
 79
3
170
0
171
3
172
1
173
0
174
0
175
0
176
0
177
0
178
0
179
2
271
2
272
2
273
2
274
3
275
0
276
0
277
2
278
46
279
2
280
0
281
0
282
0
283
0
284
8
285
0
286
0
288
1
289
3
290
0
340
4C
371
-2
372
-2
  0
DIMSTYLE
105
7E
330
4
100
AcDbSymbolTableRecord
100
AcDbDimStyleTableRecord
  2
EZ_M_25_H25_CM
 70
0
 40
1.0
 41
0.0625
 42
0.03125
 43
3.75
 44
0.09375
 45
0.0
 46
0.0
 47
0.0
 48
0.0
 49
2.5
140
0.0625
141
2.5
142
0.03125
143
0.03937007874
144
100.0
145
0.0
146
0.5
147
0.025
148
0.0
 69
0
 70
0
 71
0
 72
0
 73
0
 74
0
 75
0
 76
0
 77
1
 78
12
 79
3
170
0
171
3
172
1
173
0
174
0
175
0
176
0
177
0
178
0
179
2
271
2
272
2
273
2
274
3
275
0
276
0
277
2
278
46
279
2
280
0
281
0
282
0
283
0
284
8
285
0
286
0
288
1
289
3
290
0
340
4C
371
-2
372
-2
  0
DIMSTYLE
105
7F
330
4
100
AcDbSymbolTableRecord
100
AcDbDimStyleTableRecord
  2
EZ_M_20_H25_CM
 70
0
 40
1.0
 41
0.05
 42
0.025
 43
3.75
 44
0.07500000000000001
 45
0.0
 46
0.0
 47
0.0
 48
0.0
 49
2.5
140
0.05
141
2.5
142
0.025
143
0.03937007874
144
100.0
145
0.0
146
0.5
147
0.020000000000000004
148
0.0
 69
0
 70
0
 71
0
 72
0
 73
0
 74
0
 75
0
 76
0
 77
1
 78
12
 79
3
170
0
171
3
172
1
173
0
174
0
175
0
176
0
177
0
178
0
179
2
271
2
272
2
273
2
274
3
275
0
276
0
277
2
278
46
279
2
280
0
281
0
282
0
283
0
284
8
285
0
286
0
288
1
289
3
290
0
340
4C
371
-2
372
-2
  0
DIMSTYLE
105
80
330
4
100
AcDbSymbolTableRecord
100
AcDbDimStyleTableRecord
  2
EZ_M_10_H25_CM
 70
0
 40
1.0
 41
0.025
 42
0.0125
 43
3.75
 44
0.037500000000000006
 45
0.0
 46
0.0
 47
0.0
 48
0.0
 49
2.5
140
0.025
141
2.5
142
0.0125
143
0.03937007874
144
100.0
145
0.0
146
0.5
147
0.010000000000000002
148
0.0
 69
0
 70
0
 71
0
 72
0
 73
0
 74
0
 75
0
 76
0
 77
1
 78
12
 79
3
170
0
171
3
172
1
173
0
174
0
175
0
176
0
177
0
178
0
179
2
271
2
272
2
273
2
274
3
275
0
276
0
277
2
278
46
279
2
280
0
281
0
282
0
283
0
284
8
285
0
286
0
288
1
289
3
290
0
340
4C
371
-2
372
-2
  0
DIMSTYLE
105
81
330
4
100
AcDbSymbolTableRecord
100
AcDbDimStyleTableRecord
  2
EZ_M_5_H25_CM
 70
0
 40
1.0
 41
0.0125
 42
0.00625
 43
3.75
 44
0.018750000000000003
 45
0.0
 46
0.0
 47
0.0
 48
0.0
 49
2.5
140
0.0125
141
2.5
142
0.00625
143
0.03937007874
144
100.0
145
0.0
146
0.5
147
0.005000000000000001
148
0.0
 69
0
 70
0
 71
0
 72
0
 73
0
 74
0
 75
0
 76
0
 77
1
 78
12
 79
3
170
0
171
3
172
1
173
0
174
0
175
0
176
0
177
0
178
0
179
2
271
2
272
2
273
2
274
3
275
0
276
0
277
2
278
46
279
2
280
0
281
0
282
0
283
0
284
8
285
0
286
0
288
1
289
3
290
0
340
4C
371
-2
372
-2
  0
DIMSTYLE
105
82
330
4
100
AcDbSymbolTableRecord
100
AcDbDimStyleTableRecord
  2
EZ_M_1_H25_CM
 70
0
 40
1.0
 41
0.0025
 42
0.00125
 43
3.75
 44
0.00375
 45
0.0
 46
0.0
 47
0.0
 48
0.0
 49
2.5
140
0.0025
141
2.5
142
0.00125
143
0.03937007874
144
100.0
145
0.0
146
0.5
147
0.001
148
0.0
 69
0
 70
0
 71
0
 72
0
 73
0
 74
0
 75
0
 76
0
 77
1
 78
12
 79
3
170
0
171
3
172
1
173
0
174
0
175
0
176
0
177
0
178
0
179
2
271
2
272
2
273
2
274
3
275
0
276
0
277
2
278
46
279
2
280
0
281
0
282
0
283
0
284
8
285
0
286
0
288
1
289
3
290
0
340
4C
371
-2
372
-2
  0
DIMSTYLE
105
83
330
4
100
AcDbSymbolTableRecord
100
AcDbDimStyleTableRecord
  2
EZ_RADIUS
 70
0
 40
1.0
 41
0.25
 42
0.125
 43
3.75
 44
0.375
 45
0.0
 46
0.0
 47
0.0
 48
0.0
 49
2.5
140
0.25
141
0.0
142
0.0
143
0.03937007874
144
100.0
145
0.0
146
0.5
147
0.1
148
0.0
 69
0
 70
0
 71
0
 72
0
 73
0
 74
0
 75
0
 76
0
 77
1
 78
12
 79
3
170
0
171
3
172
0
173
0
174
0
175
0
176
0
177
0
178
0
179
2
271
2
272
2
273
2
274
3
275
0
276
0
277
2
278
46
279
1
280
0
281
0
282
0
283
0
284
8
285
0
286
0
288
1
289
3
290
0
340
4C
342
84
371
-2
372
-2
  0
DIMSTYLE
105
88
330
4
100
AcDbSymbolTableRecord
100
AcDbDimStyleTableRecord
  2
EZ_RADIUS_INSIDE
 70
0
 40
1.0
 41
0.25
 42
0.125
 43
3.75
 44
0.375
 45
0.0
 46
0.0
 47
0.0
 48
0.0
 49
2.5
140
0.25
141
0.0
142
0.0
143
0.03937007874
144
100.0
145
0.0
146
0.5
147
0.1
148
0.0
 69
0
 70
0
 71
0
 72
0
 73
0
 74
0
 75
0
 76
0
 77
0
 78
12
 79
3
170
0
171
3
172
0
173
0
174
1
175
0
176
0
177
0
178
0
179
2
271
2
272
2
273
2
274
3
275
0
276
0
277
2
278
46
279
0
280
0
281
0
282
0
283
0
284
8
285
0
286
0
288
1
289
0
290
0
340
4C
342
84
371
-2
372
-2
  0
DIMSTYLE
105
89
330
4
100
AcDbSymbolTableRecord
100
AcDbDimStyleTableRecord
  2
EZ_CURVED
 70
0
 40
1.0
 41
0.25
 42
0.125
 43
3.75
 44
0.375
 45
0.0
 46
0.0
 47
0.0
 48
0.0
 49
2.5
140
0.25
141
2.5
142
0.0
143
0.03937007874
144
100.0
145
0.0
146
0.5
147
0.1
148
0.0
 69
0
 70
0
 71
0
 72
0
 73
0
 74
0
 75
0
 76
0
 77
1
 78
12
 79
2
 90
2
170
0
171
3
172
1
173
0
174
0
175
0
176
0
177
0
178
0
179
2
271
2
272
2
273
2
274
3
275
0
276
0
277
2
278
46
279
2
280
0
281
0
282
0
283
0
284
8
285
0
286
0
288
1
289
3
290
0
340
4C
371
-2
372
-2
  0
ENDTAB
  0
TABLE
  2
BLOCK_RECORD
  5
9
330
0
100
AcDbSymbolTable
 70
13
  0
BLOCK_RECORD
  5
17
330
9
100
AcDbSymbolTableRecord
100
AcDbBlockTableRecord
  2
*Model_Space
340
1A
 70
0
280
1
281
0
  0
BLOCK_RECORD
  5
1B
330
9
100
AcDbSymbolTableRecord
100
AcDbBlockTableRecord
  2
*Paper_Space
340
1E
 70
0
280
1
281
0
  0
BLOCK_RECORD
  5
74
330
9
100
AcDbSymbolTableRecord
100
AcDbBlockTableRecord
  2
_ARCHTICK
340
0
 70
0
280
1
281
0
  0
BLOCK_RECORD
  5
78
330
9
100
AcDbSymbolTableRecord
100
AcDbBlockTableRecord
  2
_CLOSEDFILLED
340
0
 70
0
280
1
281
0
  0
BLOCK_RECORD
  5
84
330
9
100
AcDbSymbolTableRecord
100
AcDbBlockTableRecord
  2
_CLOSEDBLANK
340
0
 70
0
280
1
281
0
  0
BLOCK_RECORD
  5
90
330
9
100
AcDbSymbolTableRecord
100
AcDbBlockTableRecord
  2
LJ_LIBRERIA_292x40_4MOD_DET
340
0
 70
0
280
1
281
0
  0
BLOCK_RECORD
  5
E7
330
9
100
AcDbSymbolTableRecord
100
AcDbBlockTableRecord
  2
LJ_RINCON_135x165x50_MESA_90x120_DET
340
0
 70
0
280
1
281
0
  0
BLOCK_RECORD
  5
16F
330
9
100
AcDbSymbolTableRecord
100
AcDbBlockTableRecord
  2
LJ_SILLA_45x47_DET
340
0
 70
0
280
1
281
0
  0
BLOCK_RECORD
  5
175
330
9
100
AcDbSymbolTableRecord
100
AcDbBlockTableRecord
  2
LJ_LAMPARA_D45_DET
340
0
 70
0
280
1
281
0
  0
BLOCK_RECORD
  5
185
330
9
100
AcDbSymbolTableRecord
100
AcDbBlockTableRecord
  2
LJ_APLIQUE_DET
340
0
 70
0
280
1
281
0
  0
BLOCK_RECORD
  5
18E
330
9
100
AcDbSymbolTableRecord
100
AcDbBlockTableRecord
  2
LJ_LIBRERIA_ALZ_292x240_4MOD
340
0
 70
0
280
1
281
0
  0
BLOCK_RECORD
  5
2AA
330
9
100
AcDbSymbolTableRecord
100
AcDbBlockTableRecord
  2
LJ_BANCO_ALZ_165
340
0
 70
0
280
1
281
0
  0
BLOCK_RECORD
  5
2D1
330
9
100
AcDbSymbolTableRecord
100
AcDbBlockTableRecord
  2
LJ_SECCION_A_90x120
340
0
 70
0
280
1
281
0
  0
ENDTAB
  0
ENDSEC
  0
SECTION
  2
BLOCKS
  0
BLOCK
  5
18
330
17
100
AcDbEntity
  8
0
100
AcDbBlockBegin
  2
*Model_Space
 70
0
 10
0.0
 20
0.0
 30
0.0
  3
*Model_Space
  1

  0
ENDBLK
  5
19
330
17
100
AcDbEntity
  8
0
100
AcDbBlockEnd
  0
BLOCK
  5
1C
330
1B
100
AcDbEntity
  8
0
100
AcDbBlockBegin
  2
*Paper_Space
 70
0
 10
0.0
 20
0.0
 30
0.0
  3
*Paper_Space
  1

  0
ENDBLK
  5
1D
330
1B
100
AcDbEntity
  8
0
100
AcDbBlockEnd
  0
BLOCK
  5
75
330
74
100
AcDbEntity
  8
0
100
AcDbBlockBegin
  2
_ARCHTICK
 70
0
 10
0.0
 20
0.0
 30
0.0
  3
_ARCHTICK
  1

  0
LWPOLYLINE
  5
77
330
74
100
AcDbEntity
  8
0
  6
BYBLOCK
 62
0
100
AcDbPolyline
 90
2
 70
0
 43
0.15
 10
-0.5
 20
-0.5
 10
0.5
 20
0.5
  0
ENDBLK
  5
76
330
74
100
AcDbEntity
  8
0
100
AcDbBlockEnd
  0
BLOCK
  5
79
330
78
100
AcDbEntity
  8
0
100
AcDbBlockBegin
  2
_CLOSEDFILLED
 70
0
 10
0.0
 20
0.0
 30
0.0
  3
_CLOSEDFILLED
  1

  0
SOLID
  5
7B
330
78
100
AcDbEntity
  8
0
  6
BYBLOCK
 62
0
100
AcDbTrace
 10
-1.0
 20
0.16439898372402537
 30
0.0
 11
0.0
 21
0.0
 31
0.0
 12
-1.0
 22
-0.16439898372402537
 32
0.0
 13
-1.0
 23
-0.16439898372402537
 33
0.0
  0
ENDBLK
  5
7A
330
78
100
AcDbEntity
  8
0
100
AcDbBlockEnd
  0
BLOCK
  5
85
330
84
100
AcDbEntity
  8
0
100
AcDbBlockBegin
  2
_CLOSEDBLANK
 70
0
 10
0.0
 20
0.0
 30
0.0
  3
_CLOSEDBLANK
  1

  0
LWPOLYLINE
  5
87
330
84
100
AcDbEntity
  8
0
  6
BYBLOCK
 62
0
100
AcDbPolyline
 90
3
 70
1
 10
-1.0
 20
0.16439898372402537
 10
0.0
 20
0.0
 10
-1.0
 20
-0.16439898372402537
  0
ENDBLK
  5
86
330
84
100
AcDbEntity
  8
0
100
AcDbBlockEnd
  0
BLOCK
  5
91
330
90
100
AcDbEntity
  8
0
100
AcDbBlockBegin
  2
LJ_LIBRERIA_292x40_4MOD_DET
 70
0
 10
0.0
 20
0.0
 30
0.0
  3
LJ_LIBRERIA_292x40_4MOD_DET
  1

  0
LWPOLYLINE
  5
93
330
90
100
AcDbEntity
  8
0
100
AcDbPolyline
 90
4
 70
1
 10
0.0
 20
-40.0
 10
292.0
 20
-40.0
 10
292.0
 20
0.0
 10
0.0
 20
0.0
  0
LINE
  5
94
330
90
100
AcDbEntity
  8
0
100
AcDbLine
 10
0.0
 20
-30.0
 30
0.0
 11
292.0
 21
-30.0
 31
0.0
  0
LWPOLYLINE
  5
95
330
90
100
AcDbEntity
  8
0
100
AcDbPolyline
 90
4
 70
1
 10
0.0
 20
-30.0
 10
1.9
 20
-30.0
 10
1.9
 20
0.0
 10
0.0
 20
0.0
  0
LWPOLYLINE
  5
96
330
90
100
AcDbEntity
  8
0
100
AcDbPolyline
 90
4
 70
1
 10
72.05
 20
-30.0
 10
73.95
 20
-30.0
 10
73.95
 20
0.0
 10
72.05
 20
0.0
  0
LWPOLYLINE
  5
97
330
90
100
AcDbEntity
  8
0
100
AcDbPolyline
 90
4
 70
1
 10
145.05
 20
-30.0
 10
146.95
 20
-30.0
 10
146.95
 20
0.0
 10
145.05
 20
0.0
  0
LWPOLYLINE
  5
98
330
90
100
AcDbEntity
  8
0
100
AcDbPolyline
 90
4
 70
1
 10
218.05
 20
-30.0
 10
219.95
 20
-30.0
 10
219.95
 20
0.0
 10
218.05
 20
0.0
  0
LWPOLYLINE
  5
99
330
90
100
AcDbEntity
  8
0
100
AcDbPolyline
 90
4
 70
1
 10
290.1
 20
-30.0
 10
292.0
 20
-30.0
 10
292.0
 20
0.0
 10
290.1
 20
0.0
  0
LINE
  5
9A
330
90
100
AcDbEntity
  8
0
 62
8
370
13
100
AcDbLine
 10
0.0
 20
-38.5
 30
0.0
 11
292.0
 21
-38.5
 31
0.0
  0
LINE
  5
9B
330
90
100
AcDbEntity
  8
0
 62
8
370
13
100
AcDbLine
 10
1.9
 20
-0.8
 30
0.0
 11
72.05
 21
-0.8
 31
0.0
  0
LWPOLYLINE
  5
9C
330
90
100
AcDbEntity
  8
0
 62
8
370
13
100
AcDbPolyline
 90
4
 70
1
 10
2.9
 20
-29.2
 10
6.7563629150390625
 20
-29.2
 10
6.7563629150390625
 20
-11.558642578125
 10
2.9
 20
-11.558642578125
  0
LWPOLYLINE
  5
9D
330
90
100
AcDbEntity
  8
0
 62
8
370
13
100
AcDbPolyline
 90
4
 70
1
 10
7.0063629150390625
 20
-29.2
 10
10.910836791992187
 20
-29.2
 10
10.910836791992187
 20
-7.618304443359374
 10
7.0063629150390625
 20
-7.618304443359374
  0
LWPOLYLINE
  5
9E
330
90
100
AcDbEntity
  8
0
 62
8
370
13
100
AcDbPolyline
 90
4
 70
1
 10
11.160836791992187
 20
-29.2
 10
12.978961181640624
 20
-29.2
 10
12.978961181640624
 20
-11.75987548828125
 10
11.160836791992187
 20
-11.75987548828125
  0
LWPOLYLINE
  5
9F
330
90
100
AcDbEntity
  8
0
 62
8
370
13
100
AcDbPolyline
 90
4
 70
1
 10
13.228961181640624
 20
-29.2
 10
17.765972900390622
 20
-29.2
 10
17.765972900390622
 20
-12.769976806640624
 10
13.228961181640624
 20
-12.769976806640624
  0
LWPOLYLINE
  5
A0
330
90
100
AcDbEntity
  8
0
 62
8
370
13
100
AcDbPolyline
 90
4
 70
1
 10
18.015972900390622
 20
-29.2
 10
38.38747863769531
 20
-29.2
 10
38.38747863769531
 20
-6.418200683593749
 10
18.015972900390622
 20
-6.418200683593749
  0
LWPOLYLINE
  5
A1
330
90
100
AcDbEntity
  8
0
 62
8
370
13
100
AcDbPolyline
 90
4
 70
1
 10
19.21597290039062
 20
-28.0
 10
37.18747863769531
 20
-28.0
 10
37.18747863769531
 20
-7.6182006835937495
 10
19.21597290039062
 20
-7.6182006835937495
  0
LWPOLYLINE
  5
A2
330
90
100
AcDbEntity
  8
0
 62
8
370
13
100
AcDbPolyline
 90
4
 70
1
 10
40.38747863769531
 20
-29.2
 10
61.826718139648435
 20
-29.2
 10
61.826718139648435
 20
-6.073275756835937
 10
40.38747863769531
 20
-6.073275756835937
  0
LWPOLYLINE
  5
A3
330
90
100
AcDbEntity
  8
0
 62
8
370
13
100
AcDbPolyline
 90
4
 70
1
 10
41.58747863769531
 20
-28.0
 10
60.62671813964843
 20
-28.0
 10
60.62671813964843
 20
-7.273275756835937
 10
41.58747863769531
 20
-7.273275756835937
  0
LWPOLYLINE
  5
A4
330
90
100
AcDbEntity
  8
0
 62
8
370
13
100
AcDbPolyline
 90
4
 70
1
 10
63.826718139648435
 20
-29.2
 10
67.43140258789062
 20
-29.2
 10
67.43140258789062
 20
-7.754626464843749
 10
63.826718139648435
 20
-7.754626464843749
  0
LWPOLYLINE
  5
A5
330
90
100
AcDbEntity
  8
0
 62
8
370
13
100
AcDbPolyline
 90
4
 70
1
 10
67.68140258789062
 20
-29.2
 10
70.65414428710936
 20
-29.2
 10
70.65414428710936
 20
-7.292559814453124
 10
67.68140258789062
 20
-7.292559814453124
  0
LINE
  5
A6
330
90
100
AcDbEntity
  8
0
 62
8
370
13
100
AcDbLine
 10
73.95
 20
-0.8
 30
0.0
 11
145.05
 21
-0.8
 31
0.0
  0
LWPOLYLINE
  5
A7
330
90
100
AcDbEntity
  8
0
 62
8
370
13
100
AcDbPolyline
 90
4
 70
1
 10
74.95
 20
-29.2
 10
76.9422119140625
 20
-29.2
 10
76.9422119140625
 20
-12.419146728515624
 10
74.95
 20
-12.419146728515624
  0
LWPOLYLINE
  5
A8
330
90
100
AcDbEntity
  8
0
 62
8
370
13
100
AcDbPolyline
 90
4
 70
1
 10
77.1922119140625
 20
-29.2
 10
79.1008819580078
 20
-29.2
 10
79.1008819580078
 20
-10.3783447265625
 10
77.1922119140625
 20
-10.3783447265625
  0
LWPOLYLINE
  5
A9
330
90
100
AcDbEntity
  8
0
 62
8
370
13
100
AcDbPolyline
 90
4
 70
1
 10
79.3508819580078
 20
-29.2
 10
82.37333679199217
 20
-29.2
 10
82.37333679199217
 20
-11.824237060546874
 10
79.3508819580078
 20
-11.824237060546874
  0
LWPOLYLINE
  5
AA
330
90
100
AcDbEntity
  8
0
 62
8
370
13
100
AcDbPolyline
 90
4
 70
1
 10
82.62333679199217
 20
-29.2
 10
86.57921752929686
 20
-29.2
 10
86.57921752929686
 20
-8.42039794921875
 10
82.62333679199217
 20
-8.42039794921875
  0
LWPOLYLINE
  5
AB
330
90
100
AcDbEntity
  8
0
 62
8
370
13
100
AcDbPolyline
 90
4
 70
1
 10
86.82921752929686
 20
-29.2
 10
89.3723937988281
 20
-29.2
 10
89.3723937988281
 20
-11.195635986328124
 10
86.82921752929686
 20
-11.195635986328124
  0
LWPOLYLINE
  5
AC
330
90
100
AcDbEntity
  8
0
 62
8
370
13
100
AcDbPolyline
 90
4
 70
1
 10
89.6223937988281
 20
-29.2
 10
92.00365905761716
 20
-29.2
 10
92.00365905761716
 20
-7.723681640624999
 10
89.6223937988281
 20
-7.723681640624999
  0
LWPOLYLINE
  5
AD
330
90
100
AcDbEntity
  8
0
 62
8
370
13
100
AcDbPolyline
 90
4
 70
1
 10
92.25365905761716
 20
-29.2
 10
110.99728088378903
 20
-29.2
 10
110.99728088378903
 20
-7.798312377929687
 10
92.25365905761716
 20
-7.798312377929687
  0
LWPOLYLINE
  5
AE
330
90
100
AcDbEntity
  8
0
 62
8
370
13
100
AcDbPolyline
 90
4
 70
1
 10
93.45365905761716
 20
-28.0
 10
109.79728088378903
 20
-28.0
 10
109.79728088378903
 20
-8.998312377929686
 10
93.45365905761716
 20
-8.998312377929686
  0
LWPOLYLINE
  5
AF
330
90
100
AcDbEntity
  8
0
 62
8
370
13
100
AcDbPolyline
 90
4
 70
1
 10
112.99728088378903
 20
-29.2
 10
115.48483886718746
 20
-29.2
 10
115.48483886718746
 20
-7.667102050781249
 10
112.99728088378903
 20
-7.667102050781249
  0
LWPOLYLINE
  5
B0
330
90
100
AcDbEntity
  8
0
 62
8
370
13
100
AcDbPolyline
 90
4
 70
1
 10
115.73483886718746
 20
-29.2
 10
118.29870605468746
 20
-29.2
 10
118.29870605468746
 20
-7.634234619140624
 10
115.73483886718746
 20
-7.634234619140624
  0
LWPOLYLINE
  5
B1
330
90
100
AcDbEntity
  8
0
 62
8
370
13
100
AcDbPolyline
 90
4
 70
1
 10
118.54870605468746
 20
-29.2
 10
122.07932434082026
 20
-29.2
 10
122.07932434082026
 20
-8.8483154296875
 10
118.54870605468746
 20
-8.8483154296875
  0
LWPOLYLINE
  5
B2
330
90
100
AcDbEntity
  8
0
 62
8
370
13
100
AcDbPolyline
 90
4
 70
1
 10
122.32932434082026
 20
-29.2
 10
125.87362976074213
 20
-29.2
 10
125.87362976074213
 20
-8.709246826171874
 10
122.32932434082026
 20
-8.709246826171874
  0
LWPOLYLINE
  5
B3
330
90
100
AcDbEntity
  8
0
 62
8
370
13
100
AcDbPolyline
 90
4
 70
1
 10
126.12362976074213
 20
-29.2
 10
128.21806030273433
 20
-29.2
 10
128.21806030273433
 20
-9.33372802734375
 10
126.12362976074213
 20
-9.33372802734375
  0
LWPOLYLINE
  5
B4
330
90
100
AcDbEntity
  8
0
 62
8
370
13
100
AcDbPolyline
 90
4
 70
1
 10
128.46806030273433
 20
-29.2
 10
130.19421997070307
 20
-29.2
 10
130.19421997070307
 20
-10.266192626953124
 10
128.46806030273433
 20
-10.266192626953124
  0
LWPOLYLINE
  5
B5
330
90
100
AcDbEntity
  8
0
 62
8
370
13
100
AcDbPolyline
 90
4
 70
1
 10
130.44421997070307
 20
-29.2
 10
134.91032409667963
 20
-29.2
 10
134.91032409667963
 20
-12.90849609375
 10
130.44421997070307
 20
-12.90849609375
  0
LWPOLYLINE
  5
B6
330
90
100
AcDbEntity
  8
0
 62
8
370
13
100
AcDbPolyline
 90
4
 70
1
 10
135.16032409667963
 20
-29.2
 10
137.17405090332025
 20
-29.2
 10
137.17405090332025
 20
-13.043353271484374
 10
135.16032409667963
 20
-13.043353271484374
  0
LWPOLYLINE
  5
B7
330
90
100
AcDbEntity
  8
0
 62
8
370
13
100
AcDbPolyline
 90
4
 70
1
 10
137.42405090332025
 20
-29.2
 10
140.43492431640618
 20
-29.2
 10
140.43492431640618
 20
-7.326525878906249
 10
137.42405090332025
 20
-7.326525878906249
  0
LWPOLYLINE
  5
B8
330
90
100
AcDbEntity
  8
0
 62
8
370
13
100
AcDbPolyline
 90
4
 70
1
 10
140.68492431640618
 20
-29.2
 10
142.63685302734368
 20
-29.2
 10
142.63685302734368
 20
-11.122760009765624
 10
140.68492431640618
 20
-11.122760009765624
  0
LINE
  5
B9
330
90
100
AcDbEntity
  8
0
 62
8
370
13
100
AcDbLine
 10
146.95
 20
-0.8
 30
0.0
 11
218.05
 21
-0.8
 31
0.0
  0
LWPOLYLINE
  5
BA
330
90
100
AcDbEntity
  8
0
 62
8
370
13
100
AcDbPolyline
 90
4
 70
1
 10
147.95
 20
-29.2
 10
167.49676818847655
 20
-29.2
 10
167.49676818847655
 20
-5.239825439453124
 10
147.95
 20
-5.239825439453124
  0
LWPOLYLINE
  5
BB
330
90
100
AcDbEntity
  8
0
 62
8
370
13
100
AcDbPolyline
 90
4
 70
1
 10
149.14999999999998
 20
-28.0
 10
166.29676818847656
 20
-28.0
 10
166.29676818847656
 20
-6.4398254394531245
 10
149.14999999999998
 20
-6.4398254394531245
  0
LWPOLYLINE
  5
BC
330
90
100
AcDbEntity
  8
0
 62
8
370
13
100
AcDbPolyline
 90
4
 70
1
 10
169.49676818847655
 20
-29.2
 10
172.40963439941405
 20
-29.2
 10
172.40963439941405
 20
-13.138385009765624
 10
169.49676818847655
 20
-13.138385009765624
  0
LWPOLYLINE
  5
BD
330
90
100
AcDbEntity
  8
0
 62
8
370
13
100
AcDbPolyline
 90
4
 70
1
 10
172.65963439941405
 20
-29.2
 10
176.88641967773435
 20
-29.2
 10
176.88641967773435
 20
-11.8885986328125
 10
172.65963439941405
 20
-11.8885986328125
  0
LWPOLYLINE
  5
BE
330
90
100
AcDbEntity
  8
0
 62
8
370
13
100
AcDbPolyline
 90
4
 70
1
 10
177.13641967773435
 20
-29.2
 10
180.51116943359372
 20
-29.2
 10
180.51116943359372
 20
-10.070819091796874
 10
177.13641967773435
 20
-10.070819091796874
  0
LWPOLYLINE
  5
BF
330
90
100
AcDbEntity
  8
0
 62
8
370
13
100
AcDbPolyline
 90
4
 70
1
 10
180.76116943359372
 20
-29.2
 10
185.2246185302734
 20
-29.2
 10
185.2246185302734
 20
-12.75487060546875
 10
180.76116943359372
 20
-12.75487060546875
  0
LWPOLYLINE
  5
C0
330
90
100
AcDbEntity
  8
0
 62
8
370
13
100
AcDbPolyline
 90
4
 70
1
 10
185.4746185302734
 20
-29.2
 10
188.97360534667965
 20
-29.2
 10
188.97360534667965
 20
-12.500811767578124
 10
185.4746185302734
 20
-12.500811767578124
  0
LWPOLYLINE
  5
C1
330
90
100
AcDbEntity
  8
0
 62
8
370
13
100
AcDbPolyline
 90
4
 70
1
 10
189.22360534667965
 20
-29.2
 10
190.9112670898437
 20
-29.2
 10
190.9112670898437
 20
-11.038623046875
 10
189.22360534667965
 20
-11.038623046875
  0
LWPOLYLINE
  5
C2
330
90
100
AcDbEntity
  8
0
 62
8
370
13
100
AcDbPolyline
 90
4
 70
1
 10
191.1612670898437
 20
-29.2
 10
193.16364135742182
 20
-29.2
 10
193.16364135742182
 20
-8.041644287109374
 10
191.1612670898437
 20
-8.041644287109374
  0
LWPOLYLINE
  5
C3
330
90
100
AcDbEntity
  8
0
 62
8
370
13
100
AcDbPolyline
 90
4
 70
1
 10
193.41364135742182
 20
-29.2
 10
195.74079895019526
 20
-29.2
 10
195.74079895019526
 20
-12.86876220703125
 10
193.41364135742182
 20
-12.86876220703125
  0
LWPOLYLINE
  5
C4
330
90
100
AcDbEntity
  8
0
 62
8
370
13
100
AcDbPolyline
 90
4
 70
1
 10
195.99079895019526
 20
-29.2
 10
199.73313293457025
 20
-29.2
 10
199.73313293457025
 20
-10.650347900390624
 10
195.99079895019526
 20
-10.650347900390624
  0
CIRCLE
  5
C5
330
90
100
AcDbEntity
  8
0
 62
8
370
13
100
AcDbCircle
 10
207.98313293457025
 20
-17.2
 30
0.0
 40
5.5
  0
CIRCLE
  5
C6
330
90
100
AcDbEntity
  8
0
 62
8
370
13
100
AcDbCircle
 10
207.98313293457025
 20
-17.2
 30
0.0
 40
4.51
  0
LWPOLYLINE
  5
C7
330
90
100
AcDbEntity
  8
0
 62
8
370
13
100
AcDbPolyline
 90
2
 70
1
 10
208.99630002797343
 20
-16.771639823460482
 42
0.38
 10
214.78201599799482
 20
-13.031569349277992
 42
0.38
  0
LWPOLYLINE
  5
C8
330
90
100
AcDbEntity
  8
0
 62
8
370
13
100
AcDbPolyline
 90
2
 70
1
 10
208.27992681303184
 20
-16.140795867781975
 42
0.38
 10
208.96315687342636
 20
-9.285445174915463
 42
0.38
  0
LWPOLYLINE
  5
C9
330
90
100
AcDbEntity
  8
0
 62
8
370
13
100
AcDbPolyline
 90
2
 70
1
 10
207.34006175411687
 20
-16.30755422749038
 42
0.38
 10
202.40631973405414
 20
-11.499142211337922
 42
0.38
  0
LWPOLYLINE
  5
CA
330
90
100
AcDbEntity
  8
0
 62
8
370
13
100
AcDbPolyline
 90
2
 70
1
 10
206.88444241034477
 20
-17.14634245647465
 42
0.38
 10
200.0489366809282
 20
-18.005701438929062
 42
0.38
  0
LWPOLYLINE
  5
CB
330
90
100
AcDbEntity
  8
0
 62
8
370
13
100
AcDbPolyline
 90
2
 70
1
 10
207.25615944051683
 20
-18.025535910147923
 42
0.38
 10
203.6661652349032
 20
-23.905551049692434
 42
0.38
  0
LWPOLYLINE
  5
CC
330
90
100
AcDbEntity
  8
0
 62
8
370
13
100
AcDbPolyline
 90
2
 70
1
 10
208.1753023392679
 20
-18.28308398561615
 42
0.38
 10
210.53415851682038
 20
-24.75598395172365
 42
0.38
  0
LWPOLYLINE
  5
CD
330
90
100
AcDbEntity
  8
0
 62
8
370
13
100
AcDbPolyline
 90
2
 70
1
 10
208.94973775674015
 20
-17.725047729028432
 42
0.38
 10
215.4811775038647
 20
-19.916606824123463
 42
0.38
  0
LINE
  5
CE
330
90
100
AcDbEntity
  8
0
 62
8
370
13
100
AcDbLine
 10
219.95
 20
-0.8
 30
0.0
 11
290.1
 21
-0.8
 31
0.0
  0
LWPOLYLINE
  5
CF
330
90
100
AcDbEntity
  8
0
 62
8
370
13
100
AcDbPolyline
 90
4
 70
1
 10
220.95
 20
-29.2
 10
225.21390991210936
 20
-29.2
 10
225.21390991210936
 20
-8.140155029296874
 10
220.95
 20
-8.140155029296874
  0
LWPOLYLINE
  5
D0
330
90
100
AcDbEntity
  8
0
 62
8
370
13
100
AcDbPolyline
 90
4
 70
1
 10
225.46390991210936
 20
-29.2
 10
229.38097229003904
 20
-29.2
 10
229.38097229003904
 20
-9.89842529296875
 10
225.46390991210936
 20
-9.89842529296875
  0
LWPOLYLINE
  5
D1
330
90
100
AcDbEntity
  8
0
 62
8
370
13
100
AcDbPolyline
 90
4
 70
1
 10
229.63097229003904
 20
-29.2
 10
248.0161651611328
 20
-29.2
 10
248.0161651611328
 20
-7.576480102539062
 10
229.63097229003904
 20
-7.576480102539062
  0
LWPOLYLINE
  5
D2
330
90
100
AcDbEntity
  8
0
 62
8
370
13
100
AcDbPolyline
 90
4
 70
1
 10
230.83097229003903
 20
-28.0
 10
246.8161651611328
 20
-28.0
 10
246.8161651611328
 20
-8.776480102539061
 10
230.83097229003903
 20
-8.776480102539061
  0
CIRCLE
  5
D3
330
90
100
AcDbEntity
  8
0
 62
8
370
13
100
AcDbCircle
 10
258.0161651611328
 20
-17.2
 30
0.0
 40
5.5
  0
CIRCLE
  5
D4
330
90
100
AcDbEntity
  8
0
 62
8
370
13
100
AcDbCircle
 10
258.0161651611328
 20
-17.2
 30
0.0
 40
4.51
  0
LWPOLYLINE
  5
D5
330
90
100
AcDbEntity
  8
0
 62
8
370
13
100
AcDbPolyline
 90
2
 70
1
 10
259.029332254536
 20
-16.771639823460482
 42
0.38
 10
264.81504822455736
 20
-13.031569349277992
 42
0.38
  0
LWPOLYLINE
  5
D6
330
90
100
AcDbEntity
  8
0
 62
8
370
13
100
AcDbPolyline
 90
2
 70
1
 10
258.3129590395944
 20
-16.140795867781975
 42
0.38
 10
258.9961890999889
 20
-9.285445174915463
 42
0.38
  0
LWPOLYLINE
  5
D7
330
90
100
AcDbEntity
  8
0
 62
8
370
13
100
AcDbPolyline
 90
2
 70
1
 10
257.3730939806794
 20
-16.30755422749038
 42
0.38
 10
252.43935196061668
 20
-11.499142211337922
 42
0.38
  0
LWPOLYLINE
  5
D8
330
90
100
AcDbEntity
  8
0
 62
8
370
13
100
AcDbPolyline
 90
2
 70
1
 10
256.91747463690734
 20
-17.14634245647465
 42
0.38
 10
250.08196890749073
 20
-18.005701438929062
 42
0.38
  0
LWPOLYLINE
  5
D9
330
90
100
AcDbEntity
  8
0
 62
8
370
13
100
AcDbPolyline
 90
2
 70
1
 10
257.28919166707936
 20
-18.025535910147923
 42
0.38
 10
253.69919746146573
 20
-23.905551049692434
 42
0.38
  0
LWPOLYLINE
  5
DA
330
90
100
AcDbEntity
  8
0
 62
8
370
13
100
AcDbPolyline
 90
2
 70
1
 10
258.2083345658304
 20
-18.28308398561615
 42
0.38
 10
260.5671907433829
 20
-24.75598395172365
 42
0.38
  0
LWPOLYLINE
  5
DB
330
90
100
AcDbEntity
  8
0
 62
8
370
13
100
AcDbPolyline
 90
2
 70
1
 10
258.98276998330266
 20
-17.725047729028432
 42
0.38
 10
265.51420973042724
 20
-19.916606824123463
 42
0.38
  0
LWPOLYLINE
  5
DC
330
90
100
AcDbEntity
  8
0
 62
8
370
13
100
AcDbPolyline
 90
4
 70
1
 10
266.0161651611328
 20
-29.2
 10
268.3555450439453
 20
-29.2
 10
268.3555450439453
 20
-9.955279541015624
 10
266.0161651611328
 20
-9.955279541015624
  0
LWPOLYLINE
  5
DD
330
90
100
AcDbEntity
  8
0
 62
8
370
13
100
AcDbPolyline
 90
4
 70
1
 10
268.6055450439453
 20
-29.2
 10
272.64849243164065
 20
-29.2
 10
272.64849243164065
 20
-8.6996337890625
 10
268.6055450439453
 20
-8.6996337890625
  0
CIRCLE
  5
DE
330
90
100
AcDbEntity
  8
0
 62
8
370
13
100
AcDbCircle
 10
280.89849243164065
 20
-17.2
 30
0.0
 40
5.5
  0
CIRCLE
  5
DF
330
90
100
AcDbEntity
  8
0
 62
8
370
13
100
AcDbCircle
 10
280.89849243164065
 20
-17.2
 30
0.0
 40
4.51
  0
LWPOLYLINE
  5
E0
330
90
100
AcDbEntity
  8
0
 62
8
370
13
100
AcDbPolyline
 90
2
 70
1
 10
281.91165952504383
 20
-16.771639823460482
 42
0.38
 10
287.6973754950652
 20
-13.031569349277992
 42
0.38
  0
LWPOLYLINE
  5
E1
330
90
100
AcDbEntity
  8
0
 62
8
370
13
100
AcDbPolyline
 90
2
 70
1
 10
281.19528631010223
 20
-16.140795867781975
 42
0.38
 10
281.87851637049675
 20
-9.285445174915463
 42
0.38
  0
LWPOLYLINE
  5
E2
330
90
100
AcDbEntity
  8
0
 62
8
370
13
100
AcDbPolyline
 90
2
 70
1
 10
280.2554212511873
 20
-16.30755422749038
 42
0.38
 10
275.3216792311245
 20
-11.499142211337922
 42
0.38
  0
LWPOLYLINE
  5
E3
330
90
100
AcDbEntity
  8
0
 62
8
370
13
100
AcDbPolyline
 90
2
 70
1
 10
279.7998019074152
 20
-17.14634245647465
 42
0.38
 10
272.9642961779986
 20
-18.005701438929062
 42
0.38
  0
LWPOLYLINE
  5
E4
330
90
100
AcDbEntity
  8
0
 62
8
370
13
100
AcDbPolyline
 90
2
 70
1
 10
280.1715189375872
 20
-18.025535910147923
 42
0.38
 10
276.5815247319736
 20
-23.905551049692434
 42
0.38
  0
LWPOLYLINE
  5
E5
330
90
100
AcDbEntity
  8
0
 62
8
370
13
100
AcDbPolyline
 90
2
 70
1
 10
281.09066183633826
 20
-18.28308398561615
 42
0.38
 10
283.4495180138908
 20
-24.75598395172365
 42
0.38
  0
LWPOLYLINE
  5
E6
330
90
100
AcDbEntity
  8
0
 62
8
370
13
100
AcDbPolyline
 90
2
 70
1
 10
281.8650972538105
 20
-17.725047729028432
 42
0.38
 10
288.3965370009351
 20
-19.916606824123463
 42
0.38
  0
ENDBLK
  5
92
330
90
100
AcDbEntity
  8
0
100
AcDbBlockEnd
  0
BLOCK
  5
E8
330
E7
100
AcDbEntity
  8
0
100
AcDbBlockBegin
  2
LJ_RINCON_135x165x50_MESA_90x120_DET
 70
0
 10
0.0
 20
0.0
 30
0.0
  3
LJ_RINCON_135x165x50_MESA_90x120_DET
  1

  0
LWPOLYLINE
  5
EA
330
E7
100
AcDbEntity
  8
0
100
AcDbPolyline
 90
4
 70
0
 10
0.0
 20
0.0
 10
135.0
 20
0.0
 10
135.0
 20
50.0
 10
129.95
 20
50.0
  0
LWPOLYLINE
  5
EB
330
E7
100
AcDbEntity
  8
0
100
AcDbPolyline
 90
4
 70
0
 10
50.0
 20
159.95
 10
50.0
 20
165.0
 10
0.0
 20
165.0
 10
0.0
 20
0.0
  0
LWPOLYLINE
  5
EC
330
E7
100
AcDbEntity
  8
0
100
AcDbPolyline
 90
9
 70
0
 10
10.5
 20
13.5
 10
10.575216263454529
 20
12.832437198131057
 10
10.797093396292743
 20
12.198348782647326
 10
11.15450555259591
 20
11.6295305944238
 10
11.629530594423798
 20
11.15450555259591
 10
12.198348782647326
 20
10.797093396292743
 10
12.832437198131057
 20
10.575216263454529
 10
13.5
 20
10.5
 10
32.15492065111676
 20
10.5
  0
LWPOLYLINE
  5
ED
330
E7
100
AcDbEntity
  8
0
100
AcDbPolyline
 90
10
 70
0
 10
38.7842712474619
 20
10.5
 10
46.5
 20
10.5
 10
47.16756280186894
 20
10.575216263454529
 10
47.80165121735267
 20
10.797093396292741
 10
48.3704694055762
 20
11.15450555259591
 10
48.84549444740409
 20
11.629530594423798
 10
49.202906603707255
 20
12.198348782647326
 10
49.42478373654547
 20
12.832437198131057
 10
49.5
 20
13.5
 10
49.5
 20
40.05
  0
LWPOLYLINE
  5
EE
330
E7
100
AcDbEntity
  8
0
100
AcDbPolyline
 90
10
 70
0
 10
40.05
 20
49.5
 10
13.5
 20
49.5
 10
12.832437198131057
 20
49.42478373654547
 10
12.198348782647326
 20
49.202906603707255
 10
11.6295305944238
 20
48.84549444740409
 10
11.15450555259591
 20
48.3704694055762
 10
10.797093396292743
 20
47.80165121735268
 10
10.575216263454529
 20
47.16756280186895
 10
10.5
 20
46.5
 10
10.5
 20
38.7842712474619
  0
LWPOLYLINE
  5
EF
330
E7
100
AcDbEntity
  8
0
100
AcDbPolyline
 90
2
 70
0
 10
10.5
 20
32.154920651116754
 10
10.5
 20
13.5
  0
LWPOLYLINE
  5
F0
330
E7
100
AcDbEntity
  8
0
 62
8
370
13
100
AcDbPolyline
 90
9
 70
0
 10
11.7
 20
13.5
 10
11.745129758072716
 20
13.099462318878635
 10
11.878256037775644
 20
12.719009269588396
 10
12.092703331557546
 20
12.37771835665428
 10
12.37771835665428
 20
12.092703331557546
 10
12.719009269588394
 20
11.878256037775646
 10
13.099462318878633
 20
11.745129758072716
 10
13.5
 20
11.7
 10
30.714920651116763
 20
11.7
  0
LWPOLYLINE
  5
F1
330
E7
100
AcDbEntity
  8
0
 62
8
370
13
100
AcDbPolyline
 90
10
 70
0
 10
39.984271247461905
 20
11.7
 10
46.5
 20
11.7
 10
46.900537681121364
 20
11.745129758072716
 10
47.2809907304116
 20
11.878256037775644
 10
47.62228164334572
 20
12.092703331557544
 10
47.907296668442456
 20
12.377718356654277
 10
48.12174396222435
 20
12.719009269588394
 10
48.25487024192728
 20
13.099462318878633
 10
48.3
 20
13.5
 10
48.3
 20
40.05
  0
LWPOLYLINE
  5
F2
330
E7
100
AcDbEntity
  8
0
 62
8
370
13
100
AcDbPolyline
 90
10
 70
0
 10
40.05
 20
48.3
 10
13.5
 20
48.3
 10
13.099462318878635
 20
48.25487024192728
 10
12.719009269588396
 20
48.12174396222435
 10
12.377718356654281
 20
47.907296668442456
 10
12.092703331557548
 20
47.62228164334572
 10
11.878256037775648
 20
47.2809907304116
 10
11.74512975807272
 20
46.900537681121364
 10
11.7
 20
46.5
 10
11.7
 20
39.984271247461905
  0
LWPOLYLINE
  5
F3
330
E7
100
AcDbEntity
  8
0
 62
8
370
13
100
AcDbPolyline
 90
2
 70
0
 10
11.7
 20
30.714920651116756
 10
11.7
 20
13.5
  0
LWPOLYLINE
  5
F4
330
E7
100
AcDbEntity
  8
0
100
AcDbPolyline
 90
17
 70
0
 10
0.5
 20
2.5
 10
0.5501441756363528
 20
2.0549581320873713
 10
0.6980622641951617
 20
1.6322325217648839
 10
0.9363370350639402
 20
1.2530203962825333
 10
1.2530203962825326
 20
0.9363370350639406
 10
1.6322325217648834
 20
0.6980622641951619
 10
2.054958132087371
 20
0.5501441756363528
 10
2.5
 20
0.5
 10
7.5
 20
0.5
 10
7.945041867912629
 20
0.5501441756363528
 10
8.367767478235116
 20
0.6980622641951615
 10
8.746979603717467
 20
0.9363370350639402
 10
9.063662964936059
 20
1.2530203962825326
 10
9.301937735804838
 20
1.6322325217648834
 10
9.449855824363647
 20
2.054958132087371
 10
9.5
 20
2.5
 10
9.5
 20
33.36768464699385
  0
LWPOLYLINE
  5
F5
330
E7
100
AcDbEntity
  8
0
100
AcDbPolyline
 90
18
 70
0
 10
9.5
 20
37.724198445042916
 10
9.5
 20
47.5
 10
9.449855824363647
 20
47.94504186791263
 10
9.301937735804838
 20
48.367767478235116
 10
9.063662964936059
 20
48.74697960371747
 10
8.746979603717467
 20
49.06366296493606
 10
8.367767478235116
 20
49.30193773580484
 10
7.945041867912629
 20
49.449855824363645
 10
7.5
 20
49.5
 10
2.5
 20
49.5
 10
2.0549581320873713
 20
49.449855824363645
 10
1.6322325217648839
 20
49.30193773580484
 10
1.253020396282533
 20
49.06366296493606
 10
0.9363370350639404
 20
48.74697960371747
 10
0.6980622641951619
 20
48.367767478235116
 10
0.5501441756363528
 20
47.94504186791263
 10
0.5
 20
47.5
 10
0.5
 20
2.5
  0
LWPOLYLINE
  5
F6
330
E7
100
AcDbEntity
  8
0
100
AcDbPolyline
 90
25
 70
0
 10
10.5
 20
2.5
 10
10.550144175636353
 20
2.0549581320873713
 10
10.698062264195162
 20
1.6322325217648839
 10
10.93633703506394
 20
1.2530203962825333
 10
11.253020396282533
 20
0.9363370350639406
 10
11.632232521764884
 20
0.6980622641951619
 10
12.054958132087371
 20
0.5501441756363528
 10
12.5
 20
0.5
 10
47.5
 20
0.5
 10
47.94504186791263
 20
0.5501441756363528
 10
48.367767478235116
 20
0.6980622641951615
 10
48.74697960371746
 20
0.9363370350639402
 10
49.06366296493606
 20
1.2530203962825326
 10
49.30193773580484
 20
1.6322325217648834
 10
49.449855824363645
 20
2.054958132087371
 10
49.5
 20
2.5
 10
49.5
 20
7.5
 10
49.449855824363645
 20
7.945041867912629
 10
49.30193773580484
 20
8.367767478235116
 10
49.06366296493606
 20
8.746979603717467
 10
48.74697960371747
 20
9.063662964936059
 10
48.367767478235116
 20
9.301937735804838
 10
47.94504186791263
 20
9.449855824363647
 10
47.5
 20
9.5
 10
37.724198445042916
 20
9.5
  0
LWPOLYLINE
  5
F7
330
E7
100
AcDbEntity
  8
0
100
AcDbPolyline
 90
10
 70
0
 10
33.367684646993865
 20
9.5
 10
12.5
 20
9.5
 10
12.054958132087371
 20
9.449855824363647
 10
11.632232521764884
 20
9.301937735804838
 10
11.253020396282533
 20
9.06366296493606
 10
10.936337035063941
 20
8.746979603717467
 10
10.698062264195162
 20
8.367767478235116
 10
10.550144175636353
 20
7.945041867912629
 10
10.5
 20
7.5
 10
10.5
 20
2.5
  0
LWPOLYLINE
  5
F8
330
E7
100
AcDbEntity
  8
0
100
AcDbPolyline
 90
9
 70
0
 10
10.5
 20
53.5
 10
10.575216263454529
 20
52.83243719813106
 10
10.797093396292743
 20
52.19834878264733
 10
11.15450555259591
 20
51.6295305944238
 10
11.629530594423798
 20
51.15450555259591
 10
12.198348782647326
 20
50.797093396292745
 10
12.832437198131057
 20
50.57521626345453
 10
13.5
 20
50.5
 10
40.05
 20
50.5
  0
LWPOLYLINE
  5
F9
330
E7
100
AcDbEntity
  8
0
100
AcDbPolyline
 90
10
 70
0
 10
40.05
 20
107.0
 10
13.5
 20
107.0
 10
12.832437198131057
 20
106.92478373654546
 10
12.198348782647326
 20
106.70290660370726
 10
11.6295305944238
 20
106.34549444740409
 10
11.15450555259591
 20
105.8704694055762
 10
10.797093396292743
 20
105.30165121735267
 10
10.575216263454529
 20
104.66756280186894
 10
10.5
 20
104.0
 10
10.5
 20
53.5
  0
LWPOLYLINE
  5
FA
330
E7
100
AcDbEntity
  8
0
 62
8
370
13
100
AcDbPolyline
 90
9
 70
0
 10
11.7
 20
53.5
 10
11.745129758072716
 20
53.099462318878636
 10
11.878256037775644
 20
52.7190092695884
 10
12.092703331557544
 20
52.37771835665428
 10
12.377718356654277
 20
52.092703331557544
 10
12.719009269588394
 20
51.87825603777565
 10
13.099462318878633
 20
51.74512975807272
 10
13.5
 20
51.7
 10
40.05
 20
51.7
  0
LWPOLYLINE
  5
FB
330
E7
100
AcDbEntity
  8
0
 62
8
370
13
100
AcDbPolyline
 90
10
 70
0
 10
40.05
 20
105.8
 10
13.5
 20
105.8
 10
13.099462318878635
 20
105.75487024192728
 10
12.719009269588396
 20
105.62174396222436
 10
12.377718356654281
 20
105.40729666844246
 10
12.092703331557548
 20
105.12228164334572
 10
11.878256037775648
 20
104.7809907304116
 10
11.74512975807272
 20
104.40053768112136
 10
11.7
 20
104.0
 10
11.7
 20
53.5
  0
LWPOLYLINE
  5
FC
330
E7
100
AcDbEntity
  8
0
100
AcDbPolyline
 90
8
 70
1
 10
0.5
 20
52.5
 42
0.4142135623730951
 10
2.5
 20
50.5
 10
7.5
 20
50.5
 42
0.4142135623730951
 10
9.5
 20
52.5
 10
9.5
 20
105.0
 42
0.4142135623730951
 10
7.5
 20
107.0
 10
2.5
 20
107.0
 42
0.4142135623730951
 10
0.5
 20
105.0
  0
LWPOLYLINE
  5
FD
330
E7
100
AcDbEntity
  8
0
100
AcDbPolyline
 90
9
 70
0
 10
10.5
 20
111.0
 10
10.575216263454529
 20
110.33243719813106
 10
10.797093396292743
 20
109.69834878264733
 10
11.15450555259591
 20
109.1295305944238
 10
11.629530594423798
 20
108.65450555259591
 10
12.198348782647326
 20
108.29709339629274
 10
12.832437198131057
 20
108.07521626345454
 10
13.5
 20
108.0
 10
40.05
 20
108.0
  0
LWPOLYLINE
  5
FE
330
E7
100
AcDbEntity
  8
0
100
AcDbPolyline
 90
18
 70
0
 10
49.5
 20
159.95
 10
49.5
 20
161.5
 10
49.42478373654547
 20
162.16756280186894
 10
49.202906603707255
 20
162.80165121735268
 10
48.84549444740409
 20
163.3704694055762
 10
48.3704694055762
 20
163.8454944474041
 10
47.80165121735267
 20
164.20290660370725
 10
47.16756280186894
 20
164.42478373654546
 10
46.5
 20
164.5
 10
13.5
 20
164.5
 10
12.832437198131057
 20
164.42478373654546
 10
12.198348782647326
 20
164.20290660370725
 10
11.6295305944238
 20
163.8454944474041
 10
11.15450555259591
 20
163.3704694055762
 10
10.797093396292743
 20
162.80165121735268
 10
10.575216263454529
 20
162.16756280186894
 10
10.5
 20
161.5
 10
10.5
 20
150.5
  0
LWPOLYLINE
  5
FF
330
E7
100
AcDbEntity
  8
0
100
AcDbPolyline
 90
2
 70
0
 10
10.5
 20
115.5
 10
10.5
 20
111.0
  0
LWPOLYLINE
  5
100
330
E7
100
AcDbEntity
  8
0
 62
8
370
13
100
AcDbPolyline
 90
9
 70
0
 10
11.7
 20
111.0
 10
11.745129758072716
 20
110.59946231887864
 10
11.878256037775644
 20
110.2190092695884
 10
12.092703331557544
 20
109.87771835665428
 10
12.377718356654277
 20
109.59270333155754
 10
12.719009269588394
 20
109.37825603777564
 10
13.099462318878633
 20
109.24512975807272
 10
13.5
 20
109.2
 10
40.05
 20
109.2
  0
LWPOLYLINE
  5
101
330
E7
100
AcDbEntity
  8
0
 62
8
370
13
100
AcDbPolyline
 90
18
 70
0
 10
48.3
 20
159.95
 10
48.3
 20
161.5
 10
48.25487024192728
 20
161.90053768112136
 10
48.12174396222435
 20
162.28099073041162
 10
47.90729666844245
 20
162.62228164334573
 10
47.622281643345715
 20
162.90729666844246
 10
47.2809907304116
 20
163.12174396222437
 10
46.90053768112136
 20
163.25487024192728
 10
46.5
 20
163.3
 10
13.5
 20
163.3
 10
13.099462318878631
 20
163.25487024192728
 10
12.71900926958839
 20
163.12174396222437
 10
12.377718356654274
 20
162.90729666844246
 10
12.092703331557539
 20
162.62228164334573
 10
11.878256037775639
 20
162.28099073041162
 10
11.74512975807271
 20
161.90053768112136
 10
11.7
 20
161.5
 10
11.7
 20
153.11862449514368
  0
LWPOLYLINE
  5
102
330
E7
100
AcDbEntity
  8
0
 62
8
370
13
100
AcDbPolyline
 90
2
 70
0
 10
11.7
 20
112.88137550485632
 10
11.7
 20
111.0
  0
LWPOLYLINE
  5
103
330
E7
100
AcDbEntity
  8
0
100
AcDbPolyline
 90
17
 70
0
 10
0.5
 20
110.0
 10
0.5501441756363528
 20
109.55495813208738
 10
0.6980622641951617
 20
109.13223252176489
 10
0.9363370350639402
 20
108.75302039628254
 10
1.2530203962825326
 20
108.43633703506394
 10
1.6322325217648834
 20
108.19806226419516
 10
2.054958132087371
 20
108.05014417563635
 10
2.5
 20
108.0
 10
7.5
 20
108.0
 10
7.945041867912629
 20
108.05014417563635
 10
8.367767478235116
 20
108.19806226419516
 10
8.746979603717467
 20
108.43633703506394
 10
9.063662964936059
 20
108.75302039628254
 10
9.301937735804838
 20
109.13223252176488
 10
9.449855824363647
 20
109.55495813208736
 10
9.5
 20
110.0
 10
9.5
 20
127.16666666666667
  0
LWPOLYLINE
  5
104
330
E7
100
AcDbEntity
  8
0
100
AcDbPolyline
 90
18
 70
0
 10
9.5
 20
138.83333333333334
 10
9.5
 20
162.5
 10
9.449855824363647
 20
162.94504186791264
 10
9.301937735804838
 20
163.36776747823512
 10
9.063662964936059
 20
163.74697960371748
 10
8.746979603717467
 20
164.06366296493607
 10
8.367767478235116
 20
164.30193773580484
 10
7.945041867912629
 20
164.44985582436365
 10
7.5
 20
164.5
 10
2.5
 20
164.5
 10
2.0549581320873713
 20
164.44985582436365
 10
1.6322325217648839
 20
164.30193773580484
 10
1.253020396282533
 20
164.06366296493607
 10
0.9363370350639404
 20
163.74697960371748
 10
0.6980622641951619
 20
163.36776747823512
 10
0.5501441756363528
 20
162.94504186791264
 10
0.5
 20
162.5
 10
0.5
 20
110.0
  0
LWPOLYLINE
  5
105
330
E7
100
AcDbEntity
  8
0
100
AcDbPolyline
 90
17
 70
0
 10
50.5
 20
13.5
 10
50.57521626345453
 20
12.832437198131057
 10
50.797093396292745
 20
12.198348782647326
 10
51.15450555259591
 20
11.6295305944238
 10
51.6295305944238
 20
11.15450555259591
 10
52.19834878264732
 20
10.797093396292743
 10
52.83243719813105
 20
10.575216263454529
 10
53.5
 20
10.5
 10
89.0
 20
10.5
 10
89.66756280186894
 20
10.575216263454529
 10
90.30165121735267
 20
10.797093396292741
 10
90.8704694055762
 20
11.15450555259591
 10
91.34549444740409
 20
11.629530594423798
 10
91.70290660370726
 20
12.198348782647326
 10
91.92478373654546
 20
12.832437198131057
 10
92.0
 20
13.5
 10
92.0
 20
40.05
  0
LWPOLYLINE
  5
106
330
E7
100
AcDbEntity
  8
0
100
AcDbPolyline
 90
2
 70
0
 10
50.5
 20
40.05
 10
50.5
 20
13.5
  0
LWPOLYLINE
  5
107
330
E7
100
AcDbEntity
  8
0
 62
8
370
13
100
AcDbPolyline
 90
17
 70
0
 10
51.7
 20
13.5
 10
51.74512975807272
 20
13.099462318878635
 10
51.87825603777565
 20
12.719009269588396
 10
52.092703331557544
 20
12.377718356654281
 10
52.37771835665428
 20
12.092703331557548
 10
52.7190092695884
 20
11.878256037775648
 10
53.099462318878636
 20
11.74512975807272
 10
53.5
 20
11.7
 10
89.0
 20
11.7
 10
89.40053768112136
 20
11.745129758072716
 10
89.7809907304116
 20
11.878256037775644
 10
90.12228164334572
 20
12.092703331557544
 10
90.40729666844246
 20
12.377718356654277
 10
90.62174396222436
 20
12.719009269588394
 10
90.75487024192728
 20
13.099462318878633
 10
90.8
 20
13.5
 10
90.8
 20
40.05
  0
LWPOLYLINE
  5
108
330
E7
100
AcDbEntity
  8
0
 62
8
370
13
100
AcDbPolyline
 90
2
 70
0
 10
51.7
 20
40.05
 10
51.7
 20
13.5
  0
LWPOLYLINE
  5
109
330
E7
100
AcDbEntity
  8
0
100
AcDbPolyline
 90
8
 70
1
 10
50.5
 20
2.5
 42
0.4142135623730951
 10
52.5
 20
0.5
 10
90.0
 20
0.5
 42
0.4142135623730951
 10
92.0
 20
2.5
 10
92.0
 20
7.5
 42
0.4142135623730951
 10
90.0
 20
9.5
 10
52.5
 20
9.5
 42
0.4142135623730951
 10
50.5
 20
7.5
  0
LWPOLYLINE
  5
10A
330
E7
100
AcDbEntity
  8
0
100
AcDbPolyline
 90
25
 70
0
 10
93.0
 20
13.5
 10
93.07521626345454
 20
12.832437198131057
 10
93.29709339629274
 20
12.198348782647326
 10
93.65450555259591
 20
11.6295305944238
 10
94.1295305944238
 20
11.15450555259591
 10
94.69834878264733
 20
10.797093396292743
 10
95.33243719813106
 20
10.575216263454529
 10
96.0
 20
10.5
 10
131.5
 20
10.5
 10
132.16756280186894
 20
10.575216263454529
 10
132.80165121735268
 20
10.797093396292741
 10
133.3704694055762
 20
11.15450555259591
 10
133.8454944474041
 20
11.629530594423798
 10
134.20290660370725
 20
12.198348782647326
 10
134.42478373654546
 20
12.832437198131057
 10
134.5
 20
13.5
 10
134.5
 20
46.5
 10
134.42478373654546
 20
47.16756280186895
 10
134.20290660370725
 20
47.80165121735268
 10
133.8454944474041
 20
48.3704694055762
 10
133.3704694055762
 20
48.84549444740409
 10
132.80165121735268
 20
49.202906603707255
 10
132.16756280186894
 20
49.42478373654547
 10
131.5
 20
49.5
 10
129.95
 20
49.5
  0
LWPOLYLINE
  5
10B
330
E7
100
AcDbEntity
  8
0
100
AcDbPolyline
 90
2
 70
0
 10
93.0
 20
40.05
 10
93.0
 20
13.5
  0
LWPOLYLINE
  5
10C
330
E7
100
AcDbEntity
  8
0
 62
8
370
13
100
AcDbPolyline
 90
25
 70
0
 10
94.2
 20
13.5
 10
94.24512975807272
 20
13.099462318878635
 10
94.37825603777564
 20
12.719009269588396
 10
94.59270333155754
 20
12.377718356654281
 10
94.87771835665428
 20
12.092703331557548
 10
95.2190092695884
 20
11.878256037775648
 10
95.59946231887864
 20
11.74512975807272
 10
96.0
 20
11.7
 10
131.5
 20
11.7
 10
131.90053768112136
 20
11.745129758072718
 10
132.28099073041162
 20
11.878256037775646
 10
132.62228164334573
 20
12.092703331557546
 10
132.90729666844246
 20
12.377718356654281
 10
133.12174396222437
 20
12.719009269588398
 10
133.25487024192728
 20
13.099462318878638
 10
133.3
 20
13.5
 10
133.3
 20
46.5
 10
133.25487024192728
 20
46.90053768112137
 10
133.12174396222437
 20
47.28099073041161
 10
132.90729666844246
 20
47.62228164334573
 10
132.62228164334573
 20
47.90729666844246
 10
132.28099073041162
 20
48.12174396222436
 10
131.90053768112136
 20
48.254870241927286
 10
131.5
 20
48.3
 10
129.95
 20
48.3
  0
LWPOLYLINE
  5
10D
330
E7
100
AcDbEntity
  8
0
 62
8
370
13
100
AcDbPolyline
 90
2
 70
0
 10
94.2
 20
40.05
 10
94.2
 20
13.5
  0
LWPOLYLINE
  5
10E
330
E7
100
AcDbEntity
  8
0
100
AcDbPolyline
 90
8
 70
1
 10
93.0
 20
2.5
 42
0.4142135623730951
 10
95.0
 20
0.5
 10
132.5
 20
0.5
 42
0.4142135623730951
 10
134.5
 20
2.5
 10
134.5
 20
7.5
 42
0.4142135623730951
 10
132.5
 20
9.5
 10
95.0
 20
9.5
 42
0.4142135623730951
 10
93.0
 20
7.5
  0
LWPOLYLINE
  5
10F
330
E7
100
AcDbEntity
  8
0
100
AcDbPolyline
 90
8
 70
1
 10
23.5
 20
115.5
 42
0.08571428571428572
 10
23.5
 20
150.5
 42
0.4142135623730951
 10
20.0
 20
154.0
 10
14.000000000000002
 20
154.0
 42
0.4142135623730951
 10
10.5
 20
150.5
 42
0.08571428571428572
 10
10.5
 20
115.5
 42
0.4142135623730951
 10
13.999999999999998
 20
112.0
 10
20.0
 20
112.0
 42
0.4142135623730951
  0
LWPOLYLINE
  5
110
330
E7
100
AcDbEntity
  8
0
 62
8
370
13
100
AcDbPolyline
 90
2
 70
0
 10
17.0
 20
117.0
 10
17.0
 20
149.0
  0
LWPOLYLINE
  5
111
330
E7
100
AcDbEntity
  8
0
 62
8
370
13
100
AcDbPolyline
 90
2
 70
0
 10
11.700000000000001
 20
152.8
 10
13.100000000000001
 20
150.2
  0
LWPOLYLINE
  5
112
330
E7
100
AcDbEntity
  8
0
 62
8
370
13
100
AcDbPolyline
 90
2
 70
0
 10
22.3
 20
152.8
 10
20.900000000000002
 20
150.2
  0
LWPOLYLINE
  5
113
330
E7
100
AcDbEntity
  8
0
 62
8
370
13
100
AcDbPolyline
 90
2
 70
0
 10
11.7
 20
113.2
 10
13.1
 20
115.8
  0
LWPOLYLINE
  5
114
330
E7
100
AcDbEntity
  8
0
 62
8
370
13
100
AcDbPolyline
 90
2
 70
0
 10
22.299999999999997
 20
113.2
 10
20.9
 20
115.8
  0
LWPOLYLINE
  5
115
330
E7
100
AcDbEntity
  8
0
100
AcDbPolyline
 90
8
 70
1
 10
9.736544032709407
 20
33.07106781186547
 42
0.09090909090909091
 10
33.071067811865476
 20
9.736544032709407
 42
0.4142135623730951
 10
38.020815280171306
 20
9.736544032709407
 10
42.2634559672906
 20
13.979184719828694
 42
0.4142135623730951
 10
42.2634559672906
 20
18.928932188134528
 42
0.09090909090909091
 10
18.928932188134524
 20
42.26345596729059
 42
0.4142135623730951
 10
13.979184719828691
 20
42.2634559672906
 10
9.736544032709407
 20
38.020815280171306
 42
0.4142135623730951
  0
LWPOLYLINE
  5
116
330
E7
100
AcDbEntity
  8
0
 62
8
370
13
100
AcDbPolyline
 90
2
 70
0
 10
15.393398282201787
 20
36.60660171779821
 10
36.60660171779821
 20
15.393398282201789
  0
LWPOLYLINE
  5
117
330
E7
100
AcDbEntity
  8
0
 62
8
370
13
100
AcDbPolyline
 90
2
 70
0
 10
43.041273426595794
 20
16.45405845398161
 10
40.21284630184961
 20
17.30258659140547
  0
LWPOLYLINE
  5
118
330
E7
100
AcDbEntity
  8
0
 62
8
370
13
100
AcDbPolyline
 90
2
 70
0
 10
35.5459415460184
 20
8.958726573404206
 10
34.697413408594535
 20
11.787153698150396
  0
LWPOLYLINE
  5
119
330
E7
100
AcDbEntity
  8
0
 62
8
370
13
100
AcDbPolyline
 90
2
 70
0
 10
16.454058453981606
 20
43.0412734265958
 10
17.302586591405465
 20
40.2128463018496
  0
LWPOLYLINE
  5
11A
330
E7
100
AcDbEntity
  8
0
 62
8
370
13
100
AcDbPolyline
 90
2
 70
0
 10
8.958726573404203
 20
35.54594154601839
 10
11.787153698150394
 20
34.697413408594535
  0
LWPOLYLINE
  5
11B
330
E7
100
AcDbEntity
  8
0
100
AcDbPolyline
 90
8
 70
1
 10
40.0
 20
45.0
 42
0.4142135623730951
 10
45.0
 20
40.0
 10
125.0
 20
40.0
 42
0.4142135623730951
 10
130.0
 20
45.0
 10
130.0
 20
155.0
 42
0.4142135623730951
 10
125.0
 20
160.0
 10
45.0
 20
160.0
 42
0.4142135623730951
 10
40.0
 20
155.0
  0
LWPOLYLINE
  5
11C
330
E7
100
AcDbEntity
  8
0
 62
8
370
13
100
AcDbPolyline
 90
8
 70
1
 10
41.5
 20
45.0
 42
0.4142135623730951
 10
45.0
 20
41.5
 10
125.0
 20
41.5
 42
0.4142135623730951
 10
128.5
 20
45.0
 10
128.5
 20
155.0
 42
0.4142135623730951
 10
125.0
 20
158.5
 10
45.0
 20
158.5
 42
0.4142135623730951
 10
41.5
 20
155.0
  0
LINE
  5
11D
330
E7
100
AcDbEntity
  8
0
 62
8
370
13
100
AcDbLine
 10
70.0
 20
41.5
 30
0.0
 11
70.0
 21
158.5
 31
0.0
  0
LINE
  5
11E
330
E7
100
AcDbEntity
  8
0
 62
8
370
13
100
AcDbLine
 10
100.0
 20
41.5
 30
0.0
 11
100.0
 21
158.5
 31
0.0
  0
LWPOLYLINE
  5
11F
330
E7
100
AcDbEntity
  8
0
 62
8
370
13
100
AcDbPolyline
 90
4
 70
0
 10
53.8358154296875
 20
49.0
 42
0.06
 10
52.363006591796875
 20
82.0
 42
-0.05
 10
56.80047607421875
 20
118.0
 42
0.05
 10
52.454376220703125
 20
151.0
  0
LWPOLYLINE
  5
120
330
E7
100
AcDbEntity
  8
0
 62
8
370
13
100
AcDbPolyline
 90
4
 70
0
 10
85.3984375
 20
49.0
 42
0.06
 10
86.80990600585938
 20
82.0
 42
-0.05
 10
86.83673095703125
 20
118.0
 42
0.05
 10
86.37100219726562
 20
151.0
  0
LWPOLYLINE
  5
121
330
E7
100
AcDbEntity
  8
0
 62
8
370
13
100
AcDbPolyline
 90
4
 70
0
 10
113.6036376953125
 20
49.0
 42
0.06
 10
114.73532104492188
 20
82.0
 42
-0.05
 10
112.71868896484375
 20
118.0
 42
0.05
 10
112.40676879882812
 20
151.0
  0
LINE
  5
122
330
E7
100
AcDbEntity
  8
0
 62
8
370
13
100
AcDbLine
 10
78.0
 20
93.0
 30
0.0
 11
81.0
 21
93.0
 31
0.0
  0
LINE
  5
123
330
E7
100
AcDbEntity
  8
0
 62
8
370
13
100
AcDbLine
 10
83.0
 20
93.0
 30
0.0
 11
86.0
 21
93.0
 31
0.0
  0
LINE
  5
124
330
E7
100
AcDbEntity
  8
0
 62
8
370
13
100
AcDbLine
 10
88.0
 20
93.0
 30
0.0
 11
91.0
 21
93.0
 31
0.0
  0
LINE
  5
125
330
E7
100
AcDbEntity
  8
0
 62
8
370
13
100
AcDbLine
 10
92.0
 20
94.0
 30
0.0
 11
92.0
 21
97.0
 31
0.0
  0
LINE
  5
126
330
E7
100
AcDbEntity
  8
0
 62
8
370
13
100
AcDbLine
 10
92.0
 20
99.0
 30
0.0
 11
92.0
 21
102.0
 31
0.0
  0
LINE
  5
127
330
E7
100
AcDbEntity
  8
0
 62
8
370
13
100
AcDbLine
 10
92.0
 20
104.0
 30
0.0
 11
92.0
 21
107.0
 31
0.0
  0
LINE
  5
128
330
E7
100
AcDbEntity
  8
0
 62
8
370
13
100
AcDbLine
 10
90.0
 20
107.0
 30
0.0
 11
87.0
 21
107.0
 31
0.0
  0
LINE
  5
129
330
E7
100
AcDbEntity
  8
0
 62
8
370
13
100
AcDbLine
 10
85.0
 20
107.0
 30
0.0
 11
82.0
 21
107.0
 31
0.0
  0
LINE
  5
12A
330
E7
100
AcDbEntity
  8
0
 62
8
370
13
100
AcDbLine
 10
80.0
 20
107.0
 30
0.0
 11
78.0
 21
107.0
 31
0.0
  0
LINE
  5
12B
330
E7
100
AcDbEntity
  8
0
 62
8
370
13
100
AcDbLine
 10
78.0
 20
107.0
 30
0.0
 11
78.0
 21
106.0
 31
0.0
  0
LINE
  5
12C
330
E7
100
AcDbEntity
  8
0
 62
8
370
13
100
AcDbLine
 10
78.0
 20
104.0
 30
0.0
 11
78.0
 21
101.0
 31
0.0
  0
LINE
  5
12D
330
E7
100
AcDbEntity
  8
0
 62
8
370
13
100
AcDbLine
 10
78.0
 20
99.0
 30
0.0
 11
78.0
 21
96.0
 31
0.0
  0
LINE
  5
12E
330
E7
100
AcDbEntity
  8
0
 62
8
370
13
100
AcDbLine
 10
78.0
 20
94.0
 30
0.0
 11
78.0
 21
93.0
 31
0.0
  0
LINE
  5
12F
330
E7
100
AcDbEntity
  8
0
 62
8
370
13
100
AcDbLine
 10
57.5
 20
61.5
 30
0.0
 11
57.6002883512727
 21
60.60991626417474
 31
0.0
  0
LINE
  5
130
330
E7
100
AcDbEntity
  8
0
 62
8
370
13
100
AcDbLine
 10
57.6002883512727
 20
60.60991626417474
 30
0.0
 11
57.896124528390324
 21
59.76446504352977
 31
0.0
  0
LINE
  5
131
330
E7
100
AcDbEntity
  8
0
 62
8
370
13
100
AcDbLine
 10
57.896124528390324
 20
59.76446504352977
 30
0.0
 11
58.37267407012788
 21
59.00604079256507
 31
0.0
  0
LINE
  5
132
330
E7
100
AcDbEntity
  8
0
 62
8
370
13
100
AcDbLine
 10
58.37267407012788
 20
59.00604079256507
 30
0.0
 11
59.00604079256507
 21
58.37267407012788
 31
0.0
  0
LINE
  5
133
330
E7
100
AcDbEntity
  8
0
 62
8
370
13
100
AcDbLine
 10
59.00604079256507
 20
58.37267407012788
 30
0.0
 11
59.359240585619396
 21
58.15074393101676
 31
0.0
  0
LINE
  5
134
330
E7
100
AcDbEntity
  8
0
 62
8
370
13
100
AcDbLine
 10
61.72998933821476
 20
57.5
 30
0.0
 11
65.72998933821475
 21
57.5
 31
0.0
  0
LINE
  5
135
330
E7
100
AcDbEntity
  8
0
 62
8
370
13
100
AcDbLine
 10
68.22998933821476
 20
57.5
 30
0.0
 11
72.22998933821475
 21
57.5
 31
0.0
  0
LINE
  5
136
330
E7
100
AcDbEntity
  8
0
 62
8
370
13
100
AcDbLine
 10
74.72998933821475
 20
57.5
 30
0.0
 11
78.72998933821475
 21
57.5
 31
0.0
  0
LINE
  5
137
330
E7
100
AcDbEntity
  8
0
 62
8
370
13
100
AcDbLine
 10
81.22998933821475
 20
57.5
 30
0.0
 11
85.22998933821475
 21
57.5
 31
0.0
  0
LINE
  5
138
330
E7
100
AcDbEntity
  8
0
 62
8
370
13
100
AcDbLine
 10
87.72998933821475
 20
57.5
 30
0.0
 11
91.72998933821475
 21
57.5
 31
0.0
  0
LINE
  5
139
330
E7
100
AcDbEntity
  8
0
 62
8
370
13
100
AcDbLine
 10
94.22998933821475
 20
57.5
 30
0.0
 11
98.22998933821475
 21
57.5
 31
0.0
  0
LINE
  5
13A
330
E7
100
AcDbEntity
  8
0
 62
8
370
13
100
AcDbLine
 10
100.72998933821475
 20
57.5
 30
0.0
 11
104.72998933821475
 21
57.5
 31
0.0
  0
LINE
  5
13B
330
E7
100
AcDbEntity
  8
0
 62
8
370
13
100
AcDbLine
 10
107.22998933821475
 20
57.5
 30
0.0
 11
108.5
 21
57.5
 31
0.0
  0
LINE
  5
13C
330
E7
100
AcDbEntity
  8
0
 62
8
370
13
100
AcDbLine
 10
108.5
 20
57.5
 30
0.0
 11
109.39008373582526
 21
57.6002883512727
 31
0.0
  0
LINE
  5
13D
330
E7
100
AcDbEntity
  8
0
 62
8
370
13
100
AcDbLine
 10
109.39008373582526
 20
57.6002883512727
 30
0.0
 11
110.23553495647023
 21
57.896124528390324
 31
0.0
  0
LINE
  5
13E
330
E7
100
AcDbEntity
  8
0
 62
8
370
13
100
AcDbLine
 10
110.23553495647023
 20
57.896124528390324
 30
0.0
 11
110.99395920743493
 21
58.37267407012788
 31
0.0
  0
LINE
  5
13F
330
E7
100
AcDbEntity
  8
0
 62
8
370
13
100
AcDbLine
 10
110.99395920743493
 20
58.37267407012788
 30
0.0
 11
111.02425301374201
 21
58.402967876434964
 31
0.0
  0
LINE
  5
140
330
E7
100
AcDbEntity
  8
0
 62
8
370
13
100
AcDbLine
 10
112.35205055868268
 20
60.4737086943363
 30
0.0
 11
112.39971164872729
 21
60.60991626417474
 31
0.0
  0
LINE
  5
141
330
E7
100
AcDbEntity
  8
0
 62
8
370
13
100
AcDbLine
 10
112.39971164872729
 20
60.60991626417474
 30
0.0
 11
112.5
 21
61.5
 31
0.0
  0
LINE
  5
142
330
E7
100
AcDbEntity
  8
0
 62
8
370
13
100
AcDbLine
 10
112.5
 20
61.5
 30
0.0
 11
112.5
 21
64.45997867642953
 31
0.0
  0
LINE
  5
143
330
E7
100
AcDbEntity
  8
0
 62
8
370
13
100
AcDbLine
 10
112.5
 20
66.95997867642953
 30
0.0
 11
112.5
 21
70.95997867642953
 31
0.0
  0
LINE
  5
144
330
E7
100
AcDbEntity
  8
0
 62
8
370
13
100
AcDbLine
 10
112.5
 20
73.45997867642953
 30
0.0
 11
112.5
 21
77.45997867642953
 31
0.0
  0
LINE
  5
145
330
E7
100
AcDbEntity
  8
0
 62
8
370
13
100
AcDbLine
 10
112.5
 20
79.95997867642953
 30
0.0
 11
112.5
 21
83.95997867642951
 31
0.0
  0
LINE
  5
146
330
E7
100
AcDbEntity
  8
0
 62
8
370
13
100
AcDbLine
 10
112.5
 20
86.45997867642953
 30
0.0
 11
112.5
 21
90.45997867642953
 31
0.0
  0
LINE
  5
147
330
E7
100
AcDbEntity
  8
0
 62
8
370
13
100
AcDbLine
 10
112.5
 20
92.95997867642953
 30
0.0
 11
112.5
 21
96.95997867642953
 31
0.0
  0
LINE
  5
148
330
E7
100
AcDbEntity
  8
0
 62
8
370
13
100
AcDbLine
 10
112.5
 20
99.45997867642953
 30
0.0
 11
112.5
 21
103.45997867642951
 31
0.0
  0
LINE
  5
149
330
E7
100
AcDbEntity
  8
0
 62
8
370
13
100
AcDbLine
 10
112.5
 20
105.95997867642953
 30
0.0
 11
112.5
 21
109.95997867642953
 31
0.0
  0
LINE
  5
14A
330
E7
100
AcDbEntity
  8
0
 62
8
370
13
100
AcDbLine
 10
112.5
 20
112.45997867642953
 30
0.0
 11
112.5
 21
116.45997867642953
 31
0.0
  0
LINE
  5
14B
330
E7
100
AcDbEntity
  8
0
 62
8
370
13
100
AcDbLine
 10
112.5
 20
118.95997867642953
 30
0.0
 11
112.5
 21
122.95997867642953
 31
0.0
  0
LINE
  5
14C
330
E7
100
AcDbEntity
  8
0
 62
8
370
13
100
AcDbLine
 10
112.5
 20
125.45997867642953
 30
0.0
 11
112.5
 21
129.45997867642953
 31
0.0
  0
LINE
  5
14D
330
E7
100
AcDbEntity
  8
0
 62
8
370
13
100
AcDbLine
 10
112.5
 20
131.95997867642953
 30
0.0
 11
112.5
 21
135.95997867642953
 31
0.0
  0
LINE
  5
14E
330
E7
100
AcDbEntity
  8
0
 62
8
370
13
100
AcDbLine
 10
112.5
 20
138.45997867642953
 30
0.0
 11
112.5
 21
138.5
 31
0.0
  0
LINE
  5
14F
330
E7
100
AcDbEntity
  8
0
 62
8
370
13
100
AcDbLine
 10
112.5
 20
138.5
 30
0.0
 11
112.39971164872729
 21
139.39008373582527
 31
0.0
  0
LINE
  5
150
330
E7
100
AcDbEntity
  8
0
 62
8
370
13
100
AcDbLine
 10
112.39971164872729
 20
139.39008373582527
 30
0.0
 11
112.10387547160968
 21
140.23553495647025
 31
0.0
  0
LINE
  5
151
330
E7
100
AcDbEntity
  8
0
 62
8
370
13
100
AcDbLine
 10
112.10387547160968
 20
140.23553495647025
 30
0.0
 11
111.62732592987211
 21
140.99395920743493
 31
0.0
  0
LINE
  5
152
330
E7
100
AcDbEntity
  8
0
 62
8
370
13
100
AcDbLine
 10
111.62732592987211
 20
140.99395920743493
 30
0.0
 11
110.99395920743494
 21
141.62732592987211
 31
0.0
  0
LINE
  5
153
330
E7
100
AcDbEntity
  8
0
 62
8
370
13
100
AcDbLine
 10
110.99395920743494
 20
141.62732592987211
 30
0.0
 11
110.67464643753286
 21
141.82796344109914
 31
0.0
  0
LINE
  5
154
330
E7
100
AcDbEntity
  8
0
 62
8
370
13
100
AcDbLine
 10
108.31003198535569
 20
142.5
 30
0.0
 11
104.31003198535569
 21
142.5
 31
0.0
  0
LINE
  5
155
330
E7
100
AcDbEntity
  8
0
 62
8
370
13
100
AcDbLine
 10
101.81003198535569
 20
142.5
 30
0.0
 11
97.81003198535569
 21
142.5
 31
0.0
  0
LINE
  5
156
330
E7
100
AcDbEntity
  8
0
 62
8
370
13
100
AcDbLine
 10
95.31003198535569
 20
142.5
 30
0.0
 11
91.31003198535569
 21
142.5
 31
0.0
  0
LINE
  5
157
330
E7
100
AcDbEntity
  8
0
 62
8
370
13
100
AcDbLine
 10
88.81003198535569
 20
142.5
 30
0.0
 11
84.81003198535569
 21
142.5
 31
0.0
  0
LINE
  5
158
330
E7
100
AcDbEntity
  8
0
 62
8
370
13
100
AcDbLine
 10
82.31003198535569
 20
142.5
 30
0.0
 11
78.31003198535569
 21
142.5
 31
0.0
  0
LINE
  5
159
330
E7
100
AcDbEntity
  8
0
 62
8
370
13
100
AcDbLine
 10
75.81003198535569
 20
142.5
 30
0.0
 11
71.81003198535569
 21
142.5
 31
0.0
  0
LINE
  5
15A
330
E7
100
AcDbEntity
  8
0
 62
8
370
13
100
AcDbLine
 10
69.31003198535569
 20
142.5
 30
0.0
 11
65.31003198535569
 21
142.5
 31
0.0
  0
LINE
  5
15B
330
E7
100
AcDbEntity
  8
0
 62
8
370
13
100
AcDbLine
 10
62.81003198535569
 20
142.5
 30
0.0
 11
61.5
 21
142.5
 31
0.0
  0
LINE
  5
15C
330
E7
100
AcDbEntity
  8
0
 62
8
370
13
100
AcDbLine
 10
61.5
 20
142.5
 30
0.0
 11
60.60991626417475
 21
142.3997116487273
 31
0.0
  0
LINE
  5
15D
330
E7
100
AcDbEntity
  8
0
 62
8
370
13
100
AcDbLine
 10
60.60991626417474
 20
142.3997116487273
 30
0.0
 11
59.76446504352978
 21
142.10387547160968
 31
0.0
  0
LINE
  5
15E
330
E7
100
AcDbEntity
  8
0
 62
8
370
13
100
AcDbLine
 10
59.76446504352977
 20
142.10387547160968
 30
0.0
 11
59.00604079256506
 21
141.62732592987211
 31
0.0
  0
LINE
  5
15F
330
E7
100
AcDbEntity
  8
0
 62
8
370
13
100
AcDbLine
 10
59.00604079256507
 20
141.62732592987211
 30
0.0
 11
59.00404633554672
 21
141.62533147285376
 31
0.0
  0
LINE
  5
160
330
E7
100
AcDbEntity
  8
0
 62
8
370
13
100
AcDbLine
 10
57.66116764652437
 20
139.56406676583876
 30
0.0
 11
57.60028835127271
 21
139.39008373582527
 31
0.0
  0
LINE
  5
161
330
E7
100
AcDbEntity
  8
0
 62
8
370
13
100
AcDbLine
 10
57.6002883512727
 20
139.39008373582527
 30
0.0
 11
57.5
 21
138.5
 31
0.0
  0
LINE
  5
162
330
E7
100
AcDbEntity
  8
0
 62
8
370
13
100
AcDbLine
 10
57.5
 20
138.5
 30
0.0
 11
57.5
 21
135.58004264714094
 31
0.0
  0
LINE
  5
163
330
E7
100
AcDbEntity
  8
0
 62
8
370
13
100
AcDbLine
 10
57.5
 20
133.08004264714094
 30
0.0
 11
57.5
 21
129.08004264714094
 31
0.0
  0
LINE
  5
164
330
E7
100
AcDbEntity
  8
0
 62
8
370
13
100
AcDbLine
 10
57.5
 20
126.58004264714094
 30
0.0
 11
57.5
 21
122.58004264714094
 31
0.0
  0
LINE
  5
165
330
E7
100
AcDbEntity
  8
0
 62
8
370
13
100
AcDbLine
 10
57.5
 20
120.08004264714094
 30
0.0
 11
57.5
 21
116.08004264714094
 31
0.0
  0
LINE
  5
166
330
E7
100
AcDbEntity
  8
0
 62
8
370
13
100
AcDbLine
 10
57.5
 20
113.58004264714094
 30
0.0
 11
57.5
 21
109.58004264714094
 31
0.0
  0
LINE
  5
167
330
E7
100
AcDbEntity
  8
0
 62
8
370
13
100
AcDbLine
 10
57.5
 20
107.08004264714094
 30
0.0
 11
57.5
 21
103.08004264714094
 31
0.0
  0
LINE
  5
168
330
E7
100
AcDbEntity
  8
0
 62
8
370
13
100
AcDbLine
 10
57.5
 20
100.58004264714094
 30
0.0
 11
57.5
 21
96.58004264714094
 31
0.0
  0
LINE
  5
169
330
E7
100
AcDbEntity
  8
0
 62
8
370
13
100
AcDbLine
 10
57.5
 20
94.08004264714094
 30
0.0
 11
57.5
 21
90.08004264714094
 31
0.0
  0
LINE
  5
16A
330
E7
100
AcDbEntity
  8
0
 62
8
370
13
100
AcDbLine
 10
57.5
 20
87.58004264714094
 30
0.0
 11
57.5
 21
83.58004264714094
 31
0.0
  0
LINE
  5
16B
330
E7
100
AcDbEntity
  8
0
 62
8
370
13
100
AcDbLine
 10
57.5
 20
81.08004264714094
 30
0.0
 11
57.5
 21
77.08004264714094
 31
0.0
  0
LINE
  5
16C
330
E7
100
AcDbEntity
  8
0
 62
8
370
13
100
AcDbLine
 10
57.5
 20
74.58004264714094
 30
0.0
 11
57.5
 21
70.58004264714094
 31
0.0
  0
LINE
  5
16D
330
E7
100
AcDbEntity
  8
0
 62
8
370
13
100
AcDbLine
 10
57.5
 20
68.08004264714094
 30
0.0
 11
57.5
 21
64.08004264714094
 31
0.0
  0
LINE
  5
16E
330
E7
100
AcDbEntity
  8
0
 62
8
370
13
100
AcDbLine
 10
57.5
 20
61.58004264714094
 30
0.0
 11
57.5
 21
61.5
 31
0.0
  0
ENDBLK
  5
E9
330
E7
100
AcDbEntity
  8
0
100
AcDbBlockEnd
  0
BLOCK
  5
170
330
16F
100
AcDbEntity
  8
0
100
AcDbBlockBegin
  2
LJ_SILLA_45x47_DET
 70
0
 10
0.0
 20
0.0
 30
0.0
  3
LJ_SILLA_45x47_DET
  1

  0
LWPOLYLINE
  5
172
330
16F
100
AcDbEntity
  8
0
100
AcDbPolyline
 90
8
 70
1
 10
-20.0
 20
-17.0
 42
0.4142135623730951
 10
-16.0
 20
-21.0
 10
18.5
 20
-21.0
 42
0.4142135623730951
 10
20.0
 20
-19.5
 10
20.0
 20
19.5
 42
0.4142135623730951
 10
18.5
 20
21.0
 10
-16.0
 20
21.0
 42
0.4142135623730951
 10
-20.0
 20
17.0
  0
LWPOLYLINE
  5
173
330
16F
100
AcDbEntity
  8
0
100
AcDbPolyline
 90
4
 70
1
 10
20.0
 20
-22.5
 10
24.0
 20
-22.5
 42
0.1111111111111111
 10
24.0
 20
22.5
 10
20.0
 20
22.5
 42
-0.1111111111111111
  0
LWPOLYLINE
  5
174
330
16F
100
AcDbEntity
  8
0
 62
8
370
13
100
AcDbPolyline
 90
8
 70
1
 10
-17.5
 20
-16.0
 42
0.4142135623730951
 10
-15.0
 20
-18.5
 10
16.5
 20
-18.5
 42
0.4142135623730951
 10
17.5
 20
-17.5
 10
17.5
 20
17.5
 42
0.4142135623730951
 10
16.5
 20
18.5
 10
-15.0
 20
18.5
 42
0.4142135623730951
 10
-17.5
 20
16.0
  0
ENDBLK
  5
171
330
16F
100
AcDbEntity
  8
0
100
AcDbBlockEnd
  0
BLOCK
  5
176
330
175
100
AcDbEntity
  8
0
100
AcDbBlockBegin
  2
LJ_LAMPARA_D45_DET
 70
0
 10
0.0
 20
0.0
 30
0.0
  3
LJ_LAMPARA_D45_DET
  1

  0
CIRCLE
  5
178
330
175
100
AcDbEntity
  8
0
100
AcDbCircle
 10
0.0
 20
0.0
 30
0.0
 40
22.5
  0
CIRCLE
  5
179
330
175
100
AcDbEntity
  8
0
100
AcDbCircle
 10
0.0
 20
0.0
 30
0.0
 40
5.0
  0
LINE
  5
17A
330
175
100
AcDbEntity
  8
0
100
AcDbLine
 10
-3.5
 20
-3.5
 30
0.0
 11
3.5
 21
3.5
 31
0.0
  0
LINE
  5
17B
330
175
100
AcDbEntity
  8
0
100
AcDbLine
 10
-3.5
 20
3.5
 30
0.0
 11
3.5
 21
-3.5
 31
0.0
  0
CIRCLE
  5
17C
330
175
100
AcDbEntity
  8
0
 62
8
370
13
100
AcDbCircle
 10
0.0
 20
0.0
 30
0.0
 40
21.0
  0
LINE
  5
17D
330
175
100
AcDbEntity
  8
0
 62
8
370
13
100
AcDbLine
 10
4.619397662556434
 20
1.913417161825449
 30
0.0
 11
19.40147018273702
 21
8.036352079666885
 31
0.0
  0
LINE
  5
17E
330
175
100
AcDbEntity
  8
0
 62
8
370
13
100
AcDbLine
 10
1.9134171618254492
 20
4.619397662556434
 30
0.0
 11
8.036352079666887
 21
19.40147018273702
 31
0.0
  0
LINE
  5
17F
330
175
100
AcDbEntity
  8
0
 62
8
370
13
100
AcDbLine
 10
-1.9134171618254485
 20
4.619397662556434
 30
0.0
 11
-8.036352079666884
 21
19.40147018273702
 31
0.0
  0
LINE
  5
180
330
175
100
AcDbEntity
  8
0
 62
8
370
13
100
AcDbLine
 10
-4.619397662556434
 20
1.9134171618254494
 30
0.0
 11
-19.40147018273702
 21
8.036352079666887
 31
0.0
  0
LINE
  5
181
330
175
100
AcDbEntity
  8
0
 62
8
370
13
100
AcDbLine
 10
-4.619397662556434
 20
-1.9134171618254483
 30
0.0
 11
-19.401470182737025
 21
-8.036352079666884
 31
0.0
  0
LINE
  5
182
330
175
100
AcDbEntity
  8
0
 62
8
370
13
100
AcDbLine
 10
-1.9134171618254516
 20
-4.619397662556432
 30
0.0
 11
-8.036352079666898
 21
-19.401470182737018
 31
0.0
  0
LINE
  5
183
330
175
100
AcDbEntity
  8
0
 62
8
370
13
100
AcDbLine
 10
1.91341716182545
 20
-4.619397662556433
 30
0.0
 11
8.03635207966689
 21
-19.401470182737018
 31
0.0
  0
LINE
  5
184
330
175
100
AcDbEntity
  8
0
 62
8
370
13
100
AcDbLine
 10
4.619397662556432
 20
-1.913417161825452
 30
0.0
 11
19.401470182737018
 21
-8.036352079666898
 31
0.0
  0
ENDBLK
  5
177
330
175
100
AcDbEntity
  8
0
100
AcDbBlockEnd
  0
BLOCK
  5
186
330
185
100
AcDbEntity
  8
0
100
AcDbBlockBegin
  2
LJ_APLIQUE_DET
 70
0
 10
0.0
 20
0.0
 30
0.0
  3
LJ_APLIQUE_DET
  1

  0
LWPOLYLINE
  5
188
330
185
100
AcDbEntity
  8
0
100
AcDbPolyline
 90
4
 70
1
 10
0.0
 20
-6.0
 10
1.5
 20
-6.0
 10
1.5
 20
6.0
 10
0.0
 20
6.0
  0
LWPOLYLINE
  5
189
330
185
100
AcDbEntity
  8
0
100
AcDbPolyline
 90
3
 70
0
 10
1.5
 20
0.0
 10
15.0
 20
0.0
 10
24.0
 20
-8.0
  0
CIRCLE
  5
18A
330
185
100
AcDbEntity
  8
0
100
AcDbCircle
 10
15.0
 20
0.0
 30
0.0
 40
1.2
  0
CIRCLE
  5
18B
330
185
100
AcDbEntity
  8
0
100
AcDbCircle
 10
24.0
 20
-8.0
 30
0.0
 40
7.0
  0
CIRCLE
  5
18C
330
185
100
AcDbEntity
  8
0
 62
8
370
13
100
AcDbCircle
 10
24.0
 20
-8.0
 30
0.0
 40
5.5
  0
CIRCLE
  5
18D
330
185
100
AcDbEntity
  8
0
 62
8
370
13
100
AcDbCircle
 10
24.0
 20
-8.0
 30
0.0
 40
2.0
  0
ENDBLK
  5
187
330
185
100
AcDbEntity
  8
0
100
AcDbBlockEnd
  0
BLOCK
  5
18F
330
18E
100
AcDbEntity
  8
0
100
AcDbBlockBegin
  2
LJ_LIBRERIA_ALZ_292x240_4MOD
 70
0
 10
0.0
 20
0.0
 30
0.0
  3
LJ_LIBRERIA_ALZ_292x240_4MOD
  1

  0
LWPOLYLINE
  5
191
330
18E
100
AcDbEntity
  8
0
100
AcDbPolyline
 90
4
 70
1
 10
1.5
 20
0.0
 10
290.5
 20
0.0
 10
290.5
 20
8.0
 10
1.5
 20
8.0
  0
LWPOLYLINE
  5
192
330
18E
100
AcDbEntity
  8
0
100
AcDbPolyline
 90
4
 70
1
 10
0.0
 20
8.0
 10
292.0
 20
8.0
 10
292.0
 20
80.0
 10
0.0
 20
80.0
  0
LWPOLYLINE
  5
193
330
18E
100
AcDbEntity
  8
0
100
AcDbPolyline
 90
4
 70
1
 10
-1.0
 20
80.0
 10
293.0
 20
80.0
 10
293.0
 20
83.0
 10
-1.0
 20
83.0
  0
LWPOLYLINE
  5
194
330
18E
100
AcDbEntity
  8
0
100
AcDbPolyline
 90
4
 70
1
 10
0.0
 20
83.0
 10
292.0
 20
83.0
 10
292.0
 20
240.0
 10
0.0
 20
240.0
  0
LINE
  5
195
330
18E
100
AcDbEntity
  8
0
100
AcDbLine
 10
1.9
 20
238.1
 30
0.0
 11
290.1
 21
238.1
 31
0.0
  0
LWPOLYLINE
  5
196
330
18E
100
AcDbEntity
  8
0
100
AcDbPolyline
 90
4
 70
1
 10
0.0
 20
83.0
 10
1.9
 20
83.0
 10
1.9
 20
238.1
 10
0.0
 20
238.1
  0
LWPOLYLINE
  5
197
330
18E
100
AcDbEntity
  8
0
100
AcDbPolyline
 90
4
 70
1
 10
72.05
 20
83.0
 10
73.95
 20
83.0
 10
73.95
 20
238.1
 10
72.05
 20
238.1
  0
LWPOLYLINE
  5
198
330
18E
100
AcDbEntity
  8
0
100
AcDbPolyline
 90
4
 70
1
 10
145.05
 20
83.0
 10
146.95
 20
83.0
 10
146.95
 20
238.1
 10
145.05
 20
238.1
  0
LWPOLYLINE
  5
199
330
18E
100
AcDbEntity
  8
0
100
AcDbPolyline
 90
4
 70
1
 10
218.05
 20
83.0
 10
219.95
 20
83.0
 10
219.95
 20
238.1
 10
218.05
 20
238.1
  0
LWPOLYLINE
  5
19A
330
18E
100
AcDbEntity
  8
0
100
AcDbPolyline
 90
4
 70
1
 10
290.1
 20
83.0
 10
292.0
 20
83.0
 10
292.0
 20
238.1
 10
290.1
 20
238.1
  0
LWPOLYLINE
  5
19B
330
18E
100
AcDbEntity
  8
0
100
AcDbPolyline
 90
4
 70
1
 10
0.2
 20
8.2
 10
36.35
 20
8.2
 10
36.35
 20
79.8
 10
0.2
 20
79.8
  0
LWPOLYLINE
  5
19C
330
18E
100
AcDbEntity
  8
0
100
AcDbPolyline
 90
4
 70
1
 10
36.65
 20
8.2
 10
72.8
 20
8.2
 10
72.8
 20
79.8
 10
36.65
 20
79.8
  0
LWPOLYLINE
  5
19D
330
18E
100
AcDbEntity
  8
0
 62
8
370
13
100
AcDbPolyline
 90
4
 70
1
 10
33.5
 20
60.0
 10
34.7
 20
60.0
 10
34.7
 20
74.0
 10
33.5
 20
74.0
  0
LWPOLYLINE
  5
19E
330
18E
100
AcDbEntity
  8
0
 62
8
370
13
100
AcDbPolyline
 90
4
 70
1
 10
38.3
 20
60.0
 10
39.5
 20
60.0
 10
39.5
 20
74.0
 10
38.3
 20
74.0
  0
LWPOLYLINE
  5
19F
330
18E
100
AcDbEntity
  8
0
 62
8
370
13
100
AcDbPolyline
 90
4
 70
1
 10
2.9
 20
83.0
 10
5.6737518310546875
 20
83.0
 10
5.6737518310546875
 20
117.18444844055176
 10
2.9
 20
117.18444844055176
  0
LWPOLYLINE
  5
1A0
330
18E
100
AcDbEntity
  8
0
 62
8
370
13
100
AcDbPolyline
 90
4
 70
1
 10
12.403453866919794
 20
83.0
 10
14.937743036424116
 20
83.57667585979834
 10
8.308041000559012
 20
112.71190283532826
 10
5.773751831054688
 20
112.13522697552992
  0
LWPOLYLINE
  5
1A1
330
18E
100
AcDbEntity
  8
0
 62
8
370
13
100
AcDbPolyline
 90
4
 70
1
 10
18.137633173142866
 20
83.0
 10
20.755745355760055
 20
83.0
 10
20.755745355760055
 20
115.70845777893066
 10
18.137633173142866
 20
115.70845777893066
  0
LINE
  5
1A2
330
18E
100
AcDbEntity
  8
0
 62
8
370
13
100
AcDbLine
 10
18.137633173142866
 20
109.82093537872314
 30
0.0
 11
20.755745355760055
 21
109.82093537872314
 31
0.0
  0
LWPOLYLINE
  5
1A3
330
18E
100
AcDbEntity
  8
0
 62
8
370
13
100
AcDbPolyline
 90
4
 70
1
 10
20.955745355760055
 20
83.0
 10
24.20648693290849
 20
83.0
 10
24.20648693290849
 20
105.539769821167
 10
20.955745355760055
 20
105.539769821167
  0
LWPOLYLINE
  5
1A4
330
18E
100
AcDbEntity
  8
0
 62
8
370
13
100
AcDbPolyline
 90
4
 70
1
 10
24.40648693290849
 20
83.0
 10
26.950990717088178
 20
83.0
 10
26.950990717088178
 20
115.53242219543458
 10
24.40648693290849
 20
115.53242219543458
  0
LWPOLYLINE
  5
1A5
330
18E
100
AcDbEntity
  8
0
 62
8
370
13
100
AcDbPolyline
 90
4
 70
1
 10
27.150990717088177
 20
83.0
 10
52.15099071708818
 20
83.0
 10
52.15099071708818
 20
105.0
 10
27.150990717088177
 20
105.0
  0
LWPOLYLINE
  5
1A6
330
18E
100
AcDbEntity
  8
0
 62
8
370
13
100
AcDbPolyline
 90
4
 70
1
 10
35.15099071708818
 20
95.1
 10
44.15099071708818
 20
95.1
 10
44.15099071708818
 20
99.1
 10
35.15099071708818
 20
99.1
  0
LWPOLYLINE
  5
1A7
330
18E
100
AcDbEntity
  8
0
 62
8
370
13
100
AcDbPolyline
 90
4
 70
1
 10
53.65099071708818
 20
83.0
 10
57.694807855760054
 20
83.0
 10
57.694807855760054
 20
106.2636597366333
 10
53.65099071708818
 20
106.2636597366333
  0
LWPOLYLINE
  5
1A8
330
18E
100
AcDbEntity
  8
0
 62
8
370
13
100
AcDbPolyline
 90
4
 70
1
 10
62.982252571064116
 20
83.0
 10
65.80337617381355
 20
83.49732525942818
 10
60.615931458509486
 20
112.92358593464249
 10
57.794807855760055
 20
112.42626067521431
  0
LWPOLYLINE
  5
1A9
330
18E
100
AcDbEntity
  8
0
100
AcDbPolyline
 90
4
 70
1
 10
1.9
 20
120.35
 10
72.05
 20
120.35
 10
72.05
 20
122.25
 10
1.9
 20
122.25
  0
LWPOLYLINE
  5
1AA
330
18E
100
AcDbEntity
  8
0
 62
8
370
13
100
AcDbPolyline
 90
4
 70
1
 10
2.9
 20
122.25
 10
27.9
 20
122.25
 10
27.9
 20
144.25
 10
2.9
 20
144.25
  0
LWPOLYLINE
  5
1AB
330
18E
100
AcDbEntity
  8
0
 62
8
370
13
100
AcDbPolyline
 90
4
 70
1
 10
10.9
 20
134.35
 10
19.9
 20
134.35
 10
19.9
 20
138.35
 10
10.9
 20
138.35
  0
LWPOLYLINE
  5
1AC
330
18E
100
AcDbEntity
  8
0
 62
8
370
13
100
AcDbPolyline
 90
4
 70
1
 10
29.4
 20
122.25
 10
31.154678344726562
 20
122.25
 10
31.154678344726562
 20
156.43482458496095
 10
29.4
 20
156.43482458496095
  0
LWPOLYLINE
  5
1AD
330
18E
100
AcDbEntity
  8
0
 62
8
370
13
100
AcDbPolyline
 90
4
 70
1
 10
37.09903558005913
 20
122.25
 10
40.29229501997986
 20
122.88688478947591
 10
34.447937784647294
 20
152.18974964098516
 10
31.254678344726564
 20
151.55286485150924
  0
LWPOLYLINE
  5
1AE
330
18E
100
AcDbEntity
  8
0
 62
8
370
13
100
AcDbPolyline
 90
4
 70
1
 10
44.10510019576111
 20
122.25
 10
46.890662329550175
 20
122.25
 10
46.890662329550175
 20
148.2303627319336
 10
44.10510019576111
 20
148.2303627319336
  0
LINE
  5
1AF
330
18E
100
AcDbEntity
  8
0
 62
8
370
13
100
AcDbLine
 10
44.10510019576111
 20
143.55389744018555
 30
0.0
 11
46.890662329550175
 21
143.55389744018555
 31
0.0
  0
LWPOLYLINE
  5
1B0
330
18E
100
AcDbEntity
  8
0
 62
8
370
13
100
AcDbPolyline
 90
4
 70
1
 10
47.09066232955018
 20
122.25
 10
50.71539682662049
 20
122.25
 10
50.71539682662049
 20
147.9377223815918
 10
47.09066232955018
 20
147.9377223815918
  0
LWPOLYLINE
  5
1B1
330
18E
100
AcDbEntity
  8
0
 62
8
370
13
100
AcDbPolyline
 90
4
 70
1
 10
50.915396826620494
 20
122.25
 10
55.28262399947206
 20
122.25
 10
55.28262399947206
 20
154.03652783203125
 10
50.915396826620494
 20
154.03652783203125
  0
LWPOLYLINE
  5
1B2
330
18E
100
AcDbEntity
  8
0
 62
8
370
13
100
AcDbPolyline
 90
4
 70
1
 10
61.30851431871651
 20
122.25
 10
63.772160721782974
 20
122.74849950232908
 10
57.84627040253852
 20
152.0349848483771
 10
55.38262399947206
 20
151.536485346048
  0
LWPOLYLINE
  5
1B3
330
18E
100
AcDbEntity
  8
0
 62
8
370
13
100
AcDbPolyline
 90
4
 70
1
 10
67.63867683506422
 20
122.25
 10
70.76335029697827
 20
122.25
 10
70.76335029697827
 20
153.8243823852539
 10
67.63867683506422
 20
153.8243823852539
  0
LWPOLYLINE
  5
1B4
330
18E
100
AcDbEntity
  8
0
100
AcDbPolyline
 90
4
 70
1
 10
1.9
 20
159.6
 10
72.05
 20
159.6
 10
72.05
 20
161.5
 10
1.9
 20
161.5
  0
LWPOLYLINE
  5
1B5
330
18E
100
AcDbEntity
  8
0
 62
8
370
13
100
AcDbPolyline
 90
4
 70
1
 10
2.9
 20
161.5
 10
5.3391265869140625
 20
161.5
 10
5.3391265869140625
 20
185.7320435180664
 10
2.9
 20
185.7320435180664
  0
LWPOLYLINE
  5
1B6
330
18E
100
AcDbEntity
  8
0
 62
8
370
13
100
AcDbPolyline
 90
4
 70
1
 10
5.539126586914063
 20
161.5
 10
9.180706787109376
 20
161.5
 10
9.180706787109376
 20
189.4355613708496
 10
5.539126586914063
 20
189.4355613708496
  0
LWPOLYLINE
  5
1B7
330
18E
100
AcDbEntity
  8
0
 62
8
370
13
100
AcDbPolyline
 90
4
 70
1
 10
15.169912861348985
 20
161.5
 10
18.432371544287474
 20
162.1558806390464
 10
12.543165470047864
 20
191.4497648440326
 10
9.280706787109377
 20
190.7938842049862
  0
LWPOLYLINE
  5
1B8
330
18E
100
AcDbEntity
  8
0
 62
8
370
13
100
AcDbPolyline
 90
4
 70
1
 10
23.274717735693724
 20
161.5
 10
25.046791099951538
 20
161.5
 10
25.046791099951538
 20
188.09197354125976
 10
23.274717735693724
 20
188.09197354125976
  0
LWPOLYLINE
  5
1B9
330
18E
100
AcDbEntity
  8
0
 62
8
370
13
100
AcDbPolyline
 90
4
 70
1
 10
25.246791099951537
 20
161.5
 10
28.3531540149906
 20
161.5
 10
28.3531540149906
 20
184.20038348388672
 10
25.246791099951537
 20
184.20038348388672
  0
LINE
  5
1BA
330
18E
100
AcDbEntity
  8
0
 62
8
370
13
100
AcDbLine
 10
25.246791099951537
 20
180.1143144567871
 30
0.0
 11
28.3531540149906
 21
180.1143144567871
 31
0.0
  0
LWPOLYLINE
  5
1BB
330
18E
100
AcDbEntity
  8
0
 62
8
370
13
100
AcDbPolyline
 90
4
 70
1
 10
28.5531540149906
 20
161.5
 10
32.19400179331091
 20
161.5
 10
32.19400179331091
 20
186.12248141479492
 10
28.5531540149906
 20
186.12248141479492
  0
LWPOLYLINE
  5
1BC
330
18E
100
AcDbEntity
  8
0
 62
8
370
13
100
AcDbPolyline
 90
4
 70
1
 10
32.39400179331091
 20
161.5
 10
34.59765474741248
 20
161.5
 10
34.59765474741248
 20
192.89533764648436
 10
32.39400179331091
 20
192.89533764648436
  0
LWPOLYLINE
  5
1BD
330
18E
100
AcDbEntity
  8
0
 62
8
370
13
100
AcDbPolyline
 90
4
 70
1
 10
34.79765474741248
 20
161.5
 10
37.670558189795294
 20
161.5
 10
37.670558189795294
 20
188.1491474914551
 10
34.79765474741248
 20
188.1491474914551
  0
LWPOLYLINE
  5
1BE
330
18E
100
AcDbEntity
  8
0
 62
8
370
13
100
AcDbPolyline
 90
4
 70
1
 10
37.8705581897953
 20
161.5
 10
40.84728243295936
 20
161.5
 10
40.84728243295936
 20
189.40923126220704
 10
37.8705581897953
 20
189.40923126220704
  0
LWPOLYLINE
  5
1BF
330
18E
100
AcDbEntity
  8
0
 62
8
370
13
100
AcDbPolyline
 90
4
 70
1
 10
41.04728243295936
 20
161.5
 10
43.14052278940468
 20
161.5
 10
43.14052278940468
 20
186.46853427124023
 10
41.04728243295936
 20
186.46853427124023
  0
LWPOLYLINE
  5
1C0
330
18E
100
AcDbEntity
  8
0
 62
8
370
13
100
AcDbPolyline
 90
4
 70
1
 10
43.34052278940468
 20
161.5
 10
45.391099571631244
 20
161.5
 10
45.391099571631244
 20
190.68962683105468
 10
43.34052278940468
 20
190.68962683105468
  0
LWPOLYLINE
  5
1C1
330
18E
100
AcDbEntity
  8
0
 62
8
370
13
100
AcDbPolyline
 90
4
 70
1
 10
45.59109957163125
 20
161.5
 10
49.51795809213906
 20
161.5
 10
49.51795809213906
 20
185.70270425415038
 10
45.59109957163125
 20
185.70270425415038
  0
LWPOLYLINE
  5
1C2
330
18E
100
AcDbEntity
  8
0
 62
8
370
13
100
AcDbPolyline
 90
4
 70
1
 10
49.717958092139064
 20
161.5
 10
51.76816866342813
 20
161.5
 10
51.76816866342813
 20
189.03308685302736
 10
49.717958092139064
 20
189.03308685302736
  0
LWPOLYLINE
  5
1C3
330
18E
100
AcDbEntity
  8
0
 62
8
370
13
100
AcDbPolyline
 90
4
 70
1
 10
56.509099008092456
 20
161.5
 10
59.12896549443002
 20
161.91191375322268
 10
54.48803514976569
 20
191.42930126526335
 10
51.86816866342813
 20
191.01738751204067
  0
LWPOLYLINE
  5
1C4
330
18E
100
AcDbEntity
  8
0
 62
8
370
13
100
AcDbPolyline
 90
4
 70
1
 10
64.15221988896127
 20
161.5
 10
66.75284549931283
 20
161.5
 10
66.75284549931283
 20
189.061673828125
 10
64.15221988896127
 20
189.061673828125
  0
LWPOLYLINE
  5
1C5
330
18E
100
AcDbEntity
  8
0
 62
8
370
13
100
AcDbPolyline
 90
4
 70
1
 10
66.95284549931283
 20
161.5
 10
68.88678409794564
 20
161.5
 10
68.88678409794564
 20
193.07814382934572
 10
66.95284549931283
 20
193.07814382934572
  0
LINE
  5
1C6
330
18E
100
AcDbEntity
  8
0
 62
8
370
13
100
AcDbLine
 10
66.95284549931283
 20
187.39407794006348
 30
0.0
 11
68.88678409794564
 21
187.39407794006348
 31
0.0
  0
LWPOLYLINE
  5
1C7
330
18E
100
AcDbEntity
  8
0
100
AcDbPolyline
 90
4
 70
1
 10
1.9
 20
198.85
 10
72.05
 20
198.85
 10
72.05
 20
200.75
 10
1.9
 20
200.75
  0
LWPOLYLINE
  5
1C8
330
18E
100
AcDbEntity
  8
0
 62
8
370
13
100
AcDbPolyline
 90
4
 70
1
 10
2.9
 20
200.75
 10
6.67181396484375
 20
200.75
 10
6.67181396484375
 20
226.16859105682374
 10
2.9
 20
226.16859105682374
  0
LWPOLYLINE
  5
1C9
330
18E
100
AcDbEntity
  8
0
 62
8
370
13
100
AcDbPolyline
 90
4
 70
1
 10
6.87181396484375
 20
200.75
 10
8.98743896484375
 20
200.75
 10
8.98743896484375
 20
228.37054042816163
 10
6.87181396484375
 20
228.37054042816163
  0
LWPOLYLINE
  5
1CA
330
18E
100
AcDbEntity
  8
0
 62
8
370
13
100
AcDbPolyline
 90
4
 70
1
 10
13.470765686910166
 20
200.75
 10
16.065555547918684
 20
201.13481280235888
 10
11.682228825852269
 20
230.69155225121585
 10
9.08743896484375
 20
230.30673944885697
  0
LWPOLYLINE
  5
1CB
330
18E
100
AcDbEntity
  8
0
 62
8
370
13
100
AcDbPolyline
 90
4
 70
1
 10
21.591556524481184
 20
200.75
 10
25.624295782293686
 20
200.75
 10
25.624295782293686
 20
223.20532540130614
 10
21.591556524481184
 20
223.20532540130614
  0
LINE
  5
1CC
330
18E
100
AcDbEntity
  8
0
 62
8
370
13
100
AcDbLine
 10
21.591556524481184
 20
219.16336682907104
 30
0.0
 11
25.624295782293686
 21
219.16336682907104
 31
0.0
  0
LWPOLYLINE
  5
1CD
330
18E
100
AcDbEntity
  8
0
 62
8
370
13
100
AcDbPolyline
 90
4
 70
1
 10
25.824295782293685
 20
200.75
 10
29.211588262762433
 20
200.75
 10
29.211588262762433
 20
224.6971141281128
 10
25.824295782293685
 20
224.6971141281128
  0
LWPOLYLINE
  5
1CE
330
18E
100
AcDbEntity
  8
0
 62
8
370
13
100
AcDbPolyline
 90
4
 70
1
 10
29.411588262762432
 20
200.75
 10
32.02159802838743
 20
200.75
 10
32.02159802838743
 20
233.7840107650757
 10
29.411588262762432
 20
233.7840107650757
  0
LINE
  5
1CF
330
18E
100
AcDbEntity
  8
0
 62
8
370
13
100
AcDbLine
 10
29.411588262762432
 20
227.83788882736206
 30
0.0
 11
32.02159802838743
 21
227.83788882736206
 31
0.0
  0
LWPOLYLINE
  5
1D0
330
18E
100
AcDbEntity
  8
0
 62
8
370
13
100
AcDbPolyline
 90
4
 70
1
 10
32.22159802838743
 20
200.75
 10
35.938114141668684
 20
200.75
 10
35.938114141668684
 20
234.86655437469483
 10
32.22159802838743
 20
234.86655437469483
  0
LWPOLYLINE
  5
1D1
330
18E
100
AcDbEntity
  8
0
 62
8
370
13
100
AcDbPolyline
 90
4
 70
1
 10
36.13811414166869
 20
200.75
 10
38.11055066510619
 20
200.75
 10
38.11055066510619
 20
233.9149090194702
 10
36.13811414166869
 20
233.9149090194702
  0
LWPOLYLINE
  5
1D2
330
18E
100
AcDbEntity
  8
0
 62
8
370
13
100
AcDbPolyline
 90
4
 70
1
 10
38.31055066510619
 20
200.75
 10
42.20394666119994
 20
200.75
 10
42.20394666119994
 20
233.81786376190186
 10
38.31055066510619
 20
233.81786376190186
  0
LINE
  5
1D3
330
18E
100
AcDbEntity
  8
0
 62
8
370
13
100
AcDbLine
 10
38.31055066510619
 20
227.86564828475952
 30
0.0
 11
42.20394666119994
 21
227.86564828475952
 31
0.0
  0
LWPOLYLINE
  5
1D4
330
18E
100
AcDbEntity
  8
0
 62
8
370
13
100
AcDbPolyline
 90
4
 70
1
 10
48.409957775148705
 20
200.75
 10
51.5980907452718
 20
201.41554302219612
 10
45.49207963132304
 20
230.66500503906636
 10
42.303946661199944
 20
229.99946201687024
  0
LWPOLYLINE
  5
1D5
330
18E
100
AcDbEntity
  8
0
 62
8
370
13
100
AcDbPolyline
 90
4
 70
1
 10
57.3596874249593
 20
200.75
 10
59.40261955386555
 20
200.75
 10
59.40261955386555
 20
232.3358547897339
 10
57.3596874249593
 20
232.3358547897339
  0
LWPOLYLINE
  5
1D6
330
18E
100
AcDbEntity
  8
0
 62
8
370
13
100
AcDbPolyline
 90
4
 70
1
 10
59.60261955386555
 20
200.75
 10
64.15537834292805
 20
200.75
 10
64.15537834292805
 20
233.6470942001343
 10
59.60261955386555
 20
233.6470942001343
  0
LWPOLYLINE
  5
1D7
330
18E
100
AcDbEntity
  8
0
 62
8
370
13
100
AcDbPolyline
 90
4
 70
1
 10
64.35537834292805
 20
200.75
 10
66.6455028546468
 20
200.75
 10
66.6455028546468
 20
228.87983995819093
 10
64.35537834292805
 20
228.87983995819093
  0
LINE
  5
1D8
330
18E
100
AcDbEntity
  8
0
 62
8
370
13
100
AcDbLine
 10
64.35537834292805
 20
223.81646876571654
 30
0.0
 11
66.6455028546468
 21
223.81646876571654
 31
0.0
  0
LWPOLYLINE
  5
1D9
330
18E
100
AcDbEntity
  8
0
 62
8
370
13
100
AcDbPolyline
 90
4
 70
1
 10
66.8455028546468
 20
200.75
 10
70.86615715152179
 20
200.75
 10
70.86615715152179
 20
230.1670061264038
 10
66.8455028546468
 20
230.1670061264038
  0
LINE
  5
1DA
330
18E
100
AcDbEntity
  8
0
 62
8
370
13
100
AcDbLine
 10
66.8455028546468
 20
224.87194502365114
 30
0.0
 11
70.86615715152179
 21
224.87194502365114
 31
0.0
  0
LWPOLYLINE
  5
1DB
330
18E
100
AcDbEntity
  8
0
100
AcDbPolyline
 90
4
 70
1
 10
73.2
 20
8.2
 10
109.35
 20
8.2
 10
109.35
 20
79.8
 10
73.2
 20
79.8
  0
LWPOLYLINE
  5
1DC
330
18E
100
AcDbEntity
  8
0
100
AcDbPolyline
 90
4
 70
1
 10
109.65
 20
8.2
 10
145.8
 20
8.2
 10
145.8
 20
79.8
 10
109.65
 20
79.8
  0
LWPOLYLINE
  5
1DD
330
18E
100
AcDbEntity
  8
0
 62
8
370
13
100
AcDbPolyline
 90
4
 70
1
 10
106.5
 20
60.0
 10
107.7
 20
60.0
 10
107.7
 20
74.0
 10
106.5
 20
74.0
  0
LWPOLYLINE
  5
1DE
330
18E
100
AcDbEntity
  8
0
 62
8
370
13
100
AcDbPolyline
 90
4
 70
1
 10
111.3
 20
60.0
 10
112.5
 20
60.0
 10
112.5
 20
74.0
 10
111.3
 20
74.0
  0
LWPOLYLINE
  5
1DF
330
18E
100
AcDbEntity
  8
0
 62
8
370
13
100
AcDbPolyline
 90
4
 70
1
 10
74.95
 20
83.0
 10
78.70213012695312
 20
83.0
 10
78.70213012695312
 20
105.658067237854
 10
74.95
 20
105.658067237854
  0
LWPOLYLINE
  5
1E0
330
18E
100
AcDbEntity
  8
0
 62
8
370
13
100
AcDbPolyline
 90
4
 70
1
 10
78.90213012695312
 20
83.0
 10
83.1323486328125
 20
83.0
 10
83.1323486328125
 20
111.30850855255127
 10
78.90213012695312
 20
111.30850855255127
  0
LINE
  5
1E1
330
18E
100
AcDbEntity
  8
0
 62
8
370
13
100
AcDbLine
 10
78.90213012695312
 20
106.21297701309204
 30
0.0
 11
83.1323486328125
 21
106.21297701309204
 31
0.0
  0
LWPOLYLINE
  5
1E2
330
18E
100
AcDbEntity
  8
0
 62
8
370
13
100
AcDbPolyline
 90
4
 70
1
 10
88.89368279867496
 20
83.0
 10
91.66518745845326
 20
83.5348012734419
 10
86.0038532925908
 20
112.87357588081838
 10
83.2323486328125
 20
112.33877460737648
  0
LWPOLYLINE
  5
1E3
330
18E
100
AcDbEntity
  8
0
 62
8
370
13
100
AcDbPolyline
 90
4
 70
1
 10
98.21279488032826
 20
83.0
 10
102.51149483150013
 20
83.0
 10
102.51149483150013
 20
112.94398444366455
 10
98.21279488032826
 20
112.94398444366455
  0
LINE
  5
1E4
330
18E
100
AcDbEntity
  8
0
 62
8
370
13
100
AcDbLine
 10
98.21279488032826
 20
107.55406724380492
 30
0.0
 11
102.51149483150013
 21
107.55406724380492
 31
0.0
  0
LWPOLYLINE
  5
1E5
330
18E
100
AcDbEntity
  8
0
 62
8
370
13
100
AcDbPolyline
 90
4
 70
1
 10
102.71149483150013
 20
83.0
 10
106.13183784907825
 20
83.0
 10
106.13183784907825
 20
108.54384714508056
 10
102.71149483150013
 20
108.54384714508056
  0
LINE
  5
1E6
330
18E
100
AcDbEntity
  8
0
 62
8
370
13
100
AcDbLine
 10
102.71149483150013
 20
103.94595465896606
 30
0.0
 11
106.13183784907825
 21
103.94595465896606
 31
0.0
  0
LWPOLYLINE
  5
1E7
330
18E
100
AcDbEntity
  8
0
 62
8
370
13
100
AcDbPolyline
 90
4
 70
1
 10
106.33183784907825
 20
83.0
 10
109.70292549556262
 20
83.0
 10
109.70292549556262
 20
107.59822010040284
 10
106.33183784907825
 20
107.59822010040284
  0
LWPOLYLINE
  5
1E8
330
18E
100
AcDbEntity
  8
0
 62
8
370
13
100
AcDbPolyline
 90
4
 70
1
 10
109.90292549556263
 20
83.0
 10
113.44448433345325
 20
83.0
 10
113.44448433345325
 20
114.53657987213136
 10
109.90292549556263
 20
114.53657987213136
  0
LWPOLYLINE
  5
1E9
330
18E
100
AcDbEntity
  8
0
 62
8
370
13
100
AcDbPolyline
 90
4
 70
1
 10
113.64448433345325
 20
83.0
 10
116.21686592525012
 20
83.0
 10
116.21686592525012
 20
106.05602802276611
 10
113.64448433345325
 20
106.05602802276611
  0
LWPOLYLINE
  5
1EA
330
18E
100
AcDbEntity
  8
0
 62
8
370
13
100
AcDbPolyline
 90
4
 70
1
 10
116.41686592525012
 20
83.0
 10
120.77104683345324
 20
83.0
 10
120.77104683345324
 20
117.39979111480713
 10
116.41686592525012
 20
117.39979111480713
  0
LINE
  5
1EB
330
18E
100
AcDbEntity
  8
0
 62
8
370
13
100
AcDbLine
 10
116.41686592525012
 20
111.20782871414185
 30
0.0
 11
120.77104683345324
 21
111.20782871414185
 31
0.0
  0
LWPOLYLINE
  5
1EC
330
18E
100
AcDbEntity
  8
0
 62
8
370
13
100
AcDbPolyline
 90
4
 70
1
 10
120.97104683345324
 20
83.0
 10
123.99862862056261
 20
83.0
 10
123.99862862056261
 20
106.77672071075439
 10
120.97104683345324
 20
106.77672071075439
  0
LINE
  5
1ED
330
18E
100
AcDbEntity
  8
0
 62
8
370
13
100
AcDbLine
 10
120.97104683345324
 20
102.4969109828186
 30
0.0
 11
123.99862862056261
 21
102.4969109828186
 31
0.0
  0
LWPOLYLINE
  5
1EE
330
18E
100
AcDbEntity
  8
0
 62
8
370
13
100
AcDbPolyline
 90
4
 70
1
 10
131.06551864212108
 20
83.0
 10
134.10132425290436
 20
83.72789791485825
 10
127.13443423134592
 20
112.78434028875374
 10
124.09862862056264
 20
112.05644237389549
  0
LWPOLYLINE
  5
1EF
330
18E
100
AcDbEntity
  8
0
 62
8
370
13
100
AcDbPolyline
 90
4
 70
1
 10
140.24854104977936
 20
83.0
 10
143.11022928220123
 20
83.0
 10
143.11022928220123
 20
108.21961066436768
 10
140.24854104977936
 20
108.21961066436768
  0
LINE
  5
1F0
330
18E
100
AcDbEntity
  8
0
 62
8
370
13
100
AcDbLine
 10
140.24854104977936
 20
103.68008074478149
 30
0.0
 11
143.11022928220123
 21
103.68008074478149
 31
0.0
  0
LWPOLYLINE
  5
1F1
330
18E
100
AcDbEntity
  8
0
100
AcDbPolyline
 90
4
 70
1
 10
73.95
 20
120.35
 10
145.05
 20
120.35
 10
145.05
 20
122.25
 10
73.95
 20
122.25
  0
LWPOLYLINE
  5
1F2
330
18E
100
AcDbEntity
  8
0
 62
8
370
13
100
AcDbPolyline
 90
4
 70
1
 10
74.95
 20
122.25
 10
77.03481750488281
 20
122.25
 10
77.03481750488281
 20
146.09461477661134
 10
74.95
 20
146.09461477661134
  0
LWPOLYLINE
  5
1F3
330
18E
100
AcDbEntity
  8
0
 62
8
370
13
100
AcDbPolyline
 90
4
 70
1
 10
77.23481750488281
 20
122.25
 10
79.93908081054687
 20
122.25
 10
79.93908081054687
 20
150.24348760986328
 10
77.23481750488281
 20
150.24348760986328
  0
LWPOLYLINE
  5
1F4
330
18E
100
AcDbEntity
  8
0
 62
8
370
13
100
AcDbPolyline
 90
4
 70
1
 10
87.70494327147688
 20
122.25
 10
89.75211723600523
 20
122.79340046028878
 10
82.08625477507523
 20
151.67330615144547
 10
80.03908081054688
 20
151.1299056911567
  0
LWPOLYLINE
  5
1F5
330
18E
100
AcDbEntity
  8
0
 62
8
370
13
100
AcDbPolyline
 90
4
 70
1
 10
92.98337944303648
 20
122.25
 10
96.54274528776304
 20
122.25
 10
96.54274528776304
 20
148.05733630371094
 10
92.98337944303648
 20
148.05733630371094
  0
LWPOLYLINE
  5
1F6
330
18E
100
AcDbEntity
  8
0
 62
8
370
13
100
AcDbPolyline
 90
4
 70
1
 10
96.74274528776304
 20
122.25
 10
100.44401787077085
 20
122.25
 10
100.44401787077085
 20
149.04057778930664
 10
96.74274528776304
 20
149.04057778930664
  0
LWPOLYLINE
  5
1F7
330
18E
100
AcDbEntity
  8
0
 62
8
370
13
100
AcDbPolyline
 90
4
 70
1
 10
105.58770042891786
 20
122.25
 10
108.71810387325449
 20
122.78609831303095
 10
103.6744213151075
 20
152.2373404982537
 10
100.54401787077086
 20
151.70124218522275
  0
LWPOLYLINE
  5
1F8
330
18E
100
AcDbEntity
  8
0
 62
8
370
13
100
AcDbPolyline
 90
4
 70
1
 10
111.84707115841074
 20
122.25
 10
113.90149315548105
 20
122.25
 10
113.90149315548105
 20
156.5077966003418
 10
111.84707115841074
 20
156.5077966003418
  0
LWPOLYLINE
  5
1F9
330
18E
100
AcDbEntity
  8
0
 62
8
370
13
100
AcDbPolyline
 90
4
 70
1
 10
114.10149315548105
 20
122.25
 10
115.77340782833261
 20
122.25
 10
115.77340782833261
 20
151.82178955078126
 10
114.10149315548105
 20
151.82178955078126
  0
LWPOLYLINE
  5
1FA
330
18E
100
AcDbEntity
  8
0
 62
8
370
13
100
AcDbPolyline
 90
4
 70
1
 10
115.97340782833261
 20
122.25
 10
118.24426048946542
 20
122.25
 10
118.24426048946542
 20
149.48292361450194
 10
115.97340782833261
 20
149.48292361450194
  0
LINE
  5
1FB
330
18E
100
AcDbEntity
  8
0
 62
8
370
13
100
AcDbLine
 10
115.97340782833261
 20
144.5809973638916
 30
0.0
 11
118.24426048946542
 21
144.5809973638916
 31
0.0
  0
LWPOLYLINE
  5
1FC
330
18E
100
AcDbEntity
  8
0
 62
8
370
13
100
AcDbPolyline
 90
4
 70
1
 10
118.44426048946542
 20
122.25
 10
122.62362145137948
 20
122.25
 10
122.62362145137948
 20
154.6910191040039
 10
118.44426048946542
 20
154.6910191040039
  0
LINE
  5
1FD
330
18E
100
AcDbEntity
  8
0
 62
8
370
13
100
AcDbLine
 10
118.44426048946542
 20
148.8516356652832
 30
0.0
 11
122.62362145137948
 21
148.8516356652832
 31
0.0
  0
LWPOLYLINE
  5
1FE
330
18E
100
AcDbEntity
  8
0
 62
8
370
13
100
AcDbPolyline
 90
4
 70
1
 10
122.82362145137948
 20
122.25
 10
126.79918602657479
 20
122.25
 10
126.79918602657479
 20
144.9135213317871
 10
122.82362145137948
 20
144.9135213317871
  0
LWPOLYLINE
  5
1FF
330
18E
100
AcDbEntity
  8
0
 62
8
370
13
100
AcDbPolyline
 90
4
 70
1
 10
133.28870574374812
 20
122.25
 10
136.50588590065755
 20
122.95424982136213
 10
130.11636618348422
 20
152.14309080184393
 10
126.8991860265748
 20
151.43884098048179
  0
LWPOLYLINE
  5
200
330
18E
100
AcDbEntity
  8
0
100
AcDbPolyline
 90
4
 70
1
 10
73.95
 20
159.6
 10
145.05
 20
159.6
 10
145.05
 20
161.5
 10
73.95
 20
161.5
  0
LWPOLYLINE
  5
201
330
18E
100
AcDbEntity
  8
0
 62
8
370
13
100
AcDbPolyline
 90
4
 70
1
 10
74.95
 20
161.5
 10
78.3675048828125
 20
161.5
 10
78.3675048828125
 20
186.53116231536865
 10
74.95
 20
186.53116231536865
  0
LWPOLYLINE
  5
202
330
18E
100
AcDbEntity
  8
0
 62
8
370
13
100
AcDbPolyline
 90
4
 70
1
 10
78.5675048828125
 20
161.5
 10
82.74581298828124
 20
161.5
 10
82.74581298828124
 20
189.1784666671753
 10
78.5675048828125
 20
189.1784666671753
  0
LWPOLYLINE
  5
203
330
18E
100
AcDbEntity
  8
0
 62
8
370
13
100
AcDbPolyline
 90
4
 70
1
 10
89.0246431102198
 20
161.5
 10
91.97300949627062
 20
162.12315631213104
 10
85.79417937433207
 20
191.35732225412818
 10
82.84581298828125
 20
190.73416594199713
  0
LWPOLYLINE
  5
204
330
18E
100
AcDbEntity
  8
0
 62
8
370
13
100
AcDbPolyline
 90
4
 70
1
 10
95.88792648845812
 20
161.5
 10
120.88792648845812
 20
161.5
 10
120.88792648845812
 20
183.5
 10
95.88792648845812
 20
183.5
  0
LWPOLYLINE
  5
205
330
18E
100
AcDbEntity
  8
0
 62
8
370
13
100
AcDbPolyline
 90
4
 70
1
 10
103.88792648845812
 20
173.6
 10
112.88792648845812
 20
173.6
 10
112.88792648845812
 20
177.6
 10
103.88792648845812
 20
177.6
  0
LWPOLYLINE
  5
206
330
18E
100
AcDbEntity
  8
0
 62
8
370
13
100
AcDbPolyline
 90
4
 70
1
 10
122.38792648845812
 20
161.5
 10
126.80797958904405
 20
161.5
 10
126.80797958904405
 20
185.7324196624756
 10
122.38792648845812
 20
185.7324196624756
  0
LWPOLYLINE
  5
207
330
18E
100
AcDbEntity
  8
0
 62
8
370
13
100
AcDbPolyline
 90
4
 70
1
 10
127.00797958904406
 20
161.5
 10
129.97765427166124
 20
161.5
 10
129.97765427166124
 20
194.49733668518067
 10
127.00797958904406
 20
194.49733668518067
  0
LWPOLYLINE
  5
208
330
18E
100
AcDbEntity
  8
0
 62
8
370
13
100
AcDbPolyline
 90
4
 70
1
 10
130.17765427166123
 20
161.5
 10
133.40495834880966
 20
161.5
 10
133.40495834880966
 20
188.950711227417
 10
130.17765427166123
 20
188.950711227417
  0
LWPOLYLINE
  5
209
330
18E
100
AcDbEntity
  8
0
 62
8
370
13
100
AcDbPolyline
 90
4
 70
1
 10
133.60495834880965
 20
161.5
 10
135.75102463298933
 20
161.5
 10
135.75102463298933
 20
191.23992610168457
 10
133.60495834880965
 20
191.23992610168457
  0
LWPOLYLINE
  5
20A
330
18E
100
AcDbEntity
  8
0
 62
8
370
13
100
AcDbPolyline
 90
4
 70
1
 10
135.95102463298932
 20
161.5
 10
137.88011093670025
 20
161.5
 10
137.88011093670025
 20
195.7799891204834
 10
135.95102463298932
 20
195.7799891204834
  0
LWPOLYLINE
  5
20B
330
18E
100
AcDbEntity
  8
0
 62
8
370
13
100
AcDbPolyline
 90
4
 70
1
 10
138.08011093670024
 20
161.5
 10
142.10960007244242
 20
161.5
 10
142.10960007244242
 20
193.9045330963135
 10
138.08011093670024
 20
193.9045330963135
  0
LWPOLYLINE
  5
20C
330
18E
100
AcDbEntity
  8
0
100
AcDbPolyline
 90
4
 70
1
 10
73.95
 20
198.85
 10
145.05
 20
198.85
 10
145.05
 20
200.75
 10
73.95
 20
200.75
  0
LWPOLYLINE
  5
20D
330
18E
100
AcDbEntity
  8
0
 62
8
370
13
100
AcDbPolyline
 90
4
 70
1
 10
74.95
 20
200.75
 10
76.70019226074218
 20
200.75
 10
76.70019226074218
 20
226.96770985412599
 10
74.95
 20
226.96770985412599
  0
LWPOLYLINE
  5
20E
330
18E
100
AcDbEntity
  8
0
 62
8
370
13
100
AcDbPolyline
 90
4
 70
1
 10
77.16716003417969
 20
200.75
 10
96.31150817871094
 20
200.75
 10
96.31150817871094
 20
204.47968139648438
 10
77.16716003417969
 20
204.47968139648438
  0
LWPOLYLINE
  5
20F
330
18E
100
AcDbEntity
  8
0
 62
8
370
13
100
AcDbPolyline
 90
4
 70
1
 10
77.4996566772461
 20
204.47968139648438
 10
94.75648498535156
 20
204.47968139648438
 10
94.75648498535156
 20
207.51585083007814
 10
77.4996566772461
 20
207.51585083007814
  0
LWPOLYLINE
  5
210
330
18E
100
AcDbEntity
  8
0
 62
8
370
13
100
AcDbPolyline
 90
4
 70
1
 10
77.80679321289062
 20
207.51585083007814
 10
95.07170104980469
 20
207.51585083007814
 10
95.07170104980469
 20
210.23631591796877
 10
77.80679321289062
 20
210.23631591796877
  0
LWPOLYLINE
  5
211
330
18E
100
AcDbEntity
  8
0
 62
8
370
13
100
AcDbPolyline
 90
4
 70
1
 10
78.23175811767578
 20
210.23631591796877
 10
97.70100402832031
 20
210.23631591796877
 10
97.70100402832031
 20
213.91097412109377
 10
78.23175811767578
 20
213.91097412109377
  0
LWPOLYLINE
  5
212
330
18E
100
AcDbEntity
  8
0
 62
8
370
13
100
AcDbPolyline
 90
4
 70
1
 10
99.70100402832031
 20
200.75
 10
101.97808227539062
 20
200.75
 10
101.97808227539062
 20
231.4931032409668
 10
99.70100402832031
 20
231.4931032409668
  0
LWPOLYLINE
  5
213
330
18E
100
AcDbEntity
  8
0
 62
8
370
13
100
AcDbPolyline
 90
4
 70
1
 10
109.01458904770823
 20
200.75
 10
111.12865057734615
 20
201.2545536793159
 10
104.19214380502855
 20
230.31826427857683
 10
102.07808227539063
 20
229.81371059926093
  0
LWPOLYLINE
  5
214
330
18E
100
AcDbEntity
  8
0
 62
8
370
13
100
AcDbPolyline
 90
4
 70
1
 10
114.7688483312524
 20
200.75
 10
118.3873572423852
 20
200.75
 10
118.3873572423852
 20
235.25304275512696
 10
114.7688483312524
 20
235.25304275512696
  0
LWPOLYLINE
  5
215
330
18E
100
AcDbEntity
  8
0
 62
8
370
13
100
AcDbPolyline
 90
4
 70
1
 10
118.58735724238521
 20
200.75
 10
123.17687445429927
 20
200.75
 10
123.17687445429927
 20
227.3652944946289
 10
118.58735724238521
 20
227.3652944946289
  0
LWPOLYLINE
  5
216
330
18E
100
AcDbEntity
  8
0
 62
8
370
13
100
AcDbPolyline
 90
4
 70
1
 10
129.6204223952912
 20
200.75
 10
132.1383459455428
 20
201.29702701568993
 10
125.79479800455087
 20
230.49589342382876
 10
123.27687445429927
 20
229.94886640813883
  0
LWPOLYLINE
  5
217
330
18E
100
AcDbEntity
  8
0
 62
8
370
13
100
AcDbPolyline
 90
4
 70
1
 10
137.64890502757405
 20
200.75
 10
139.6716497785506
 20
200.75
 10
139.6716497785506
 20
227.29758850097656
 10
137.64890502757405
 20
227.29758850097656
  0
LWPOLYLINE
  5
218
330
18E
100
AcDbEntity
  8
0
100
AcDbPolyline
 90
4
 70
1
 10
146.2
 20
8.2
 10
182.35
 20
8.2
 10
182.35
 20
79.8
 10
146.2
 20
79.8
  0
LWPOLYLINE
  5
219
330
18E
100
AcDbEntity
  8
0
100
AcDbPolyline
 90
4
 70
1
 10
182.65
 20
8.2
 10
218.8
 20
8.2
 10
218.8
 20
79.8
 10
182.65
 20
79.8
  0
LWPOLYLINE
  5
21A
330
18E
100
AcDbEntity
  8
0
 62
8
370
13
100
AcDbPolyline
 90
4
 70
1
 10
179.5
 20
60.0
 10
180.7
 20
60.0
 10
180.7
 20
74.0
 10
179.5
 20
74.0
  0
LWPOLYLINE
  5
21B
330
18E
100
AcDbEntity
  8
0
 62
8
370
13
100
AcDbPolyline
 90
4
 70
1
 10
184.3
 20
60.0
 10
185.5
 20
60.0
 10
185.5
 20
74.0
 10
184.3
 20
74.0
  0
LWPOLYLINE
  5
21C
330
18E
100
AcDbEntity
  8
0
 62
8
370
13
100
AcDbPolyline
 90
4
 70
1
 10
147.95
 20
83.0
 10
149.68050842285155
 20
83.0
 10
149.68050842285155
 20
106.45718603515625
 10
147.95
 20
106.45718603515625
  0
LWPOLYLINE
  5
21D
330
18E
100
AcDbEntity
  8
0
 62
8
370
13
100
AcDbPolyline
 90
4
 70
1
 10
149.88050842285153
 20
83.0
 10
151.64745483398434
 20
83.0
 10
151.64745483398434
 20
111.05141384887696
 10
149.88050842285153
 20
111.05141384887696
  0
LINE
  5
21E
330
18E
100
AcDbEntity
  8
0
 62
8
370
13
100
AcDbLine
 10
149.88050842285153
 20
106.0021593560791
 30
0.0
 11
151.64745483398434
 21
106.0021593560791
 31
0.0
  0
LWPOLYLINE
  5
21F
330
18E
100
AcDbEntity
  8
0
 62
8
370
13
100
AcDbPolyline
 90
4
 70
1
 10
157.69886847356642
 20
83.0
 10
160.157007381019
 20
83.49961568522235
 10
154.20559374143693
 20
112.78092500858759
 10
151.74745483398434
 20
112.28130932336524
  0
LWPOLYLINE
  5
220
330
18E
100
AcDbEntity
  8
0
 62
8
370
13
100
AcDbPolyline
 90
4
 70
1
 10
165.77718560367526
 20
83.0
 10
168.12384392887057
 20
83.0
 10
168.12384392887057
 20
108.02269906616212
 10
165.77718560367526
 20
108.02269906616212
  0
LWPOLYLINE
  5
221
330
18E
100
AcDbEntity
  8
0
 62
8
370
13
100
AcDbPolyline
 90
4
 70
1
 10
168.32384392887056
 20
83.0
 10
193.32384392887056
 20
83.0
 10
193.32384392887056
 20
105.0
 10
168.32384392887056
 20
105.0
  0
LWPOLYLINE
  5
222
330
18E
100
AcDbEntity
  8
0
 62
8
370
13
100
AcDbPolyline
 90
4
 70
1
 10
176.32384392887056
 20
95.1
 10
185.32384392887056
 20
95.1
 10
185.32384392887056
 20
99.1
 10
176.32384392887056
 20
99.1
  0
LWPOLYLINE
  5
223
330
18E
100
AcDbEntity
  8
0
 62
8
370
13
100
AcDbPolyline
 90
4
 70
1
 10
194.82384392887056
 20
83.0
 10
198.48561150699555
 20
83.0
 10
198.48561150699555
 20
115.97382765960694
 10
194.82384392887056
 20
115.97382765960694
  0
LWPOLYLINE
  5
224
330
18E
100
AcDbEntity
  8
0
 62
8
370
13
100
AcDbPolyline
 90
4
 70
1
 10
198.68561150699554
 20
83.0
 10
201.9070104327768
 20
83.0
 10
201.9070104327768
 20
108.39000408172608
 10
198.68561150699554
 20
108.39000408172608
  0
LWPOLYLINE
  5
225
330
18E
100
AcDbEntity
  8
0
 62
8
370
13
100
AcDbPolyline
 90
4
 70
1
 10
206.86233264876864
 20
83.0
 10
208.97221921157436
 20
83.347461947634
 10
204.1168969955825
 20
112.83034250871378
 10
202.00701043277678
 20
112.48288056107978
  0
LWPOLYLINE
  5
226
330
18E
100
AcDbEntity
  8
0
100
AcDbPolyline
 90
4
 70
1
 10
146.95
 20
120.35
 10
218.05
 20
120.35
 10
218.05
 20
122.25
 10
146.95
 20
122.25
  0
LWPOLYLINE
  5
227
330
18E
100
AcDbEntity
  8
0
 62
8
370
13
100
AcDbPolyline
 90
4
 70
1
 10
147.95
 20
122.25
 10
151.01319580078123
 20
122.25
 10
151.01319580078123
 20
146.89373357391358
 10
147.95
 20
146.89373357391358
  0
LWPOLYLINE
  5
228
330
18E
100
AcDbEntity
  8
0
 62
8
370
13
100
AcDbPolyline
 90
4
 70
1
 10
151.47190093994138
 20
122.25
 10
170.8060607910156
 20
122.25
 10
170.8060607910156
 20
126.60819091796876
 10
151.47190093994138
 20
126.60819091796876
  0
LWPOLYLINE
  5
229
330
18E
100
AcDbEntity
  8
0
 62
8
370
13
100
AcDbPolyline
 90
4
 70
1
 10
152.4521331787109
 20
126.60819091796876
 10
168.68084716796872
 20
126.60819091796876
 10
168.68084716796872
 20
129.0129821777344
 10
152.4521331787109
 20
129.0129821777344
  0
LWPOLYLINE
  5
22A
330
18E
100
AcDbEntity
  8
0
 62
8
370
13
100
AcDbPolyline
 90
4
 70
1
 10
152.52773284912107
 20
129.0129821777344
 10
171.62362670898435
 20
129.0129821777344
 10
171.62362670898435
 20
131.4178649902344
 10
152.52773284912107
 20
131.4178649902344
  0
LWPOLYLINE
  5
22B
330
18E
100
AcDbEntity
  8
0
 62
8
370
13
100
AcDbPolyline
 90
4
 70
1
 10
152.70175170898435
 20
131.4178649902344
 10
168.56457519531247
 20
131.4178649902344
 10
168.56457519531247
 20
135.15084228515627
 10
152.70175170898435
 20
135.15084228515627
  0
LWPOLYLINE
  5
22C
330
18E
100
AcDbEntity
  8
0
 62
8
370
13
100
AcDbPolyline
 90
4
 70
1
 10
173.62362670898435
 20
122.25
 10
175.89498291015622
 20
122.25
 10
175.89498291015622
 20
151.76066608428954
 10
173.62362670898435
 20
151.76066608428954
  0
LWPOLYLINE
  5
22D
330
18E
100
AcDbEntity
  8
0
 62
8
370
13
100
AcDbPolyline
 90
4
 70
1
 10
182.3470314728566
 20
122.25
 10
184.3507223154228
 20
122.68591922281392
 10
177.9986737527224
 20
151.88293754758632
 10
175.9949829101562
 20
151.44701832477242
  0
LWPOLYLINE
  5
22E
330
18E
100
AcDbEntity
  8
0
 62
8
370
13
100
AcDbPolyline
 90
4
 70
1
 10
189.7747945810478
 20
122.25
 10
192.24353847753216
 20
122.25
 10
192.24353847753216
 20
144.87421424102783
 10
189.7747945810478
 20
144.87421424102783
  0
LWPOLYLINE
  5
22F
330
18E
100
AcDbEntity
  8
0
 62
8
370
13
100
AcDbPolyline
 90
4
 70
1
 10
192.44353847753214
 20
122.25
 10
194.14525356542276
 20
122.25
 10
194.14525356542276
 20
151.04223026275633
 10
192.44353847753214
 20
151.04223026275633
  0
LINE
  5
230
330
18E
100
AcDbEntity
  8
0
 62
8
370
13
100
AcDbLine
 10
192.44353847753214
 20
145.8596288154602
 30
0.0
 11
194.14525356542276
 21
145.8596288154602
 31
0.0
  0
LWPOLYLINE
  5
231
330
18E
100
AcDbEntity
  8
0
 62
8
370
13
100
AcDbPolyline
 90
4
 70
1
 10
194.34525356542275
 20
122.25
 10
197.14029140721962
 20
122.25
 10
197.14029140721962
 20
154.1168346633911
 10
194.34525356542275
 20
154.1168346633911
  0
LWPOLYLINE
  5
232
330
18E
100
AcDbEntity
  8
0
 62
8
370
13
100
AcDbPolyline
 90
4
 70
1
 10
203.8068670252454
 20
122.25
 10
206.53858175385017
 20
122.86537931552829
 10
199.9720061358244
 20
152.0148987738787
 10
197.24029140721962
 20
151.39951945835043
  0
LWPOLYLINE
  5
233
330
18E
100
AcDbEntity
  8
0
 62
8
370
13
100
AcDbPolyline
 90
4
 70
1
 10
211.26245870697517
 20
122.25
 10
215.63769674408454
 20
122.25
 10
215.63769674408454
 20
153.2968398513794
 10
211.26245870697517
 20
153.2968398513794
  0
LWPOLYLINE
  5
234
330
18E
100
AcDbEntity
  8
0
100
AcDbPolyline
 90
4
 70
1
 10
146.95
 20
159.6
 10
218.05
 20
159.6
 10
218.05
 20
161.5
 10
146.95
 20
161.5
  0
LWPOLYLINE
  5
235
330
18E
100
AcDbEntity
  8
0
 62
8
370
13
100
AcDbPolyline
 90
4
 70
1
 10
149.33262939453124
 20
161.5
 10
166.61497802734374
 20
161.5
 10
166.61497802734374
 20
165.32367553710938
 10
149.33262939453124
 20
165.32367553710938
  0
LWPOLYLINE
  5
236
330
18E
100
AcDbEntity
  8
0
 62
8
370
13
100
AcDbPolyline
 90
4
 70
1
 10
149.20882720947264
 20
165.32367553710938
 10
165.18007202148436
 20
165.32367553710938
 10
165.18007202148436
 20
168.53684692382814
 10
149.20882720947264
 20
168.53684692382814
  0
LWPOLYLINE
  5
237
330
18E
100
AcDbEntity
  8
0
 62
8
370
13
100
AcDbPolyline
 90
4
 70
1
 10
148.79306335449218
 20
168.53684692382814
 10
165.9552490234375
 20
168.53684692382814
 10
165.9552490234375
 20
172.23997802734377
 10
148.79306335449218
 20
172.23997802734377
  0
LWPOLYLINE
  5
238
330
18E
100
AcDbEntity
  8
0
 62
8
370
13
100
AcDbPolyline
 90
4
 70
1
 10
149.08399505615233
 20
172.23997802734377
 10
170.9312316894531
 20
172.23997802734377
 10
170.9312316894531
 20
176.12874755859377
 10
149.08399505615233
 20
176.12874755859377
  0
LWPOLYLINE
  5
239
330
18E
100
AcDbEntity
  8
0
 62
8
370
13
100
AcDbPolyline
 90
4
 70
1
 10
148.4362365722656
 20
176.12874755859377
 10
168.19444580078124
 20
176.12874755859377
 10
168.19444580078124
 20
179.61709594726565
 10
148.4362365722656
 20
179.61709594726565
  0
LWPOLYLINE
  5
23A
330
18E
100
AcDbEntity
  8
0
 62
8
370
13
100
AcDbPolyline
 90
4
 70
1
 10
177.4312316894531
 20
161.5
 10
187.4312316894531
 20
161.5
 10
188.9312316894531
 20
170.5
 10
175.9312316894531
 20
170.5
  0
LWPOLYLINE
  5
23B
330
18E
100
AcDbEntity
  8
0
 62
8
370
13
100
AcDbPolyline
 90
4
 70
1
 10
175.4312316894531
 20
170.5
 10
189.4312316894531
 20
170.5
 10
189.4312316894531
 20
172.5
 10
175.4312316894531
 20
172.5
  0
LWPOLYLINE
  5
23C
330
18E
100
AcDbEntity
  8
0
 62
8
370
13
100
AcDbPolyline
 90
2
 70
1
 10
182.4312316894531
 20
172.5
 42
0.32
 10
189.1298924028777
 20
177.36686188898167
 42
0.32
  0
LWPOLYLINE
  5
23D
330
18E
100
AcDbEntity
  8
0
 62
8
370
13
100
AcDbPolyline
 90
2
 70
1
 10
182.4312316894531
 20
172.5
 42
0.32
 10
189.2025177958624
 20
181.8198757751994
 42
0.32
  0
LWPOLYLINE
  5
23E
330
18E
100
AcDbEntity
  8
0
 62
8
370
13
100
AcDbPolyline
 90
2
 70
1
 10
182.4312316894531
 20
172.5
 42
0.32
 10
186.99232252642733
 20
186.53759418051646
 42
0.32
  0
LWPOLYLINE
  5
23F
330
18E
100
AcDbEntity
  8
0
 62
8
370
13
100
AcDbPolyline
 90
2
 70
1
 10
182.4312316894531
 20
172.5
 42
0.32
 10
182.4312316894531
 20
190.5
 42
0.32
  0
LWPOLYLINE
  5
240
330
18E
100
AcDbEntity
  8
0
 62
8
370
13
100
AcDbPolyline
 90
2
 70
1
 10
182.4312316894531
 20
172.5
 42
0.32
 10
177.8701408524789
 20
186.53759418051646
 42
0.32
  0
LWPOLYLINE
  5
241
330
18E
100
AcDbEntity
  8
0
 62
8
370
13
100
AcDbPolyline
 90
2
 70
1
 10
182.4312316894531
 20
172.5
 42
0.32
 10
175.65994558304382
 20
181.8198757751994
 42
0.32
  0
LWPOLYLINE
  5
242
330
18E
100
AcDbEntity
  8
0
 62
8
370
13
100
AcDbPolyline
 90
2
 70
1
 10
182.4312316894531
 20
172.5
 42
0.32
 10
175.73257097602854
 20
177.36686188898167
 42
0.32
  0
LWPOLYLINE
  5
243
330
18E
100
AcDbEntity
  8
0
 62
8
370
13
100
AcDbPolyline
 90
4
 70
1
 10
191.9312316894531
 20
161.5
 10
195.30273132324217
 20
161.5
 10
195.30273132324217
 20
187.9618275756836
 10
191.9312316894531
 20
187.9618275756836
  0
LINE
  5
244
330
18E
100
AcDbEntity
  8
0
 62
8
370
13
100
AcDbLine
 10
191.9312316894531
 20
183.19869861206055
 30
0.0
 11
195.30273132324217
 21
183.19869861206055
 31
0.0
  0
LWPOLYLINE
  5
245
330
18E
100
AcDbEntity
  8
0
 62
8
370
13
100
AcDbPolyline
 90
4
 70
1
 10
195.50273132324216
 20
161.5
 10
200.08840332031247
 20
161.5
 10
200.08840332031247
 20
195.3726247253418
 10
195.50273132324216
 20
195.3726247253418
  0
LINE
  5
246
330
18E
100
AcDbEntity
  8
0
 62
8
370
13
100
AcDbLine
 10
195.50273132324216
 20
189.27555227478027
 30
0.0
 11
200.08840332031247
 21
189.27555227478027
 31
0.0
  0
LWPOLYLINE
  5
247
330
18E
100
AcDbEntity
  8
0
 62
8
370
13
100
AcDbPolyline
 90
4
 70
1
 10
200.28840332031245
 20
161.5
 10
202.991567993164
 20
161.5
 10
202.991567993164
 20
184.52386767578125
 10
200.28840332031245
 20
184.52386767578125
  0
LINE
  5
248
330
18E
100
AcDbEntity
  8
0
 62
8
370
13
100
AcDbLine
 10
200.28840332031245
 20
180.37957149414063
 30
0.0
 11
202.991567993164
 21
180.37957149414063
 31
0.0
  0
LWPOLYLINE
  5
249
330
18E
100
AcDbEntity
  8
0
 62
8
370
13
100
AcDbPolyline
 90
4
 70
1
 10
203.191567993164
 20
161.5
 10
204.9936706542968
 20
161.5
 10
204.9936706542968
 20
188.34775173950194
 10
203.191567993164
 20
188.34775173950194
  0
LWPOLYLINE
  5
24A
330
18E
100
AcDbEntity
  8
0
 62
8
370
13
100
AcDbPolyline
 90
4
 70
1
 10
205.1936706542968
 20
161.5
 10
207.40428161621085
 20
161.5
 10
207.40428161621085
 20
187.3930972290039
 10
205.1936706542968
 20
187.3930972290039
  0
LWPOLYLINE
  5
24B
330
18E
100
AcDbEntity
  8
0
 62
8
370
13
100
AcDbPolyline
 90
4
 70
1
 10
207.60428161621084
 20
161.5
 10
211.11109619140615
 20
161.5
 10
211.11109619140615
 20
196.10384945678712
 10
207.60428161621084
 20
196.10384945678712
  0
LWPOLYLINE
  5
24C
330
18E
100
AcDbEntity
  8
0
 62
8
370
13
100
AcDbPolyline
 90
4
 70
1
 10
211.31109619140614
 20
161.5
 10
215.8299346923827
 20
161.5
 10
215.8299346923827
 20
188.86607873535155
 10
211.31109619140614
 20
188.86607873535155
  0
LWPOLYLINE
  5
24D
330
18E
100
AcDbEntity
  8
0
100
AcDbPolyline
 90
4
 70
1
 10
146.95
 20
198.85
 10
218.05
 20
198.85
 10
218.05
 20
200.75
 10
146.95
 20
200.75
  0
LWPOLYLINE
  5
24E
330
18E
100
AcDbEntity
  8
0
 62
8
370
13
100
AcDbPolyline
 90
4
 70
1
 10
147.95
 20
200.75
 10
150.6785705566406
 20
200.75
 10
150.6785705566406
 20
227.76682865142823
 10
147.95
 20
227.76682865142823
  0
LWPOLYLINE
  5
24F
330
18E
100
AcDbEntity
  8
0
 62
8
370
13
100
AcDbPolyline
 90
4
 70
1
 10
150.8785705566406
 20
200.75
 10
154.06765136718747
 20
200.75
 10
154.06765136718747
 20
227.85635102081298
 10
150.8785705566406
 20
227.85635102081298
  0
LWPOLYLINE
  5
250
330
18E
100
AcDbEntity
  8
0
 62
8
370
13
100
AcDbPolyline
 90
4
 70
1
 10
155.64819793701167
 20
200.75
 10
171.99778442382808
 20
200.75
 10
171.99778442382808
 20
203.4855712890625
 10
155.64819793701167
 20
203.4855712890625
  0
LWPOLYLINE
  5
251
330
18E
100
AcDbEntity
  8
0
 62
8
370
13
100
AcDbPolyline
 90
4
 70
1
 10
154.31232910156245
 20
203.4855712890625
 10
174.3249633789062
 20
203.4855712890625
 10
174.3249633789062
 20
206.2958190917969
 10
154.31232910156245
 20
206.2958190917969
  0
LWPOLYLINE
  5
252
330
18E
100
AcDbEntity
  8
0
 62
8
370
13
100
AcDbPolyline
 90
4
 70
1
 10
155.75371246337886
 20
206.2958190917969
 10
177.15861206054683
 20
206.2958190917969
 10
177.15861206054683
 20
209.05513305664064
 10
155.75371246337886
 20
209.05513305664064
  0
LWPOLYLINE
  5
253
330
18E
100
AcDbEntity
  8
0
 62
8
370
13
100
AcDbPolyline
 90
4
 70
1
 10
179.15861206054683
 20
200.75
 10
181.00273742675776
 20
200.75
 10
181.00273742675776
 20
232.80321421813966
 10
179.15861206054683
 20
232.80321421813966
  0
LWPOLYLINE
  5
254
330
18E
100
AcDbEntity
  8
0
 62
8
370
13
100
AcDbPolyline
 90
4
 70
1
 10
181.20273742675775
 20
200.75
 10
184.91289062499993
 20
200.75
 10
184.91289062499993
 20
230.73517225646972
 10
181.20273742675775
 20
230.73517225646972
  0
LWPOLYLINE
  5
255
330
18E
100
AcDbEntity
  8
0
 62
8
370
13
100
AcDbPolyline
 90
4
 70
1
 10
185.11289062499992
 20
200.75
 10
186.95957946777335
 20
200.75
 10
186.95957946777335
 20
232.07349406433104
 10
185.11289062499992
 20
232.07349406433104
  0
LWPOLYLINE
  5
256
330
18E
100
AcDbEntity
  8
0
 62
8
370
13
100
AcDbPolyline
 90
4
 70
1
 10
187.17267150878897
 20
200.75
 10
209.5895721435546
 20
200.75
 10
209.5895721435546
 20
204.33405151367188
 10
187.17267150878897
 20
204.33405151367188
  0
LWPOLYLINE
  5
257
330
18E
100
AcDbEntity
  8
0
 62
8
370
13
100
AcDbPolyline
 90
4
 70
1
 10
187.95304412841787
 20
204.33405151367188
 10
208.94714660644522
 20
204.33405151367188
 10
208.94714660644522
 20
208.14793090820314
 10
187.95304412841787
 20
208.14793090820314
  0
LWPOLYLINE
  5
258
330
18E
100
AcDbEntity
  8
0
 62
8
370
13
100
AcDbPolyline
 90
4
 70
1
 10
187.7983886718749
 20
208.14793090820314
 10
207.70816345214834
 20
208.14793090820314
 10
207.70816345214834
 20
211.25499267578127
 10
187.7983886718749
 20
211.25499267578127
  0
LWPOLYLINE
  5
259
330
18E
100
AcDbEntity
  8
0
 62
8
370
13
100
AcDbPolyline
 90
4
 70
1
 10
211.5895721435546
 20
200.75
 10
213.25201110839834
 20
200.75
 10
213.25201110839834
 20
224.43531761932374
 10
211.5895721435546
 20
224.43531761932374
  0
LINE
  5
25A
330
18E
100
AcDbEntity
  8
0
 62
8
370
13
100
AcDbLine
 10
211.5895721435546
 20
220.17196044784546
 30
0.0
 11
213.25201110839834
 21
220.17196044784546
 31
0.0
  0
LWPOLYLINE
  5
25B
330
18E
100
AcDbEntity
  8
0
 62
8
370
13
100
AcDbPolyline
 90
4
 70
1
 10
213.45201110839832
 20
200.75
 10
215.70826110839832
 20
200.75
 10
215.70826110839832
 20
223.55589199066162
 10
213.45201110839832
 20
223.55589199066162
  0
LWPOLYLINE
  5
25C
330
18E
100
AcDbEntity
  8
0
100
AcDbPolyline
 90
4
 70
1
 10
219.2
 20
8.2
 10
255.35
 20
8.2
 10
255.35
 20
79.8
 10
219.2
 20
79.8
  0
LWPOLYLINE
  5
25D
330
18E
100
AcDbEntity
  8
0
100
AcDbPolyline
 90
4
 70
1
 10
255.65
 20
8.2
 10
291.8
 20
8.2
 10
291.8
 20
79.8
 10
255.65
 20
79.8
  0
LWPOLYLINE
  5
25E
330
18E
100
AcDbEntity
  8
0
 62
8
370
13
100
AcDbPolyline
 90
4
 70
1
 10
252.5
 20
60.0
 10
253.7
 20
60.0
 10
253.7
 20
74.0
 10
252.5
 20
74.0
  0
LWPOLYLINE
  5
25F
330
18E
100
AcDbEntity
  8
0
 62
8
370
13
100
AcDbPolyline
 90
4
 70
1
 10
257.3
 20
60.0
 10
258.5
 20
60.0
 10
258.5
 20
74.0
 10
257.3
 20
74.0
  0
LWPOLYLINE
  5
260
330
18E
100
AcDbEntity
  8
0
 62
8
370
13
100
AcDbPolyline
 90
4
 70
1
 10
220.95
 20
83.0
 10
223.65888671874998
 20
83.0
 10
223.65888671874998
 20
107.2563048324585
 10
220.95
 20
107.2563048324585
  0
LINE
  5
261
330
18E
100
AcDbEntity
  8
0
 62
8
370
13
100
AcDbLine
 10
220.95
 20
102.89016996261597
 30
0.0
 11
223.65888671874998
 21
102.89016996261597
 31
0.0
  0
LWPOLYLINE
  5
262
330
18E
100
AcDbEntity
  8
0
 62
8
370
13
100
AcDbPolyline
 90
4
 70
1
 10
223.85888671874997
 20
83.0
 10
226.16256103515622
 20
83.0
 10
226.16256103515622
 20
110.79431914520264
 10
223.85888671874997
 20
110.79431914520264
  0
LINE
  5
263
330
18E
100
AcDbEntity
  8
0
 62
8
370
13
100
AcDbLine
 10
223.85888671874997
 20
105.79134169906615
 30
0.0
 11
226.16256103515622
 21
105.79134169906615
 31
0.0
  0
LWPOLYLINE
  5
264
330
18E
100
AcDbEntity
  8
0
 62
8
370
13
100
AcDbPolyline
 90
4
 70
1
 10
226.53886871337886
 20
83.0
 10
244.84067993164058
 20
83.0
 10
244.84067993164058
 20
86.24637451171876
 10
226.53886871337886
 20
86.24637451171876
  0
LWPOLYLINE
  5
265
330
18E
100
AcDbEntity
  8
0
 62
8
370
13
100
AcDbPolyline
 90
4
 70
1
 10
227.8164642333984
 20
86.24637451171876
 10
246.9517944335937
 20
86.24637451171876
 10
246.9517944335937
 20
90.27177124023439
 10
227.8164642333984
 20
90.27177124023439
  0
LWPOLYLINE
  5
266
330
18E
100
AcDbEntity
  8
0
 62
8
370
13
100
AcDbPolyline
 90
4
 70
1
 10
226.54294281005855
 20
90.27177124023439
 10
245.48246459960933
 20
90.27177124023439
 10
245.48246459960933
 20
93.05311889648439
 10
226.54294281005855
 20
93.05311889648439
  0
LWPOLYLINE
  5
267
330
18E
100
AcDbEntity
  8
0
 62
8
370
13
100
AcDbPolyline
 90
4
 70
1
 10
226.41666870117183
 20
93.05311889648439
 10
246.89411621093745
 20
93.05311889648439
 10
246.89411621093745
 20
95.91060791015627
 10
226.41666870117183
 20
95.91060791015627
  0
LWPOLYLINE
  5
268
330
18E
100
AcDbEntity
  8
0
 62
8
370
13
100
AcDbPolyline
 90
4
 70
1
 10
248.9517944335937
 20
83.0
 10
253.03589477539057
 20
83.0
 10
253.03589477539057
 20
115.92605731964112
 10
248.9517944335937
 20
115.92605731964112
  0
LWPOLYLINE
  5
269
330
18E
100
AcDbEntity
  8
0
 62
8
370
13
100
AcDbPolyline
 90
4
 70
1
 10
253.23589477539056
 20
83.0
 10
257.7892944335937
 20
83.0
 10
257.7892944335937
 20
106.47053916168213
 10
253.23589477539056
 20
106.47053916168213
  0
LWPOLYLINE
  5
26A
330
18E
100
AcDbEntity
  8
0
 62
8
370
13
100
AcDbPolyline
 90
4
 70
1
 10
257.98929443359367
 20
83.0
 10
259.90359497070307
 20
83.0
 10
259.90359497070307
 20
112.0246875076294
 10
257.98929443359367
 20
112.0246875076294
  0
LINE
  5
26B
330
18E
100
AcDbEntity
  8
0
 62
8
370
13
100
AcDbLine
 10
257.98929443359367
 20
106.8002437562561
 30
0.0
 11
259.90359497070307
 21
106.8002437562561
 31
0.0
  0
LWPOLYLINE
  5
26C
330
18E
100
AcDbEntity
  8
0
 62
8
370
13
100
AcDbPolyline
 90
4
 70
1
 10
260.10359497070306
 20
83.0
 10
264.6610229492187
 20
83.0
 10
264.6610229492187
 20
112.36697891998291
 10
260.10359497070306
 20
112.36697891998291
  0
LWPOLYLINE
  5
26D
330
18E
100
AcDbEntity
  8
0
 62
8
370
13
100
AcDbPolyline
 90
4
 70
1
 10
264.8610229492187
 20
83.0
 10
266.9844299316406
 20
83.0
 10
266.9844299316406
 20
108.84551496124269
 10
264.8610229492187
 20
108.84551496124269
  0
LINE
  5
26E
330
18E
100
AcDbEntity
  8
0
 62
8
370
13
100
AcDbLine
 10
264.8610229492187
 20
104.19332226821899
 30
0.0
 11
266.9844299316406
 21
104.19332226821899
 31
0.0
  0
LWPOLYLINE
  5
26F
330
18E
100
AcDbEntity
  8
0
 62
8
370
13
100
AcDbPolyline
 90
4
 70
1
 10
274.65374251747306
 20
83.0
 10
277.2291833795769
 20
83.67441872760187
 10
269.6598707937444
 20
112.57977994274599
 10
267.08442993164056
 20
111.90536121514411
  0
LWPOLYLINE
  5
270
330
18E
100
AcDbEntity
  8
0
 62
8
370
13
100
AcDbPolyline
 90
4
 70
1
 10
282.4091150202019
 20
83.0
 10
285.2455346979363
 20
83.0
 10
285.2455346979363
 20
117.17335218048096
 10
282.4091150202019
 20
117.17335218048096
  0
LWPOLYLINE
  5
271
330
18E
100
AcDbEntity
  8
0
 62
8
370
13
100
AcDbPolyline
 90
4
 70
1
 10
285.4455346979363
 20
83.0
 10
287.96023806707694
 20
83.0
 10
287.96023806707694
 20
116.31198148345948
 10
285.4455346979363
 20
116.31198148345948
  0
LINE
  5
272
330
18E
100
AcDbEntity
  8
0
 62
8
370
13
100
AcDbLine
 10
285.4455346979363
 20
110.31582481643677
 30
0.0
 11
287.96023806707694
 21
110.31582481643677
 31
0.0
  0
LWPOLYLINE
  5
273
330
18E
100
AcDbEntity
  8
0
100
AcDbPolyline
 90
4
 70
1
 10
219.95
 20
120.35
 10
290.1
 20
120.35
 10
290.1
 20
122.25
 10
219.95
 20
122.25
  0
LWPOLYLINE
  5
274
330
18E
100
AcDbEntity
  8
0
 62
8
370
13
100
AcDbPolyline
 90
4
 70
1
 10
220.95
 20
122.25
 10
224.99157409667967
 20
122.25
 10
224.99157409667967
 20
147.69285237121582
 10
220.95
 20
147.69285237121582
  0
LINE
  5
275
330
18E
100
AcDbEntity
  8
0
 62
8
370
13
100
AcDbLine
 10
220.95
 20
143.11313894439698
 30
0.0
 11
224.99157409667967
 21
143.11313894439698
 31
0.0
  0
LWPOLYLINE
  5
276
330
18E
100
AcDbEntity
  8
0
 62
8
370
13
100
AcDbPolyline
 90
4
 70
1
 10
225.19157409667966
 20
122.25
 10
228.9692932128906
 20
122.25
 10
228.9692932128906
 20
149.72929820251466
 10
225.19157409667966
 20
149.72929820251466
  0
LINE
  5
277
330
18E
100
AcDbEntity
  8
0
 62
8
370
13
100
AcDbLine
 10
225.19157409667966
 20
144.783024526062
 30
0.0
 11
228.9692932128906
 21
144.783024526062
 31
0.0
  0
LWPOLYLINE
  5
278
330
18E
100
AcDbEntity
  8
0
 62
8
370
13
100
AcDbPolyline
 90
4
 70
1
 10
229.60957031249995
 20
122.25
 10
251.00529174804683
 20
122.25
 10
251.00529174804683
 20
125.83820190429688
 10
229.60957031249995
 20
125.83820190429688
  0
LWPOLYLINE
  5
279
330
18E
100
AcDbEntity
  8
0
 62
8
370
13
100
AcDbPolyline
 90
4
 70
1
 10
229.85161285400386
 20
125.83820190429688
 10
248.27985839843745
 20
125.83820190429688
 10
248.27985839843745
 20
129.19236450195314
 10
229.85161285400386
 20
129.19236450195314
  0
LWPOLYLINE
  5
27A
330
18E
100
AcDbEntity
  8
0
 62
8
370
13
100
AcDbPolyline
 90
4
 70
1
 10
229.5014007568359
 20
129.19236450195314
 10
246.23521118164058
 20
129.19236450195314
 10
246.23521118164058
 20
132.16099853515627
 10
229.5014007568359
 20
132.16099853515627
  0
LWPOLYLINE
  5
27B
330
18E
100
AcDbEntity
  8
0
 62
8
370
13
100
AcDbPolyline
 90
4
 70
1
 10
253.00529174804683
 20
122.25
 10
257.5494445800781
 20
122.25
 10
257.5494445800781
 20
153.1949047164917
 10
253.00529174804683
 20
153.1949047164917
  0
LWPOLYLINE
  5
27C
330
18E
100
AcDbEntity
  8
0
 62
8
370
13
100
AcDbPolyline
 90
4
 70
1
 10
264.02982465593146
 20
122.25
 10
265.8829735054235
 20
122.65505151363395
 10
259.5025934295701
 20
151.84589168803888
 10
257.64944458007807
 20
151.44084017440494
  0
LWPOLYLINE
  5
27D
330
18E
100
AcDbEntity
  8
0
 62
8
370
13
100
AcDbPolyline
 90
4
 70
1
 10
272.352089716361
 20
122.25
 10
274.30749743120475
 20
122.25
 10
274.30749743120475
 20
152.33880004119874
 10
272.352089716361
 20
152.33880004119874
  0
LINE
  5
27E
330
18E
100
AcDbEntity
  8
0
 62
8
370
13
100
AcDbLine
 10
272.352089716361
 20
146.92281603378296
 30
0.0
 11
274.30749743120475
 21
146.92281603378296
 31
0.0
  0
LWPOLYLINE
  5
27F
330
18E
100
AcDbEntity
  8
0
 62
8
370
13
100
AcDbPolyline
 90
4
 70
1
 10
279.9175864995348
 20
122.25
 10
282.2593656015563
 20
122.68937642043232
 10
276.7492765332262
 20
152.05693196152342
 10
274.4074974312047
 20
151.6175555410911
  0
LWPOLYLINE
  5
280
330
18E
100
AcDbEntity
  8
0
 62
8
370
13
100
AcDbPolyline
 90
4
 70
1
 10
285.7338529062438
 20
122.25
 10
287.57317175390006
 20
122.25
 10
287.57317175390006
 20
144.88662700653077
 10
285.7338529062438
 20
144.88662700653077
  0
LWPOLYLINE
  5
281
330
18E
100
AcDbEntity
  8
0
100
AcDbPolyline
 90
4
 70
1
 10
219.95
 20
159.6
 10
290.1
 20
159.6
 10
290.1
 20
161.5
 10
219.95
 20
161.5
  0
LWPOLYLINE
  5
282
330
18E
100
AcDbEntity
  8
0
 62
8
370
13
100
AcDbPolyline
 90
4
 70
1
 10
220.95
 20
161.5
 10
223.32426147460936
 20
161.5
 10
223.32426147460936
 20
188.12939990997313
 10
220.95
 20
188.12939990997313
  0
LINE
  5
283
330
18E
100
AcDbEntity
  8
0
 62
8
370
13
100
AcDbLine
 10
220.95
 20
183.336107926178
 30
0.0
 11
223.32426147460936
 21
183.336107926178
 31
0.0
  0
LWPOLYLINE
  5
284
330
18E
100
AcDbEntity
  8
0
 62
8
370
13
100
AcDbPolyline
 90
4
 70
1
 10
223.52426147460935
 20
161.5
 10
225.77602539062497
 20
161.5
 10
225.77602539062497
 20
188.66427725982666
 10
223.52426147460935
 20
188.66427725982666
  0
LWPOLYLINE
  5
285
330
18E
100
AcDbEntity
  8
0
 62
8
370
13
100
AcDbPolyline
 90
4
 70
1
 10
226.68027191162105
 20
161.5
 10
245.16990356445308
 20
161.5
 10
245.16990356445308
 20
165.430029296875
 10
226.68027191162105
 20
165.430029296875
  0
LWPOLYLINE
  5
286
330
18E
100
AcDbEntity
  8
0
 62
8
370
13
100
AcDbPolyline
 90
4
 70
1
 10
227.38676147460933
 20
165.430029296875
 10
243.6079223632812
 20
165.430029296875
 10
243.6079223632812
 20
168.1129577636719
 10
227.38676147460933
 20
168.1129577636719
  0
LWPOLYLINE
  5
287
330
18E
100
AcDbEntity
  8
0
 62
8
370
13
100
AcDbPolyline
 90
4
 70
1
 10
226.45985870361324
 20
168.1129577636719
 10
246.98795776367183
 20
168.1129577636719
 10
246.98795776367183
 20
171.26887817382814
 10
226.45985870361324
 20
171.26887817382814
  0
LWPOLYLINE
  5
288
330
18E
100
AcDbEntity
  8
0
 62
8
370
13
100
AcDbPolyline
 90
4
 70
1
 10
226.49929504394527
 20
171.26887817382814
 10
244.90815429687495
 20
171.26887817382814
 10
244.90815429687495
 20
175.13692626953127
 10
226.49929504394527
 20
175.13692626953127
  0
LWPOLYLINE
  5
289
330
18E
100
AcDbEntity
  8
0
 62
8
370
13
100
AcDbPolyline
 90
4
 70
1
 10
226.57599334716792
 20
175.13692626953127
 10
244.58579711914058
 20
175.13692626953127
 10
244.58579711914058
 20
178.69989013671878
 10
226.57599334716792
 20
178.69989013671878
  0
LWPOLYLINE
  5
28A
330
18E
100
AcDbEntity
  8
0
 62
8
370
13
100
AcDbPolyline
 90
4
 70
1
 10
248.98795776367183
 20
161.5
 10
250.8521331787109
 20
161.5
 10
250.8521331787109
 20
185.64477801513672
 10
248.98795776367183
 20
185.64477801513672
  0
LINE
  5
28B
330
18E
100
AcDbEntity
  8
0
 62
8
370
13
100
AcDbLine
 10
248.98795776367183
 20
181.2987179724121
 30
0.0
 11
250.8521331787109
 21
181.2987179724121
 31
0.0
  0
LWPOLYLINE
  5
28C
330
18E
100
AcDbEntity
  8
0
 62
8
370
13
100
AcDbPolyline
 90
4
 70
1
 10
251.05213317871087
 20
161.5
 10
254.57579345703118
 20
161.5
 10
254.57579345703118
 20
186.02618844604493
 10
251.05213317871087
 20
186.02618844604493
  0
LINE
  5
28D
330
18E
100
AcDbEntity
  8
0
 62
8
370
13
100
AcDbLine
 10
251.05213317871087
 20
181.61147452575685
 30
0.0
 11
254.57579345703118
 21
181.61147452575685
 31
0.0
  0
LWPOLYLINE
  5
28E
330
18E
100
AcDbEntity
  8
0
 62
8
370
13
100
AcDbPolyline
 90
4
 70
1
 10
254.77579345703117
 20
161.5
 10
257.98725891113276
 20
161.5
 10
257.98725891113276
 20
191.25835717773438
 10
254.77579345703117
 20
191.25835717773438
  0
LWPOLYLINE
  5
28F
330
18E
100
AcDbEntity
  8
0
 62
8
370
13
100
AcDbPolyline
 90
4
 70
1
 10
258.18725891113274
 20
161.5
 10
260.1929748535156
 20
161.5
 10
260.1929748535156
 20
184.97147952270507
 10
258.18725891113274
 20
184.97147952270507
  0
LINE
  5
290
330
18E
100
AcDbEntity
  8
0
 62
8
370
13
100
AcDbLine
 10
258.18725891113274
 20
180.74661320861816
 30
0.0
 11
260.1929748535156
 21
180.74661320861816
 31
0.0
  0
LWPOLYLINE
  5
291
330
18E
100
AcDbEntity
  8
0
 62
8
370
13
100
AcDbPolyline
 90
4
 70
1
 10
264.89297485351557
 20
161.5
 10
274.89297485351557
 20
161.5
 10
276.39297485351557
 20
170.5
 10
263.39297485351557
 20
170.5
  0
LWPOLYLINE
  5
292
330
18E
100
AcDbEntity
  8
0
 62
8
370
13
100
AcDbPolyline
 90
4
 70
1
 10
262.89297485351557
 20
170.5
 10
276.89297485351557
 20
170.5
 10
276.89297485351557
 20
172.5
 10
262.89297485351557
 20
172.5
  0
LWPOLYLINE
  5
293
330
18E
100
AcDbEntity
  8
0
 62
8
370
13
100
AcDbPolyline
 90
2
 70
1
 10
269.89297485351557
 20
172.5
 42
0.32
 10
276.5916355669401
 20
177.36686188898167
 42
0.32
  0
LWPOLYLINE
  5
294
330
18E
100
AcDbEntity
  8
0
 62
8
370
13
100
AcDbPolyline
 90
2
 70
1
 10
269.89297485351557
 20
172.5
 42
0.32
 10
276.66426095992483
 20
181.8198757751994
 42
0.32
  0
LWPOLYLINE
  5
295
330
18E
100
AcDbEntity
  8
0
 62
8
370
13
100
AcDbPolyline
 90
2
 70
1
 10
269.89297485351557
 20
172.5
 42
0.32
 10
274.4540656904898
 20
186.53759418051646
 42
0.32
  0
LWPOLYLINE
  5
296
330
18E
100
AcDbEntity
  8
0
 62
8
370
13
100
AcDbPolyline
 90
2
 70
1
 10
269.89297485351557
 20
172.5
 42
0.32
 10
269.89297485351557
 20
190.5
 42
0.32
  0
LWPOLYLINE
  5
297
330
18E
100
AcDbEntity
  8
0
 62
8
370
13
100
AcDbPolyline
 90
2
 70
1
 10
269.89297485351557
 20
172.5
 42
0.32
 10
265.3318840165413
 20
186.53759418051646
 42
0.32
  0
LWPOLYLINE
  5
298
330
18E
100
AcDbEntity
  8
0
 62
8
370
13
100
AcDbPolyline
 90
2
 70
1
 10
269.89297485351557
 20
172.5
 42
0.32
 10
263.1216887471063
 20
181.8198757751994
 42
0.32
  0
LWPOLYLINE
  5
299
330
18E
100
AcDbEntity
  8
0
 62
8
370
13
100
AcDbPolyline
 90
2
 70
1
 10
269.89297485351557
 20
172.5
 42
0.32
 10
263.194314140091
 20
177.36686188898167
 42
0.32
  0
LWPOLYLINE
  5
29A
330
18E
100
AcDbEntity
  8
0
 62
8
370
13
100
AcDbPolyline
 90
4
 70
1
 10
279.39297485351557
 20
161.5
 10
281.1830383300781
 20
161.5
 10
281.1830383300781
 20
195.51649996185301
 10
279.39297485351557
 20
195.51649996185301
  0
LWPOLYLINE
  5
29B
330
18E
100
AcDbEntity
  8
0
 62
8
370
13
100
AcDbPolyline
 90
4
 70
1
 10
281.3830383300781
 20
161.5
 10
285.08234252929685
 20
161.5
 10
285.08234252929685
 20
191.71217540740966
 10
281.3830383300781
 20
191.71217540740966
  0
LINE
  5
29C
330
18E
100
AcDbEntity
  8
0
 62
8
370
13
100
AcDbLine
 10
281.3830383300781
 20
186.27398383407592
 30
0.0
 11
285.08234252929685
 21
186.27398383407592
 31
0.0
  0
LWPOLYLINE
  5
29D
330
18E
100
AcDbEntity
  8
0
100
AcDbPolyline
 90
4
 70
1
 10
219.95
 20
198.85
 10
290.1
 20
198.85
 10
290.1
 20
200.75
 10
219.95
 20
200.75
  0
LWPOLYLINE
  5
29E
330
18E
100
AcDbEntity
  8
0
 62
8
370
13
100
AcDbPolyline
 90
4
 70
1
 10
220.95
 20
200.75
 10
224.65694885253905
 20
200.75
 10
224.65694885253905
 20
228.56594744873047
 10
220.95
 20
228.56594744873047
  0
LINE
  5
29F
330
18E
100
AcDbEntity
  8
0
 62
8
370
13
100
AcDbLine
 10
220.95
 20
223.559076907959
 30
0.0
 11
224.65694885253905
 21
223.559076907959
 31
0.0
  0
LWPOLYLINE
  5
2A0
330
18E
100
AcDbEntity
  8
0
 62
8
370
13
100
AcDbPolyline
 90
4
 70
1
 10
224.85694885253903
 20
200.75
 10
228.58275756835934
 20
200.75
 10
228.58275756835934
 20
227.59925631713867
 10
224.85694885253903
 20
227.59925631713867
  0
LWPOLYLINE
  5
2A1
330
18E
100
AcDbEntity
  8
0
 62
8
370
13
100
AcDbPolyline
 90
4
 70
1
 10
229.75097351074214
 20
200.75
 10
251.33451538085933
 20
200.75
 10
251.33451538085933
 20
205.02185668945313
 10
229.75097351074214
 20
205.02185668945313
  0
LWPOLYLINE
  5
2A2
330
18E
100
AcDbEntity
  8
0
 62
8
370
13
100
AcDbPolyline
 90
4
 70
1
 10
229.4219100952148
 20
205.02185668945313
 10
250.93598632812495
 20
205.02185668945313
 10
250.93598632812495
 20
209.03355102539064
 10
229.4219100952148
 20
209.03355102539064
  0
LWPOLYLINE
  5
2A3
330
18E
100
AcDbEntity
  8
0
 62
8
370
13
100
AcDbPolyline
 90
4
 70
1
 10
229.41831665039058
 20
209.03355102539064
 10
247.74070434570308
 20
209.03355102539064
 10
247.74070434570308
 20
212.37675781250002
 10
229.41831665039058
 20
212.37675781250002
  0
LWPOLYLINE
  5
2A4
330
18E
100
AcDbEntity
  8
0
 62
8
370
13
100
AcDbPolyline
 90
4
 70
1
 10
253.33451538085933
 20
200.75
 10
256.3945068359375
 20
200.75
 10
256.3945068359375
 20
223.22450876617432
 10
253.33451538085933
 20
223.22450876617432
  0
LWPOLYLINE
  5
2A5
330
18E
100
AcDbEntity
  8
0
 62
8
370
13
100
AcDbPolyline
 90
4
 70
1
 10
256.59450683593747
 20
200.75
 10
258.71461791992186
 20
200.75
 10
258.71461791992186
 20
224.0121551589966
 10
256.59450683593747
 20
224.0121551589966
  0
LWPOLYLINE
  5
2A6
330
18E
100
AcDbEntity
  8
0
 62
8
370
13
100
AcDbPolyline
 90
4
 70
1
 10
263.6339826799695
 20
200.75
 10
265.4462435716032
 20
201.04617862761836
 10
260.6268788115555
 20
230.53495824478142
 10
258.81461791992183
 20
230.23877961716306
  0
LWPOLYLINE
  5
2A7
330
18E
100
AcDbEntity
  8
0
 62
8
370
13
100
AcDbPolyline
 90
4
 70
1
 10
269.1256869309782
 20
200.75
 10
270.9158419602751
 20
200.75
 10
270.9158419602751
 20
235.18063495635988
 10
269.1256869309782
 20
235.18063495635988
  0
LWPOLYLINE
  5
2A8
330
18E
100
AcDbEntity
  8
0
 62
8
370
13
100
AcDbPolyline
 90
4
 70
1
 10
271.1158419602751
 20
200.75
 10
273.0471713059782
 20
200.75
 10
273.0471713059782
 20
232.85079648590087
 10
271.1158419602751
 20
232.85079648590087
  0
LWPOLYLINE
  5
2A9
330
18E
100
AcDbEntity
  8
0
 62
8
370
13
100
AcDbPolyline
 90
4
 70
1
 10
278.63069396525316
 20
200.75
 10
280.50233687813875
 20
201.09941481553565
 10
275.0188142188638
 20
230.47194244332448
 10
273.1471713059782
 20
230.12252762778883
  0
ENDBLK
  5
190
330
18E
100
AcDbEntity
  8
0
100
AcDbBlockEnd
  0
BLOCK
  5
2AB
330
2AA
100
AcDbEntity
  8
0
100
AcDbBlockBegin
  2
LJ_BANCO_ALZ_165
 70
0
 10
0.0
 20
0.0
 30
0.0
  3
LJ_BANCO_ALZ_165
  1

  0
LINE
  5
2AD
330
2AA
100
AcDbEntity
  8
0
370
40
100
AcDbLine
 10
-15.0
 20
0.0
 30
0.0
 11
180.0
 21
0.0
 31
0.0
  0
LWPOLYLINE
  5
2AE
330
2AA
100
AcDbEntity
  8
0
100
AcDbPolyline
 90
4
 70
1
 10
50.0
 20
0.0
 10
163.5
 20
0.0
 10
163.5
 20
6.0
 10
50.0
 20
6.0
  0
LWPOLYLINE
  5
2AF
330
2AA
100
AcDbEntity
  8
0
100
AcDbPolyline
 90
4
 70
1
 10
50.0
 20
6.0
 10
165.0
 20
6.0
 10
165.0
 20
40.0
 10
50.0
 20
40.0
  0
LINE
  5
2B0
330
2AA
100
AcDbEntity
  8
0
100
AcDbLine
 10
50.0
 20
37.0
 30
0.0
 11
165.0
 21
37.0
 31
0.0
  0
LWPOLYLINE
  5
2B1
330
2AA
100
AcDbEntity
  8
0
100
AcDbPolyline
 90
4
 70
1
 10
50.3
 20
7.0
 10
107.2
 20
7.0
 10
107.2
 20
36.0
 10
50.3
 20
36.0
  0
ARC
  5
2B2
330
2AA
100
AcDbEntity
  8
0
 62
8
370
13
100
AcDbCircle
 10
78.75
 20
36.0
 30
0.0
 40
3.5
100
AcDbArc
 50
180.0
 51
360.0
  0
LWPOLYLINE
  5
2B3
330
2AA
100
AcDbEntity
  8
0
100
AcDbPolyline
 90
8
 70
1
 10
50.5
 20
42.5
 42
0.4142135623730951
 10
53.0
 20
40.0
 10
104.5
 20
40.0
 42
0.4142135623730951
 10
107.0
 20
42.5
 10
107.0
 20
45.5
 42
0.4142135623730951
 10
104.5
 20
48.0
 10
53.0
 20
48.0
 42
0.4142135623730951
 10
50.5
 20
45.5
  0
LINE
  5
2B4
330
2AA
100
AcDbEntity
  8
0
 62
8
370
13
100
AcDbLine
 10
52.0
 20
41.3
 30
0.0
 11
105.5
 21
41.3
 31
0.0
  0
LINE
  5
2B5
330
2AA
100
AcDbEntity
  8
0
 62
8
370
13
100
AcDbLine
 10
52.0
 20
46.7
 30
0.0
 11
105.5
 21
46.7
 31
0.0
  0
LWPOLYLINE
  5
2B6
330
2AA
100
AcDbEntity
  8
0
100
AcDbPolyline
 90
6
 70
0
 10
50.5
 20
48.0
 10
50.5
 20
85.0
 42
-0.4142135623730951
 10
55.5
 20
90.0
 10
102.0
 20
90.0
 42
-0.4142135623730951
 10
107.0
 20
85.0
 10
107.0
 20
48.0
  0
LWPOLYLINE
  5
2B7
330
2AA
100
AcDbEntity
  8
0
100
AcDbPolyline
 90
4
 70
1
 10
107.8
 20
7.0
 10
164.7
 20
7.0
 10
164.7
 20
36.0
 10
107.8
 20
36.0
  0
ARC
  5
2B8
330
2AA
100
AcDbEntity
  8
0
 62
8
370
13
100
AcDbCircle
 10
136.25
 20
36.0
 30
0.0
 40
3.5
100
AcDbArc
 50
180.0
 51
360.0
  0
LWPOLYLINE
  5
2B9
330
2AA
100
AcDbEntity
  8
0
100
AcDbPolyline
 90
8
 70
1
 10
108.0
 20
42.5
 42
0.4142135623730951
 10
110.5
 20
40.0
 10
162.0
 20
40.0
 42
0.4142135623730951
 10
164.5
 20
42.5
 10
164.5
 20
45.5
 42
0.4142135623730951
 10
162.0
 20
48.0
 10
110.5
 20
48.0
 42
0.4142135623730951
 10
108.0
 20
45.5
  0
LINE
  5
2BA
330
2AA
100
AcDbEntity
  8
0
 62
8
370
13
100
AcDbLine
 10
109.5
 20
41.3
 30
0.0
 11
163.0
 21
41.3
 31
0.0
  0
LINE
  5
2BB
330
2AA
100
AcDbEntity
  8
0
 62
8
370
13
100
AcDbLine
 10
109.5
 20
46.7
 30
0.0
 11
163.0
 21
46.7
 31
0.0
  0
LWPOLYLINE
  5
2BC
330
2AA
100
AcDbEntity
  8
0
100
AcDbPolyline
 90
18
 70
0
 10
108.0
 20
48.0
 10
108.0
 20
85.0
 10
108.12536043909088
 20
86.11260466978158
 10
108.49515566048791
 20
87.1694186955878
 10
109.09084258765985
 20
88.11744900929367
 10
109.88255099070633
 20
88.90915741234015
 10
110.8305813044122
 20
89.50484433951209
 10
111.88739533021842
 20
89.87463956090912
 10
113.0
 20
90.0
 10
159.5
 20
90.0
 10
160.61260466978158
 20
89.87463956090912
 10
161.66941869558778
 20
89.50484433951209
 10
162.61744900929367
 20
88.90915741234015
 10
163.40915741234014
 20
88.11744900929367
 10
164.0048443395121
 20
87.1694186955878
 10
164.37463956090912
 20
86.11260466978158
 10
164.5
 20
85.0
 10
164.5
 20
48.0
  0
LWPOLYLINE
  5
2BD
330
2AA
100
AcDbEntity
  8
0
100
AcDbPolyline
 90
2
 70
0
 10
9.5
 20
48.0
 10
9.5
 20
59.772054690739374
  0
LWPOLYLINE
  5
2BE
330
2AA
100
AcDbEntity
  8
0
100
AcDbPolyline
 90
18
 70
0
 10
9.5
 20
79.8110295340535
 10
9.5
 20
85.0
 10
9.625360439090882
 20
86.11260466978158
 10
9.995155660487905
 20
87.1694186955878
 10
10.59084258765985
 20
88.11744900929367
 10
11.382550990706333
 20
88.90915741234015
 10
12.33058130441221
 20
89.50484433951209
 10
13.38739533021843
 20
89.87463956090912
 10
14.5
 20
90.0
 10
44.5
 20
90.0
 10
45.612604669781575
 20
89.87463956090912
 10
46.669418695587794
 20
89.50484433951209
 10
47.617449009293665
 20
88.90915741234015
 10
48.40915741234015
 20
88.11744900929367
 10
49.0048443395121
 20
87.1694186955878
 10
49.37463956090912
 20
86.11260466978158
 10
49.5
 20
85.0
 10
49.5
 20
48.0
  0
LWPOLYLINE
  5
2BF
330
2AA
100
AcDbEntity
  8
0
100
AcDbPolyline
 90
4
 70
1
 10
0.0
 20
0.0
 10
50.0
 20
0.0
 10
50.0
 20
40.0
 10
0.0
 20
40.0
  0
LINE
  5
2C0
330
2AA
100
AcDbEntity
  8
0
100
AcDbLine
 10
0.0
 20
37.0
 30
0.0
 11
50.0
 21
37.0
 31
0.0
  0
LWPOLYLINE
  5
2C1
330
2AA
100
AcDbEntity
  8
0
100
AcDbPolyline
 90
8
 70
1
 10
10.5
 20
42.5
 42
0.4142135623730951
 10
13.0
 20
40.0
 10
47.0
 20
40.0
 42
0.4142135623730951
 10
49.5
 20
42.5
 10
49.5
 20
45.5
 42
0.4142135623730951
 10
47.0
 20
48.0
 10
13.0
 20
48.0
 42
0.4142135623730951
 10
10.5
 20
45.5
  0
LWPOLYLINE
  5
2C2
330
2AA
100
AcDbEntity
  8
0
100
AcDbPolyline
 90
6
 70
1
 10
0.5
 20
40.0
 10
9.5
 20
40.0
 10
9.5
 20
88.0
 42
0.4142135623730951
 10
7.5
 20
90.0
 10
2.5
 20
90.0
 42
0.4142135623730951
 10
0.5
 20
88.0
  0
LWPOLYLINE
  5
2C3
330
2AA
100
AcDbEntity
  8
0
100
AcDbPolyline
 90
8
 70
1
 10
116.5
 20
48.0
 42
0.09090909090909091
 10
149.5
 20
48.0
 42
0.4142135623730951
 10
153.0
 20
51.5
 10
153.0
 20
80.5
 42
0.4142135623730951
 10
149.5
 20
84.0
 42
0.09090909090909091
 10
116.5
 20
84.0
 42
0.4142135623730951
 10
113.0
 20
80.5
 10
113.0
 20
51.5
 42
0.4142135623730951
  0
LWPOLYLINE
  5
2C4
330
2AA
100
AcDbEntity
  8
0
 62
8
370
13
100
AcDbPolyline
 90
2
 70
0
 10
151.8
 20
82.8
 10
149.2
 20
81.4
  0
LWPOLYLINE
  5
2C5
330
2AA
100
AcDbEntity
  8
0
 62
8
370
13
100
AcDbPolyline
 90
2
 70
0
 10
151.8
 20
49.2
 10
149.2
 20
50.6
  0
LWPOLYLINE
  5
2C6
330
2AA
100
AcDbEntity
  8
0
 62
8
370
13
100
AcDbPolyline
 90
2
 70
0
 10
114.2
 20
82.8
 10
116.8
 20
81.4
  0
LWPOLYLINE
  5
2C7
330
2AA
100
AcDbEntity
  8
0
 62
8
370
13
100
AcDbPolyline
 90
2
 70
0
 10
114.2
 20
49.2
 10
116.8
 20
50.6
  0
LWPOLYLINE
  5
2C8
330
2AA
100
AcDbEntity
  8
0
100
AcDbPolyline
 90
8
 70
1
 10
14.639382304030567
 20
46.38642618479494
 42
0.10344827586206896
 10
43.43083274379269
 20
49.8580801961736
 42
0.4142135623730951
 10
46.48667024377001
 20
53.75190314717335
 10
43.254440646969186
 20
80.55773631522774
 42
0.4142135623730951
 10
39.36061769596943
 20
83.61357381520506
 42
0.10344827586206896
 10
10.569167256207308
 20
80.1419198038264
 42
0.4142135623730951
 10
7.5133297562299965
 20
76.24809685282665
 10
10.745559353030817
 20
49.44226368477226
 42
0.4142135623730951
  0
LWPOLYLINE
  5
2C9
330
2AA
100
AcDbEntity
  8
0
 62
8
370
13
100
AcDbPolyline
 90
2
 70
0
 10
41.78773220718003
 20
82.69754152894492
 10
39.37402684416446
 20
80.99635769979834
  0
LWPOLYLINE
  5
2CA
330
2AA
100
AcDbEntity
  8
0
 62
8
370
13
100
AcDbPolyline
 90
2
 70
0
 10
45.57063795750988
 20
51.324788635962754
 10
42.82173841408534
 20
52.403468987206985
  0
LWPOLYLINE
  5
2CB
330
2AA
100
AcDbEntity
  8
0
 62
8
370
13
100
AcDbPolyline
 90
2
 70
0
 10
8.42936204249012
 20
78.67521136403724
 10
11.178261585914662
 20
77.59653101279302
  0
LWPOLYLINE
  5
2CC
330
2AA
100
AcDbEntity
  8
0
 62
8
370
13
100
AcDbPolyline
 90
2
 70
0
 10
12.212267792819972
 20
47.30245847105507
 10
14.625973155835538
 20
49.00364230020167
  0
LWPOLYLINE
  5
2CD
330
2AA
100
AcDbEntity
  8
0
100
AcDbPolyline
 90
4
 70
1
 10
136.0
 20
119.0
 10
144.0
 20
119.0
 10
144.0
 20
131.0
 10
136.0
 20
131.0
  0
LWPOLYLINE
  5
2CE
330
2AA
100
AcDbEntity
  8
0
100
AcDbPolyline
 90
3
 70
0
 10
140.0
 20
125.0
 10
136.0
 20
127.0
 10
132.0
 20
122.0
  0
LWPOLYLINE
  5
2CF
330
2AA
100
AcDbEntity
  8
0
100
AcDbPolyline
 90
4
 70
1
 10
129.0
 20
122.0
 10
135.0
 20
122.0
 10
139.0
 20
112.0
 10
125.0
 20
112.0
  0
ARC
  5
2D0
330
2AA
100
AcDbEntity
  8
0
 62
8
370
13
100
AcDbCircle
 10
132.0
 20
112.0
 30
0.0
 40
2.5
100
AcDbArc
 50
180.0
 51
360.0
  0
ENDBLK
  5
2AC
330
2AA
100
AcDbEntity
  8
0
100
AcDbBlockEnd
  0
BLOCK
  5
2D2
330
2D1
100
AcDbEntity
  8
0
100
AcDbBlockBegin
  2
LJ_SECCION_A_90x120
 70
0
 10
0.0
 20
0.0
 30
0.0
  3
LJ_SECCION_A_90x120
  1

  0
LWPOLYLINE
  5
2D4
330
2D1
100
AcDbEntity
  8
0
370
40
100
AcDbPolyline
 90
4
 70
1
 10
-8.0
 20
0.0
 10
0.0
 20
0.0
 10
0.0
 20
250.0
 10
-8.0
 20
250.0
  0
LINE
  5
2D5
330
2D1
100
AcDbEntity
  8
0
370
40
100
AcDbLine
 10
-30.0
 20
0.0
 30
0.0
 11
202.0
 21
0.0
 31
0.0
  0
LINE
  5
2D6
330
2D1
100
AcDbEntity
  8
0
370
40
100
AcDbLine
 10
-8.0
 20
250.0
 30
0.0
 11
130.0
 21
250.0
 31
0.0
  0
LINE
  5
2D7
330
2D1
100
AcDbEntity
  8
0
 62
8
370
13
100
AcDbLine
 10
-8.0
 20
248.0
 30
0.0
 11
-6.0
 21
250.0
 31
0.0
  0
LINE
  5
2D8
330
2D1
100
AcDbEntity
  8
0
 62
8
370
13
100
AcDbLine
 10
-8.0
 20
244.0
 30
0.0
 11
-2.0
 21
250.0
 31
0.0
  0
LINE
  5
2D9
330
2D1
100
AcDbEntity
  8
0
 62
8
370
13
100
AcDbLine
 10
-8.0
 20
240.0
 30
0.0
 11
0.0
 21
248.0
 31
0.0
  0
LINE
  5
2DA
330
2D1
100
AcDbEntity
  8
0
 62
8
370
13
100
AcDbLine
 10
-8.0
 20
236.0
 30
0.0
 11
0.0
 21
244.0
 31
0.0
  0
LINE
  5
2DB
330
2D1
100
AcDbEntity
  8
0
 62
8
370
13
100
AcDbLine
 10
-8.0
 20
232.0
 30
0.0
 11
0.0
 21
240.0
 31
0.0
  0
LINE
  5
2DC
330
2D1
100
AcDbEntity
  8
0
 62
8
370
13
100
AcDbLine
 10
-8.0
 20
228.0
 30
0.0
 11
0.0
 21
236.0
 31
0.0
  0
LINE
  5
2DD
330
2D1
100
AcDbEntity
  8
0
 62
8
370
13
100
AcDbLine
 10
-8.0
 20
224.0
 30
0.0
 11
0.0
 21
232.0
 31
0.0
  0
LINE
  5
2DE
330
2D1
100
AcDbEntity
  8
0
 62
8
370
13
100
AcDbLine
 10
-8.0
 20
220.0
 30
0.0
 11
0.0
 21
228.0
 31
0.0
  0
LINE
  5
2DF
330
2D1
100
AcDbEntity
  8
0
 62
8
370
13
100
AcDbLine
 10
-8.0
 20
216.0
 30
0.0
 11
0.0
 21
224.0
 31
0.0
  0
LINE
  5
2E0
330
2D1
100
AcDbEntity
  8
0
 62
8
370
13
100
AcDbLine
 10
-8.0
 20
212.0
 30
0.0
 11
0.0
 21
220.0
 31
0.0
  0
LINE
  5
2E1
330
2D1
100
AcDbEntity
  8
0
 62
8
370
13
100
AcDbLine
 10
-8.0
 20
208.0
 30
0.0
 11
0.0
 21
216.0
 31
0.0
  0
LINE
  5
2E2
330
2D1
100
AcDbEntity
  8
0
 62
8
370
13
100
AcDbLine
 10
-8.0
 20
204.0
 30
0.0
 11
0.0
 21
212.0
 31
0.0
  0
LINE
  5
2E3
330
2D1
100
AcDbEntity
  8
0
 62
8
370
13
100
AcDbLine
 10
-8.0
 20
200.0
 30
0.0
 11
0.0
 21
208.0
 31
0.0
  0
LINE
  5
2E4
330
2D1
100
AcDbEntity
  8
0
 62
8
370
13
100
AcDbLine
 10
-8.0
 20
196.0
 30
0.0
 11
0.0
 21
204.0
 31
0.0
  0
LINE
  5
2E5
330
2D1
100
AcDbEntity
  8
0
 62
8
370
13
100
AcDbLine
 10
-8.0
 20
192.0
 30
0.0
 11
0.0
 21
200.0
 31
0.0
  0
LINE
  5
2E6
330
2D1
100
AcDbEntity
  8
0
 62
8
370
13
100
AcDbLine
 10
-8.0
 20
188.0
 30
0.0
 11
0.0
 21
196.0
 31
0.0
  0
LINE
  5
2E7
330
2D1
100
AcDbEntity
  8
0
 62
8
370
13
100
AcDbLine
 10
-8.0
 20
184.0
 30
0.0
 11
0.0
 21
192.0
 31
0.0
  0
LINE
  5
2E8
330
2D1
100
AcDbEntity
  8
0
 62
8
370
13
100
AcDbLine
 10
-8.0
 20
180.0
 30
0.0
 11
0.0
 21
188.0
 31
0.0
  0
LINE
  5
2E9
330
2D1
100
AcDbEntity
  8
0
 62
8
370
13
100
AcDbLine
 10
-8.0
 20
176.0
 30
0.0
 11
0.0
 21
184.0
 31
0.0
  0
LINE
  5
2EA
330
2D1
100
AcDbEntity
  8
0
 62
8
370
13
100
AcDbLine
 10
-8.0
 20
172.0
 30
0.0
 11
0.0
 21
180.0
 31
0.0
  0
LINE
  5
2EB
330
2D1
100
AcDbEntity
  8
0
 62
8
370
13
100
AcDbLine
 10
-8.0
 20
168.0
 30
0.0
 11
0.0
 21
176.0
 31
0.0
  0
LINE
  5
2EC
330
2D1
100
AcDbEntity
  8
0
 62
8
370
13
100
AcDbLine
 10
-8.0
 20
164.0
 30
0.0
 11
0.0
 21
172.0
 31
0.0
  0
LINE
  5
2ED
330
2D1
100
AcDbEntity
  8
0
 62
8
370
13
100
AcDbLine
 10
-8.0
 20
160.0
 30
0.0
 11
0.0
 21
168.0
 31
0.0
  0
LINE
  5
2EE
330
2D1
100
AcDbEntity
  8
0
 62
8
370
13
100
AcDbLine
 10
-8.0
 20
156.0
 30
0.0
 11
0.0
 21
164.0
 31
0.0
  0
LINE
  5
2EF
330
2D1
100
AcDbEntity
  8
0
 62
8
370
13
100
AcDbLine
 10
-8.0
 20
152.0
 30
0.0
 11
0.0
 21
160.0
 31
0.0
  0
LINE
  5
2F0
330
2D1
100
AcDbEntity
  8
0
 62
8
370
13
100
AcDbLine
 10
-8.0
 20
148.0
 30
0.0
 11
0.0
 21
156.0
 31
0.0
  0
LINE
  5
2F1
330
2D1
100
AcDbEntity
  8
0
 62
8
370
13
100
AcDbLine
 10
-8.0
 20
144.0
 30
0.0
 11
0.0
 21
152.0
 31
0.0
  0
LINE
  5
2F2
330
2D1
100
AcDbEntity
  8
0
 62
8
370
13
100
AcDbLine
 10
-8.0
 20
140.0
 30
0.0
 11
0.0
 21
148.0
 31
0.0
  0
LINE
  5
2F3
330
2D1
100
AcDbEntity
  8
0
 62
8
370
13
100
AcDbLine
 10
-8.0
 20
136.0
 30
0.0
 11
0.0
 21
144.0
 31
0.0
  0
LINE
  5
2F4
330
2D1
100
AcDbEntity
  8
0
 62
8
370
13
100
AcDbLine
 10
-8.0
 20
132.0
 30
0.0
 11
0.0
 21
140.0
 31
0.0
  0
LINE
  5
2F5
330
2D1
100
AcDbEntity
  8
0
 62
8
370
13
100
AcDbLine
 10
-8.0
 20
128.0
 30
0.0
 11
0.0
 21
136.0
 31
0.0
  0
LINE
  5
2F6
330
2D1
100
AcDbEntity
  8
0
 62
8
370
13
100
AcDbLine
 10
-8.0
 20
124.0
 30
0.0
 11
0.0
 21
132.0
 31
0.0
  0
LINE
  5
2F7
330
2D1
100
AcDbEntity
  8
0
 62
8
370
13
100
AcDbLine
 10
-8.0
 20
120.0
 30
0.0
 11
0.0
 21
128.0
 31
0.0
  0
LINE
  5
2F8
330
2D1
100
AcDbEntity
  8
0
 62
8
370
13
100
AcDbLine
 10
-8.0
 20
116.0
 30
0.0
 11
0.0
 21
124.0
 31
0.0
  0
LINE
  5
2F9
330
2D1
100
AcDbEntity
  8
0
 62
8
370
13
100
AcDbLine
 10
-8.0
 20
112.0
 30
0.0
 11
0.0
 21
120.0
 31
0.0
  0
LINE
  5
2FA
330
2D1
100
AcDbEntity
  8
0
 62
8
370
13
100
AcDbLine
 10
-8.0
 20
108.0
 30
0.0
 11
0.0
 21
116.0
 31
0.0
  0
LINE
  5
2FB
330
2D1
100
AcDbEntity
  8
0
 62
8
370
13
100
AcDbLine
 10
-8.0
 20
104.0
 30
0.0
 11
0.0
 21
112.0
 31
0.0
  0
LINE
  5
2FC
330
2D1
100
AcDbEntity
  8
0
 62
8
370
13
100
AcDbLine
 10
-8.0
 20
100.0
 30
0.0
 11
0.0
 21
108.0
 31
0.0
  0
LINE
  5
2FD
330
2D1
100
AcDbEntity
  8
0
 62
8
370
13
100
AcDbLine
 10
-8.0
 20
96.0
 30
0.0
 11
0.0
 21
104.0
 31
0.0
  0
LINE
  5
2FE
330
2D1
100
AcDbEntity
  8
0
 62
8
370
13
100
AcDbLine
 10
-8.0
 20
92.0
 30
0.0
 11
0.0
 21
100.0
 31
0.0
  0
LINE
  5
2FF
330
2D1
100
AcDbEntity
  8
0
 62
8
370
13
100
AcDbLine
 10
-8.0
 20
88.0
 30
0.0
 11
0.0
 21
96.0
 31
0.0
  0
LINE
  5
300
330
2D1
100
AcDbEntity
  8
0
 62
8
370
13
100
AcDbLine
 10
-8.0
 20
84.0
 30
0.0
 11
0.0
 21
92.0
 31
0.0
  0
LINE
  5
301
330
2D1
100
AcDbEntity
  8
0
 62
8
370
13
100
AcDbLine
 10
-8.0
 20
80.0
 30
0.0
 11
0.0
 21
88.0
 31
0.0
  0
LINE
  5
302
330
2D1
100
AcDbEntity
  8
0
 62
8
370
13
100
AcDbLine
 10
-8.0
 20
76.0
 30
0.0
 11
0.0
 21
84.0
 31
0.0
  0
LINE
  5
303
330
2D1
100
AcDbEntity
  8
0
 62
8
370
13
100
AcDbLine
 10
-8.0
 20
72.0
 30
0.0
 11
0.0
 21
80.0
 31
0.0
  0
LINE
  5
304
330
2D1
100
AcDbEntity
  8
0
 62
8
370
13
100
AcDbLine
 10
-8.0
 20
68.0
 30
0.0
 11
0.0
 21
76.0
 31
0.0
  0
LINE
  5
305
330
2D1
100
AcDbEntity
  8
0
 62
8
370
13
100
AcDbLine
 10
-8.0
 20
64.0
 30
0.0
 11
0.0
 21
72.0
 31
0.0
  0
LINE
  5
306
330
2D1
100
AcDbEntity
  8
0
 62
8
370
13
100
AcDbLine
 10
-8.0
 20
60.0
 30
0.0
 11
0.0
 21
68.0
 31
0.0
  0
LINE
  5
307
330
2D1
100
AcDbEntity
  8
0
 62
8
370
13
100
AcDbLine
 10
-8.0
 20
56.0
 30
0.0
 11
0.0
 21
64.0
 31
0.0
  0
LINE
  5
308
330
2D1
100
AcDbEntity
  8
0
 62
8
370
13
100
AcDbLine
 10
-8.0
 20
52.0
 30
0.0
 11
0.0
 21
60.0
 31
0.0
  0
LINE
  5
309
330
2D1
100
AcDbEntity
  8
0
 62
8
370
13
100
AcDbLine
 10
-8.0
 20
48.0
 30
0.0
 11
0.0
 21
56.0
 31
0.0
  0
LINE
  5
30A
330
2D1
100
AcDbEntity
  8
0
 62
8
370
13
100
AcDbLine
 10
-8.0
 20
44.0
 30
0.0
 11
0.0
 21
52.0
 31
0.0
  0
LINE
  5
30B
330
2D1
100
AcDbEntity
  8
0
 62
8
370
13
100
AcDbLine
 10
-8.0
 20
40.0
 30
0.0
 11
0.0
 21
48.0
 31
0.0
  0
LINE
  5
30C
330
2D1
100
AcDbEntity
  8
0
 62
8
370
13
100
AcDbLine
 10
-8.0
 20
36.0
 30
0.0
 11
0.0
 21
44.0
 31
0.0
  0
LINE
  5
30D
330
2D1
100
AcDbEntity
  8
0
 62
8
370
13
100
AcDbLine
 10
-8.0
 20
32.0
 30
0.0
 11
0.0
 21
40.0
 31
0.0
  0
LINE
  5
30E
330
2D1
100
AcDbEntity
  8
0
 62
8
370
13
100
AcDbLine
 10
-8.0
 20
28.0
 30
0.0
 11
0.0
 21
36.0
 31
0.0
  0
LINE
  5
30F
330
2D1
100
AcDbEntity
  8
0
 62
8
370
13
100
AcDbLine
 10
-8.0
 20
24.0
 30
0.0
 11
0.0
 21
32.0
 31
0.0
  0
LINE
  5
310
330
2D1
100
AcDbEntity
  8
0
 62
8
370
13
100
AcDbLine
 10
-8.0
 20
20.0
 30
0.0
 11
0.0
 21
28.0
 31
0.0
  0
LINE
  5
311
330
2D1
100
AcDbEntity
  8
0
 62
8
370
13
100
AcDbLine
 10
-8.0
 20
16.0
 30
0.0
 11
0.0
 21
24.0
 31
0.0
  0
LINE
  5
312
330
2D1
100
AcDbEntity
  8
0
 62
8
370
13
100
AcDbLine
 10
-8.0
 20
12.0
 30
0.0
 11
0.0
 21
20.0
 31
0.0
  0
LINE
  5
313
330
2D1
100
AcDbEntity
  8
0
 62
8
370
13
100
AcDbLine
 10
-8.0
 20
8.0
 30
0.0
 11
0.0
 21
16.0
 31
0.0
  0
LINE
  5
314
330
2D1
100
AcDbEntity
  8
0
 62
8
370
13
100
AcDbLine
 10
-8.0
 20
4.0
 30
0.0
 11
0.0
 21
12.0
 31
0.0
  0
LINE
  5
315
330
2D1
100
AcDbEntity
  8
0
 62
8
370
13
100
AcDbLine
 10
-8.0
 20
0.0
 30
0.0
 11
0.0
 21
8.0
 31
0.0
  0
LINE
  5
316
330
2D1
100
AcDbEntity
  8
0
 62
8
370
13
100
AcDbLine
 10
-4.0
 20
0.0
 30
0.0
 11
0.0
 21
4.0
 31
0.0
  0
LWPOLYLINE
  5
317
330
2D1
100
AcDbEntity
  8
0
370
40
100
AcDbPolyline
 90
6
 70
1
 10
0.0
 20
0.0
 10
45.0
 20
0.0
 10
45.0
 20
6.0
 10
50.0
 20
6.0
 10
50.0
 20
40.0
 10
0.0
 20
40.0
  0
LWPOLYLINE
  5
318
330
2D1
100
AcDbEntity
  8
0
370
40
100
AcDbPolyline
 90
8
 70
1
 10
10.5
 20
43.0
 42
0.4142135623730951
 10
13.5
 20
40.0
 10
46.5
 20
40.0
 42
0.4142135623730951
 10
49.5
 20
43.0
 10
49.5
 20
45.0
 42
0.4142135623730951
 10
46.5
 20
48.0
 10
13.5
 20
48.0
 42
0.4142135623730951
 10
10.5
 20
45.0
  0
LWPOLYLINE
  5
319
330
2D1
100
AcDbEntity
  8
0
370
40
100
AcDbPolyline
 90
4
 70
1
 10
0.5
 20
40.0
 10
10.0
 20
40.0
 10
7.5
 20
86.0
 42
0.35
 10
0.5
 20
90.0
  0
LINE
  5
31A
330
2D1
100
AcDbEntity
  8
0
 62
8
370
13
100
AcDbLine
 10
0.0
 20
37.0
 30
0.0
 11
50.0
 21
37.0
 31
0.0
  0
LWPOLYLINE
  5
31B
330
2D1
100
AcDbEntity
  8
0
 62
8
370
13
100
AcDbPolyline
 90
4
 70
1
 10
2.5
 20
8.0
 10
47.0
 20
8.0
 10
47.0
 20
35.0
 10
2.5
 20
35.0
  0
LWPOLYLINE
  5
31C
330
2D1
100
AcDbEntity
  8
0
100
AcDbPolyline
 90
8
 70
1
 10
25.514945032333003
 20
52.226352646394986
 42
0.0967741935483871
 10
22.42010911628133
 20
83.07148177001378
 42
0.4142135623730951
 10
18.588177579544343
 20
86.20457939022296
 10
12.618152587876187
 20
85.605578890342
 42
0.4142135623730951
 10
9.485054967666995
 20
81.77364735360501
 42
0.0967741935483871
 10
12.579890883718669
 20
50.928518229986224
 42
0.4142135623730951
 10
16.411822420455657
 20
47.795420609777025
 10
22.38184741212381
 20
48.394421109658
 42
0.4142135623730951
  0
LWPOLYLINE
  5
31D
330
2D1
100
AcDbEntity
  8
0
100
AcDbPolyline
 90
4
 70
1
 10
0.0
 20
119.0
 10
1.5
 20
119.0
 10
1.5
 20
131.0
 10
0.0
 20
131.0
  0
LWPOLYLINE
  5
31E
330
2D1
100
AcDbEntity
  8
0
100
AcDbPolyline
 90
3
 70
0
 10
1.5
 20
125.0
 10
14.0
 20
127.0
 10
22.0
 20
120.0
  0
LWPOLYLINE
  5
31F
330
2D1
100
AcDbEntity
  8
0
100
AcDbPolyline
 90
4
 70
1
 10
19.0
 20
120.0
 10
25.0
 20
120.0
 10
28.0
 20
110.0
 10
16.0
 20
110.0
  0
ARC
  5
320
330
2D1
100
AcDbEntity
  8
0
 62
8
370
13
100
AcDbCircle
 10
22.0
 20
110.0
 30
0.0
 40
2.5
100
AcDbArc
 50
180.0
 51
360.0
  0
LWPOLYLINE
  5
321
330
2D1
100
AcDbEntity
  8
0
370
40
100
AcDbPolyline
 90
8
 70
1
 10
40.0
 20
72.8
 42
0.4142135623730951
 10
40.8
 20
72.0
 10
129.2
 20
72.0
 42
0.4142135623730951
 10
130.0
 20
72.8
 10
130.0
 20
74.2
 42
0.4142135623730951
 10
129.2
 20
75.0
 10
40.8
 20
75.0
 42
0.4142135623730951
 10
40.0
 20
74.2
  0
LWPOLYLINE
  5
322
330
2D1
100
AcDbEntity
  8
0
370
40
100
AcDbPolyline
 90
4
 70
1
 10
78.0
 20
4.0
 10
92.0
 20
4.0
 10
92.0
 20
72.0
 10
78.0
 20
72.0
  0
LWPOLYLINE
  5
323
330
2D1
100
AcDbEntity
  8
0
370
40
100
AcDbPolyline
 90
6
 70
1
 10
57.5
 20
0.0
 10
112.5
 20
0.0
 10
112.5
 20
2.5
 42
0.4142135623730951
 10
111.0
 20
4.0
 10
59.0
 20
4.0
 42
0.4142135623730951
 10
57.5
 20
2.5
  0
LWPOLYLINE
  5
324
330
2D1
100
AcDbEntity
  8
0
100
AcDbPolyline
 90
4
 70
1
 10
132.0
 20
42.0
 10
172.0
 20
42.0
 10
172.0
 20
46.0
 10
132.0
 20
46.0
  0
LWPOLYLINE
  5
325
330
2D1
100
AcDbEntity
  8
0
100
AcDbPolyline
 90
4
 70
1
 10
134.0
 20
0.0
 10
137.0
 20
0.0
 10
137.0
 20
42.0
 10
134.0
 20
42.0
  0
LWPOLYLINE
  5
326
330
2D1
100
AcDbEntity
  8
0
100
AcDbPolyline
 90
4
 70
1
 10
171.0
 20
62.0
 10
177.4
 20
62.0
 10
178.9
 20
84.0
 10
172.5
 20
84.0
  0
LWPOLYLINE
  5
327
330
2D1
100
AcDbEntity
  8
0
100
AcDbPolyline
 90
5
 70
0
 10
167.0
 20
0.0
 10
170.0
 20
0.0
 10
174.4
 20
62.0
 10
171.4
 20
62.0
 10
170.26451612903227
 20
46.0
  0
LWPOLYLINE
  5
328
330
2D1
100
AcDbEntity
  8
0
100
AcDbPolyline
 90
2
 70
0
 10
169.98064516129034
 20
42.0
 10
167.0
 20
0.0
  0
LINE
  5
329
330
2D1
100
AcDbEntity
  8
0
 62
8
370
13
100
AcDbLine
 10
137.0
 20
16.0
 30
0.0
 11
167.8
 21
16.0
 31
0.0
  0
LINE
  5
32A
330
2D1
100
AcDbEntity
  8
0
 62
8
370
13
100
AcDbLine
 10
133.0
 20
44.7
 30
0.0
 11
171.0
 21
44.7
 31
0.0
  0
LWPOLYLINE
  5
32B
330
2D1
100
AcDbEntity
  8
0
100
AcDbPolyline
 90
4
 70
1
 10
79.0
 20
247.0
 10
91.0
 20
247.0
 10
91.0
 20
250.0
 10
79.0
 20
250.0
  0
LINE
  5
32C
330
2D1
100
AcDbEntity
  8
0
100
AcDbLine
 10
85.0
 20
247.0
 30
0.0
 11
85.0
 21
167.0
 31
0.0
  0
LWPOLYLINE
  5
32D
330
2D1
100
AcDbEntity
  8
0
100
AcDbPolyline
 90
4
 70
1
 10
62.5
 20
145.0
 10
107.5
 20
145.0
 42
0.18
 10
91.0
 20
165.0
 10
79.0
 20
165.0
 42
0.18
  0
LWPOLYLINE
  5
32E
330
2D1
100
AcDbEntity
  8
0
100
AcDbPolyline
 90
4
 70
1
 10
79.0
 20
165.0
 10
91.0
 20
165.0
 10
91.0
 20
167.0
 10
79.0
 20
167.0
  0
LINE
  5
32F
330
2D1
100
AcDbEntity
  8
0
 62
8
370
13
100
AcDbLine
 10
64.0
 20
146.5
 30
0.0
 11
106.0
 21
146.5
 31
0.0
  0
ENDBLK
  5
2D3
330
2D1
100
AcDbEntity
  8
0
100
AcDbBlockEnd
  0
ENDSEC
  0
SECTION
  2
ENTITIES
  0
INSERT
  5
330
330
17
100
AcDbEntity
  8
LJ-MOBILIARIO
100
AcDbBlockReference
  2
LJ_LIBRERIA_292x40_4MOD_DET
 10
8.0
 20
308.0
 30
0.0
  0
MTEXT
  5
332
330
17
100
AcDbEntity
  8
LJ-TEXTOS
100
AcDbMText
 10
154.0
 20
261.0
 30
0.0
 40
8.0
 71
5
  1
LIBRERIA
  7
LJ
  0
LINE
  5
333
330
17
100
AcDbEntity
  8
LJ-COTAS
100
AcDbLine
 10
8.0
 20
266.5
 30
0.0
 11
8.0
 21
245.5
 31
0.0
  0
LINE
  5
334
330
17
100
AcDbEntity
  8
LJ-COTAS
100
AcDbLine
 10
300.0
 20
266.5
 30
0.0
 11
300.0
 21
245.5
 31
0.0
  0
LINE
  5
335
330
17
100
AcDbEntity
  8
LJ-COTAS
100
AcDbLine
 10
8.0
 20
248.0
 30
0.0
 11
300.0
 21
248.0
 31
0.0
  0
LINE
  5
336
330
17
100
AcDbEntity
  8
LJ-COTAS
100
AcDbLine
 10
6.5
 20
246.5
 30
0.0
 11
9.5
 21
249.5
 31
0.0
  0
LINE
  5
337
330
17
100
AcDbEntity
  8
LJ-COTAS
100
AcDbLine
 10
298.5
 20
246.5
 30
0.0
 11
301.5
 21
249.5
 31
0.0
  0
MTEXT
  5
338
330
17
100
AcDbEntity
  8
LJ-COTAS
100
AcDbMText
 10
154.0
 20
242.6
 30
0.0
 40
6.0
 71
5
  1
292
  7
LJ
  0
INSERT
  5
339
330
17
100
AcDbEntity
  8
LJ-MOBILIARIO
100
AcDbBlockReference
  2
LJ_RINCON_135x165x50_MESA_90x120_DET
 10
0.0
 20
0.0
 30
0.0
  0
MTEXT
  5
33B
330
17
100
AcDbEntity
  8
LJ-TEXTOS
100
AcDbMText
 10
30.0
 20
78.75
 30
0.0
 40
8.0
 71
5
  1
BANCO
  7
LJ
 50
90.0
  0
MTEXT
  5
33C
330
17
100
AcDbEntity
  8
LJ-TEXTOS
100
AcDbMText
 10
85.0
 20
58.75
 30
0.0
 40
6.8
 71
5
  1
MESA JUEGOS\P90 x 120
  7
LJ
  0
INSERT
  5
33D
330
17
100
AcDbEntity
  8
LJ-MOBILIARIO
100
AcDbBlockReference
  2
LJ_SILLA_45x47_DET
 10
152.0
 20
81.25
 30
0.0
  0
INSERT
  5
33F
330
17
100
AcDbEntity
  8
LJ-MOBILIARIO
100
AcDbBlockReference
  2
LJ_SILLA_45x47_DET
 10
152.0
 20
133.75
 30
0.0
  0
INSERT
  5
341
330
17
100
AcDbEntity
  8
LJ-ILUMINACION
100
AcDbBlockReference
  2
LJ_LAMPARA_D45_DET
 10
85.0
 20
100.0
 30
0.0
  0
INSERT
  5
343
330
17
100
AcDbEntity
  8
LJ-ILUMINACION
100
AcDbBlockReference
  2
LJ_APLIQUE_DET
 10
0.0
 20
140.0
 30
0.0
  0
LINE
  5
345
330
17
100
AcDbEntity
  8
LJ-COTAS
100
AcDbLine
 10
88.0
 20
165.0
 30
0.0
 11
88.0
 21
268.0
 31
0.0
  0
LINE
  5
346
330
17
100
AcDbEntity
  8
LJ-COTAS
100
AcDbLine
 10
89.5
 20
163.5
 30
0.0
 11
86.5
 21
166.5
 31
0.0
  0
LINE
  5
347
330
17
100
AcDbEntity
  8
LJ-COTAS
100
AcDbLine
 10
89.5
 20
266.5
 30
0.0
 11
86.5
 21
269.5
 31
0.0
  0
MTEXT
  5
348
330
17
100
AcDbEntity
  8
LJ-COTAS
100
AcDbMText
 10
82.6
 20
216.5
 30
0.0
 40
6.0
 71
5
  1
paso 103
  7
LJ
 50
90.0
  0
LINE
  5
349
330
17
100
AcDbEntity
  8
LJ-COTAS
100
AcDbLine
 10
205.0
 20
20.0
 30
0.0
 11
320.0
 21
20.0
 31
0.0
  0
LINE
  5
34A
330
17
100
AcDbEntity
  8
LJ-COTAS
100
AcDbLine
 10
203.5
 20
18.5
 30
0.0
 11
206.5
 21
21.5
 31
0.0
  0
LINE
  5
34B
330
17
100
AcDbEntity
  8
LJ-COTAS
100
AcDbLine
 10
318.5
 20
18.5
 30
0.0
 11
321.5
 21
21.5
 31
0.0
  0
MTEXT
  5
34C
330
17
100
AcDbEntity
  8
LJ-COTAS
100
AcDbMText
 10
262.5
 20
25.4
 30
0.0
 40
6.0
 71
5
  1
paso 115
  7
LJ
  0
LWPOLYLINE
  5
34D
330
17
100
AcDbEntity
  8
LJ-COTAS
370
50
100
AcDbPolyline
 90
2
 70
0
 10
-25.0
 20
100.0
 10
-11.0
 20
100.0
  0
LWPOLYLINE
  5
34E
330
17
100
AcDbEntity
  8
LJ-COTAS
100
AcDbPolyline
 90
2
 70
0
 10
-18.0
 20
100.0
 10
-18.0
 20
111.0
  0
LWPOLYLINE
  5
34F
330
17
100
AcDbEntity
  8
LJ-COTAS
100
AcDbPolyline
 90
3
 70
0
 10
-20.5
 20
106.5
 10
-18.0
 20
111.0
 10
-15.5
 20
106.5
  0
MTEXT
  5
350
330
17
100
AcDbEntity
  8
LJ-COTAS
100
AcDbMText
 10
-11.0
 20
108.0
 30
0.0
 40
8.0
 71
5
  1
A
  7
LJ
  0
LWPOLYLINE
  5
351
330
17
100
AcDbEntity
  8
LJ-COTAS
370
50
100
AcDbPolyline
 90
2
 70
0
 10
185.0
 20
100.0
 10
199.0
 20
100.0
  0
LWPOLYLINE
  5
352
330
17
100
AcDbEntity
  8
LJ-COTAS
100
AcDbPolyline
 90
2
 70
0
 10
192.0
 20
100.0
 10
192.0
 20
111.0
  0
LWPOLYLINE
  5
353
330
17
100
AcDbEntity
  8
LJ-COTAS
100
AcDbPolyline
 90
3
 70
0
 10
189.5
 20
106.5
 10
192.0
 20
111.0
 10
194.5
 20
106.5
  0
MTEXT
  5
354
330
17
100
AcDbEntity
  8
LJ-COTAS
100
AcDbMText
 10
199.0
 20
108.0
 30
0.0
 40
8.0
 71
5
  1
A
  7
LJ
  0
INSERT
  5
355
330
17
100
AcDbEntity
  8
LJ-ALZADOS
100
AcDbBlockReference
  2
LJ_LIBRERIA_ALZ_292x240_4MOD
 10
0.0
 20
-600.0
 30
0.0
  0
LINE
  5
357
330
17
100
AcDbEntity
  8
LJ-COTAS
100
AcDbLine
 10
0.0
 20
-601.5
 30
0.0
 11
0.0
 21
-616.5
 31
0.0
  0
LINE
  5
358
330
17
100
AcDbEntity
  8
LJ-COTAS
100
AcDbLine
 10
73.0
 20
-601.5
 30
0.0
 11
73.0
 21
-616.5
 31
0.0
  0
LINE
  5
359
330
17
100
AcDbEntity
  8
LJ-COTAS
100
AcDbLine
 10
0.0
 20
-614.0
 30
0.0
 11
73.0
 21
-614.0
 31
0.0
  0
LINE
  5
35A
330
17
100
AcDbEntity
  8
LJ-COTAS
100
AcDbLine
 10
-1.5
 20
-615.5
 30
0.0
 11
1.5
 21
-612.5
 31
0.0
  0
LINE
  5
35B
330
17
100
AcDbEntity
  8
LJ-COTAS
100
AcDbLine
 10
71.5
 20
-615.5
 30
0.0
 11
74.5
 21
-612.5
 31
0.0
  0
MTEXT
  5
35C
330
17
100
AcDbEntity
  8
LJ-COTAS
100
AcDbMText
 10
36.5
 20
-619.4
 30
0.0
 40
6.0
 71
5
  1
73
  7
LJ
  0
LINE
  5
35D
330
17
100
AcDbEntity
  8
LJ-COTAS
100
AcDbLine
 10
73.0
 20
-601.5
 30
0.0
 11
73.0
 21
-616.5
 31
0.0
  0
LINE
  5
35E
330
17
100
AcDbEntity
  8
LJ-COTAS
100
AcDbLine
 10
146.0
 20
-601.5
 30
0.0
 11
146.0
 21
-616.5
 31
0.0
  0
LINE
  5
35F
330
17
100
AcDbEntity
  8
LJ-COTAS
100
AcDbLine
 10
73.0
 20
-614.0
 30
0.0
 11
146.0
 21
-614.0
 31
0.0
  0
LINE
  5
360
330
17
100
AcDbEntity
  8
LJ-COTAS
100
AcDbLine
 10
71.5
 20
-615.5
 30
0.0
 11
74.5
 21
-612.5
 31
0.0
  0
LINE
  5
361
330
17
100
AcDbEntity
  8
LJ-COTAS
100
AcDbLine
 10
144.5
 20
-615.5
 30
0.0
 11
147.5
 21
-612.5
 31
0.0
  0
MTEXT
  5
362
330
17
100
AcDbEntity
  8
LJ-COTAS
100
AcDbMText
 10
109.5
 20
-619.4
 30
0.0
 40
6.0
 71
5
  1
73
  7
LJ
  0
LINE
  5
363
330
17
100
AcDbEntity
  8
LJ-COTAS
100
AcDbLine
 10
146.0
 20
-601.5
 30
0.0
 11
146.0
 21
-616.5
 31
0.0
  0
LINE
  5
364
330
17
100
AcDbEntity
  8
LJ-COTAS
100
AcDbLine
 10
219.0
 20
-601.5
 30
0.0
 11
219.0
 21
-616.5
 31
0.0
  0
LINE
  5
365
330
17
100
AcDbEntity
  8
LJ-COTAS
100
AcDbLine
 10
146.0
 20
-614.0
 30
0.0
 11
219.0
 21
-614.0
 31
0.0
  0
LINE
  5
366
330
17
100
AcDbEntity
  8
LJ-COTAS
100
AcDbLine
 10
144.5
 20
-615.5
 30
0.0
 11
147.5
 21
-612.5
 31
0.0
  0
LINE
  5
367
330
17
100
AcDbEntity
  8
LJ-COTAS
100
AcDbLine
 10
217.5
 20
-615.5
 30
0.0
 11
220.5
 21
-612.5
 31
0.0
  0
MTEXT
  5
368
330
17
100
AcDbEntity
  8
LJ-COTAS
100
AcDbMText
 10
182.5
 20
-619.4
 30
0.0
 40
6.0
 71
5
  1
73
  7
LJ
  0
LINE
  5
369
330
17
100
AcDbEntity
  8
LJ-COTAS
100
AcDbLine
 10
219.0
 20
-601.5
 30
0.0
 11
219.0
 21
-616.5
 31
0.0
  0
LINE
  5
36A
330
17
100
AcDbEntity
  8
LJ-COTAS
100
AcDbLine
 10
292.0
 20
-601.5
 30
0.0
 11
292.0
 21
-616.5
 31
0.0
  0
LINE
  5
36B
330
17
100
AcDbEntity
  8
LJ-COTAS
100
AcDbLine
 10
219.0
 20
-614.0
 30
0.0
 11
292.0
 21
-614.0
 31
0.0
  0
LINE
  5
36C
330
17
100
AcDbEntity
  8
LJ-COTAS
100
AcDbLine
 10
217.5
 20
-615.5
 30
0.0
 11
220.5
 21
-612.5
 31
0.0
  0
LINE
  5
36D
330
17
100
AcDbEntity
  8
LJ-COTAS
100
AcDbLine
 10
290.5
 20
-615.5
 30
0.0
 11
293.5
 21
-612.5
 31
0.0
  0
MTEXT
  5
36E
330
17
100
AcDbEntity
  8
LJ-COTAS
100
AcDbMText
 10
255.5
 20
-619.4
 30
0.0
 40
6.0
 71
5
  1
73
  7
LJ
  0
LINE
  5
36F
330
17
100
AcDbEntity
  8
LJ-COTAS
100
AcDbLine
 10
0.0
 20
-601.5
 30
0.0
 11
0.0
 21
-630.5
 31
0.0
  0
LINE
  5
370
330
17
100
AcDbEntity
  8
LJ-COTAS
100
AcDbLine
 10
292.0
 20
-601.5
 30
0.0
 11
292.0
 21
-630.5
 31
0.0
  0
LINE
  5
371
330
17
100
AcDbEntity
  8
LJ-COTAS
100
AcDbLine
 10
0.0
 20
-628.0
 30
0.0
 11
292.0
 21
-628.0
 31
0.0
  0
LINE
  5
372
330
17
100
AcDbEntity
  8
LJ-COTAS
100
AcDbLine
 10
-1.5
 20
-629.5
 30
0.0
 11
1.5
 21
-626.5
 31
0.0
  0
LINE
  5
373
330
17
100
AcDbEntity
  8
LJ-COTAS
100
AcDbLine
 10
290.5
 20
-629.5
 30
0.0
 11
293.5
 21
-626.5
 31
0.0
  0
MTEXT
  5
374
330
17
100
AcDbEntity
  8
LJ-COTAS
100
AcDbMText
 10
146.0
 20
-633.4
 30
0.0
 40
6.0
 71
5
  1
292
  7
LJ
  0
LINE
  5
375
330
17
100
AcDbEntity
  8
LJ-COTAS
100
AcDbLine
 10
-1.5
 20
-600.0
 30
0.0
 11
-16.5
 21
-600.0
 31
0.0
  0
LINE
  5
376
330
17
100
AcDbEntity
  8
LJ-COTAS
100
AcDbLine
 10
-1.5
 20
-517.0
 30
0.0
 11
-16.5
 21
-517.0
 31
0.0
  0
LINE
  5
377
330
17
100
AcDbEntity
  8
LJ-COTAS
100
AcDbLine
 10
-14.0
 20
-600.0
 30
0.0
 11
-14.0
 21
-517.0
 31
0.0
  0
LINE
  5
378
330
17
100
AcDbEntity
  8
LJ-COTAS
100
AcDbLine
 10
-12.5
 20
-601.5
 30
0.0
 11
-15.5
 21
-598.5
 31
0.0
  0
LINE
  5
379
330
17
100
AcDbEntity
  8
LJ-COTAS
100
AcDbLine
 10
-12.5
 20
-518.5
 30
0.0
 11
-15.5
 21
-515.5
 31
0.0
  0
MTEXT
  5
37A
330
17
100
AcDbEntity
  8
LJ-COTAS
100
AcDbMText
 10
-19.4
 20
-558.5
 30
0.0
 40
6.0
 71
5
  1
83
  7
LJ
 50
90.0
  0
LINE
  5
37B
330
17
100
AcDbEntity
  8
LJ-COTAS
100
AcDbLine
 10
-1.5
 20
-517.0
 30
0.0
 11
-16.5
 21
-517.0
 31
0.0
  0
LINE
  5
37C
330
17
100
AcDbEntity
  8
LJ-COTAS
100
AcDbLine
 10
-1.5
 20
-360.0
 30
0.0
 11
-16.5
 21
-360.0
 31
0.0
  0
LINE
  5
37D
330
17
100
AcDbEntity
  8
LJ-COTAS
100
AcDbLine
 10
-14.0
 20
-517.0
 30
0.0
 11
-14.0
 21
-360.0
 31
0.0
  0
LINE
  5
37E
330
17
100
AcDbEntity
  8
LJ-COTAS
100
AcDbLine
 10
-12.5
 20
-518.5
 30
0.0
 11
-15.5
 21
-515.5
 31
0.0
  0
LINE
  5
37F
330
17
100
AcDbEntity
  8
LJ-COTAS
100
AcDbLine
 10
-12.5
 20
-361.5
 30
0.0
 11
-15.5
 21
-358.5
 31
0.0
  0
MTEXT
  5
380
330
17
100
AcDbEntity
  8
LJ-COTAS
100
AcDbMText
 10
-19.4
 20
-438.5
 30
0.0
 40
6.0
 71
5
  1
157
  7
LJ
 50
90.0
  0
LINE
  5
381
330
17
100
AcDbEntity
  8
LJ-COTAS
100
AcDbLine
 10
293.5
 20
-600.0
 30
0.0
 11
308.5
 21
-600.0
 31
0.0
  0
LINE
  5
382
330
17
100
AcDbEntity
  8
LJ-COTAS
100
AcDbLine
 10
293.5
 20
-360.0
 30
0.0
 11
308.5
 21
-360.0
 31
0.0
  0
LINE
  5
383
330
17
100
AcDbEntity
  8
LJ-COTAS
100
AcDbLine
 10
306.0
 20
-600.0
 30
0.0
 11
306.0
 21
-360.0
 31
0.0
  0
LINE
  5
384
330
17
100
AcDbEntity
  8
LJ-COTAS
100
AcDbLine
 10
307.5
 20
-601.5
 30
0.0
 11
304.5
 21
-598.5
 31
0.0
  0
LINE
  5
385
330
17
100
AcDbEntity
  8
LJ-COTAS
100
AcDbLine
 10
307.5
 20
-361.5
 30
0.0
 11
304.5
 21
-358.5
 31
0.0
  0
MTEXT
  5
386
330
17
100
AcDbEntity
  8
LJ-COTAS
100
AcDbMText
 10
311.4
 20
-480.0
 30
0.0
 40
6.0
 71
5
  1
240
  7
LJ
 50
90.0
  0
MTEXT
  5
387
330
17
100
AcDbEntity
  8
LJ-TEXTOS
100
AcDbMText
 10
146.0
 20
-648.0
 30
0.0
 40
10.0
 71
5
  1
ALZADO LIBRERIA
  7
LJ
  0
INSERT
  5
388
330
17
100
AcDbEntity
  8
LJ-ALZADOS
100
AcDbBlockReference
  2
LJ_BANCO_ALZ_165
 10
422.0
 20
-600.0
 30
0.0
  0
LINE
  5
38A
330
17
100
AcDbEntity
  8
LJ-COTAS
100
AcDbLine
 10
422.0
 20
-601.5
 30
0.0
 11
422.0
 21
-624.5
 31
0.0
  0
LINE
  5
38B
330
17
100
AcDbEntity
  8
LJ-COTAS
100
AcDbLine
 10
587.0
 20
-601.5
 30
0.0
 11
587.0
 21
-624.5
 31
0.0
  0
LINE
  5
38C
330
17
100
AcDbEntity
  8
LJ-COTAS
100
AcDbLine
 10
422.0
 20
-622.0
 30
0.0
 11
587.0
 21
-622.0
 31
0.0
  0
LINE
  5
38D
330
17
100
AcDbEntity
  8
LJ-COTAS
100
AcDbLine
 10
420.5
 20
-623.5
 30
0.0
 11
423.5
 21
-620.5
 31
0.0
  0
LINE
  5
38E
330
17
100
AcDbEntity
  8
LJ-COTAS
100
AcDbLine
 10
585.5
 20
-623.5
 30
0.0
 11
588.5
 21
-620.5
 31
0.0
  0
MTEXT
  5
38F
330
17
100
AcDbEntity
  8
LJ-COTAS
100
AcDbMText
 10
504.5
 20
-627.4
 30
0.0
 40
6.0
 71
5
  1
165
  7
LJ
  0
LINE
  5
390
330
17
100
AcDbEntity
  8
LJ-COTAS
100
AcDbLine
 10
588.5
 20
-600.0
 30
0.0
 11
603.5
 21
-600.0
 31
0.0
  0
LINE
  5
391
330
17
100
AcDbEntity
  8
LJ-COTAS
100
AcDbLine
 10
588.5
 20
-552.0
 30
0.0
 11
603.5
 21
-552.0
 31
0.0
  0
LINE
  5
392
330
17
100
AcDbEntity
  8
LJ-COTAS
100
AcDbLine
 10
601.0
 20
-600.0
 30
0.0
 11
601.0
 21
-552.0
 31
0.0
  0
LINE
  5
393
330
17
100
AcDbEntity
  8
LJ-COTAS
100
AcDbLine
 10
602.5
 20
-601.5
 30
0.0
 11
599.5
 21
-598.5
 31
0.0
  0
LINE
  5
394
330
17
100
AcDbEntity
  8
LJ-COTAS
100
AcDbLine
 10
602.5
 20
-553.5
 30
0.0
 11
599.5
 21
-550.5
 31
0.0
  0
MTEXT
  5
395
330
17
100
AcDbEntity
  8
LJ-COTAS
100
AcDbMText
 10
606.4
 20
-576.0
 30
0.0
 40
6.0
 71
5
  1
48
  7
LJ
 50
90.0
  0
LINE
  5
396
330
17
100
AcDbEntity
  8
LJ-COTAS
100
AcDbLine
 10
588.5
 20
-600.0
 30
0.0
 11
619.5
 21
-600.0
 31
0.0
  0
LINE
  5
397
330
17
100
AcDbEntity
  8
LJ-COTAS
100
AcDbLine
 10
588.5
 20
-510.0
 30
0.0
 11
619.5
 21
-510.0
 31
0.0
  0
LINE
  5
398
330
17
100
AcDbEntity
  8
LJ-COTAS
100
AcDbLine
 10
617.0
 20
-600.0
 30
0.0
 11
617.0
 21
-510.0
 31
0.0
  0
LINE
  5
399
330
17
100
AcDbEntity
  8
LJ-COTAS
100
AcDbLine
 10
618.5
 20
-601.5
 30
0.0
 11
615.5
 21
-598.5
 31
0.0
  0
LINE
  5
39A
330
17
100
AcDbEntity
  8
LJ-COTAS
100
AcDbLine
 10
618.5
 20
-511.5
 30
0.0
 11
615.5
 21
-508.5
 31
0.0
  0
MTEXT
  5
39B
330
17
100
AcDbEntity
  8
LJ-COTAS
100
AcDbMText
 10
622.4
 20
-555.0
 30
0.0
 40
6.0
 71
5
  1
90
  7
LJ
 50
90.0
  0
MTEXT
  5
39C
330
17
100
AcDbEntity
  8
LJ-TEXTOS
100
AcDbMText
 10
504.5
 20
-648.0
 30
0.0
 40
10.0
 71
5
  1
ALZADO BANCO (TRAMO LARGO, SIN MESA)
  7
LJ
  0
INSERT
  5
39D
330
17
100
AcDbEntity
  8
LJ-ALZADOS
100
AcDbBlockReference
  2
LJ_SECCION_A_90x120
 10
737.0
 20
-600.0
 30
0.0
  0
LINE
  5
39F
330
17
100
AcDbEntity
  8
LJ-COTAS
100
AcDbLine
 10
737.0
 20
-601.5
 30
0.0
 11
737.0
 21
-616.5
 31
0.0
  0
LINE
  5
3A0
330
17
100
AcDbEntity
  8
LJ-COTAS
100
AcDbLine
 10
787.0
 20
-601.5
 30
0.0
 11
787.0
 21
-616.5
 31
0.0
  0
LINE
  5
3A1
330
17
100
AcDbEntity
  8
LJ-COTAS
100
AcDbLine
 10
737.0
 20
-614.0
 30
0.0
 11
787.0
 21
-614.0
 31
0.0
  0
LINE
  5
3A2
330
17
100
AcDbEntity
  8
LJ-COTAS
100
AcDbLine
 10
735.5
 20
-615.5
 30
0.0
 11
738.5
 21
-612.5
 31
0.0
  0
LINE
  5
3A3
330
17
100
AcDbEntity
  8
LJ-COTAS
100
AcDbLine
 10
785.5
 20
-615.5
 30
0.0
 11
788.5
 21
-612.5
 31
0.0
  0
MTEXT
  5
3A4
330
17
100
AcDbEntity
  8
LJ-COTAS
100
AcDbMText
 10
762.0
 20
-619.4
 30
0.0
 40
6.0
 71
5
  1
50
  7
LJ
  0
LINE
  5
3A5
330
17
100
AcDbEntity
  8
LJ-COTAS
100
AcDbLine
 10
777.0
 20
-523.5
 30
0.0
 11
777.0
 21
-510.5
 31
0.0
  0
LINE
  5
3A6
330
17
100
AcDbEntity
  8
LJ-COTAS
100
AcDbLine
 10
867.0
 20
-523.5
 30
0.0
 11
867.0
 21
-510.5
 31
0.0
  0
LINE
  5
3A7
330
17
100
AcDbEntity
  8
LJ-COTAS
100
AcDbLine
 10
777.0
 20
-513.0
 30
0.0
 11
867.0
 21
-513.0
 31
0.0
  0
LINE
  5
3A8
330
17
100
AcDbEntity
  8
LJ-COTAS
100
AcDbLine
 10
775.5
 20
-514.5
 30
0.0
 11
778.5
 21
-511.5
 31
0.0
  0
LINE
  5
3A9
330
17
100
AcDbEntity
  8
LJ-COTAS
100
AcDbLine
 10
865.5
 20
-514.5
 30
0.0
 11
868.5
 21
-511.5
 31
0.0
  0
MTEXT
  5
3AA
330
17
100
AcDbEntity
  8
LJ-COTAS
100
AcDbMText
 10
822.0
 20
-507.6
 30
0.0
 40
6.0
 71
5
  1
90
  7
LJ
  0
LINE
  5
3AB
330
17
100
AcDbEntity
  8
LJ-COTAS
100
AcDbLine
 10
777.0
 20
-523.5
 30
0.0
 11
777.0
 21
-498.5
 31
0.0
  0
LINE
  5
3AC
330
17
100
AcDbEntity
  8
LJ-COTAS
100
AcDbLine
 10
787.0
 20
-523.5
 30
0.0
 11
787.0
 21
-498.5
 31
0.0
  0
LINE
  5
3AD
330
17
100
AcDbEntity
  8
LJ-COTAS
100
AcDbLine
 10
777.0
 20
-501.0
 30
0.0
 11
787.0
 21
-501.0
 31
0.0
  0
LINE
  5
3AE
330
17
100
AcDbEntity
  8
LJ-COTAS
100
AcDbLine
 10
775.5
 20
-502.5
 30
0.0
 11
778.5
 21
-499.5
 31
0.0
  0
LINE
  5
3AF
330
17
100
AcDbEntity
  8
LJ-COTAS
100
AcDbLine
 10
785.5
 20
-502.5
 30
0.0
 11
788.5
 21
-499.5
 31
0.0
  0
MTEXT
  5
3B0
330
17
100
AcDbEntity
  8
LJ-COTAS
100
AcDbMText
 10
782.0
 20
-495.6
 30
0.0
 40
6.0
 71
5
  1
10
  7
LJ
  0
LINE
  5
3B1
330
17
100
AcDbEntity
  8
LJ-COTAS
100
AcDbLine
 10
727.5
 20
-600.0
 30
0.0
 11
712.5
 21
-600.0
 31
0.0
  0
LINE
  5
3B2
330
17
100
AcDbEntity
  8
LJ-COTAS
100
AcDbLine
 10
727.5
 20
-552.0
 30
0.0
 11
712.5
 21
-552.0
 31
0.0
  0
LINE
  5
3B3
330
17
100
AcDbEntity
  8
LJ-COTAS
100
AcDbLine
 10
715.0
 20
-600.0
 30
0.0
 11
715.0
 21
-552.0
 31
0.0
  0
LINE
  5
3B4
330
17
100
AcDbEntity
  8
LJ-COTAS
100
AcDbLine
 10
716.5
 20
-601.5
 30
0.0
 11
713.5
 21
-598.5
 31
0.0
  0
LINE
  5
3B5
330
17
100
AcDbEntity
  8
LJ-COTAS
100
AcDbLine
 10
716.5
 20
-553.5
 30
0.0
 11
713.5
 21
-550.5
 31
0.0
  0
MTEXT
  5
3B6
330
17
100
AcDbEntity
  8
LJ-COTAS
100
AcDbMText
 10
709.6
 20
-576.0
 30
0.0
 40
6.0
 71
5
  1
48
  7
LJ
 50
90.0
  0
LINE
  5
3B7
330
17
100
AcDbEntity
  8
LJ-COTAS
100
AcDbLine
 10
930.5
 20
-600.0
 30
0.0
 11
941.5
 21
-600.0
 31
0.0
  0
LINE
  5
3B8
330
17
100
AcDbEntity
  8
LJ-COTAS
100
AcDbLine
 10
930.5
 20
-525.0
 30
0.0
 11
941.5
 21
-525.0
 31
0.0
  0
LINE
  5
3B9
330
17
100
AcDbEntity
  8
LJ-COTAS
100
AcDbLine
 10
939.0
 20
-600.0
 30
0.0
 11
939.0
 21
-525.0
 31
0.0
  0
LINE
  5
3BA
330
17
100
AcDbEntity
  8
LJ-COTAS
100
AcDbLine
 10
940.5
 20
-601.5
 30
0.0
 11
937.5
 21
-598.5
 31
0.0
  0
LINE
  5
3BB
330
17
100
AcDbEntity
  8
LJ-COTAS
100
AcDbLine
 10
940.5
 20
-526.5
 30
0.0
 11
937.5
 21
-523.5
 31
0.0
  0
MTEXT
  5
3BC
330
17
100
AcDbEntity
  8
LJ-COTAS
100
AcDbMText
 10
944.4
 20
-562.5
 30
0.0
 40
6.0
 71
5
  1
75
  7
LJ
 50
90.0
  0
LINE
  5
3BD
330
17
100
AcDbEntity
  8
LJ-COTAS
100
AcDbLine
 10
930.5
 20
-525.0
 30
0.0
 11
941.5
 21
-525.0
 31
0.0
  0
LINE
  5
3BE
330
17
100
AcDbEntity
  8
LJ-COTAS
100
AcDbLine
 10
930.5
 20
-455.0
 30
0.0
 11
941.5
 21
-455.0
 31
0.0
  0
LINE
  5
3BF
330
17
100
AcDbEntity
  8
LJ-COTAS
100
AcDbLine
 10
939.0
 20
-525.0
 30
0.0
 11
939.0
 21
-455.0
 31
0.0
  0
LINE
  5
3C0
330
17
100
AcDbEntity
  8
LJ-COTAS
100
AcDbLine
 10
940.5
 20
-526.5
 30
0.0
 11
937.5
 21
-523.5
 31
0.0
  0
LINE
  5
3C1
330
17
100
AcDbEntity
  8
LJ-COTAS
100
AcDbLine
 10
940.5
 20
-456.5
 30
0.0
 11
937.5
 21
-453.5
 31
0.0
  0
MTEXT
  5
3C2
330
17
100
AcDbEntity
  8
LJ-COTAS
100
AcDbMText
 10
944.4
 20
-490.0
 30
0.0
 40
6.0
 71
5
  1
70
  7
LJ
 50
90.0
  0
MTEXT
  5
3C3
330
17
100
AcDbEntity
  8
LJ-TEXTOS
100
AcDbMText
 10
812.0
 20
-648.0
 30
0.0
 40
10.0
 71
5
  1
SECCION A-A
  7
LJ
  0
ENDSEC
  0
SECTION
  2
OBJECTS
  0
DICTIONARY
  5
A
330
0
100
AcDbDictionary
281
1
  3
ACAD_COLOR
350
B
  3
ACAD_GROUP
350
C
  3
ACAD_LAYOUT
350
D
  3
ACAD_MATERIAL
350
E
  3
ACAD_MLEADERSTYLE
350
F
  3
ACAD_MLINESTYLE
350
10
  3
ACAD_PLOTSETTINGS
350
11
  3
ACAD_PLOTSTYLENAME
350
12
  3
ACAD_SCALELIST
350
14
  3
ACAD_TABLESTYLE
350
15
  3
ACAD_VISUALSTYLE
350
16
  3
EZDXF_META
350
2D
  0
DICTIONARY
  5
B
330
A
100
AcDbDictionary
281
1
  0
DICTIONARY
  5
C
330
A
100
AcDbDictionary
281
1
  0
DICTIONARY
  5
D
330
A
100
AcDbDictionary
281
1
  3
Model
350
1A
  3
Layout1
350
1E
  0
DICTIONARY
  5
E
330
A
100
AcDbDictionary
281
1
  3
ByBlock
350
1F
  3
ByLayer
350
20
  3
Global
350
21
  0
DICTIONARY
  5
F
330
A
100
AcDbDictionary
281
1
  3
Standard
350
2C
  0
DICTIONARY
  5
10
330
A
100
AcDbDictionary
281
1
  3
Standard
350
22
  0
DICTIONARY
  5
11
330
A
100
AcDbDictionary
281
1
  0
ACDBDICTIONARYWDFLT
  5
12
330
A
100
AcDbDictionary
281
1
  3
Normal
350
13
100
AcDbDictionaryWithDefault
340
13
  0
ACDBPLACEHOLDER
  5
13
330
12
  0
DICTIONARY
  5
14
330
A
100
AcDbDictionary
281
1
  0
DICTIONARY
  5
15
330
A
100
AcDbDictionary
281
1
  0
DICTIONARY
  5
16
330
A
100
AcDbDictionary
281
1
  3
2dWireframe
350
5A
  3
Basic
350
5B
  3
Brighten
350
5C
  3
ColorChange
350
5D
  3
Conceptual
350
5E
  3
Dim
350
5F
  3
EdgeColorOff
350
60
  3
Facepattern
350
61
  3
Flat
350
62
  3
FlatWithEdges
350
63
  3
Gouraud
350
64
  3
GouraudWithEdges
350
65
  3
Hidden
350
66
  3
JitterOff
350
67
  3
Linepattern
350
68
  3
Modeling
350
69
  3
OverhangOff
350
6A
  3
Realistic
350
6B
  3
Shaded
350
6C
  3
Shaded with edges
350
6D
  3
Shades of Gray
350
6E
  3
Sketchy
350
6F
  3
Thicken
350
70
  3
Wireframe
350
71
  3
X-Ray
350
72
  0
LAYOUT
  5
1A
330
D
100
AcDbPlotSettings
  1

  4
A3
  6

 40
7.5
 41
20.0
 42
7.5
 43
20.0
 44
420.0
 45
297.0
 46
0.0
 47
0.0
 48
0.0
 49
0.0
140
0.0
141
0.0
142
1.0
143
1.0
 70
1024
 72
1
 73
0
 74
5
  7

 75
16
 76
0
 77
2
 78
300
147
1.0
148
0.0
149
0.0
100
AcDbLayout
  1
Model
 70
1
 71
0
 10
0.0
 20
0.0
 11
420.0
 21
297.0
 12
0.0
 22
0.0
 32
0.0
 14
1e+20
 24
1e+20
 34
1e+20
 15
-1e+20
 25
-1e+20
 35
-1e+20
146
0.0
 13
0.0
 23
0.0
 33
0.0
 16
1.0
 26
0.0
 36
0.0
 17
0.0
 27
1.0
 37
0.0
 76
1
330
17
  0
LAYOUT
  5
1E
330
D
100
AcDbPlotSettings
  1

  4
A3
  6

 40
7.5
 41
20.0
 42
7.5
 43
20.0
 44
420.0
 45
297.0
 46
0.0
 47
0.0
 48
0.0
 49
0.0
140
0.0
141
0.0
142
1.0
143
1.0
 70
0
 72
1
 73
0
 74
5
  7

 75
16
 76
0
 77
2
 78
300
147
1.0
148
0.0
149
0.0
100
AcDbLayout
  1
Layout1
 70
1
 71
1
 10
0.0
 20
0.0
 11
420.0
 21
297.0
 12
0.0
 22
0.0
 32
0.0
 14
1e+20
 24
1e+20
 34
1e+20
 15
-1e+20
 25
-1e+20
 35
-1e+20
146
0.0
 13
0.0
 23
0.0
 33
0.0
 16
1.0
 26
0.0
 36
0.0
 17
0.0
 27
1.0
 37
0.0
 76
1
330
1B
  0
MATERIAL
  5
1F
102
{ACAD_REACTORS
330
E
102
}
330
E
100
AcDbMaterial
  1
ByBlock
  2

 70
0
 40
1.0
 71
1
 41
1.0
 91
-1023410177
 42
1.0
 72
1
  3

 73
1
 74
1
 75
1
 44
0.5
 73
0
 45
1.0
 46
1.0
 77
1
  4

 78
1
 79
1
170
1
 48
1.0
171
1
  6

172
1
173
1
174
1
140
1.0
141
1.0
175
1
  7

176
1
177
1
178
1
143
1.0
179
1
  8

270
1
271
1
272
1
145
1.0
146
1.0
273
1
  9

274
1
275
1
276
1
 42
1.0
 72
1
  3

 73
1
 74
1
 75
1
 94
63
  0
MATERIAL
  5
20
102
{ACAD_REACTORS
330
E
102
}
330
E
100
AcDbMaterial
  1
ByLayer
  2

 70
0
 40
1.0
 71
1
 41
1.0
 91
-1023410177
 42
1.0
 72
1
  3

 73
1
 74
1
 75
1
 44
0.5
 73
0
 45
1.0
 46
1.0
 77
1
  4

 78
1
 79
1
170
1
 48
1.0
171
1
  6

172
1
173
1
174
1
140
1.0
141
1.0
175
1
  7

176
1
177
1
178
1
143
1.0
179
1
  8

270
1
271
1
272
1
145
1.0
146
1.0
273
1
  9

274
1
275
1
276
1
 42
1.0
 72
1
  3

 73
1
 74
1
 75
1
 94
63
  0
MATERIAL
  5
21
102
{ACAD_REACTORS
330
E
102
}
330
E
100
AcDbMaterial
  1
Global
  2

 70
0
 40
1.0
 71
1
 41
1.0
 91
-1023410177
 42
1.0
 72
1
  3

 73
1
 74
1
 75
1
 44
0.5
 73
0
 45
1.0
 46
1.0
 77
1
  4

 78
1
 79
1
170
1
 48
1.0
171
1
  6

172
1
173
1
174
1
140
1.0
141
1.0
175
1
  7

176
1
177
1
178
1
143
1.0
179
1
  8

270
1
271
1
272
1
145
1.0
146
1.0
273
1
  9

274
1
275
1
276
1
 42
1.0
 72
1
  3

 73
1
 74
1
 75
1
 94
63
  0
MLINESTYLE
  5
22
102
{ACAD_REACTORS
330
10
102
}
330
10
100
AcDbMlineStyle
  2
Standard
 70
0
  3

 62
256
 51
90.0
 52
90.0
 71
2
 49
0.5
 62
256
  6
BYLAYER
 49
-0.5
 62
256
  6
BYLAYER
  0
MLEADERSTYLE
  5
2C
102
{ACAD_REACTORS
330
F
102
}
330
F
100
AcDbMLeaderStyle
179
2
170
2
171
1
172
0
 90
2
 40
0.0
 41
0.0
173
1
 91
-1056964608
 92
-2
290
1
 42
2.0
291
1
 43
8.0
  3
Standard
 44
4.0
300

342
29
174
1
175
1
176
0
178
1
 93
-1056964608
 45
4.0
292
0
297
0
 46
4.0
 94
-1056964608
 47
1.0
 49
1.0
140
1.0
294
1
141
0.0
177
0
142
1.0
295
0
296
0
143
3.75
271
0
272
9
273
9
  0
DICTIONARY
  5
2D
330
A
100
AcDbDictionary
280
1
281
1
  3
CREATED_BY_EZDXF
350
2E
  3
WRITTEN_BY_EZDXF
350
3C6
  0
DICTIONARYVAR
  5
2E
330
2D
100
DictionaryVariables
280
0
  1
1.4.4 @ 2026-09-29T13:18:33.960107+00:00
  0
VISUALSTYLE
  5
5A
102
{ACAD_REACTORS
330
16
102
}
330
16
100
AcDbVisualStyle
  2
2dWireframe
 70
4
177
3
291
0
 70
58
 90
2
176
1
 90
2
176
1
 90
0
176
1
 90
0
176
1
 40
0.6
176
1
 40
30.0
176
1
 62
7
420
16777215
176
1
 90
1
176
1
 90
4
176
1
 62
7
176
1
 62
257
176
1
 90
1
176
1
 90
1
176
1
 40
1.0
176
1
 90
8
176
1
 62
7
176
1
 40
1.0
176
1
 90
1
176
1
 90
6
176
1
 90
2
176
1
 62
7
176
1
 90
5
176
1
 90
0
176
1
 90
0
176
1
290
0
176
1
 90
1
176
1
 40
0.0
176
1
 90
0
176
1
290
1
176
1
290
1
176
1
290
0
176
1
290
0
176
1
290
0
176
1
290
0
176
1
290
0
176
1
290
0
176
1
290
0
176
1
 90
50
176
1
 40
0.0
176
1
 40
1.0
176
1
 90
0
176
1
 62
18
420
0
176
1
 90
50
176
1
 90
3
176
1
 62
5
420
255
176
1
290
0
176
1
 90
50
176
1
 90
50
176
1
 90
50
176
1
290
0
176
1
 90
50
176
1
 62
256
176
0
 40
1.0
176
0
 90
2
176
1
  1
strokes_ogs.tif
176
1
290
0
176
1
 40
1.0
176
1
 40
1.0
176
1
  0
VISUALSTYLE
  5
5B
102
{ACAD_REACTORS
330
16
102
}
330
16
100
AcDbVisualStyle
  2
Basic
 70
7
177
3
291
1
 70
58
 90
2
176
1
 90
2
176
1
 90
0
176
1
 90
1
176
1
 40
0.6
176
1
 40
30.0
176
1
 62
7
420
16777215
176
1
 90
1
176
1
 90
4
176
1
 62
7
176
1
 62
257
176
1
 90
1
176
1
 90
1
176
1
 40
1.0
176
1
 90
8
176
1
 62
7
176
1
 40
1.0
176
1
 90
1
176
1
 90
6
176
1
 90
2
176
1
 62
7
176
1
 90
5
176
1
 90
0
176
1
 90
0
176
1
290
0
176
1
 90
1
176
1
 40
0.0
176
1
 90
0
176
1
290
0
176
1
290
1
176
1
290
1
176
1
290
0
176
1
290
0
176
1
290
0
176
1
290
0
176
1
290
0
176
1
290
0
176
1
 90
50
176
1
 40
0.0
176
1
 40
1.0
176
1
 90
0
176
1
 62
18
420
0
176
1
 90
50
176
1
 90
3
176
1
 62
5
420
255
176
1
290
0
176
1
 90
50
176
1
 90
50
176
1
 90
50
176
1
290
0
176
1
 90
50
176
1
 62
256
176
0
 40
1.0
176
0
 90
2
176
1
  1
strokes_ogs.tif
176
1
290
0
176
1
 40
1.0
176
1
 40
1.0
176
1
  0
VISUALSTYLE
  5
5C
102
{ACAD_REACTORS
330
16
102
}
330
16
100
AcDbVisualStyle
  2
Brighten
 70
12
177
3
291
1
 70
58
 90
2
176
1
 90
2
176
1
 90
0
176
1
 90
2
176
1
 40
0.6
176
1
 40
30.0
176
1
 62
7
420
16777215
176
1
 90
1
176
1
 90
4
176
1
 62
7
176
1
 62
257
176
1
 90
1
176
1
 90
1
176
1
 40
1.0
176
1
 90
8
176
1
 62
7
176
1
 40
1.0
176
1
 90
1
176
1
 90
6
176
1
 90
2
176
1
 62
7
176
1
 90
5
176
1
 90
0
176
1
 90
0
176
1
290
0
176
1
 90
1
176
1
 40
0.0
176
1
 90
0
176
1
290
0
176
1
290
1
176
1
290
1
176
1
290
0
176
1
290
0
176
1
290
0
176
1
290
0
176
1
290
0
176
1
290
0
176
1
 90
50
176
1
 40
0.0
176
1
 40
1.0
176
1
 90
0
176
1
 62
18
420
0
176
1
 90
50
176
1
 90
3
176
1
 62
5
420
255
176
1
290
0
176
1
 90
50
176
1
 90
50
176
1
 90
50
176
1
290
0
176
1
 90
50
176
1
 62
256
176
0
 40
1.0
176
0
 90
2
176
1
  1
strokes_ogs.tif
176
1
290
0
176
1
 40
1.0
176
1
 40
1.0
176
1
  0
VISUALSTYLE
  5
5D
102
{ACAD_REACTORS
330
16
102
}
330
16
100
AcDbVisualStyle
  2
ColorChange
 70
16
177
3
291
1
 70
58
 90
2
176
1
 90
2
176
1
 90
0
176
1
 90
2
176
1
 40
0.6
176
1
 40
30.0
176
1
 62
7
420
16777215
176
1
 90
1
176
1
 90
4
176
1
 62
7
176
1
 62
257
176
1
 90
1
176
1
 90
1
176
1
 40
1.0
176
1
 90
8
176
1
 62
7
176
1
 40
1.0
176
1
 90
1
176
1
 90
6
176
1
 90
2
176
1
 62
7
176
1
 90
5
176
1
 90
0
176
1
 90
0
176
1
290
0
176
1
 90
1
176
1
 40
0.0
176
1
 90
0
176
1
290
0
176
1
290
1
176
1
290
1
176
1
290
0
176
1
290
0
176
1
290
0
176
1
290
0
176
1
290
0
176
1
290
0
176
1
 90
50
176
1
 40
0.0
176
1
 40
1.0
176
1
 90
0
176
1
 62
18
420
0
176
1
 90
50
176
1
 90
3
176
1
 62
5
420
255
176
1
290
0
176
1
 90
50
176
1
 90
50
176
1
 90
50
176
1
290
0
176
1
 90
50
176
1
 62
256
176
0
 40
1.0
176
0
 90
2
176
1
  1
strokes_ogs.tif
176
1
290
0
176
1
 40
1.0
176
1
 40
1.0
176
1
  0
VISUALSTYLE
  5
5E
102
{ACAD_REACTORS
330
16
102
}
330
16
100
AcDbVisualStyle
  2
Conceptual
 70
9
177
3
291
0
 70
58
 90
2
176
1
 90
2
176
1
 90
0
176
1
 90
3
176
1
 40
0.6
176
1
 40
30.0
176
1
 62
7
420
16777215
176
1
 90
1
176
1
 90
4
176
1
 62
7
176
1
 62
257
176
1
 90
1
176
1
 90
1
176
1
 40
1.0
176
1
 90
8
176
1
 62
7
176
1
 40
1.0
176
1
 90
1
176
1
 90
6
176
1
 90
2
176
1
 62
7
176
1
 90
5
176
1
 90
0
176
1
 90
0
176
1
290
0
176
1
 90
1
176
1
 40
0.0
176
1
 90
0
176
1
290
0
176
1
290
1
176
1
290
1
176
1
290
0
176
1
290
0
176
1
290
0
176
1
290
0
176
1
290
0
176
1
290
0
176
1
 90
50
176
1
 40
0.0
176
1
 40
1.0
176
1
 90
0
176
1
 62
18
420
0
176
1
 90
50
176
1
 90
3
176
1
 62
5
420
255
176
1
290
0
176
1
 90
50
176
1
 90
50
176
1
 90
50
176
1
290
0
176
1
 90
50
176
1
 62
256
176
0
 40
1.0
176
0
 90
2
176
1
  1
strokes_ogs.tif
176
1
290
0
176
1
 40
1.0
176
1
 40
1.0
176
1
  0
VISUALSTYLE
  5
5F
102
{ACAD_REACTORS
330
16
102
}
330
16
100
AcDbVisualStyle
  2
Dim
 70
11
177
3
291
1
 70
58
 90
2
176
1
 90
2
176
1
 90
0
176
1
 90
2
176
1
 40
0.6
176
1
 40
30.0
176
1
 62
7
420
16777215
176
1
 90
1
176
1
 90
4
176
1
 62
7
176
1
 62
257
176
1
 90
1
176
1
 90
1
176
1
 40
1.0
176
1
 90
8
176
1
 62
7
176
1
 40
1.0
176
1
 90
1
176
1
 90
6
176
1
 90
2
176
1
 62
7
176
1
 90
5
176
1
 90
0
176
1
 90
0
176
1
290
0
176
1
 90
1
176
1
 40
0.0
176
1
 90
0
176
1
290
0
176
1
290
1
176
1
290
1
176
1
290
0
176
1
290
0
176
1
290
0
176
1
290
0
176
1
290
0
176
1
290
0
176
1
 90
50
176
1
 40
0.0
176
1
 40
1.0
176
1
 90
0
176
1
 62
18
420
0
176
1
 90
50
176
1
 90
3
176
1
 62
5
420
255
176
1
290
0
176
1
 90
50
176
1
 90
50
176
1
 90
50
176
1
290
0
176
1
 90
50
176
1
 62
256
176
0
 40
1.0
176
0
 90
2
176
1
  1
strokes_ogs.tif
176
1
290
0
176
1
 40
1.0
176
1
 40
1.0
176
1
  0
VISUALSTYLE
  5
60
102
{ACAD_REACTORS
330
16
102
}
330
16
100
AcDbVisualStyle
  2
EdgeColorOff
 70
22
177
3
291
1
 70
58
 90
2
176
1
 90
2
176
1
 90
0
176
1
 90
2
176
1
 40
0.6
176
1
 40
30.0
176
1
 62
7
420
16777215
176
1
 90
1
176
1
 90
4
176
1
 62
7
176
1
 62
257
176
1
 90
1
176
1
 90
1
176
1
 40
1.0
176
1
 90
8
176
1
 62
7
176
1
 40
1.0
176
1
 90
1
176
1
 90
6
176
1
 90
2
176
1
 62
7
176
1
 90
5
176
1
 90
0
176
1
 90
0
176
1
290
0
176
1
 90
1
176
1
 40
0.0
176
1
 90
0
176
1
290
0
176
1
290
1
176
1
290
1
176
1
290
0
176
1
290
0
176
1
290
0
176
1
290
0
176
1
290
0
176
1
290
0
176
1
 90
50
176
1
 40
0.0
176
1
 40
1.0
176
1
 90
0
176
1
 62
18
420
0
176
1
 90
50
176
1
 90
3
176
1
 62
5
420
255
176
1
290
0
176
1
 90
50
176
1
 90
50
176
1
 90
50
176
1
290
0
176
1
 90
50
176
1
 62
256
176
0
 40
1.0
176
0
 90
2
176
1
  1
strokes_ogs.tif
176
1
290
0
176
1
 40
1.0
176
1
 40
1.0
176
1
  0
VISUALSTYLE
  5
61
102
{ACAD_REACTORS
330
16
102
}
330
16
100
AcDbVisualStyle
  2
Facepattern
 70
15
177
3
291
1
 70
58
 90
2
176
1
 90
2
176
1
 90
0
176
1
 90
2
176
1
 40
0.6
176
1
 40
30.0
176
1
 62
7
420
16777215
176
1
 90
1
176
1
 90
4
176
1
 62
7
176
1
 62
257
176
1
 90
1
176
1
 90
1
176
1
 40
1.0
176
1
 90
8
176
1
 62
7
176
1
 40
1.0
176
1
 90
1
176
1
 90
6
176
1
 90
2
176
1
 62
7
176
1
 90
5
176
1
 90
0
176
1
 90
0
176
1
290
0
176
1
 90
1
176
1
 40
0.0
176
1
 90
0
176
1
290
0
176
1
290
1
176
1
290
1
176
1
290
0
176
1
290
0
176
1
290
0
176
1
290
0
176
1
290
0
176
1
290
0
176
1
 90
50
176
1
 40
0.0
176
1
 40
1.0
176
1
 90
0
176
1
 62
18
420
0
176
1
 90
50
176
1
 90
3
176
1
 62
5
420
255
176
1
290
0
176
1
 90
50
176
1
 90
50
176
1
 90
50
176
1
290
0
176
1
 90
50
176
1
 62
256
176
0
 40
1.0
176
0
 90
2
176
1
  1
strokes_ogs.tif
176
1
290
0
176
1
 40
1.0
176
1
 40
1.0
176
1
  0
VISUALSTYLE
  5
62
102
{ACAD_REACTORS
330
16
102
}
330
16
100
AcDbVisualStyle
  2
Flat
 70
0
177
3
291
1
 70
58
 90
2
176
1
 90
2
176
1
 90
0
176
1
 90
2
176
1
 40
0.6
176
1
 40
30.0
176
1
 62
7
420
16777215
176
1
 90
1
176
1
 90
4
176
1
 62
7
176
1
 62
257
176
1
 90
1
176
1
 90
1
176
1
 40
1.0
176
1
 90
8
176
1
 62
7
176
1
 40
1.0
176
1
 90
1
176
1
 90
6
176
1
 90
2
176
1
 62
7
176
1
 90
5
176
1
 90
0
176
1
 90
0
176
1
290
0
176
1
 90
1
176
1
 40
0.0
176
1
 90
0
176
1
290
0
176
1
290
1
176
1
290
1
176
1
290
0
176
1
290
0
176
1
290
0
176
1
290
0
176
1
290
0
176
1
290
0
176
1
 90
50
176
1
 40
0.0
176
1
 40
1.0
176
1
 90
0
176
1
 62
18
420
0
176
1
 90
50
176
1
 90
3
176
1
 62
5
420
255
176
1
290
0
176
1
 90
50
176
1
 90
50
176
1
 90
50
176
1
290
0
176
1
 90
50
176
1
 62
256
176
0
 40
1.0
176
0
 90
2
176
1
  1
strokes_ogs.tif
176
1
290
0
176
1
 40
1.0
176
1
 40
1.0
176
1
  0
VISUALSTYLE
  5
63
102
{ACAD_REACTORS
330
16
102
}
330
16
100
AcDbVisualStyle
  2
FlatWithEdges
 70
1
177
3
291
1
 70
58
 90
2
176
1
 90
2
176
1
 90
0
176
1
 90
2
176
1
 40
0.6
176
1
 40
30.0
176
1
 62
7
420
16777215
176
1
 90
1
176
1
 90
4
176
1
 62
7
176
1
 62
257
176
1
 90
1
176
1
 90
1
176
1
 40
1.0
176
1
 90
8
176
1
 62
7
176
1
 40
1.0
176
1
 90
1
176
1
 90
6
176
1
 90
2
176
1
 62
7
176
1
 90
5
176
1
 90
0
176
1
 90
0
176
1
290
0
176
1
 90
1
176
1
 40
0.0
176
1
 90
0
176
1
290
0
176
1
290
1
176
1
290
1
176
1
290
0
176
1
290
0
176
1
290
0
176
1
290
0
176
1
290
0
176
1
290
0
176
1
 90
50
176
1
 40
0.0
176
1
 40
1.0
176
1
 90
0
176
1
 62
18
420
0
176
1
 90
50
176
1
 90
3
176
1
 62
5
420
255
176
1
290
0
176
1
 90
50
176
1
 90
50
176
1
 90
50
176
1
290
0
176
1
 90
50
176
1
 62
256
176
0
 40
1.0
176
0
 90
2
176
1
  1
strokes_ogs.tif
176
1
290
0
176
1
 40
1.0
176
1
 40
1.0
176
1
  0
VISUALSTYLE
  5
64
102
{ACAD_REACTORS
330
16
102
}
330
16
100
AcDbVisualStyle
  2
Gouraud
 70
2
177
3
291
1
 70
58
 90
2
176
1
 90
2
176
1
 90
0
176
1
 90
2
176
1
 40
0.6
176
1
 40
30.0
176
1
 62
7
420
16777215
176
1
 90
1
176
1
 90
4
176
1
 62
7
176
1
 62
257
176
1
 90
1
176
1
 90
1
176
1
 40
1.0
176
1
 90
8
176
1
 62
7
176
1
 40
1.0
176
1
 90
1
176
1
 90
6
176
1
 90
2
176
1
 62
7
176
1
 90
5
176
1
 90
0
176
1
 90
0
176
1
290
0
176
1
 90
1
176
1
 40
0.0
176
1
 90
0
176
1
290
0
176
1
290
1
176
1
290
1
176
1
290
0
176
1
290
0
176
1
290
0
176
1
290
0
176
1
290
0
176
1
290
0
176
1
 90
50
176
1
 40
0.0
176
1
 40
1.0
176
1
 90
0
176
1
 62
18
420
0
176
1
 90
50
176
1
 90
3
176
1
 62
5
420
255
176
1
290
0
176
1
 90
50
176
1
 90
50
176
1
 90
50
176
1
290
0
176
1
 90
50
176
1
 62
256
176
0
 40
1.0
176
0
 90
2
176
1
  1
strokes_ogs.tif
176
1
290
0
176
1
 40
1.0
176
1
 40
1.0
176
1
  0
VISUALSTYLE
  5
65
102
{ACAD_REACTORS
330
16
102
}
330
16
100
AcDbVisualStyle
  2
GouraudWithEdges
 70
3
177
3
291
1
 70
58
 90
2
176
1
 90
2
176
1
 90
0
176
1
 90
2
176
1
 40
0.6
176
1
 40
30.0
176
1
 62
7
420
16777215
176
1
 90
1
176
1
 90
4
176
1
 62
7
176
1
 62
257
176
1
 90
1
176
1
 90
1
176
1
 40
1.0
176
1
 90
8
176
1
 62
7
176
1
 40
1.0
176
1
 90
1
176
1
 90
6
176
1
 90
2
176
1
 62
7
176
1
 90
5
176
1
 90
0
176
1
 90
0
176
1
290
0
176
1
 90
1
176
1
 40
0.0
176
1
 90
0
176
1
290
0
176
1
290
1
176
1
290
1
176
1
290
0
176
1
290
0
176
1
290
0
176
1
290
0
176
1
290
0
176
1
290
0
176
1
 90
50
176
1
 40
0.0
176
1
 40
1.0
176
1
 90
0
176
1
 62
18
420
0
176
1
 90
50
176
1
 90
3
176
1
 62
5
420
255
176
1
290
0
176
1
 90
50
176
1
 90
50
176
1
 90
50
176
1
290
0
176
1
 90
50
176
1
 62
256
176
0
 40
1.0
176
0
 90
2
176
1
  1
strokes_ogs.tif
176
1
290
0
176
1
 40
1.0
176
1
 40
1.0
176
1
  0
VISUALSTYLE
  5
66
102
{ACAD_REACTORS
330
16
102
}
330
16
100
AcDbVisualStyle
  2
Hidden
 70
6
177
3
291
0
 70
58
 90
2
176
1
 90
2
176
1
 90
0
176
1
 90
1
176
1
 40
0.6
176
1
 40
30.0
176
1
 62
7
420
16777215
176
1
 90
1
176
1
 90
4
176
1
 62
7
176
1
 62
257
176
1
 90
1
176
1
 90
1
176
1
 40
1.0
176
1
 90
8
176
1
 62
7
176
1
 40
1.0
176
1
 90
1
176
1
 90
6
176
1
 90
2
176
1
 62
7
176
1
 90
5
176
1
 90
0
176
1
 90
0
176
1
290
0
176
1
 90
1
176
1
 40
0.0
176
1
 90
0
176
1
290
0
176
1
290
1
176
1
290
1
176
1
290
0
176
1
290
0
176
1
290
0
176
1
290
0
176
1
290
0
176
1
290
0
176
1
 90
50
176
1
 40
0.0
176
1
 40
1.0
176
1
 90
0
176
1
 62
18
420
0
176
1
 90
50
176
1
 90
3
176
1
 62
5
420
255
176
1
290
0
176
1
 90
50
176
1
 90
50
176
1
 90
50
176
1
290
0
176
1
 90
50
176
1
 62
256
176
0
 40
1.0
176
0
 90
2
176
1
  1
strokes_ogs.tif
176
1
290
0
176
1
 40
1.0
176
1
 40
1.0
176
1
  0
VISUALSTYLE
  5
67
102
{ACAD_REACTORS
330
16
102
}
330
16
100
AcDbVisualStyle
  2
JitterOff
 70
20
177
3
291
1
 70
58
 90
2
176
1
 90
2
176
1
 90
0
176
1
 90
2
176
1
 40
0.6
176
1
 40
30.0
176
1
 62
7
420
16777215
176
1
 90
1
176
1
 90
4
176
1
 62
7
176
1
 62
257
176
1
 90
1
176
1
 90
1
176
1
 40
1.0
176
1
 90
8
176
1
 62
7
176
1
 40
1.0
176
1
 90
1
176
1
 90
6
176
1
 90
2
176
1
 62
7
176
1
 90
5
176
1
 90
0
176
1
 90
0
176
1
290
0
176
1
 90
1
176
1
 40
0.0
176
1
 90
0
176
1
290
0
176
1
290
1
176
1
290
1
176
1
290
0
176
1
290
0
176
1
290
0
176
1
290
0
176
1
290
0
176
1
290
0
176
1
 90
50
176
1
 40
0.0
176
1
 40
1.0
176
1
 90
0
176
1
 62
18
420
0
176
1
 90
50
176
1
 90
3
176
1
 62
5
420
255
176
1
290
0
176
1
 90
50
176
1
 90
50
176
1
 90
50
176
1
290
0
176
1
 90
50
176
1
 62
256
176
0
 40
1.0
176
0
 90
2
176
1
  1
strokes_ogs.tif
176
1
290
0
176
1
 40
1.0
176
1
 40
1.0
176
1
  0
VISUALSTYLE
  5
68
102
{ACAD_REACTORS
330
16
102
}
330
16
100
AcDbVisualStyle
  2
Linepattern
 70
14
177
3
291
1
 70
58
 90
2
176
1
 90
2
176
1
 90
0
176
1
 90
2
176
1
 40
0.6
176
1
 40
30.0
176
1
 62
7
420
16777215
176
1
 90
1
176
1
 90
4
176
1
 62
7
176
1
 62
257
176
1
 90
1
176
1
 90
1
176
1
 40
1.0
176
1
 90
8
176
1
 62
7
176
1
 40
1.0
176
1
 90
1
176
1
 90
6
176
1
 90
2
176
1
 62
7
176
1
 90
5
176
1
 90
0
176
1
 90
0
176
1
290
0
176
1
 90
1
176
1
 40
0.0
176
1
 90
0
176
1
290
0
176
1
290
1
176
1
290
1
176
1
290
0
176
1
290
0
176
1
290
0
176
1
290
0
176
1
290
0
176
1
290
0
176
1
 90
50
176
1
 40
0.0
176
1
 40
1.0
176
1
 90
0
176
1
 62
18
420
0
176
1
 90
50
176
1
 90
3
176
1
 62
5
420
255
176
1
290
0
176
1
 90
50
176
1
 90
50
176
1
 90
50
176
1
290
0
176
1
 90
50
176
1
 62
256
176
0
 40
1.0
176
0
 90
2
176
1
  1
strokes_ogs.tif
176
1
290
0
176
1
 40
1.0
176
1
 40
1.0
176
1
  0
VISUALSTYLE
  5
69
102
{ACAD_REACTORS
330
16
102
}
330
16
100
AcDbVisualStyle
  2
Modeling
 70
10
177
3
291
0
 70
58
 90
2
176
1
 90
2
176
1
 90
0
176
1
 90
2
176
1
 40
0.6
176
1
 40
30.0
176
1
 62
7
420
16777215
176
1
 90
1
176
1
 90
4
176
1
 62
7
176
1
 62
257
176
1
 90
1
176
1
 90
1
176
1
 40
1.0
176
1
 90
8
176
1
 62
7
176
1
 40
1.0
176
1
 90
1
176
1
 90
6
176
1
 90
2
176
1
 62
7
176
1
 90
5
176
1
 90
0
176
1
 90
0
176
1
290
0
176
1
 90
1
176
1
 40
0.0
176
1
 90
0
176
1
290
0
176
1
290
1
176
1
290
1
176
1
290
0
176
1
290
0
176
1
290
0
176
1
290
0
176
1
290
0
176
1
290
0
176
1
 90
50
176
1
 40
0.0
176
1
 40
1.0
176
1
 90
0
176
1
 62
18
420
0
176
1
 90
50
176
1
 90
3
176
1
 62
5
420
255
176
1
290
0
176
1
 90
50
176
1
 90
50
176
1
 90
50
176
1
290
0
176
1
 90
50
176
1
 62
256
176
0
 40
1.0
176
0
 90
2
176
1
  1
strokes_ogs.tif
176
1
290
0
176
1
 40
1.0
176
1
 40
1.0
176
1
  0
VISUALSTYLE
  5
6A
102
{ACAD_REACTORS
330
16
102
}
330
16
100
AcDbVisualStyle
  2
OverhangOff
 70
21
177
3
291
1
 70
58
 90
2
176
1
 90
2
176
1
 90
0
176
1
 90
2
176
1
 40
0.6
176
1
 40
30.0
176
1
 62
7
420
16777215
176
1
 90
1
176
1
 90
4
176
1
 62
7
176
1
 62
257
176
1
 90
1
176
1
 90
1
176
1
 40
1.0
176
1
 90
8
176
1
 62
7
176
1
 40
1.0
176
1
 90
1
176
1
 90
6
176
1
 90
2
176
1
 62
7
176
1
 90
5
176
1
 90
0
176
1
 90
0
176
1
290
0
176
1
 90
1
176
1
 40
0.0
176
1
 90
0
176
1
290
0
176
1
290
1
176
1
290
1
176
1
290
0
176
1
290
0
176
1
290
0
176
1
290
0
176
1
290
0
176
1
290
0
176
1
 90
50
176
1
 40
0.0
176
1
 40
1.0
176
1
 90
0
176
1
 62
18
420
0
176
1
 90
50
176
1
 90
3
176
1
 62
5
420
255
176
1
290
0
176
1
 90
50
176
1
 90
50
176
1
 90
50
176
1
290
0
176
1
 90
50
176
1
 62
256
176
0
 40
1.0
176
0
 90
2
176
1
  1
strokes_ogs.tif
176
1
290
0
176
1
 40
1.0
176
1
 40
1.0
176
1
  0
VISUALSTYLE
  5
6B
102
{ACAD_REACTORS
330
16
102
}
330
16
100
AcDbVisualStyle
  2
Realistic
 70
8
177
3
291
0
 70
58
 90
2
176
1
 90
2
176
1
 90
0
176
1
 90
2
176
1
 40
0.6
176
1
 40
30.0
176
1
 62
7
420
16777215
176
1
 90
1
176
1
 90
4
176
1
 62
7
176
1
 62
257
176
1
 90
1
176
1
 90
1
176
1
 40
1.0
176
1
 90
8
176
1
 62
7
176
1
 40
1.0
176
1
 90
1
176
1
 90
6
176
1
 90
2
176
1
 62
7
176
1
 90
5
176
1
 90
0
176
1
 90
0
176
1
290
0
176
1
 90
1
176
1
 40
0.0
176
1
 90
0
176
1
290
0
176
1
290
1
176
1
290
1
176
1
290
0
176
1
290
0
176
1
290
0
176
1
290
0
176
1
290
0
176
1
290
0
176
1
 90
50
176
1
 40
0.0
176
1
 40
1.0
176
1
 90
0
176
1
 62
18
420
0
176
1
 90
50
176
1
 90
3
176
1
 62
5
420
255
176
1
290
0
176
1
 90
50
176
1
 90
50
176
1
 90
50
176
1
290
0
176
1
 90
50
176
1
 62
256
176
0
 40
1.0
176
0
 90
2
176
1
  1
strokes_ogs.tif
176
1
290
0
176
1
 40
1.0
176
1
 40
1.0
176
1
  0
VISUALSTYLE
  5
6C
102
{ACAD_REACTORS
330
16
102
}
330
16
100
AcDbVisualStyle
  2
Shaded
 70
27
177
3
291
0
 70
58
 90
2
176
1
 90
2
176
1
 90
0
176
1
 90
2
176
1
 40
0.6
176
1
 40
30.0
176
1
 62
7
420
16777215
176
1
 90
1
176
1
 90
4
176
1
 62
7
176
1
 62
257
176
1
 90
1
176
1
 90
1
176
1
 40
1.0
176
1
 90
8
176
1
 62
7
176
1
 40
1.0
176
1
 90
1
176
1
 90
6
176
1
 90
2
176
1
 62
7
176
1
 90
5
176
1
 90
0
176
1
 90
0
176
1
290
0
176
1
 90
1
176
1
 40
0.0
176
1
 90
0
176
1
290
0
176
1
290
1
176
1
290
1
176
1
290
0
176
1
290
0
176
1
290
0
176
1
290
0
176
1
290
0
176
1
290
0
176
1
 90
50
176
1
 40
0.0
176
1
 40
1.0
176
1
 90
0
176
1
 62
18
420
0
176
1
 90
50
176
1
 90
3
176
1
 62
5
420
255
176
1
290
0
176
1
 90
50
176
1
 90
50
176
1
 90
50
176
1
290
0
176
1
 90
50
176
1
 62
256
176
0
 40
1.0
176
0
 90
2
176
1
  1
strokes_ogs.tif
176
1
290
0
176
1
 40
1.0
176
1
 40
1.0
176
1
  0
VISUALSTYLE
  5
6D
102
{ACAD_REACTORS
330
16
102
}
330
16
100
AcDbVisualStyle
  2
Shaded with edges
 70
26
177
3
291
0
 70
58
 90
2
176
1
 90
2
176
1
 90
0
176
1
 90
2
176
1
 40
0.6
176
1
 40
30.0
176
1
 62
7
420
16777215
176
1
 90
1
176
1
 90
4
176
1
 62
7
176
1
 62
257
176
1
 90
1
176
1
 90
1
176
1
 40
1.0
176
1
 90
8
176
1
 62
7
176
1
 40
1.0
176
1
 90
1
176
1
 90
6
176
1
 90
2
176
1
 62
7
176
1
 90
5
176
1
 90
0
176
1
 90
0
176
1
290
0
176
1
 90
1
176
1
 40
0.0
176
1
 90
0
176
1
290
0
176
1
290
1
176
1
290
1
176
1
290
0
176
1
290
0
176
1
290
0
176
1
290
0
176
1
290
0
176
1
290
0
176
1
 90
50
176
1
 40
0.0
176
1
 40
1.0
176
1
 90
0
176
1
 62
18
420
0
176
1
 90
50
176
1
 90
3
176
1
 62
5
420
255
176
1
290
0
176
1
 90
50
176
1
 90
50
176
1
 90
50
176
1
290
0
176
1
 90
50
176
1
 62
256
176
0
 40
1.0
176
0
 90
2
176
1
  1
strokes_ogs.tif
176
1
290
0
176
1
 40
1.0
176
1
 40
1.0
176
1
  0
VISUALSTYLE
  5
6E
102
{ACAD_REACTORS
330
16
102
}
330
16
100
AcDbVisualStyle
  2
Shades of Gray
 70
23
177
3
291
0
 70
58
 90
2
176
1
 90
2
176
1
 90
0
176
1
 90
2
176
1
 40
0.6
176
1
 40
30.0
176
1
 62
7
420
16777215
176
1
 90
1
176
1
 90
4
176
1
 62
7
176
1
 62
257
176
1
 90
1
176
1
 90
1
176
1
 40
1.0
176
1
 90
8
176
1
 62
7
176
1
 40
1.0
176
1
 90
1
176
1
 90
6
176
1
 90
2
176
1
 62
7
176
1
 90
5
176
1
 90
0
176
1
 90
0
176
1
290
0
176
1
 90
1
176
1
 40
0.0
176
1
 90
0
176
1
290
0
176
1
290
1
176
1
290
1
176
1
290
0
176
1
290
0
176
1
290
0
176
1
290
0
176
1
290
0
176
1
290
0
176
1
 90
50
176
1
 40
0.0
176
1
 40
1.0
176
1
 90
0
176
1
 62
18
420
0
176
1
 90
50
176
1
 90
3
176
1
 62
5
420
255
176
1
290
0
176
1
 90
50
176
1
 90
50
176
1
 90
50
176
1
290
0
176
1
 90
50
176
1
 62
256
176
0
 40
1.0
176
0
 90
2
176
1
  1
strokes_ogs.tif
176
1
290
0
176
1
 40
1.0
176
1
 40
1.0
176
1
  0
VISUALSTYLE
  5
6F
102
{ACAD_REACTORS
330
16
102
}
330
16
100
AcDbVisualStyle
  2
Sketchy
 70
24
177
3
291
0
 70
58
 90
2
176
1
 90
2
176
1
 90
0
176
1
 90
1
176
1
 40
0.6
176
1
 40
30.0
176
1
 62
7
420
16777215
176
1
 90
1
176
1
 90
4
176
1
 62
7
176
1
 62
257
176
1
 90
1
176
1
 90
1
176
1
 40
1.0
176
1
 90
8
176
1
 62
7
176
1
 40
1.0
176
1
 90
1
176
1
 90
6
176
1
 90
2
176
1
 62
7
176
1
 90
5
176
1
 90
0
176
1
 90
0
176
1
290
0
176
1
 90
1
176
1
 40
0.0
176
1
 90
0
176
1
290
0
176
1
290
1
176
1
290
1
176
1
290
0
176
1
290
0
176
1
290
0
176
1
290
0
176
1
290
0
176
1
290
0
176
1
 90
50
176
1
 40
0.0
176
1
 40
1.0
176
1
 90
0
176
1
 62
18
420
0
176
1
 90
50
176
1
 90
3
176
1
 62
5
420
255
176
1
290
0
176
1
 90
50
176
1
 90
50
176
1
 90
50
176
1
290
0
176
1
 90
50
176
1
 62
256
176
0
 40
1.0
176
0
 90
2
176
1
  1
strokes_ogs.tif
176
1
290
0
176
1
 40
1.0
176
1
 40
1.0
176
1
  0
VISUALSTYLE
  5
70
102
{ACAD_REACTORS
330
16
102
}
330
16
100
AcDbVisualStyle
  2
Thicken
 70
13
177
3
291
1
 70
58
 90
2
176
1
 90
2
176
1
 90
0
176
1
 90
2
176
1
 40
0.6
176
1
 40
30.0
176
1
 62
7
420
16777215
176
1
 90
1
176
1
 90
4
176
1
 62
7
176
1
 62
257
176
1
 90
1
176
1
 90
1
176
1
 40
1.0
176
1
 90
8
176
1
 62
7
176
1
 40
1.0
176
1
 90
1
176
1
 90
6
176
1
 90
2
176
1
 62
7
176
1
 90
5
176
1
 90
0
176
1
 90
0
176
1
290
0
176
1
 90
1
176
1
 40
0.0
176
1
 90
0
176
1
290
0
176
1
290
1
176
1
290
1
176
1
290
0
176
1
290
0
176
1
290
0
176
1
290
0
176
1
290
0
176
1
290
0
176
1
 90
50
176
1
 40
0.0
176
1
 40
1.0
176
1
 90
0
176
1
 62
18
420
0
176
1
 90
50
176
1
 90
3
176
1
 62
5
420
255
176
1
290
0
176
1
 90
50
176
1
 90
50
176
1
 90
50
176
1
290
0
176
1
 90
50
176
1
 62
256
176
0
 40
1.0
176
0
 90
2
176
1
  1
strokes_ogs.tif
176
1
290
0
176
1
 40
1.0
176
1
 40
1.0
176
1
  0
VISUALSTYLE
  5
71
102
{ACAD_REACTORS
330
16
102
}
330
16
100
AcDbVisualStyle
  2
Wireframe
 70
5
177
3
291
0
 70
58
 90
2
176
1
 90
2
176
1
 90
0
176
1
 90
0
176
1
 40
0.6
176
1
 40
30.0
176
1
 62
7
420
16777215
176
1
 90
1
176
1
 90
4
176
1
 62
7
176
1
 62
257
176
1
 90
1
176
1
 90
1
176
1
 40
1.0
176
1
 90
8
176
1
 62
7
176
1
 40
1.0
176
1
 90
1
176
1
 90
6
176
1
 90
2
176
1
 62
7
176
1
 90
5
176
1
 90
0
176
1
 90
0
176
1
290
0
176
1
 90
1
176
1
 40
0.0
176
1
 90
0
176
1
290
0
176
1
290
1
176
1
290
1
176
1
290
0
176
1
290
0
176
1
290
0
176
1
290
0
176
1
290
0
176
1
290
0
176
1
 90
50
176
1
 40
0.0
176
1
 40
1.0
176
1
 90
0
176
1
 62
18
420
0
176
1
 90
50
176
1
 90
3
176
1
 62
5
420
255
176
1
290
0
176
1
 90
50
176
1
 90
50
176
1
 90
50
176
1
290
0
176
1
 90
50
176
1
 62
256
176
0
 40
1.0
176
0
 90
2
176
1
  1
strokes_ogs.tif
176
1
290
0
176
1
 40
1.0
176
1
 40
1.0
176
1
  0
VISUALSTYLE
  5
72
102
{ACAD_REACTORS
330
16
102
}
330
16
100
AcDbVisualStyle
  2
X-Ray
 70
25
177
3
291
0
 70
58
 90
2
176
1
 90
2
176
1
 90
0
176
1
 90
2
176
1
 40
0.5
176
1
 40
30.0
176
1
 62
7
420
16777215
176
1
 90
1
176
1
 90
4
176
1
 62
7
176
1
 62
257
176
1
 90
1
176
1
 90
1
176
1
 40
1.0
176
1
 90
8
176
1
 62
7
176
1
 40
1.0
176
1
 90
1
176
1
 90
6
176
1
 90
2
176
1
 62
7
176
1
 90
5
176
1
 90
0
176
1
 90
0
176
1
290
0
176
1
 90
1
176
1
 40
0.0
176
1
 90
0
176
1
290
0
176
1
290
1
176
1
290
1
176
1
290
0
176
1
290
0
176
1
290
0
176
1
290
0
176
1
290
0
176
1
290
0
176
1
 90
50
176
1
 40
0.0
176
1
 40
1.0
176
1
 90
0
176
1
 62
18
420
0
176
1
 90
50
176
1
 90
3
176
1
 62
5
420
255
176
1
290
0
176
1
 90
50
176
1
 90
50
176
1
 90
50
176
1
290
0
176
1
 90
50
176
1
 62
256
176
0
 40
1.0
176
0
 90
2
176
1
  1
strokes_ogs.tif
176
1
290
0
176
1
 40
1.0
176
1
 40
1.0
176
1
  0
DICTIONARYVAR
  5
3C6
330
2D
100
DictionaryVariables
280
0
  1
1.4.4 @ 2026-09-29T13:18:34.012265+00:00
  0
ENDSEC
  0
EOF
