  0
SECTION
  2
HEADER
  9
$ACADVER
  1
AC1024
  9
$ACADMAINTVER
 70
6
  9
$DWGCODEPAGE
  3
ANSI_1252
  9
$LASTSAVEDBY
  1
ezdxf
  9
$INSBASE
 10
0.0
 20
0.0
 30
0.0
  9
$EXTMIN
 10
1e+20
 20
1e+20
 30
1e+20
  9
$EXTMAX
 10
-1e+20
 20
-1e+20
 30
-1e+20
  9
$LIMMIN
 10
0.0
 20
0.0
  9
$LIMMAX
 10
420.0
 20
297.0
  9
$ORTHOMODE
 70
0
  9
$REGENMODE
 70
1
  9
$FILLMODE
 70
1
  9
$QTEXTMODE
 70
0
  9
$MIRRTEXT
 70
1
  9
$LTSCALE
 40
1.0
  9
$ATTMODE
 70
1
  9
$TEXTSIZE
 40
2.5
  9
$TRACEWID
 40
1.0
  9
$TEXTSTYLE
  7
Standard
  9
$CLAYER
  8
0
  9
$CELTYPE
  6
ByLayer
  9
$CECOLOR
 62
256
  9
$CELTSCALE
 40
1.0
  9
$DISPSILH
 70
0
  9
$DIMSCALE
 40
1.0
  9
$DIMASZ
 40
2.5
  9
$DIMEXO
 40
0.625
  9
$DIMDLI
 40
3.75
  9
$DIMRND
 40
0.0
  9
$DIMDLE
 40
0.0
  9
$DIMEXE
 40
1.25
  9
$DIMTP
 40
0.0
  9
$DIMTM
 40
0.0
  9
$DIMTXT
 40
2.5
  9
$DIMCEN
 40
2.5
  9
$DIMTSZ
 40
0.0
  9
$DIMTOL
 70
0
  9
$DIMLIM
 70
0
  9
$DIMTIH
 70
0
  9
$DIMTOH
 70
0
  9
$DIMSE1
 70
0
  9
$DIMSE2
 70
0
  9
$DIMTAD
 70
1
  9
$DIMZIN
 70
8
  9
$DIMBLK
  1

  9
$DIMASO
 70
1
  9
$DIMSHO
 70
1
  9
$DIMPOST
  1

  9
$DIMAPOST
  1

  9
$DIMALT
 70
0
  9
$DIMALTD
 70
3
  9
$DIMALTF
 40
0.03937007874
  9
$DIMLFAC
 40
1.0
  9
$DIMTOFL
 70
1
  9
$DIMTVP
 40
0.0
  9
$DIMTIX
 70
0
  9
$DIMSOXD
 70
0
  9
$DIMSAH
 70
0
  9
$DIMBLK1
  1

  9
$DIMBLK2
  1

  9
$DIMSTYLE
  2
ISO-25
  9
$DIMCLRD
 70
0
  9
$DIMCLRE
 70
0
  9
$DIMCLRT
 70
0
  9
$DIMTFAC
 40
1.0
  9
$DIMGAP
 40
0.625
  9
$DIMJUST
 70
0
  9
$DIMSD1
 70
0
  9
$DIMSD2
 70
0
  9
$DIMTOLJ
 70
0
  9
$DIMTZIN
 70
8
  9
$DIMALTZ
 70
0
  9
$DIMALTTZ
 70
0
  9
$DIMUPT
 70
0
  9
$DIMDEC
 70
2
  9
$DIMTDEC
 70
2
  9
$DIMALTU
 70
2
  9
$DIMALTTD
 70
3
  9
$DIMTXSTY
  7
Standard
  9
$DIMAUNIT
 70
0
  9
$DIMADEC
 70
0
  9
$DIMALTRND
 40
0.0
  9
$DIMAZIN
 70
0
  9
$DIMDSEP
 70
44
  9
$DIMATFIT
 70
3
  9
$DIMFRAC
 70
0
  9
$DIMLDRBLK
  1

  9
$DIMLUNIT
 70
2
  9
$DIMLWD
 70
-2
  9
$DIMLWE
 70
-2
  9
$DIMTMOVE
 70
0
  9
$DIMFXL
 40
1.0
  9
$DIMFXLON
 70
0
  9
$DIMJOGANG
 40
0.785398163397
  9
$DIMTFILL
 70
0
  9
$DIMTFILLCLR
 70
0
  9
$DIMARCSYM
 70
0
  9
$DIMLTYPE
  6

  9
$DIMLTEX1
  6

  9
$DIMLTEX2
  6

  9
$DIMTXTDIRECTION
 70
0
  9
$LUNITS
 70
2
  9
$LUPREC
 70
4
  9
$SKETCHINC
 40
1.0
  9
$FILLETRAD
 40
10.0
  9
$AUNITS
 70
0
  9
$AUPREC
 70
2
  9
$MENU
  1
.
  9
$ELEVATION
 40
0.0
  9
$PELEVATION
 40
0.0
  9
$THICKNESS
 40
0.0
  9
$LIMCHECK
 70
0
  9
$CHAMFERA
 40
0.0
  9
$CHAMFERB
 40
0.0
  9
$CHAMFERC
 40
0.0
  9
$CHAMFERD
 40
0.0
  9
$SKPOLY
 70
0
  9
$TDCREATE
 40
2461312.453576389
  9
$TDUCREATE
 40
2458532.153996898
  9
$TDUPDATE
 40
2461312.453576389
  9
$TDUUPDATE
 40
2458532.1544311
  9
$TDINDWG
 40
0.0
  9
$TDUSRTIMER
 40
0.0
  9
$USRTIMER
 70
1
  9
$ANGBASE
 50
0.0
  9
$ANGDIR
 70
0
  9
$PDMODE
 70
0
  9
$PDSIZE
 40
0.0
  9
$PLINEWID
 40
0.0
  9
$SPLFRAME
 70
0
  9
$SPLINETYPE
 70
6
  9
$SPLINESEGS
 70
8
  9
$HANDSEED
  5
61F
  9
$SURFTAB1
 70
6
  9
$SURFTAB2
 70
6
  9
$SURFTYPE
 70
6
  9
$SURFU
 70
6
  9
$SURFV
 70
6
  9
$UCSBASE
  2

  9
$UCSNAME
  2

  9
$UCSORG
 10
0.0
 20
0.0
 30
0.0
  9
$UCSXDIR
 10
1.0
 20
0.0
 30
0.0
  9
$UCSYDIR
 10
0.0
 20
1.0
 30
0.0
  9
$UCSORTHOREF
  2

  9
$UCSORTHOVIEW
 70
0
  9
$UCSORGTOP
 10
0.0
 20
0.0
 30
0.0
  9
$UCSORGBOTTOM
 10
0.0
 20
0.0
 30
0.0
  9
$UCSORGLEFT
 10
0.0
 20
0.0
 30
0.0
  9
$UCSORGRIGHT
 10
0.0
 20
0.0
 30
0.0
  9
$UCSORGFRONT
 10
0.0
 20
0.0
 30
0.0
  9
$UCSORGBACK
 10
0.0
 20
0.0
 30
0.0
  9
$PUCSBASE
  2

  9
$PUCSNAME
  2

  9
$PUCSORG
 10
0.0
 20
0.0
 30
0.0
  9
$PUCSXDIR
 10
1.0
 20
0.0
 30
0.0
  9
$PUCSYDIR
 10
0.0
 20
1.0
 30
0.0
  9
$PUCSORTHOREF
  2

  9
$PUCSORTHOVIEW
 70
0
  9
$PUCSORGTOP
 10
0.0
 20
0.0
 30
0.0
  9
$PUCSORGBOTTOM
 10
0.0
 20
0.0
 30
0.0
  9
$PUCSORGLEFT
 10
0.0
 20
0.0
 30
0.0
  9
$PUCSORGRIGHT
 10
0.0
 20
0.0
 30
0.0
  9
$PUCSORGFRONT
 10
0.0
 20
0.0
 30
0.0
  9
$PUCSORGBACK
 10
0.0
 20
0.0
 30
0.0
  9
$USERI1
 70
0
  9
$USERI2
 70
0
  9
$USERI3
 70
0
  9
$USERI4
 70
0
  9
$USERI5
 70
0
  9
$USERR1
 40
0.0
  9
$USERR2
 40
0.0
  9
$USERR3
 40
0.0
  9
$USERR4
 40
0.0
  9
$USERR5
 40
0.0
  9
$WORLDVIEW
 70
1
  9
$SHADEDGE
 70
3
  9
$SHADEDIF
 70
70
  9
$TILEMODE
 70
1
  9
$MAXACTVP
 70
64
  9
$PINSBASE
 10
0.0
 20
0.0
 30
0.0
  9
$PLIMCHECK
 70
0
  9
$PEXTMIN
 10
1e+20
 20
1e+20
 30
1e+20
  9
$PEXTMAX
 10
-1e+20
 20
-1e+20
 30
-1e+20
  9
$PLIMMIN
 10
0.0
 20
0.0
  9
$PLIMMAX
 10
420.0
 20
297.0
  9
$UNITMODE
 70
0
  9
$VISRETAIN
 70
1
  9
$PLINEGEN
 70
0
  9
$PSLTSCALE
 70
1
  9
$TREEDEPTH
 70
3020
  9
$CMLSTYLE
  2
Standard
  9
$CMLJUST
 70
0
  9
$CMLSCALE
 40
20.0
  9
$PROXYGRAPHICS
 70
1
  9
$MEASUREMENT
 70
1
  9
$CELWEIGHT
370
-1
  9
$ENDCAPS
280
0
  9
$JOINSTYLE
280
0
  9
$LWDISPLAY
290
0
  9
$INSUNITS
 70
4
  9
$HYPERLINKBASE
  1

  9
$STYLESHEET
  1

  9
$XEDIT
290
1
  9
$CEPSNTYPE
380
0
  9
$PSTYLEMODE
290
1
  9
$FINGERPRINTGUID
  2
{DE22C240-1AC6-400E-A3BF-6B65144500B5}
  9
$VERSIONGUID
  2
{2C6A0DC8-6A3C-45CA-9085-51E866AA06ED}
  9
$EXTNAMES
290
1
  9
$PSVPSCALE
 40
0.0
  9
$OLESTARTUP
290
0
  9
$SORTENTS
280
127
  9
$INDEXCTL
280
0
  9
$HIDETEXT
280
1
  9
$XCLIPFRAME
280
1
  9
$HALOGAP
280
0
  9
$OBSCOLOR
 70
257
  9
$OBSLTYPE
280
0
  9
$INTERSECTIONDISPLAY
280
0
  9
$INTERSECTIONCOLOR
 70
257
  9
$DIMASSOC
280
2
  9
$PROJECTNAME
  1

  9
$CAMERADISPLAY
290
0
  9
$LENSLENGTH
 40
50.0
  9
$CAMERAHEIGHT
 40
0.0
  9
$STEPSPERSEC
 40
24.0
  9
$STEPSIZE
 40
100.0
  9
$3DDWFPREC
 40
2.0
  9
$PSOLWIDTH
 40
0.005
  9
$PSOLHEIGHT
 40
0.08
  9
$LOFTANG1
 40
1.570796326795
  9
$LOFTANG2
 40
1.570796326795
  9
$LOFTMAG1
 40
0.0
  9
$LOFTMAG2
 40
0.0
  9
$LOFTPARAM
 70
7
  9
$LOFTNORMALS
280
1
  9
$LATITUDE
 40
37.795
  9
$LONGITUDE
 40
-122.394
  9
$NORTHDIRECTION
 40
0.0
  9
$TIMEZONE
 70
-8000
  9
$LIGHTGLYPHDISPLAY
280
1
  9
$TILEMODELIGHTSYNCH
280
1
  9
$CMATERIAL
347
20
  9
$SOLIDHIST
280
0
  9
$SHOWHIST
280
1
  9
$DWFFRAME
280
2
  9
$DGNFRAME
280
2
  9
$REALWORLDSCALE
290
1
  9
$INTERFERECOLOR
 62
256
  9
$CSHADOW
280
0
  9
$SHADOWPLANELOCATION
 40
0.0
  0
ENDSEC
  0
SECTION
  2
CLASSES
  0
CLASS
  1
ACDBDICTIONARYWDFLT
  2
AcDbDictionaryWithDefault
  3
ObjectDBX Classes
 90
0
 91
0
280
0
281
0
  0
CLASS
  1
SUN
  2
AcDbSun
  3
SCENEOE
 90
1153
 91
0
280
0
281
0
  0
CLASS
  1
VISUALSTYLE
  2
AcDbVisualStyle
  3
ObjectDBX Classes
 90
4095
 91
0
280
0
281
0
  0
CLASS
  1
MATERIAL
  2
AcDbMaterial
  3
ObjectDBX Classes
 90
1153
 91
0
280
0
281
0
  0
CLASS
  1
SCALE
  2
AcDbScale
  3
ObjectDBX Classes
 90
1153
 91
0
280
0
281
0
  0
CLASS
  1
TABLESTYLE
  2
AcDbTableStyle
  3
ObjectDBX Classes
 90
4095
 91
0
280
0
281
0
  0
CLASS
  1
MLEADERSTYLE
  2
AcDbMLeaderStyle
  3
ACDB_MLEADERSTYLE_CLASS
 90
4095
 91
0
280
0
281
0
  0
CLASS
  1
DICTIONARYVAR
  2
AcDbDictionaryVar
  3
ObjectDBX Classes
 90
0
 91
0
280
0
281
0
  0
CLASS
  1
CELLSTYLEMAP
  2
AcDbCellStyleMap
  3
ObjectDBX Classes
 90
1152
 91
0
280
0
281
0
  0
CLASS
  1
MENTALRAYRENDERSETTINGS
  2
AcDbMentalRayRenderSettings
  3
SCENEOE
 90
1024
 91
0
280
0
281
0
  0
CLASS
  1
ACDBDETAILVIEWSTYLE
  2
AcDbDetailViewStyle
  3
ObjectDBX Classes
 90
1025
 91
0
280
0
281
0
  0
CLASS
  1
ACDBSECTIONVIEWSTYLE
  2
AcDbSectionViewStyle
  3
ObjectDBX Classes
 90
1025
 91
0
280
0
281
0
  0
CLASS
  1
RASTERVARIABLES
  2
AcDbRasterVariables
  3
ISM
 90
0
 91
0
280
0
281
0
  0
CLASS
  1
LAYOUT
  2
AcDbLayout
  3
ObjectDBX Classes
 90
0
 91
0
280
0
281
0
  0
CLASS
  1
ACDBPLACEHOLDER
  2
AcDbPlaceHolder
  3
ObjectDBX Classes
 90
0
 91
0
280
0
281
0
  0
ENDSEC
  0
SECTION
  2
TABLES
  0
TABLE
  2
VPORT
  5
8
330
0
100
AcDbSymbolTable
 70
1
  0
VPORT
  5
61B
330
8
100
AcDbSymbolTableRecord
100
AcDbViewportTableRecord
  2
*Active
 70
0
 10
0.0
 20
0.0
 11
1.0
 21
1.0
 12
10644.4
 22
-16759.152077964936
 13
0.0
 23
0.0
 14
0.5
 24
0.5
 15
0.5
 25
0.5
 16
0.0
 26
0.0
 36
1.0
 17
0.0
 27
0.0
 37
0.0
 40
35194.21936372637
 41
1.34
 42
50.0
 43
0.0
 44
0.0
 50
0.0
 51
0.0
 71
0
 72
1000
 73
1
 74
3
 75
0
 76
0
 77
0
 78
0
281
0
 65
1
110
0.0
120
0.0
130
0.0
111
1.0
121
0.0
131
0.0
112
0.0
122
1.0
132
0.0
 79
0
146
0.0
  0
ENDTAB
  0
TABLE
  2
LTYPE
  5
2
330
0
100
AcDbSymbolTable
 70
3
  0
LTYPE
  5
24
330
2
100
AcDbSymbolTableRecord
100
AcDbLinetypeTableRecord
  2
ByBlock
 70
0
  3

 72
65
 73
0
 40
0.0
  0
LTYPE
  5
25
330
2
100
AcDbSymbolTableRecord
100
AcDbLinetypeTableRecord
  2
ByLayer
 70
0
  3

 72
65
 73
0
 40
0.0
  0
LTYPE
  5
26
330
2
100
AcDbSymbolTableRecord
100
AcDbLinetypeTableRecord
  2
Continuous
 70
0
  3

 72
65
 73
0
 40
0.0
  0
ENDTAB
  0
TABLE
  2
LAYER
  5
1
330
0
100
AcDbSymbolTable
 70
6
  0
LAYER
  5
27
330
1
100
AcDbSymbolTableRecord
100
AcDbLayerTableRecord
  2
0
 70
0
 62
7
  6
Continuous
370
-3
390
13
347
21
  0
LAYER
  5
28
330
1
100
AcDbSymbolTableRecord
100
AcDbLayerTableRecord
  2
Defpoints
 70
0
 62
7
  6
Continuous
290
0
370
-3
390
13
347
21
  0
LAYER
  5
30
330
1
100
AcDbSymbolTableRecord
100
AcDbLayerTableRecord
  2
CAT-BLOQUES
 70
0
 62
7
  6
Continuous
370
-3
390
13
347
21
  0
LAYER
  5
31
330
1
100
AcDbSymbolTableRecord
100
AcDbLayerTableRecord
  2
CAT-TEXTOS
 70
0
 62
8
  6
Continuous
370
-3
390
13
347
21
  0
LAYER
  5
32
330
1
100
AcDbSymbolTableRecord
100
AcDbLayerTableRecord
  2
CAT-TITULOS
 70
0
 62
7
  6
Continuous
370
-3
390
13
347
21
  0
LAYER
  5
33
330
1
100
AcDbSymbolTableRecord
100
AcDbLayerTableRecord
  2
CAT-PUNTO-INSERCION
 70
0
 62
1
  6
Continuous
290
0
370
-3
390
13
347
21
  0
ENDTAB
  0
TABLE
  2
STYLE
  5
5
330
0
100
AcDbSymbolTable
 70
2
  0
STYLE
  5
29
330
5
100
AcDbSymbolTableRecord
100
AcDbTextStyleTableRecord
  2
Standard
 70
0
 40
0.0
 41
1.0
 50
0.0
 71
0
 42
2.5
  3
txt
  4

  0
STYLE
  5
2F
330
5
100
AcDbSymbolTableRecord
100
AcDbTextStyleTableRecord
  2
MOB_TEXTO
 70
0
 40
0.0
 41
1.0
 50
0.0
 71
0
 42
2.5
  3
arial.ttf
  4

  0
ENDTAB
  0
TABLE
  2
VIEW
  5
7
330
0
100
AcDbSymbolTable
 70
0
  0
ENDTAB
  0
TABLE
  2
UCS
  5
6
330
0
100
AcDbSymbolTable
 70
0
  0
ENDTAB
  0
TABLE
  2
APPID
  5
3
330
0
100
AcDbSymbolTable
 70
3
  0
APPID
  5
2A
330
3
100
AcDbSymbolTableRecord
100
AcDbRegAppTableRecord
  2
ACAD
 70
0
  0
APPID
  5
61C
330
3
100
AcDbSymbolTableRecord
100
AcDbRegAppTableRecord
  2
HATCHBACKGROUNDCOLOR
 70
0
  0
APPID
  5
61D
330
3
100
AcDbSymbolTableRecord
100
AcDbRegAppTableRecord
  2
EZDXF
 70
0
  0
ENDTAB
  0
TABLE
  2
DIMSTYLE
  5
4
330
0
100
AcDbSymbolTable
 70
1
100
AcDbDimStyleTable
  0
DIMSTYLE
105
2B
330
4
100
AcDbSymbolTableRecord
100
AcDbDimStyleTableRecord
  2
Standard
 70
0
 40
1.0
 41
2.5
 42
0.625
 43
3.75
 44
1.25
 45
0.0
 46
0.0
 47
0.0
 48
0.0
 49
2.5
140
2.5
141
2.5
142
0.0
143
0.03937007874
144
1.0
145
0.0
146
1.0
147
0.625
148
0.0
 69
0
 70
0
 71
0
 72
0
 73
0
 74
0
 75
0
 76
0
 77
1
 78
8
 79
3
170
0
171
3
172
1
173
0
174
0
175
0
176
0
177
0
178
0
179
2
271
2
272
2
273
2
274
3
275
0
276
0
277
2
278
44
279
0
280
0
281
0
282
0
283
0
284
8
285
0
286
0
288
0
289
3
290
0
371
-2
372
-2
  0
ENDTAB
  0
TABLE
  2
BLOCK_RECORD
  5
9
330
0
100
AcDbSymbolTable
 70
66
  0
BLOCK_RECORD
  5
17
330
9
100
AcDbSymbolTableRecord
100
AcDbBlockTableRecord
  2
*Model_Space
340
1A
 70
0
280
1
281
0
  0
BLOCK_RECORD
  5
1B
330
9
100
AcDbSymbolTableRecord
100
AcDbBlockTableRecord
  2
*Paper_Space
340
1E
 70
0
280
1
281
0
  0
BLOCK_RECORD
  5
34
330
9
100
AcDbSymbolTableRecord
100
AcDbBlockTableRecord
  2
MESA_DESPACHO_120x60
340
0
 70
4
280
1
281
0
  0
BLOCK_RECORD
  5
38
330
9
100
AcDbSymbolTableRecord
100
AcDbBlockTableRecord
  2
MESA_DESPACHO_140x70
340
0
 70
4
280
1
281
0
  0
BLOCK_RECORD
  5
3C
330
9
100
AcDbSymbolTableRecord
100
AcDbBlockTableRecord
  2
MESA_DESPACHO_160x80
340
0
 70
4
280
1
281
0
  0
BLOCK_RECORD
  5
40
330
9
100
AcDbSymbolTableRecord
100
AcDbBlockTableRecord
  2
MESA_DIRECCION_180x90
340
0
 70
4
280
1
281
0
  0
BLOCK_RECORD
  5
45
330
9
100
AcDbSymbolTableRecord
100
AcDbBlockTableRecord
  2
MESA_DESPACHO_L_160x160
340
0
 70
4
280
1
281
0
  0
BLOCK_RECORD
  5
49
330
9
100
AcDbSymbolTableRecord
100
AcDbBlockTableRecord
  2
MESA_REUNION_200x100
340
0
 70
4
280
1
281
0
  0
BLOCK_RECORD
  5
4D
330
9
100
AcDbSymbolTableRecord
100
AcDbBlockTableRecord
  2
MESA_REUNION_D120
340
0
 70
4
280
1
281
0
  0
BLOCK_RECORD
  5
51
330
9
100
AcDbSymbolTableRecord
100
AcDbBlockTableRecord
  2
SILLA_OPERATIVA
340
0
 70
4
280
1
281
0
  0
BLOCK_RECORD
  5
6B
330
9
100
AcDbSymbolTableRecord
100
AcDbBlockTableRecord
  2
SILLA_DIRECCION
340
0
 70
4
280
1
281
0
  0
BLOCK_RECORD
  5
7F
330
9
100
AcDbSymbolTableRecord
100
AcDbBlockTableRecord
  2
SILLA_CONFIDENTE
340
0
 70
4
280
1
281
0
  0
BLOCK_RECORD
  5
86
330
9
100
AcDbSymbolTableRecord
100
AcDbBlockTableRecord
  2
CAJONERA_42x58
340
0
 70
4
280
1
281
0
  0
BLOCK_RECORD
  5
8B
330
9
100
AcDbSymbolTableRecord
100
AcDbBlockTableRecord
  2
ARCHIVADOR_4C_47x62
340
0
 70
4
280
1
281
0
  0
BLOCK_RECORD
  5
92
330
9
100
AcDbSymbolTableRecord
100
AcDbBlockTableRecord
  2
ARCHIVADOR_LATERAL_80x45
340
0
 70
4
280
1
281
0
  0
BLOCK_RECORD
  5
98
330
9
100
AcDbSymbolTableRecord
100
AcDbBlockTableRecord
  2
ARMARIO_ARCHIVO_100x45
340
0
 70
4
280
1
281
0
  0
BLOCK_RECORD
  5
A0
330
9
100
AcDbSymbolTableRecord
100
AcDbBlockTableRecord
  2
MONITOR_TECLADO
340
0
 70
4
280
1
281
0
  0
BLOCK_RECORD
  5
A8
330
9
100
AcDbSymbolTableRecord
100
AcDbBlockTableRecord
  2
PORTATIL
340
0
 70
4
280
1
281
0
  0
BLOCK_RECORD
  5
AF
330
9
100
AcDbSymbolTableRecord
100
AcDbBlockTableRecord
  2
PAPELERA_D30
340
0
 70
4
280
1
281
0
  0
BLOCK_RECORD
  5
B4
330
9
100
AcDbSymbolTableRecord
100
AcDbBlockTableRecord
  2
PERCHERO_D50
340
0
 70
4
280
1
281
0
  0
BLOCK_RECORD
  5
C5
330
9
100
AcDbSymbolTableRecord
100
AcDbBlockTableRecord
  2
PUESTO_TRABAJO_160x80
340
0
 70
4
280
1
281
0
  0
BLOCK_RECORD
  5
CE
330
9
100
AcDbSymbolTableRecord
100
AcDbBlockTableRecord
  2
CONJUNTO_REUNION_6P
340
0
 70
4
280
1
281
0
  0
BLOCK_RECORD
  5
DF
330
9
100
AcDbSymbolTableRecord
100
AcDbBlockTableRecord
  2
TV_43_PARED
340
0
 70
4
280
1
281
0
  0
BLOCK_RECORD
  5
E4
330
9
100
AcDbSymbolTableRecord
100
AcDbBlockTableRecord
  2
TV_55_PARED
340
0
 70
4
280
1
281
0
  0
BLOCK_RECORD
  5
E9
330
9
100
AcDbSymbolTableRecord
100
AcDbBlockTableRecord
  2
TV_65_PARED
340
0
 70
4
280
1
281
0
  0
BLOCK_RECORD
  5
EE
330
9
100
AcDbSymbolTableRecord
100
AcDbBlockTableRecord
  2
TV_75_PARED
340
0
 70
4
280
1
281
0
  0
BLOCK_RECORD
  5
F3
330
9
100
AcDbSymbolTableRecord
100
AcDbBlockTableRecord
  2
TV_55_PIE
340
0
 70
4
280
1
281
0
  0
BLOCK_RECORD
  5
F9
330
9
100
AcDbSymbolTableRecord
100
AcDbBlockTableRecord
  2
MUEBLE_TV_180x40
340
0
 70
4
280
1
281
0
  0
BLOCK_RECORD
  5
100
330
9
100
AcDbSymbolTableRecord
100
AcDbBlockTableRecord
  2
MUEBLE_TV_240x45
340
0
 70
4
280
1
281
0
  0
BLOCK_RECORD
  5
108
330
9
100
AcDbSymbolTableRecord
100
AcDbBlockTableRecord
  2
SILLON_85x85
340
0
 70
4
280
1
281
0
  0
BLOCK_RECORD
  5
10E
330
9
100
AcDbSymbolTableRecord
100
AcDbBlockTableRecord
  2
BUTACA_70x75
340
0
 70
4
280
1
281
0
  0
BLOCK_RECORD
  5
114
330
9
100
AcDbSymbolTableRecord
100
AcDbBlockTableRecord
  2
SOFA_2P_160x90
340
0
 70
4
280
1
281
0
  0
BLOCK_RECORD
  5
11B
330
9
100
AcDbSymbolTableRecord
100
AcDbBlockTableRecord
  2
SOFA_3P_210x90
340
0
 70
4
280
1
281
0
  0
BLOCK_RECORD
  5
123
330
9
100
AcDbSymbolTableRecord
100
AcDbBlockTableRecord
  2
SOFA_CHAISELONGUE_280x160
340
0
 70
4
280
1
281
0
  0
BLOCK_RECORD
  5
12B
330
9
100
AcDbSymbolTableRecord
100
AcDbBlockTableRecord
  2
MESA_CENTRO_120x60
340
0
 70
4
280
1
281
0
  0
BLOCK_RECORD
  5
130
330
9
100
AcDbSymbolTableRecord
100
AcDbBlockTableRecord
  2
MESA_CENTRO_D80
340
0
 70
4
280
1
281
0
  0
BLOCK_RECORD
  5
135
330
9
100
AcDbSymbolTableRecord
100
AcDbBlockTableRecord
  2
MESA_AUXILIAR_50x50
340
0
 70
4
280
1
281
0
  0
BLOCK_RECORD
  5
13A
330
9
100
AcDbSymbolTableRecord
100
AcDbBlockTableRecord
  2
MESA_AUXILIAR_D45
340
0
 70
4
280
1
281
0
  0
BLOCK_RECORD
  5
13F
330
9
100
AcDbSymbolTableRecord
100
AcDbBlockTableRecord
  2
MESILLA_NOCHE_50x40
340
0
 70
4
280
1
281
0
  0
BLOCK_RECORD
  5
145
330
9
100
AcDbSymbolTableRecord
100
AcDbBlockTableRecord
  2
ALFOMBRA_120x170
340
0
 70
4
280
1
281
0
  0
BLOCK_RECORD
  5
186
330
9
100
AcDbSymbolTableRecord
100
AcDbBlockTableRecord
  2
ALFOMBRA_160x230
340
0
 70
4
280
1
281
0
  0
BLOCK_RECORD
  5
1DB
330
9
100
AcDbSymbolTableRecord
100
AcDbBlockTableRecord
  2
ALFOMBRA_200x300
340
0
 70
4
280
1
281
0
  0
BLOCK_RECORD
  5
244
330
9
100
AcDbSymbolTableRecord
100
AcDbBlockTableRecord
  2
ALFOMBRA_240x340
340
0
 70
4
280
1
281
0
  0
BLOCK_RECORD
  5
2C1
330
9
100
AcDbSymbolTableRecord
100
AcDbBlockTableRecord
  2
ALFOMBRA_D160
340
0
 70
4
280
1
281
0
  0
BLOCK_RECORD
  5
2C6
330
9
100
AcDbSymbolTableRecord
100
AcDbBlockTableRecord
  2
ALFOMBRA_D200
340
0
 70
4
280
1
281
0
  0
BLOCK_RECORD
  5
2CB
330
9
100
AcDbSymbolTableRecord
100
AcDbBlockTableRecord
  2
ARMARIO_EMP_BATIENTE_2H_100x60
340
0
 70
4
280
1
281
0
  0
BLOCK_RECORD
  5
2E7
330
9
100
AcDbSymbolTableRecord
100
AcDbBlockTableRecord
  2
ARMARIO_EMP_BATIENTE_3H_150x60
340
0
 70
4
280
1
281
0
  0
BLOCK_RECORD
  5
30C
330
9
100
AcDbSymbolTableRecord
100
AcDbBlockTableRecord
  2
ARMARIO_EMP_BATIENTE_4H_200x60
340
0
 70
4
280
1
281
0
  0
BLOCK_RECORD
  5
339
330
9
100
AcDbSymbolTableRecord
100
AcDbBlockTableRecord
  2
ARMARIO_EMP_CORREDERA_2H_180x60
340
0
 70
4
280
1
281
0
  0
BLOCK_RECORD
  5
368
330
9
100
AcDbSymbolTableRecord
100
AcDbBlockTableRecord
  2
ARMARIO_EMP_CORREDERA_3H_240x60
340
0
 70
4
280
1
281
0
  0
BLOCK_RECORD
  5
3A4
330
9
100
AcDbSymbolTableRecord
100
AcDbBlockTableRecord
  2
DETALLE_ARMARIO_JAMBA
340
0
 70
4
280
1
281
0
  0
BLOCK_RECORD
  5
3C9
330
9
100
AcDbSymbolTableRecord
100
AcDbBlockTableRecord
  2
APARADOR_160x45
340
0
 70
4
280
1
281
0
  0
BLOCK_RECORD
  5
3D1
330
9
100
AcDbSymbolTableRecord
100
AcDbBlockTableRecord
  2
APARADOR_200x50
340
0
 70
4
280
1
281
0
  0
BLOCK_RECORD
  5
3D9
330
9
100
AcDbSymbolTableRecord
100
AcDbBlockTableRecord
  2
CONSOLA_100x30
340
0
 70
4
280
1
281
0
  0
BLOCK_RECORD
  5
3DE
330
9
100
AcDbSymbolTableRecord
100
AcDbBlockTableRecord
  2
CONSOLA_120x35
340
0
 70
4
280
1
281
0
  0
BLOCK_RECORD
  5
3E3
330
9
100
AcDbSymbolTableRecord
100
AcDbBlockTableRecord
  2
ESTANTERIA_80x35
340
0
 70
4
280
1
281
0
  0
BLOCK_RECORD
  5
3E9
330
9
100
AcDbSymbolTableRecord
100
AcDbBlockTableRecord
  2
ESTANTERIA_120x35
340
0
 70
4
280
1
281
0
  0
BLOCK_RECORD
  5
3EF
330
9
100
AcDbSymbolTableRecord
100
AcDbBlockTableRecord
  2
VITRINA_100x40
340
0
 70
4
280
1
281
0
  0
BLOCK_RECORD
  5
3F6
330
9
100
AcDbSymbolTableRecord
100
AcDbBlockTableRecord
  2
BALDA_80x25
340
0
 70
4
280
1
281
0
  0
BLOCK_RECORD
  5
3FA
330
9
100
AcDbSymbolTableRecord
100
AcDbBlockTableRecord
  2
PEANA_40x40
340
0
 70
4
280
1
281
0
  0
BLOCK_RECORD
  5
3FF
330
9
100
AcDbSymbolTableRecord
100
AcDbBlockTableRecord
  2
PEANA_D40
340
0
 70
4
280
1
281
0
  0
BLOCK_RECORD
  5
404
330
9
100
AcDbSymbolTableRecord
100
AcDbBlockTableRecord
  2
PLANTA_GRANDE_D80
340
0
 70
4
280
1
281
0
  0
BLOCK_RECORD
  5
41E
330
9
100
AcDbSymbolTableRecord
100
AcDbBlockTableRecord
  2
PLANTA_PEQUENA_D40
340
0
 70
4
280
1
281
0
  0
BLOCK_RECORD
  5
434
330
9
100
AcDbSymbolTableRecord
100
AcDbBlockTableRecord
  2
LAMPARA_PIE_D45
340
0
 70
4
280
1
281
0
  0
BLOCK_RECORD
  5
43D
330
9
100
AcDbSymbolTableRecord
100
AcDbBlockTableRecord
  2
LAMPARA_MESA_D30
340
0
 70
4
280
1
281
0
  0
BLOCK_RECORD
  5
446
330
9
100
AcDbSymbolTableRecord
100
AcDbBlockTableRecord
  2
JARRON_D20
340
0
 70
4
280
1
281
0
  0
ENDTAB
  0
ENDSEC
  0
SECTION
  2
BLOCKS
  0
BLOCK
  5
18
330
17
100
AcDbEntity
  8
0
100
AcDbBlockBegin
  2
*Model_Space
 70
0
 10
0.0
 20
0.0
 30
0.0
  3
*Model_Space
  1

  0
ENDBLK
  5
19
330
17
100
AcDbEntity
  8
0
100
AcDbBlockEnd
  0
BLOCK
  5
1C
330
1B
100
AcDbEntity
  8
0
100
AcDbBlockBegin
  2
*Paper_Space
 70
0
 10
0.0
 20
0.0
 30
0.0
  3
*Paper_Space
  1

  0
ENDBLK
  5
1D
330
1B
100
AcDbEntity
  8
0
100
AcDbBlockEnd
  0
BLOCK
  5
35
330
34
100
AcDbEntity
  8
0
100
AcDbBlockBegin
  2
MESA_DESPACHO_120x60
 70
0
 10
0.0
 20
0.0
 30
0.0
  3
MESA_DESPACHO_120x60
  1

  4
Mesa de despacho 120 x 60 cm
  0
LWPOLYLINE
  5
37
330
34
100
AcDbEntity
  8
0
100
AcDbPolyline
 90
8
 70
1
 10
-592.0
 20
-600.0
 10
592.0
 20
-600.0
 42
0.41421356237309503
 10
600.0
 20
-592.0
 10
600.0
 20
-8.0
 42
0.41421356237309503
 10
592.0
 20
0.0
 10
-592.0
 20
0.0
 42
0.41421356237309503
 10
-600.0
 20
-8.0
 10
-600.0
 20
-592.0
 42
0.41421356237309503
  0
ENDBLK
  5
36
330
34
100
AcDbEntity
  8
0
100
AcDbBlockEnd
  0
BLOCK
  5
39
330
38
100
AcDbEntity
  8
0
100
AcDbBlockBegin
  2
MESA_DESPACHO_140x70
 70
0
 10
0.0
 20
0.0
 30
0.0
  3
MESA_DESPACHO_140x70
  1

  4
Mesa de despacho 140 x 70 cm
  0
LWPOLYLINE
  5
3B
330
38
100
AcDbEntity
  8
0
100
AcDbPolyline
 90
8
 70
1
 10
-692.0
 20
-700.0
 10
692.0
 20
-700.0
 42
0.41421356237309503
 10
700.0
 20
-692.0
 10
700.0
 20
-8.0
 42
0.41421356237309503
 10
692.0
 20
0.0
 10
-692.0
 20
0.0
 42
0.41421356237309503
 10
-700.0
 20
-8.0
 10
-700.0
 20
-692.0
 42
0.41421356237309503
  0
ENDBLK
  5
3A
330
38
100
AcDbEntity
  8
0
100
AcDbBlockEnd
  0
BLOCK
  5
3D
330
3C
100
AcDbEntity
  8
0
100
AcDbBlockBegin
  2
MESA_DESPACHO_160x80
 70
0
 10
0.0
 20
0.0
 30
0.0
  3
MESA_DESPACHO_160x80
  1

  4
Mesa de despacho 160 x 80 cm
  0
LWPOLYLINE
  5
3F
330
3C
100
AcDbEntity
  8
0
100
AcDbPolyline
 90
8
 70
1
 10
-792.0
 20
-800.0
 10
792.0
 20
-800.0
 42
0.41421356237309503
 10
800.0
 20
-792.0
 10
800.0
 20
-8.0
 42
0.41421356237309503
 10
792.0
 20
0.0
 10
-792.0
 20
0.0
 42
0.41421356237309503
 10
-800.0
 20
-8.0
 10
-800.0
 20
-792.0
 42
0.41421356237309503
  0
ENDBLK
  5
3E
330
3C
100
AcDbEntity
  8
0
100
AcDbBlockEnd
  0
BLOCK
  5
41
330
40
100
AcDbEntity
  8
0
100
AcDbBlockBegin
  2
MESA_DIRECCION_180x90
 70
0
 10
0.0
 20
0.0
 30
0.0
  3
MESA_DIRECCION_180x90
  1

  4
Mesa de dirección 180 x 90 cm, exenta (P.I. centro)
  0
LWPOLYLINE
  5
43
330
40
100
AcDbEntity
  8
0
100
AcDbPolyline
 90
4
 70
1
 10
-900.0
 20
-450.0
 10
900.0
 20
-450.0
 10
900.0
 20
350.0
 42
0.1111111111111111
 10
-900.0
 20
350.0
  0
LWPOLYLINE
  5
44
330
40
100
AcDbEntity
  8
0
100
AcDbPolyline
 90
8
 70
1
 10
-390.0
 20
-390.0
 10
390.0
 20
-390.0
 42
0.41421356237309503
 10
400.0
 20
-380.0
 10
400.0
 20
100.0
 42
0.41421356237309503
 10
390.0
 20
110.0
 10
-390.0
 20
110.0
 42
0.41421356237309503
 10
-400.0
 20
100.0
 10
-400.0
 20
-380.0
 42
0.41421356237309503
  0
ENDBLK
  5
42
330
40
100
AcDbEntity
  8
0
100
AcDbBlockEnd
  0
BLOCK
  5
46
330
45
100
AcDbEntity
  8
0
100
AcDbBlockBegin
  2
MESA_DESPACHO_L_160x160
 70
0
 10
0.0
 20
0.0
 30
0.0
  3
MESA_DESPACHO_L_160x160
  1

  4
Mesa en L 160 x 160 cm, ala a la derecha
  0
LWPOLYLINE
  5
48
330
45
100
AcDbEntity
  8
0
100
AcDbPolyline
 90
7
 70
1
 10
-800.0
 20
0.0
 10
800.0
 20
0.0
 10
800.0
 20
-1600.0
 10
200.0
 20
-1600.0
 10
200.0
 20
-950.0
 42
0.41421356237309503
 10
50.0
 20
-800.0
 10
-800.0
 20
-800.0
  0
ENDBLK
  5
47
330
45
100
AcDbEntity
  8
0
100
AcDbBlockEnd
  0
BLOCK
  5
4A
330
49
100
AcDbEntity
  8
0
100
AcDbBlockBegin
  2
MESA_REUNION_200x100
 70
0
 10
0.0
 20
0.0
 30
0.0
  3
MESA_REUNION_200x100
  1

  4
Mesa de reuniones 200 x 100 cm
  0
LWPOLYLINE
  5
4C
330
49
100
AcDbEntity
  8
0
100
AcDbPolyline
 90
8
 70
1
 10
-920.0
 20
-500.0
 10
920.0
 20
-500.0
 42
0.41421356237309503
 10
1000.0
 20
-420.0
 10
1000.0
 20
420.0
 42
0.41421356237309503
 10
920.0
 20
500.0
 10
-920.0
 20
500.0
 42
0.41421356237309503
 10
-1000.0
 20
420.0
 10
-1000.0
 20
-420.0
 42
0.41421356237309503
  0
ENDBLK
  5
4B
330
49
100
AcDbEntity
  8
0
100
AcDbBlockEnd
  0
BLOCK
  5
4E
330
4D
100
AcDbEntity
  8
0
100
AcDbBlockBegin
  2
MESA_REUNION_D120
 70
0
 10
0.0
 20
0.0
 30
0.0
  3
MESA_REUNION_D120
  1

  4
Mesa de reuniones redonda Ø120 cm
  0
CIRCLE
  5
50
330
4D
100
AcDbEntity
  8
0
100
AcDbCircle
 10
0.0
 20
0.0
 30
0.0
 40
600.0
  0
ENDBLK
  5
4F
330
4D
100
AcDbEntity
  8
0
100
AcDbBlockEnd
  0
BLOCK
  5
52
330
51
100
AcDbEntity
  8
0
100
AcDbBlockBegin
  2
SILLA_OPERATIVA
 70
0
 10
0.0
 20
0.0
 30
0.0
  3
SILLA_OPERATIVA
  1

  4
Silla operativa con ruedas, base Ø71 cm
  0
LWPOLYLINE
  5
54
330
51
100
AcDbEntity
  8
0
100
AcDbPolyline
 90
8
 70
1
 10
-200.0
 20
-190.0
 10
200.0
 20
-190.0
 42
0.41421356237309503
 10
240.0
 20
-150.0
 10
240.0
 20
195.0
 42
0.41421356237309503
 10
165.0
 20
270.0
 10
-165.0
 20
270.0
 42
0.41421356237309503
 10
-240.0
 20
195.0
 10
-240.0
 20
-150.0
 42
0.41421356237309503
  0
LWPOLYLINE
  5
55
330
51
100
AcDbEntity
  8
0
100
AcDbPolyline
 90
4
 70
1
 10
-230.0
 20
-200.0
 42
0.21739130434782608
 10
230.0
 20
-200.0
 10
230.0
 20
-250.0
 42
-0.21739130434782608
 10
-230.0
 20
-250.0
  0
LWPOLYLINE
  5
56
330
51
100
AcDbEntity
  8
0
100
AcDbPolyline
 90
8
 70
1
 10
-261.0
 20
-110.0
 10
-261.0
 20
-110.0
 42
0.41421356237309503
 10
-247.0
 20
-96.0
 10
-247.0
 20
136.0
 42
0.41421356237309503
 10
-261.0
 20
150.0
 10
-261.0
 20
150.0
 42
0.41421356237309503
 10
-275.0
 20
136.0
 10
-275.0
 20
-96.0
 42
0.41421356237309503
  0
LWPOLYLINE
  5
57
330
51
100
AcDbEntity
  8
0
100
AcDbPolyline
 90
8
 70
1
 10
261.0
 20
-110.0
 10
261.0
 20
-110.0
 42
0.41421356237309503
 10
275.0
 20
-96.0
 10
275.0
 20
136.0
 42
0.41421356237309503
 10
261.0
 20
150.0
 10
261.0
 20
150.0
 42
0.41421356237309503
 10
247.0
 20
136.0
 10
247.0
 20
-96.0
 42
0.41421356237309503
  0
LINE
  5
58
330
51
100
AcDbEntity
  8
0
100
AcDbLine
 10
14.860097553816871
 20
270.00000000041814
 30
0.0
 11
14.40000000000002
 21
309.56375768395765
 31
0.0
  0
LINE
  5
59
330
51
100
AcDbEntity
  8
0
100
AcDbLine
 10
-14.860097553816837
 20
270.00000000041814
 30
0.0
 11
-14.39999999999998
 21
309.56375768395765
 31
0.0
  0
CIRCLE
  5
5A
330
51
100
AcDbEntity
  8
0
100
AcDbCircle
 10
2.0206672185931328e-14
 20
330.0
 30
0.0
 40
25.0
  0
LINE
  5
5B
330
51
100
AcDbEntity
  8
0
100
AcDbLine
 10
-239.99999999948628
 20
93.76173666909165
 30
0.0
 11
-247.00000000047783
 21
95.9465143113442
 31
0.0
  0
LINE
  5
5C
330
51
100
AcDbEntity
  8
0
100
AcDbLine
 10
-275.0000000008696
 20
104.6856248792388
 30
0.0
 11
-289.9627842351426
 21
109.35567580156138
 31
0.0
  0
LINE
  5
5D
330
51
100
AcDbEntity
  8
0
100
AcDbLine
 10
-240.00000000062687
 20
62.08000562036605
 30
0.0
 11
-247.00000000075156
 21
64.44478387212921
 31
0.0
  0
LINE
  5
5E
330
51
100
AcDbEntity
  8
0
100
AcDbLine
 10
-274.99999999947653
 20
73.90389687858266
 30
0.0
 11
-298.8624736731411
 21
81.96524813226094
 31
0.0
  0
CIRCLE
  5
5F
330
51
100
AcDbEntity
  8
0
100
AcDbCircle
 10
-313.84865037740065
 20
101.97560814373267
 30
0.0
 40
25.0
  0
LINE
  5
60
330
51
100
AcDbEntity
  8
0
100
AcDbLine
 10
-156.75826756398334
 20
-189.99999999945535
 30
0.0
 11
-178.32602027805584
 21
-220.4232461343512
 31
0.0
  0
LINE
  5
61
330
51
100
AcDbEntity
  8
0
100
AcDbLine
 10
-119.00894306996327
 20
-189.99999999928602
 30
0.0
 11
-148.53509374229262
 21
-229.66106495169586
 31
0.0
  0
ARC
  5
62
330
51
100
AcDbEntity
  8
0
100
AcDbCircle
 10
-193.96913325651616
 20
-266.97560814373264
 30
0.0
 40
25.0
100
AcDbArc
 50
153.4484399734065
 51
345.52145592961455
  0
LINE
  5
63
330
51
100
AcDbEntity
  8
0
100
AcDbLine
 10
119.00894306996318
 20
-189.99999999928605
 30
0.0
 11
148.53509374229253
 21
-229.6610649516959
 31
0.0
  0
LINE
  5
64
330
51
100
AcDbEntity
  8
0
100
AcDbLine
 10
156.75826756398325
 20
-189.99999999945538
 30
0.0
 11
178.32602027805572
 21
-220.42324613435125
 31
0.0
  0
ARC
  5
65
330
51
100
AcDbEntity
  8
0
100
AcDbCircle
 10
193.96913325651607
 20
-266.9756081437327
 30
0.0
 40
25.0
100
AcDbArc
 50
194.47854407038537
 51
26.551560026593503
  0
LINE
  5
66
330
51
100
AcDbEntity
  8
0
100
AcDbLine
 10
240.00000000062687
 20
62.08000562036595
 30
0.0
 11
247.00000000075156
 21
64.44478387212912
 31
0.0
  0
LINE
  5
67
330
51
100
AcDbEntity
  8
0
100
AcDbLine
 10
274.99999999947653
 20
73.90389687858256
 30
0.0
 11
298.8624736731411
 21
81.96524813226083
 31
0.0
  0
LINE
  5
68
330
51
100
AcDbEntity
  8
0
100
AcDbLine
 10
239.99999999948628
 20
93.76173666909155
 30
0.0
 11
247.00000000047783
 21
95.9465143113441
 31
0.0
  0
LINE
  5
69
330
51
100
AcDbEntity
  8
0
100
AcDbLine
 10
275.0000000008696
 20
104.68562487923869
 30
0.0
 11
289.9627842351426
 21
109.35567580156126
 31
0.0
  0
CIRCLE
  5
6A
330
51
100
AcDbEntity
  8
0
100
AcDbCircle
 10
313.8486503774007
 20
101.97560814373257
 30
0.0
 40
25.0
  0
ENDBLK
  5
53
330
51
100
AcDbEntity
  8
0
100
AcDbBlockEnd
  0
BLOCK
  5
6C
330
6B
100
AcDbEntity
  8
0
100
AcDbBlockBegin
  2
SILLA_DIRECCION
 70
0
 10
0.0
 20
0.0
 30
0.0
  3
SILLA_DIRECCION
  1

  4
Sillón de dirección, base Ø76 cm
  0
LWPOLYLINE
  5
6E
330
6B
100
AcDbEntity
  8
0
100
AcDbPolyline
 90
8
 70
1
 10
-220.0
 20
-210.0
 10
220.0
 20
-210.0
 42
0.41421356237309503
 10
270.0
 20
-160.0
 10
270.0
 20
190.0
 42
0.41421356237309503
 10
180.0
 20
280.0
 10
-180.0
 20
280.0
 42
0.41421356237309503
 10
-270.0
 20
190.0
 10
-270.0
 20
-160.0
 42
0.41421356237309503
  0
LWPOLYLINE
  5
6F
330
6B
100
AcDbEntity
  8
0
100
AcDbPolyline
 90
4
 70
1
 10
-265.0
 20
-225.0
 42
0.22641509433962265
 10
265.0
 20
-225.0
 10
265.0
 20
-310.0
 42
-0.22641509433962265
 10
-265.0
 20
-310.0
  0
LWPOLYLINE
  5
70
330
6B
100
AcDbEntity
  8
0
100
AcDbPolyline
 90
8
 70
1
 10
-300.0
 20
-150.0
 10
-300.0
 20
-150.0
 42
0.41421356237309503
 10
-278.0
 20
-128.0
 10
-278.0
 20
148.0
 42
0.41421356237309503
 10
-300.0
 20
170.0
 10
-300.0
 20
170.0
 42
0.41421356237309503
 10
-322.0
 20
148.0
 10
-322.0
 20
-128.0
 42
0.41421356237309503
  0
LWPOLYLINE
  5
71
330
6B
100
AcDbEntity
  8
0
100
AcDbPolyline
 90
8
 70
1
 10
300.0
 20
-150.0
 10
300.0
 20
-150.0
 42
0.41421356237309503
 10
322.0
 20
-128.0
 10
322.0
 20
148.0
 42
0.41421356237309503
 10
300.0
 20
170.0
 10
300.0
 20
170.0
 42
0.41421356237309503
 10
278.0
 20
148.0
 10
278.0
 20
-128.0
 42
0.41421356237309503
  0
LINE
  5
72
330
6B
100
AcDbEntity
  8
0
100
AcDbLine
 10
16.57515134083029
 20
279.99999999983896
 30
0.0
 11
16.00000000000002
 21
327.0217494138479
 31
0.0
  0
LINE
  5
73
330
6B
100
AcDbEntity
  8
0
100
AcDbLine
 10
-16.575151340830253
 20
279.99999999983896
 30
0.0
 11
-15.99999999999998
 21
327.0217494138479
 31
0.0
  0
CIRCLE
  5
74
330
6B
100
AcDbEntity
  8
0
100
AcDbCircle
 10
2.1431318985078682e-14
 20
350.0
 30
0.0
 40
28.0
  0
LINE
  5
75
330
6B
100
AcDbEntity
  8
0
100
AcDbLine
 10
-269.99999999911796
 20
105.03758018251328
 30
0.0
 11
-278.0000000000536
 21
107.52918258699967
 31
0.0
  0
LINE
  5
76
330
6B
100
AcDbEntity
  8
0
100
AcDbLine
 10
-269.99999999957686
 20
70.28092279835491
 30
0.0
 11
-277.99999999992025
 21
72.98889545180016
 31
0.0
  0
ARC
  5
77
330
6B
100
AcDbEntity
  8
0
100
AcDbCircle
 10
-332.8697807033037
 20
108.15594803123163
 30
0.0
 40
28.0
100
AcDbArc
 50
67.15705434512348
 51
292.8429456548765
  0
LINE
  5
78
330
6B
100
AcDbEntity
  8
0
100
AcDbLine
 10
-173.18757418837413
 20
-210.00000000034586
 30
0.0
 11
-202.1045230184912
 21
-250.8420567639151
 31
0.0
  0
LINE
  5
79
330
6B
100
AcDbEntity
  8
0
100
AcDbLine
 10
-131.59062466380604
 20
-209.99999999931197
 30
0.0
 11
-169.69132642082158
 21
-261.11455271260405
 31
0.0
  0
LINE
  5
7A
330
6B
100
AcDbEntity
  8
0
100
AcDbLine
 10
131.59062466380593
 20
-209.999999999312
 30
0.0
 11
169.69132642082144
 21
-261.1145527126041
 31
0.0
  0
LINE
  5
7B
330
6B
100
AcDbEntity
  8
0
100
AcDbLine
 10
173.18757418837404
 20
-210.0000000003459
 30
0.0
 11
202.1045230184911
 21
-250.84205676391517
 31
0.0
  0
LINE
  5
7C
330
6B
100
AcDbEntity
  8
0
100
AcDbLine
 10
269.99999999957686
 20
70.28092279835481
 30
0.0
 11
277.9999999999203
 21
72.98889545180006
 31
0.0
  0
LINE
  5
7D
330
6B
100
AcDbEntity
  8
0
100
AcDbLine
 10
269.999999999118
 20
105.03758018251318
 30
0.0
 11
278.00000000005366
 21
107.52918258699957
 31
0.0
  0
ARC
  5
7E
330
6B
100
AcDbEntity
  8
0
100
AcDbCircle
 10
332.8697807033038
 20
108.15594803123152
 30
0.0
 40
28.0
100
AcDbArc
 50
247.15705434512353
 51
112.84294565487652
  0
ENDBLK
  5
6D
330
6B
100
AcDbEntity
  8
0
100
AcDbBlockEnd
  0
BLOCK
  5
80
330
7F
100
AcDbEntity
  8
0
100
AcDbBlockBegin
  2
SILLA_CONFIDENTE
 70
0
 10
0.0
 20
0.0
 30
0.0
  3
SILLA_CONFIDENTE
  1

  4
Silla de confidente 57 x 52 cm
  0
LWPOLYLINE
  5
82
330
7F
100
AcDbEntity
  8
0
100
AcDbPolyline
 90
8
 70
1
 10
-210.0
 20
-220.0
 10
210.0
 20
-220.0
 42
0.41421356237309503
 10
250.0
 20
-180.0
 10
250.0
 20
180.0
 42
0.41421356237309503
 10
190.0
 20
240.0
 10
-190.0
 20
240.0
 42
0.41421356237309503
 10
-250.0
 20
180.0
 10
-250.0
 20
-180.0
 42
0.41421356237309503
  0
LWPOLYLINE
  5
83
330
7F
100
AcDbEntity
  8
0
100
AcDbPolyline
 90
4
 70
1
 10
-245.0
 20
-235.0
 42
0.12244897959183673
 10
245.0
 20
-235.0
 10
245.0
 20
-275.0
 42
-0.12244897959183673
 10
-245.0
 20
-275.0
  0
LWPOLYLINE
  5
84
330
7F
100
AcDbEntity
  8
0
100
AcDbPolyline
 90
8
 70
1
 10
-271.0
 20
-200.0
 10
-269.0
 20
-200.0
 42
0.41421356237309503
 10
-255.0
 20
-186.0
 10
-255.0
 20
186.0
 42
0.41421356237309503
 10
-269.0
 20
200.0
 10
-271.0
 20
200.0
 42
0.41421356237309503
 10
-285.0
 20
186.0
 10
-285.0
 20
-186.0
 42
0.41421356237309503
  0
LWPOLYLINE
  5
85
330
7F
100
AcDbEntity
  8
0
100
AcDbPolyline
 90
8
 70
1
 10
269.0
 20
-200.0
 10
271.0
 20
-200.0
 42
0.41421356237309503
 10
285.0
 20
-186.0
 10
285.0
 20
186.0
 42
0.41421356237309503
 10
271.0
 20
200.0
 10
269.0
 20
200.0
 42
0.41421356237309503
 10
255.0
 20
186.0
 10
255.0
 20
-186.0
 42
0.41421356237309503
  0
ENDBLK
  5
81
330
7F
100
AcDbEntity
  8
0
100
AcDbBlockEnd
  0
BLOCK
  5
87
330
86
100
AcDbEntity
  8
0
100
AcDbBlockBegin
  2
CAJONERA_42x58
 70
0
 10
0.0
 20
0.0
 30
0.0
  3
CAJONERA_42x58
  1

  4
Cajonera con ruedas 42 x 58 cm
  0
LWPOLYLINE
  5
89
330
86
100
AcDbEntity
  8
0
100
AcDbPolyline
 90
8
 70
1
 10
-204.0
 20
-580.0
 10
204.0
 20
-580.0
 42
0.41421356237309503
 10
210.0
 20
-574.0
 10
210.0
 20
-6.0
 42
0.41421356237309503
 10
204.0
 20
0.0
 10
-204.0
 20
0.0
 42
0.41421356237309503
 10
-210.0
 20
-6.0
 10
-210.0
 20
-574.0
 42
0.41421356237309503
  0
LWPOLYLINE
  5
8A
330
86
100
AcDbEntity
  8
0
100
AcDbPolyline
 90
4
 70
0
 10
-60.0
 20
-580.0
 10
-60.0
 20
-592.0
 10
60.0
 20
-592.0
 10
60.0
 20
-580.0
  0
ENDBLK
  5
88
330
86
100
AcDbEntity
  8
0
100
AcDbBlockEnd
  0
BLOCK
  5
8C
330
8B
100
AcDbEntity
  8
0
100
AcDbBlockBegin
  2
ARCHIVADOR_4C_47x62
 70
0
 10
0.0
 20
0.0
 30
0.0
  3
ARCHIVADOR_4C_47x62
  1

  4
Archivador vertical de 4 cajones 47 x 62 cm
  0
LWPOLYLINE
  5
8E
330
8B
100
AcDbEntity
  8
0
100
AcDbPolyline
 90
4
 70
1
 10
-235.0
 20
-620.0
 10
235.0
 20
-620.0
 10
235.0
 20
0.0
 10
-235.0
 20
0.0
  0
LINE
  5
8F
330
8B
100
AcDbEntity
  8
0
100
AcDbLine
 10
-235.0
 20
-620.0
 30
0.0
 11
235.0
 21
0.0
 31
0.0
  0
LINE
  5
90
330
8B
100
AcDbEntity
  8
0
100
AcDbLine
 10
-235.0
 20
0.0
 30
0.0
 11
235.0
 21
-620.0
 31
0.0
  0
LWPOLYLINE
  5
91
330
8B
100
AcDbEntity
  8
0
100
AcDbPolyline
 90
4
 70
0
 10
-70.0
 20
-620.0
 10
-70.0
 20
-632.0
 10
70.0
 20
-632.0
 10
70.0
 20
-620.0
  0
ENDBLK
  5
8D
330
8B
100
AcDbEntity
  8
0
100
AcDbBlockEnd
  0
BLOCK
  5
93
330
92
100
AcDbEntity
  8
0
100
AcDbBlockBegin
  2
ARCHIVADOR_LATERAL_80x45
 70
0
 10
0.0
 20
0.0
 30
0.0
  3
ARCHIVADOR_LATERAL_80x45
  1

  4
Archivador bajo de cajones 80 x 45 cm
  0
LWPOLYLINE
  5
95
330
92
100
AcDbEntity
  8
0
100
AcDbPolyline
 90
4
 70
1
 10
-400.0
 20
-450.0
 10
400.0
 20
-450.0
 10
400.0
 20
0.0
 10
-400.0
 20
0.0
  0
LINE
  5
96
330
92
100
AcDbEntity
  8
0
100
AcDbLine
 10
-400.0
 20
-430.0
 30
0.0
 11
400.0
 21
-430.0
 31
0.0
  0
LWPOLYLINE
  5
97
330
92
100
AcDbEntity
  8
0
100
AcDbPolyline
 90
4
 70
0
 10
-100.0
 20
-450.0
 10
-100.0
 20
-462.0
 10
100.0
 20
-462.0
 10
100.0
 20
-450.0
  0
ENDBLK
  5
94
330
92
100
AcDbEntity
  8
0
100
AcDbBlockEnd
  0
BLOCK
  5
99
330
98
100
AcDbEntity
  8
0
100
AcDbBlockBegin
  2
ARMARIO_ARCHIVO_100x45
 70
0
 10
0.0
 20
0.0
 30
0.0
  3
ARMARIO_ARCHIVO_100x45
  1

  4
Armario de archivo alto, 2 puertas, 100 x 45 cm
  0
LWPOLYLINE
  5
9B
330
98
100
AcDbEntity
  8
0
100
AcDbPolyline
 90
4
 70
1
 10
-500.0
 20
-450.0
 10
500.0
 20
-450.0
 10
500.0
 20
0.0
 10
-500.0
 20
0.0
  0
LINE
  5
9C
330
98
100
AcDbEntity
  8
0
100
AcDbLine
 10
-500.0
 20
-450.0
 30
0.0
 11
500.0
 21
0.0
 31
0.0
  0
LINE
  5
9D
330
98
100
AcDbEntity
  8
0
100
AcDbLine
 10
-500.0
 20
0.0
 30
0.0
 11
500.0
 21
-450.0
 31
0.0
  0
ARC
  5
9E
330
98
100
AcDbEntity
  8
0
100
AcDbCircle
 10
-500.0
 20
-450.0
 30
0.0
 40
500.0
100
AcDbArc
 50
270.0
 51
360.0
  0
ARC
  5
9F
330
98
100
AcDbEntity
  8
0
100
AcDbCircle
 10
500.0
 20
-450.0
 30
0.0
 40
500.0
100
AcDbArc
 50
180.0
 51
270.0
  0
ENDBLK
  5
9A
330
98
100
AcDbEntity
  8
0
100
AcDbBlockEnd
  0
BLOCK
  5
A1
330
A0
100
AcDbEntity
  8
0
100
AcDbBlockBegin
  2
MONITOR_TECLADO
 70
0
 10
0.0
 20
0.0
 30
0.0
  3
MONITOR_TECLADO
  1

  4
Monitor, teclado y ratón (P.I. = trasera de la mesa)
  0
LWPOLYLINE
  5
A3
330
A0
100
AcDbEntity
  8
0
100
AcDbPolyline
 90
8
 70
1
 10
-262.0
 20
-165.0
 10
262.0
 20
-165.0
 42
0.41421356237309503
 10
270.0
 20
-157.0
 10
270.0
 20
-143.0
 42
0.41421356237309503
 10
262.0
 20
-135.0
 10
-262.0
 20
-135.0
 42
0.41421356237309503
 10
-270.0
 20
-143.0
 10
-270.0
 20
-157.0
 42
0.41421356237309503
  0
LWPOLYLINE
  5
A4
330
A0
100
AcDbEntity
  8
0
100
AcDbPolyline
 90
8
 70
1
 10
-90.0
 20
-235.0
 10
90.0
 20
-235.0
 42
0.41421356237309503
 10
110.0
 20
-215.0
 10
110.0
 20
-195.0
 42
0.41421356237309503
 10
90.0
 20
-175.0
 10
-90.0
 20
-175.0
 42
0.41421356237309503
 10
-110.0
 20
-195.0
 10
-110.0
 20
-215.0
 42
0.41421356237309503
  0
LWPOLYLINE
  5
A5
330
A0
100
AcDbEntity
  8
0
100
AcDbPolyline
 90
8
 70
1
 10
-220.0
 20
-420.0
 10
220.0
 20
-420.0
 42
0.41421356237309503
 10
230.0
 20
-410.0
 10
230.0
 20
-295.0
 42
0.41421356237309503
 10
220.0
 20
-285.0
 10
-220.0
 20
-285.0
 42
0.41421356237309503
 10
-230.0
 20
-295.0
 10
-230.0
 20
-410.0
 42
0.41421356237309503
  0
LWPOLYLINE
  5
A6
330
A0
100
AcDbEntity
  8
0
100
AcDbPolyline
 90
8
 70
1
 10
-211.0
 20
-405.0
 10
211.0
 20
-405.0
 42
0.41421356237309503
 10
215.0
 20
-401.0
 10
215.0
 20
-304.0
 42
0.41421356237309503
 10
211.0
 20
-300.0
 10
-211.0
 20
-300.0
 42
0.41421356237309503
 10
-215.0
 20
-304.0
 10
-215.0
 20
-401.0
 42
0.41421356237309503
  0
LWPOLYLINE
  5
A7
330
A0
100
AcDbEntity
  8
0
100
AcDbPolyline
 90
8
 70
1
 10
328.0
 20
-395.0
 10
332.0
 20
-395.0
 42
0.41421356237309503
 10
360.0
 20
-367.0
 10
360.0
 20
-323.0
 42
0.41421356237309503
 10
332.0
 20
-295.0
 10
328.0
 20
-295.0
 42
0.41421356237309503
 10
300.0
 20
-323.0
 10
300.0
 20
-367.0
 42
0.41421356237309503
  0
ENDBLK
  5
A2
330
A0
100
AcDbEntity
  8
0
100
AcDbBlockEnd
  0
BLOCK
  5
A9
330
A8
100
AcDbEntity
  8
0
100
AcDbBlockBegin
  2
PORTATIL
 70
0
 10
0.0
 20
0.0
 30
0.0
  3
PORTATIL
  1

  4
Portátil abierto 34 x 24 cm
  0
LWPOLYLINE
  5
AB
330
A8
100
AcDbEntity
  8
0
100
AcDbPolyline
 90
8
 70
1
 10
-164.0
 20
5.0
 10
164.0
 20
5.0
 42
0.41421356237309503
 10
170.0
 20
11.0
 10
170.0
 20
69.0
 42
0.41421356237309503
 10
164.0
 20
75.0
 10
-164.0
 20
75.0
 42
0.41421356237309503
 10
-170.0
 20
69.0
 10
-170.0
 20
11.0
 42
0.41421356237309503
  0
LWPOLYLINE
  5
AC
330
A8
100
AcDbEntity
  8
0
100
AcDbPolyline
 90
8
 70
1
 10
-160.0
 20
-235.0
 10
160.0
 20
-235.0
 42
0.41421356237309503
 10
170.0
 20
-225.0
 10
170.0
 20
-10.0
 42
0.41421356237309503
 10
160.0
 20
0.0
 10
-160.0
 20
0.0
 42
0.41421356237309503
 10
-170.0
 20
-10.0
 10
-170.0
 20
-225.0
 42
0.41421356237309503
  0
LWPOLYLINE
  5
AD
330
A8
100
AcDbEntity
  8
0
100
AcDbPolyline
 90
8
 70
1
 10
-146.0
 20
-125.0
 10
146.0
 20
-125.0
 42
0.41421356237309503
 10
150.0
 20
-121.0
 10
150.0
 20
-24.0
 42
0.41421356237309503
 10
146.0
 20
-20.0
 10
-146.0
 20
-20.0
 42
0.41421356237309503
 10
-150.0
 20
-24.0
 10
-150.0
 20
-121.0
 42
0.41421356237309503
  0
LWPOLYLINE
  5
AE
330
A8
100
AcDbEntity
  8
0
100
AcDbPolyline
 90
8
 70
1
 10
-49.0
 20
-215.0
 10
49.0
 20
-215.0
 42
0.41421356237309503
 10
55.0
 20
-209.0
 10
55.0
 20
-146.0
 42
0.41421356237309503
 10
49.0
 20
-140.0
 10
-49.0
 20
-140.0
 42
0.41421356237309503
 10
-55.0
 20
-146.0
 10
-55.0
 20
-209.0
 42
0.41421356237309503
  0
ENDBLK
  5
AA
330
A8
100
AcDbEntity
  8
0
100
AcDbBlockEnd
  0
BLOCK
  5
B0
330
AF
100
AcDbEntity
  8
0
100
AcDbBlockBegin
  2
PAPELERA_D30
 70
0
 10
0.0
 20
0.0
 30
0.0
  3
PAPELERA_D30
  1

  4
Papelera Ø30 cm
  0
CIRCLE
  5
B2
330
AF
100
AcDbEntity
  8
0
100
AcDbCircle
 10
0.0
 20
0.0
 30
0.0
 40
150.0
  0
CIRCLE
  5
B3
330
AF
100
AcDbEntity
  8
0
100
AcDbCircle
 10
0.0
 20
0.0
 30
0.0
 40
135.0
  0
ENDBLK
  5
B1
330
AF
100
AcDbEntity
  8
0
100
AcDbBlockEnd
  0
BLOCK
  5
B5
330
B4
100
AcDbEntity
  8
0
100
AcDbBlockBegin
  2
PERCHERO_D50
 70
0
 10
0.0
 20
0.0
 30
0.0
  3
PERCHERO_D50
  1

  4
Perchero de pie Ø50 cm
  0
CIRCLE
  5
B7
330
B4
100
AcDbEntity
  8
0
100
AcDbCircle
 10
0.0
 20
0.0
 30
0.0
 40
250.0
  0
CIRCLE
  5
B8
330
B4
100
AcDbEntity
  8
0
100
AcDbCircle
 10
0.0
 20
0.0
 30
0.0
 40
22.0
  0
LINE
  5
B9
330
B4
100
AcDbEntity
  8
0
100
AcDbLine
 10
19.052558883257653
 20
10.999999999999998
 30
0.0
 11
164.54482671904336
 21
94.99999999999999
 31
0.0
  0
CIRCLE
  5
BA
330
B4
100
AcDbEntity
  8
0
100
AcDbCircle
 10
177.53520777580994
 20
102.49999999999999
 30
0.0
 40
15.0
  0
LINE
  5
BB
330
B4
100
AcDbEntity
  8
0
100
AcDbLine
 10
1.3471114790620886e-15
 20
22.0
 30
0.0
 11
1.1634144591899855e-14
 21
190.0
 31
0.0
  0
CIRCLE
  5
BC
330
B4
100
AcDbEntity
  8
0
100
AcDbCircle
 10
1.255262969126037e-14
 20
205.0
 30
0.0
 40
15.0
  0
LINE
  5
BD
330
B4
100
AcDbEntity
  8
0
100
AcDbLine
 10
-19.052558883257653
 20
10.999999999999998
 30
0.0
 11
-164.54482671904336
 21
94.99999999999999
 31
0.0
  0
CIRCLE
  5
BE
330
B4
100
AcDbEntity
  8
0
100
AcDbCircle
 10
-177.53520777580994
 20
102.49999999999999
 30
0.0
 40
15.0
  0
LINE
  5
BF
330
B4
100
AcDbEntity
  8
0
100
AcDbLine
 10
-19.05255888325765
 20
-11.000000000000002
 30
0.0
 11
-164.54482671904333
 21
-95.00000000000001
 31
0.0
  0
CIRCLE
  5
C0
330
B4
100
AcDbEntity
  8
0
100
AcDbCircle
 10
-177.5352077758099
 20
-102.50000000000003
 30
0.0
 40
15.0
  0
LINE
  5
C1
330
B4
100
AcDbEntity
  8
0
100
AcDbLine
 10
-4.0413344371862654e-15
 20
-22.0
 30
0.0
 11
-3.490243377569956e-14
 21
-190.0
 31
0.0
  0
CIRCLE
  5
C2
330
B4
100
AcDbEntity
  8
0
100
AcDbCircle
 10
-3.765788907378111e-14
 20
-205.0
 30
0.0
 40
15.0
  0
LINE
  5
C3
330
B4
100
AcDbEntity
  8
0
100
AcDbLine
 10
19.052558883257646
 20
-11.00000000000001
 30
0.0
 11
164.5448267190433
 21
-95.00000000000009
 31
0.0
  0
CIRCLE
  5
C4
330
B4
100
AcDbEntity
  8
0
100
AcDbCircle
 10
177.53520777580988
 20
-102.50000000000009
 30
0.0
 40
15.0
  0
ENDBLK
  5
B6
330
B4
100
AcDbEntity
  8
0
100
AcDbBlockEnd
  0
BLOCK
  5
C6
330
C5
100
AcDbEntity
  8
0
100
AcDbBlockBegin
  2
PUESTO_TRABAJO_160x80
 70
0
 10
0.0
 20
0.0
 30
0.0
  3
PUESTO_TRABAJO_160x80
  1

  4
Mesa 160x80, silla operativa y ordenador
  0
INSERT
  5
C8
330
C5
100
AcDbEntity
  8
0
100
AcDbBlockReference
  2
MESA_DESPACHO_160x80
 10
0.0
 20
0.0
 30
0.0
  0
INSERT
  5
CA
330
C5
100
AcDbEntity
  8
0
100
AcDbBlockReference
  2
MONITOR_TECLADO
 10
0.0
 20
0.0
 30
0.0
  0
INSERT
  5
CC
330
C5
100
AcDbEntity
  8
0
100
AcDbBlockReference
  2
SILLA_OPERATIVA
 10
0.0
 20
-1090.0
 30
0.0
  0
ENDBLK
  5
C7
330
C5
100
AcDbEntity
  8
0
100
AcDbBlockEnd
  0
BLOCK
  5
CF
330
CE
100
AcDbEntity
  8
0
100
AcDbBlockBegin
  2
CONJUNTO_REUNION_6P
 70
0
 10
0.0
 20
0.0
 30
0.0
  3
CONJUNTO_REUNION_6P
  1

  4
Mesa 200x100 con 6 sillas de confidente
  0
INSERT
  5
D1
330
CE
100
AcDbEntity
  8
0
100
AcDbBlockReference
  2
MESA_REUNION_200x100
 10
0.0
 20
0.0
 30
0.0
  0
INSERT
  5
D3
330
CE
100
AcDbEntity
  8
0
100
AcDbBlockReference
  2
SILLA_CONFIDENTE
 10
-450.0
 20
-800.0
 30
0.0
  0
INSERT
  5
D5
330
CE
100
AcDbEntity
  8
0
100
AcDbBlockReference
  2
SILLA_CONFIDENTE
 10
-450.0
 20
800.0
 30
0.0
 50
180.0
  0
INSERT
  5
D7
330
CE
100
AcDbEntity
  8
0
100
AcDbBlockReference
  2
SILLA_CONFIDENTE
 10
450.0
 20
-800.0
 30
0.0
  0
INSERT
  5
D9
330
CE
100
AcDbEntity
  8
0
100
AcDbBlockReference
  2
SILLA_CONFIDENTE
 10
450.0
 20
800.0
 30
0.0
 50
180.0
  0
INSERT
  5
DB
330
CE
100
AcDbEntity
  8
0
100
AcDbBlockReference
  2
SILLA_CONFIDENTE
 10
-1300.0
 20
0.0
 30
0.0
 50
-90.0
  0
INSERT
  5
DD
330
CE
100
AcDbEntity
  8
0
100
AcDbBlockReference
  2
SILLA_CONFIDENTE
 10
1300.0
 20
0.0
 30
0.0
 50
90.0
  0
ENDBLK
  5
D0
330
CE
100
AcDbEntity
  8
0
100
AcDbBlockEnd
  0
BLOCK
  5
E0
330
DF
100
AcDbEntity
  8
0
100
AcDbBlockBegin
  2
TV_43_PARED
 70
0
 10
0.0
 20
0.0
 30
0.0
  3
TV_43_PARED
  1

  4
TV de 43 pulgadas colgada en la pared
  0
LWPOLYLINE
  5
E2
330
DF
100
AcDbEntity
  8
0
100
AcDbPolyline
 90
4
 70
0
 10
-200.0
 20
-30.0
 10
-200.0
 20
0.0
 10
200.0
 20
0.0
 10
200.0
 20
-30.0
  0
LWPOLYLINE
  5
E3
330
DF
100
AcDbEntity
  8
0
100
AcDbPolyline
 90
8
 70
1
 10
-481.0
 20
-62.0
 10
481.0
 20
-62.0
 42
0.41421356237309503
 10
485.0
 20
-58.0
 10
485.0
 20
-34.0
 42
0.41421356237309503
 10
481.0
 20
-30.0
 10
-481.0
 20
-30.0
 42
0.41421356237309503
 10
-485.0
 20
-34.0
 10
-485.0
 20
-58.0
 42
0.41421356237309503
  0
ENDBLK
  5
E1
330
DF
100
AcDbEntity
  8
0
100
AcDbBlockEnd
  0
BLOCK
  5
E5
330
E4
100
AcDbEntity
  8
0
100
AcDbBlockBegin
  2
TV_55_PARED
 70
0
 10
0.0
 20
0.0
 30
0.0
  3
TV_55_PARED
  1

  4
TV de 55 pulgadas colgada en la pared
  0
LWPOLYLINE
  5
E7
330
E4
100
AcDbEntity
  8
0
100
AcDbPolyline
 90
4
 70
0
 10
-200.0
 20
-30.0
 10
-200.0
 20
0.0
 10
200.0
 20
0.0
 10
200.0
 20
-30.0
  0
LWPOLYLINE
  5
E8
330
E4
100
AcDbEntity
  8
0
100
AcDbPolyline
 90
8
 70
1
 10
-613.5
 20
-62.0
 10
613.5
 20
-62.0
 42
0.41421356237309503
 10
617.5
 20
-58.0
 10
617.5
 20
-34.0
 42
0.41421356237309503
 10
613.5
 20
-30.0
 10
-613.5
 20
-30.0
 42
0.41421356237309503
 10
-617.5
 20
-34.0
 10
-617.5
 20
-58.0
 42
0.41421356237309503
  0
ENDBLK
  5
E6
330
E4
100
AcDbEntity
  8
0
100
AcDbBlockEnd
  0
BLOCK
  5
EA
330
E9
100
AcDbEntity
  8
0
100
AcDbBlockBegin
  2
TV_65_PARED
 70
0
 10
0.0
 20
0.0
 30
0.0
  3
TV_65_PARED
  1

  4
TV de 65 pulgadas colgada en la pared
  0
LWPOLYLINE
  5
EC
330
E9
100
AcDbEntity
  8
0
100
AcDbPolyline
 90
4
 70
0
 10
-200.0
 20
-30.0
 10
-200.0
 20
0.0
 10
200.0
 20
0.0
 10
200.0
 20
-30.0
  0
LWPOLYLINE
  5
ED
330
E9
100
AcDbEntity
  8
0
100
AcDbPolyline
 90
8
 70
1
 10
-721.0
 20
-62.0
 10
721.0
 20
-62.0
 42
0.41421356237309503
 10
725.0
 20
-58.0
 10
725.0
 20
-34.0
 42
0.41421356237309503
 10
721.0
 20
-30.0
 10
-721.0
 20
-30.0
 42
0.41421356237309503
 10
-725.0
 20
-34.0
 10
-725.0
 20
-58.0
 42
0.41421356237309503
  0
ENDBLK
  5
EB
330
E9
100
AcDbEntity
  8
0
100
AcDbBlockEnd
  0
BLOCK
  5
EF
330
EE
100
AcDbEntity
  8
0
100
AcDbBlockBegin
  2
TV_75_PARED
 70
0
 10
0.0
 20
0.0
 30
0.0
  3
TV_75_PARED
  1

  4
TV de 75 pulgadas colgada en la pared
  0
LWPOLYLINE
  5
F1
330
EE
100
AcDbEntity
  8
0
100
AcDbPolyline
 90
4
 70
0
 10
-200.0
 20
-30.0
 10
-200.0
 20
0.0
 10
200.0
 20
0.0
 10
200.0
 20
-30.0
  0
LWPOLYLINE
  5
F2
330
EE
100
AcDbEntity
  8
0
100
AcDbPolyline
 90
8
 70
1
 10
-836.0
 20
-62.0
 10
836.0
 20
-62.0
 42
0.41421356237309503
 10
840.0
 20
-58.0
 10
840.0
 20
-34.0
 42
0.41421356237309503
 10
836.0
 20
-30.0
 10
-836.0
 20
-30.0
 42
0.41421356237309503
 10
-840.0
 20
-34.0
 10
-840.0
 20
-58.0
 42
0.41421356237309503
  0
ENDBLK
  5
F0
330
EE
100
AcDbEntity
  8
0
100
AcDbBlockEnd
  0
BLOCK
  5
F4
330
F3
100
AcDbEntity
  8
0
100
AcDbBlockBegin
  2
TV_55_PIE
 70
0
 10
0.0
 20
0.0
 30
0.0
  3
TV_55_PIE
  1

  4
TV de 55 pulgadas con pie (sobre mueble)
  0
LWPOLYLINE
  5
F6
330
F3
100
AcDbEntity
  8
0
100
AcDbPolyline
 90
8
 70
1
 10
-613.5
 20
-170.0
 10
613.5
 20
-170.0
 42
0.41421356237309503
 10
617.5
 20
-166.0
 10
617.5
 20
-139.0
 42
0.41421356237309503
 10
613.5
 20
-135.0
 10
-613.5
 20
-135.0
 42
0.41421356237309503
 10
-617.5
 20
-139.0
 10
-617.5
 20
-166.0
 42
0.41421356237309503
  0
LWPOLYLINE
  5
F7
330
F3
100
AcDbEntity
  8
0
100
AcDbPolyline
 90
6
 70
0
 10
-210.0
 20
-135.0
 10
-210.0
 20
-85.0
 42
-0.41421356237309503
 10
-185.0
 20
-60.0
 10
185.0
 20
-60.0
 42
-0.41421356237309503
 10
210.0
 20
-85.0
 10
210.0
 20
-135.0
  0
LWPOLYLINE
  5
F8
330
F3
100
AcDbEntity
  8
0
100
AcDbPolyline
 90
6
 70
0
 10
-210.0
 20
-170.0
 10
-210.0
 20
-230.0
 42
0.41421356237309503
 10
-185.0
 20
-255.0
 10
185.0
 20
-255.0
 42
0.41421356237309503
 10
210.0
 20
-230.0
 10
210.0
 20
-170.0
  0
ENDBLK
  5
F5
330
F3
100
AcDbEntity
  8
0
100
AcDbBlockEnd
  0
BLOCK
  5
FA
330
F9
100
AcDbEntity
  8
0
100
AcDbBlockBegin
  2
MUEBLE_TV_180x40
 70
0
 10
0.0
 20
0.0
 30
0.0
  3
MUEBLE_TV_180x40
  1

  4
Mueble de TV 180 x 40 cm
  0
LWPOLYLINE
  5
FC
330
F9
100
AcDbEntity
  8
0
100
AcDbPolyline
 90
8
 70
1
 10
-896.0
 20
-400.0
 10
896.0
 20
-400.0
 42
0.41421356237309503
 10
900.0
 20
-396.0
 10
900.0
 20
-4.0
 42
0.41421356237309503
 10
896.0
 20
0.0
 10
-896.0
 20
0.0
 42
0.41421356237309503
 10
-900.0
 20
-4.0
 10
-900.0
 20
-396.0
 42
0.41421356237309503
  0
LINE
  5
FD
330
F9
100
AcDbEntity
  8
0
100
AcDbLine
 10
-900.0
 20
-380.0
 30
0.0
 11
900.0
 21
-380.0
 31
0.0
  0
LINE
  5
FE
330
F9
100
AcDbEntity
  8
0
100
AcDbLine
 10
-300.0
 20
-400.0
 30
0.0
 11
-300.0
 21
-380.0
 31
0.0
  0
LINE
  5
FF
330
F9
100
AcDbEntity
  8
0
100
AcDbLine
 10
300.0
 20
-400.0
 30
0.0
 11
300.0
 21
-380.0
 31
0.0
  0
ENDBLK
  5
FB
330
F9
100
AcDbEntity
  8
0
100
AcDbBlockEnd
  0
BLOCK
  5
101
330
100
100
AcDbEntity
  8
0
100
AcDbBlockBegin
  2
MUEBLE_TV_240x45
 70
0
 10
0.0
 20
0.0
 30
0.0
  3
MUEBLE_TV_240x45
  1

  4
Mueble de TV 240 x 45 cm
  0
LWPOLYLINE
  5
103
330
100
100
AcDbEntity
  8
0
100
AcDbPolyline
 90
8
 70
1
 10
-1196.0
 20
-450.0
 10
1196.0
 20
-450.0
 42
0.41421356237309503
 10
1200.0
 20
-446.0
 10
1200.0
 20
-4.0
 42
0.41421356237309503
 10
1196.0
 20
0.0
 10
-1196.0
 20
0.0
 42
0.41421356237309503
 10
-1200.0
 20
-4.0
 10
-1200.0
 20
-446.0
 42
0.41421356237309503
  0
LINE
  5
104
330
100
100
AcDbEntity
  8
0
100
AcDbLine
 10
-1200.0
 20
-430.0
 30
0.0
 11
1200.0
 21
-430.0
 31
0.0
  0
LINE
  5
105
330
100
100
AcDbEntity
  8
0
100
AcDbLine
 10
-600.0
 20
-450.0
 30
0.0
 11
-600.0
 21
-430.0
 31
0.0
  0
LINE
  5
106
330
100
100
AcDbEntity
  8
0
100
AcDbLine
 10
0.0
 20
-450.0
 30
0.0
 11
0.0
 21
-430.0
 31
0.0
  0
LINE
  5
107
330
100
100
AcDbEntity
  8
0
100
AcDbLine
 10
600.0
 20
-450.0
 30
0.0
 11
600.0
 21
-430.0
 31
0.0
  0
ENDBLK
  5
102
330
100
100
AcDbEntity
  8
0
100
AcDbBlockEnd
  0
BLOCK
  5
109
330
108
100
AcDbEntity
  8
0
100
AcDbBlockBegin
  2
SILLON_85x85
 70
0
 10
0.0
 20
0.0
 30
0.0
  3
SILLON_85x85
  1

  4
Sillón tapizado 85 x 85 cm
  0
LWPOLYLINE
  5
10B
330
108
100
AcDbEntity
  8
0
100
AcDbPolyline
 90
8
 70
1
 10
-355.0
 20
-850.0
 10
355.0
 20
-850.0
 42
0.41421356237309503
 10
425.0
 20
-780.0
 10
425.0
 20
-70.0
 42
0.41421356237309503
 10
355.0
 20
0.0
 10
-355.0
 20
0.0
 42
0.41421356237309503
 10
-425.0
 20
-70.0
 10
-425.0
 20
-780.0
 42
0.41421356237309503
  0
LWPOLYLINE
  5
10C
330
108
100
AcDbEntity
  8
0
100
AcDbPolyline
 90
4
 70
0
 10
-265.0
 20
-850.0
 10
-265.0
 20
-200.0
 10
265.0
 20
-200.0
 10
265.0
 20
-850.0
  0
LWPOLYLINE
  5
10D
330
108
100
AcDbEntity
  8
0
100
AcDbPolyline
 90
8
 70
1
 10
-220.0
 20
-835.0
 10
220.0
 20
-835.0
 42
0.41421356237309503
 10
255.0
 20
-800.0
 10
255.0
 20
-245.0
 42
0.41421356237309503
 10
220.0
 20
-210.0
 10
-220.0
 20
-210.0
 42
0.41421356237309503
 10
-255.0
 20
-245.0
 10
-255.0
 20
-800.0
 42
0.41421356237309503
  0
ENDBLK
  5
10A
330
108
100
AcDbEntity
  8
0
100
AcDbBlockEnd
  0
BLOCK
  5
10F
330
10E
100
AcDbEntity
  8
0
100
AcDbBlockBegin
  2
BUTACA_70x75
 70
0
 10
0.0
 20
0.0
 30
0.0
  3
BUTACA_70x75
  1

  4
Butaca envolvente 70 x 75 cm
  0
LWPOLYLINE
  5
111
330
10E
100
AcDbEntity
  8
0
100
AcDbPolyline
 90
8
 70
1
 10
-310.0
 20
-750.0
 10
310.0
 20
-750.0
 42
0.41421356237309503
 10
350.0
 20
-710.0
 10
350.0
 20
-150.0
 42
0.41421356237309503
 10
200.0
 20
0.0
 10
-200.0
 20
0.0
 42
0.41421356237309503
 10
-350.0
 20
-150.0
 10
-350.0
 20
-710.0
 42
0.41421356237309503
  0
LWPOLYLINE
  5
112
330
10E
100
AcDbEntity
  8
0
100
AcDbPolyline
 90
4
 70
0
 10
-290.0
 20
-750.0
 10
-290.0
 20
-250.0
 42
-0.41379310344827586
 10
290.0
 20
-250.0
 10
290.0
 20
-750.0
  0
LWPOLYLINE
  5
113
330
10E
100
AcDbEntity
  8
0
100
AcDbPolyline
 90
4
 70
1
 10
-280.0
 20
-740.0
 10
-280.0
 20
-255.0
 42
-0.4
 10
280.0
 20
-255.0
 10
280.0
 20
-740.0
  0
ENDBLK
  5
110
330
10E
100
AcDbEntity
  8
0
100
AcDbBlockEnd
  0
BLOCK
  5
115
330
114
100
AcDbEntity
  8
0
100
AcDbBlockBegin
  2
SOFA_2P_160x90
 70
0
 10
0.0
 20
0.0
 30
0.0
  3
SOFA_2P_160x90
  1

  4
Sofá de 2 plazas 160 x 90 cm
  0
LWPOLYLINE
  5
117
330
114
100
AcDbEntity
  8
0
100
AcDbPolyline
 90
8
 70
1
 10
-740.0
 20
-900.0
 10
740.0
 20
-900.0
 42
0.41421356237309503
 10
800.0
 20
-840.0
 10
800.0
 20
-60.0
 42
0.41421356237309503
 10
740.0
 20
0.0
 10
-740.0
 20
0.0
 42
0.41421356237309503
 10
-800.0
 20
-60.0
 10
-800.0
 20
-840.0
 42
0.41421356237309503
  0
LWPOLYLINE
  5
118
330
114
100
AcDbEntity
  8
0
100
AcDbPolyline
 90
4
 70
0
 10
-620.0
 20
-900.0
 10
-620.0
 20
-220.0
 10
620.0
 20
-220.0
 10
620.0
 20
-900.0
  0
LWPOLYLINE
  5
119
330
114
100
AcDbEntity
  8
0
100
AcDbPolyline
 90
8
 70
1
 10
-575.0
 20
-885.0
 10
-40.0
 20
-885.0
 42
0.41421356237309503
 10
-5.0
 20
-850.0
 10
-5.0
 20
-265.0
 42
0.41421356237309503
 10
-40.0
 20
-230.0
 10
-575.0
 20
-230.0
 42
0.41421356237309503
 10
-610.0
 20
-265.0
 10
-610.0
 20
-850.0
 42
0.41421356237309503
  0
LWPOLYLINE
  5
11A
330
114
100
AcDbEntity
  8
0
100
AcDbPolyline
 90
8
 70
1
 10
40.0
 20
-885.0
 10
575.0
 20
-885.0
 42
0.41421356237309503
 10
610.0
 20
-850.0
 10
610.0
 20
-265.0
 42
0.41421356237309503
 10
575.0
 20
-230.0
 10
40.0
 20
-230.0
 42
0.41421356237309503
 10
5.0
 20
-265.0
 10
5.0
 20
-850.0
 42
0.41421356237309503
  0
ENDBLK
  5
116
330
114
100
AcDbEntity
  8
0
100
AcDbBlockEnd
  0
BLOCK
  5
11C
330
11B
100
AcDbEntity
  8
0
100
AcDbBlockBegin
  2
SOFA_3P_210x90
 70
0
 10
0.0
 20
0.0
 30
0.0
  3
SOFA_3P_210x90
  1

  4
Sofá de 3 plazas 210 x 90 cm
  0
LWPOLYLINE
  5
11E
330
11B
100
AcDbEntity
  8
0
100
AcDbPolyline
 90
8
 70
1
 10
-990.0
 20
-900.0
 10
990.0
 20
-900.0
 42
0.41421356237309503
 10
1050.0
 20
-840.0
 10
1050.0
 20
-60.0
 42
0.41421356237309503
 10
990.0
 20
0.0
 10
-990.0
 20
0.0
 42
0.41421356237309503
 10
-1050.0
 20
-60.0
 10
-1050.0
 20
-840.0
 42
0.41421356237309503
  0
LWPOLYLINE
  5
11F
330
11B
100
AcDbEntity
  8
0
100
AcDbPolyline
 90
4
 70
0
 10
-870.0
 20
-900.0
 10
-870.0
 20
-220.0
 10
870.0
 20
-220.0
 10
870.0
 20
-900.0
  0
LWPOLYLINE
  5
120
330
11B
100
AcDbEntity
  8
0
100
AcDbPolyline
 90
8
 70
1
 10
-825.0
 20
-885.0
 10
-328.33333333333337
 20
-885.0
 42
0.41421356237309503
 10
-293.33333333333337
 20
-850.0
 10
-293.33333333333337
 20
-265.0
 42
0.41421356237309503
 10
-328.33333333333337
 20
-230.0
 10
-825.0
 20
-230.0
 42
0.41421356237309503
 10
-860.0
 20
-265.0
 10
-860.0
 20
-850.0
 42
0.41421356237309503
  0
LWPOLYLINE
  5
121
330
11B
100
AcDbEntity
  8
0
100
AcDbPolyline
 90
8
 70
1
 10
-248.33333333333337
 20
-885.0
 10
248.33333333333326
 20
-885.0
 42
0.41421356237309503
 10
283.33333333333326
 20
-850.0
 10
283.33333333333326
 20
-265.0
 42
0.41421356237309503
 10
248.33333333333326
 20
-230.0
 10
-248.33333333333337
 20
-230.0
 42
0.41421356237309503
 10
-283.33333333333337
 20
-265.0
 10
-283.33333333333337
 20
-850.0
 42
0.41421356237309503
  0
LWPOLYLINE
  5
122
330
11B
100
AcDbEntity
  8
0
100
AcDbPolyline
 90
8
 70
1
 10
328.33333333333326
 20
-885.0
 10
824.9999999999999
 20
-885.0
 42
0.41421356237309503
 10
859.9999999999999
 20
-850.0
 10
859.9999999999999
 20
-265.0
 42
0.41421356237309503
 10
824.9999999999999
 20
-230.0
 10
328.33333333333326
 20
-230.0
 42
0.41421356237309503
 10
293.33333333333326
 20
-265.0
 10
293.33333333333326
 20
-850.0
 42
0.41421356237309503
  0
ENDBLK
  5
11D
330
11B
100
AcDbEntity
  8
0
100
AcDbBlockEnd
  0
BLOCK
  5
124
330
123
100
AcDbEntity
  8
0
100
AcDbBlockBegin
  2
SOFA_CHAISELONGUE_280x160
 70
0
 10
0.0
 20
0.0
 30
0.0
  3
SOFA_CHAISELONGUE_280x160
  1

  4
Sofá con chaise longue 280 x 160 cm
  0
LWPOLYLINE
  5
126
330
123
100
AcDbEntity
  8
0
100
AcDbPolyline
 90
11
 70
1
 10
-1400.0
 20
-60.00000000000001
 42
-0.41421356237309503
 10
-1340.0
 20
0.0
 10
1340.0
 20
0.0
 42
-0.41421356237309503
 10
1400.0
 20
-60.00000000000001
 10
1400.0
 20
-1540.0
 42
-0.41421356237309503
 10
1340.0
 20
-1600.0
 10
660.0
 20
-1600.0
 42
-0.41421356237309503
 10
600.0
 20
-1540.0
 10
600.0
 20
-900.0
 10
-1340.0
 20
-900.0
 42
-0.41421356237309503
 10
-1400.0
 20
-840.0
  0
LWPOLYLINE
  5
127
330
123
100
AcDbEntity
  8
0
100
AcDbPolyline
 90
4
 70
0
 10
-1220.0
 20
-900.0
 10
-1220.0
 20
-220.0
 10
1220.0
 20
-220.0
 10
1220.0
 20
-1600.0
  0
LWPOLYLINE
  5
128
330
123
100
AcDbEntity
  8
0
100
AcDbPolyline
 90
8
 70
1
 10
-1175.0
 20
-885.0
 10
-350.0
 20
-885.0
 42
0.41421356237309503
 10
-315.0
 20
-850.0
 10
-315.0
 20
-265.0
 42
0.41421356237309503
 10
-350.0
 20
-230.0
 10
-1175.0
 20
-230.0
 42
0.41421356237309503
 10
-1210.0
 20
-265.0
 10
-1210.0
 20
-850.0
 42
0.41421356237309503
  0
LWPOLYLINE
  5
129
330
123
100
AcDbEntity
  8
0
100
AcDbPolyline
 90
8
 70
1
 10
-270.0
 20
-885.0
 10
555.0
 20
-885.0
 42
0.41421356237309503
 10
590.0
 20
-850.0
 10
590.0
 20
-265.0
 42
0.41421356237309503
 10
555.0
 20
-230.0
 10
-270.0
 20
-230.0
 42
0.41421356237309503
 10
-305.0
 20
-265.0
 10
-305.0
 20
-850.0
 42
0.41421356237309503
  0
LWPOLYLINE
  5
12A
330
123
100
AcDbEntity
  8
0
100
AcDbPolyline
 90
8
 70
1
 10
645.0
 20
-1585.0
 10
1175.0
 20
-1585.0
 42
0.41421356237309503
 10
1210.0
 20
-1550.0
 10
1210.0
 20
-265.0
 42
0.41421356237309503
 10
1175.0
 20
-230.0
 10
645.0
 20
-230.0
 42
0.41421356237309503
 10
610.0
 20
-265.0
 10
610.0
 20
-1550.0
 42
0.41421356237309503
  0
ENDBLK
  5
125
330
123
100
AcDbEntity
  8
0
100
AcDbBlockEnd
  0
BLOCK
  5
12C
330
12B
100
AcDbEntity
  8
0
100
AcDbBlockBegin
  2
MESA_CENTRO_120x60
 70
0
 10
0.0
 20
0.0
 30
0.0
  3
MESA_CENTRO_120x60
  1

  4
Mesa de centro 120 x 60 cm
  0
LWPOLYLINE
  5
12E
330
12B
100
AcDbEntity
  8
0
100
AcDbPolyline
 90
8
 70
1
 10
-560.0
 20
-300.0
 10
560.0
 20
-300.0
 42
0.41421356237309503
 10
600.0
 20
-260.0
 10
600.0
 20
260.0
 42
0.41421356237309503
 10
560.0
 20
300.0
 10
-560.0
 20
300.0
 42
0.41421356237309503
 10
-600.0
 20
260.0
 10
-600.0
 20
-260.0
 42
0.41421356237309503
  0
LWPOLYLINE
  5
12F
330
12B
100
AcDbEntity
  8
0
100
AcDbPolyline
 90
8
 70
1
 10
-557.0
 20
-265.0
 10
557.0
 20
-265.0
 42
0.41421356237309503
 10
565.0
 20
-257.0
 10
565.0
 20
257.0
 42
0.41421356237309503
 10
557.0
 20
265.0
 10
-557.0
 20
265.0
 42
0.41421356237309503
 10
-565.0
 20
257.0
 10
-565.0
 20
-257.0
 42
0.41421356237309503
  0
ENDBLK
  5
12D
330
12B
100
AcDbEntity
  8
0
100
AcDbBlockEnd
  0
BLOCK
  5
131
330
130
100
AcDbEntity
  8
0
100
AcDbBlockBegin
  2
MESA_CENTRO_D80
 70
0
 10
0.0
 20
0.0
 30
0.0
  3
MESA_CENTRO_D80
  1

  4
Mesa de centro redonda Ø80 cm
  0
CIRCLE
  5
133
330
130
100
AcDbEntity
  8
0
100
AcDbCircle
 10
0.0
 20
0.0
 30
0.0
 40
400.0
  0
CIRCLE
  5
134
330
130
100
AcDbEntity
  8
0
100
AcDbCircle
 10
0.0
 20
0.0
 30
0.0
 40
365.0
  0
ENDBLK
  5
132
330
130
100
AcDbEntity
  8
0
100
AcDbBlockEnd
  0
BLOCK
  5
136
330
135
100
AcDbEntity
  8
0
100
AcDbBlockBegin
  2
MESA_AUXILIAR_50x50
 70
0
 10
0.0
 20
0.0
 30
0.0
  3
MESA_AUXILIAR_50x50
  1

  4
Mesa auxiliar 50 x 50 cm
  0
LWPOLYLINE
  5
138
330
135
100
AcDbEntity
  8
0
100
AcDbPolyline
 90
8
 70
1
 10
-210.0
 20
-250.0
 10
210.0
 20
-250.0
 42
0.41421356237309503
 10
250.0
 20
-210.0
 10
250.0
 20
210.0
 42
0.41421356237309503
 10
210.0
 20
250.0
 10
-210.0
 20
250.0
 42
0.41421356237309503
 10
-250.0
 20
210.0
 10
-250.0
 20
-210.0
 42
0.41421356237309503
  0
LWPOLYLINE
  5
139
330
135
100
AcDbEntity
  8
0
100
AcDbPolyline
 90
8
 70
1
 10
-207.0
 20
-215.0
 10
207.0
 20
-215.0
 42
0.41421356237309503
 10
215.0
 20
-207.0
 10
215.0
 20
207.0
 42
0.41421356237309503
 10
207.0
 20
215.0
 10
-207.0
 20
215.0
 42
0.41421356237309503
 10
-215.0
 20
207.0
 10
-215.0
 20
-207.0
 42
0.41421356237309503
  0
ENDBLK
  5
137
330
135
100
AcDbEntity
  8
0
100
AcDbBlockEnd
  0
BLOCK
  5
13B
330
13A
100
AcDbEntity
  8
0
100
AcDbBlockBegin
  2
MESA_AUXILIAR_D45
 70
0
 10
0.0
 20
0.0
 30
0.0
  3
MESA_AUXILIAR_D45
  1

  4
Mesa auxiliar redonda Ø45 cm
  0
CIRCLE
  5
13D
330
13A
100
AcDbEntity
  8
0
100
AcDbCircle
 10
0.0
 20
0.0
 30
0.0
 40
225.0
  0
CIRCLE
  5
13E
330
13A
100
AcDbEntity
  8
0
100
AcDbCircle
 10
0.0
 20
0.0
 30
0.0
 40
195.0
  0
ENDBLK
  5
13C
330
13A
100
AcDbEntity
  8
0
100
AcDbBlockEnd
  0
BLOCK
  5
140
330
13F
100
AcDbEntity
  8
0
100
AcDbBlockBegin
  2
MESILLA_NOCHE_50x40
 70
0
 10
0.0
 20
0.0
 30
0.0
  3
MESILLA_NOCHE_50x40
  1

  4
Mesilla de noche 50 x 40 cm
  0
LWPOLYLINE
  5
142
330
13F
100
AcDbEntity
  8
0
100
AcDbPolyline
 90
8
 70
1
 10
-240.0
 20
-400.0
 10
240.0
 20
-400.0
 42
0.41421356237309503
 10
250.0
 20
-390.0
 10
250.0
 20
-10.0
 42
0.41421356237309503
 10
240.0
 20
0.0
 10
-240.0
 20
0.0
 42
0.41421356237309503
 10
-250.0
 20
-10.0
 10
-250.0
 20
-390.0
 42
0.41421356237309503
  0
LINE
  5
143
330
13F
100
AcDbEntity
  8
0
100
AcDbLine
 10
-250.0
 20
-380.0
 30
0.0
 11
250.0
 21
-380.0
 31
0.0
  0
LWPOLYLINE
  5
144
330
13F
100
AcDbEntity
  8
0
100
AcDbPolyline
 90
4
 70
0
 10
-50.0
 20
-400.0
 10
-50.0
 20
-410.0
 10
50.0
 20
-410.0
 10
50.0
 20
-400.0
  0
ENDBLK
  5
141
330
13F
100
AcDbEntity
  8
0
100
AcDbBlockEnd
  0
BLOCK
  5
146
330
145
100
AcDbEntity
  8
0
100
AcDbBlockBegin
  2
ALFOMBRA_120x170
 70
0
 10
0.0
 20
0.0
 30
0.0
  3
ALFOMBRA_120x170
  1

  4
Alfombra 120 x 170 cm
  0
LWPOLYLINE
  5
148
330
145
100
AcDbEntity
  8
0
100
AcDbPolyline
 90
4
 70
1
 10
-850.0
 20
-600.0
 10
850.0
 20
-600.0
 10
850.0
 20
600.0
 10
-850.0
 20
600.0
  0
LWPOLYLINE
  5
149
330
145
100
AcDbEntity
  8
0
100
AcDbPolyline
 90
4
 70
1
 10
-770.0
 20
-520.0
 10
770.0
 20
-520.0
 10
770.0
 20
520.0
 10
-770.0
 20
520.0
  0
LINE
  5
14A
330
145
100
AcDbEntity
  8
0
100
AcDbLine
 10
-850.0
 20
-580.0
 30
0.0
 11
-900.0
 21
-580.0
 31
0.0
  0
LINE
  5
14B
330
145
100
AcDbEntity
  8
0
100
AcDbLine
 10
850.0
 20
-580.0
 30
0.0
 11
900.0
 21
-580.0
 31
0.0
  0
LINE
  5
14C
330
145
100
AcDbEntity
  8
0
100
AcDbLine
 10
-850.0
 20
-540.0
 30
0.0
 11
-900.0
 21
-540.0
 31
0.0
  0
LINE
  5
14D
330
145
100
AcDbEntity
  8
0
100
AcDbLine
 10
850.0
 20
-540.0
 30
0.0
 11
900.0
 21
-540.0
 31
0.0
  0
LINE
  5
14E
330
145
100
AcDbEntity
  8
0
100
AcDbLine
 10
-850.0
 20
-500.0
 30
0.0
 11
-900.0
 21
-500.0
 31
0.0
  0
LINE
  5
14F
330
145
100
AcDbEntity
  8
0
100
AcDbLine
 10
850.0
 20
-500.0
 30
0.0
 11
900.0
 21
-500.0
 31
0.0
  0
LINE
  5
150
330
145
100
AcDbEntity
  8
0
100
AcDbLine
 10
-850.0
 20
-460.0
 30
0.0
 11
-900.0
 21
-460.0
 31
0.0
  0
LINE
  5
151
330
145
100
AcDbEntity
  8
0
100
AcDbLine
 10
850.0
 20
-460.0
 30
0.0
 11
900.0
 21
-460.0
 31
0.0
  0
LINE
  5
152
330
145
100
AcDbEntity
  8
0
100
AcDbLine
 10
-850.0
 20
-420.0
 30
0.0
 11
-900.0
 21
-420.0
 31
0.0
  0
LINE
  5
153
330
145
100
AcDbEntity
  8
0
100
AcDbLine
 10
850.0
 20
-420.0
 30
0.0
 11
900.0
 21
-420.0
 31
0.0
  0
LINE
  5
154
330
145
100
AcDbEntity
  8
0
100
AcDbLine
 10
-850.0
 20
-380.0
 30
0.0
 11
-900.0
 21
-380.0
 31
0.0
  0
LINE
  5
155
330
145
100
AcDbEntity
  8
0
100
AcDbLine
 10
850.0
 20
-380.0
 30
0.0
 11
900.0
 21
-380.0
 31
0.0
  0
LINE
  5
156
330
145
100
AcDbEntity
  8
0
100
AcDbLine
 10
-850.0
 20
-340.0
 30
0.0
 11
-900.0
 21
-340.0
 31
0.0
  0
LINE
  5
157
330
145
100
AcDbEntity
  8
0
100
AcDbLine
 10
850.0
 20
-340.0
 30
0.0
 11
900.0
 21
-340.0
 31
0.0
  0
LINE
  5
158
330
145
100
AcDbEntity
  8
0
100
AcDbLine
 10
-850.0
 20
-300.0
 30
0.0
 11
-900.0
 21
-300.0
 31
0.0
  0
LINE
  5
159
330
145
100
AcDbEntity
  8
0
100
AcDbLine
 10
850.0
 20
-300.0
 30
0.0
 11
900.0
 21
-300.0
 31
0.0
  0
LINE
  5
15A
330
145
100
AcDbEntity
  8
0
100
AcDbLine
 10
-850.0
 20
-260.0
 30
0.0
 11
-900.0
 21
-260.0
 31
0.0
  0
LINE
  5
15B
330
145
100
AcDbEntity
  8
0
100
AcDbLine
 10
850.0
 20
-260.0
 30
0.0
 11
900.0
 21
-260.0
 31
0.0
  0
LINE
  5
15C
330
145
100
AcDbEntity
  8
0
100
AcDbLine
 10
-850.0
 20
-220.0
 30
0.0
 11
-900.0
 21
-220.0
 31
0.0
  0
LINE
  5
15D
330
145
100
AcDbEntity
  8
0
100
AcDbLine
 10
850.0
 20
-220.0
 30
0.0
 11
900.0
 21
-220.0
 31
0.0
  0
LINE
  5
15E
330
145
100
AcDbEntity
  8
0
100
AcDbLine
 10
-850.0
 20
-180.0
 30
0.0
 11
-900.0
 21
-180.0
 31
0.0
  0
LINE
  5
15F
330
145
100
AcDbEntity
  8
0
100
AcDbLine
 10
850.0
 20
-180.0
 30
0.0
 11
900.0
 21
-180.0
 31
0.0
  0
LINE
  5
160
330
145
100
AcDbEntity
  8
0
100
AcDbLine
 10
-850.0
 20
-140.0
 30
0.0
 11
-900.0
 21
-140.0
 31
0.0
  0
LINE
  5
161
330
145
100
AcDbEntity
  8
0
100
AcDbLine
 10
850.0
 20
-140.0
 30
0.0
 11
900.0
 21
-140.0
 31
0.0
  0
LINE
  5
162
330
145
100
AcDbEntity
  8
0
100
AcDbLine
 10
-850.0
 20
-100.0
 30
0.0
 11
-900.0
 21
-100.0
 31
0.0
  0
LINE
  5
163
330
145
100
AcDbEntity
  8
0
100
AcDbLine
 10
850.0
 20
-100.0
 30
0.0
 11
900.0
 21
-100.0
 31
0.0
  0
LINE
  5
164
330
145
100
AcDbEntity
  8
0
100
AcDbLine
 10
-850.0
 20
-60.0
 30
0.0
 11
-900.0
 21
-60.0
 31
0.0
  0
LINE
  5
165
330
145
100
AcDbEntity
  8
0
100
AcDbLine
 10
850.0
 20
-60.0
 30
0.0
 11
900.0
 21
-60.0
 31
0.0
  0
LINE
  5
166
330
145
100
AcDbEntity
  8
0
100
AcDbLine
 10
-850.0
 20
-20.0
 30
0.0
 11
-900.0
 21
-20.0
 31
0.0
  0
LINE
  5
167
330
145
100
AcDbEntity
  8
0
100
AcDbLine
 10
850.0
 20
-20.0
 30
0.0
 11
900.0
 21
-20.0
 31
0.0
  0
LINE
  5
168
330
145
100
AcDbEntity
  8
0
100
AcDbLine
 10
-850.0
 20
20.0
 30
0.0
 11
-900.0
 21
20.0
 31
0.0
  0
LINE
  5
169
330
145
100
AcDbEntity
  8
0
100
AcDbLine
 10
850.0
 20
20.0
 30
0.0
 11
900.0
 21
20.0
 31
0.0
  0
LINE
  5
16A
330
145
100
AcDbEntity
  8
0
100
AcDbLine
 10
-850.0
 20
60.0
 30
0.0
 11
-900.0
 21
60.0
 31
0.0
  0
LINE
  5
16B
330
145
100
AcDbEntity
  8
0
100
AcDbLine
 10
850.0
 20
60.0
 30
0.0
 11
900.0
 21
60.0
 31
0.0
  0
LINE
  5
16C
330
145
100
AcDbEntity
  8
0
100
AcDbLine
 10
-850.0
 20
100.0
 30
0.0
 11
-900.0
 21
100.0
 31
0.0
  0
LINE
  5
16D
330
145
100
AcDbEntity
  8
0
100
AcDbLine
 10
850.0
 20
100.0
 30
0.0
 11
900.0
 21
100.0
 31
0.0
  0
LINE
  5
16E
330
145
100
AcDbEntity
  8
0
100
AcDbLine
 10
-850.0
 20
140.0
 30
0.0
 11
-900.0
 21
140.0
 31
0.0
  0
LINE
  5
16F
330
145
100
AcDbEntity
  8
0
100
AcDbLine
 10
850.0
 20
140.0
 30
0.0
 11
900.0
 21
140.0
 31
0.0
  0
LINE
  5
170
330
145
100
AcDbEntity
  8
0
100
AcDbLine
 10
-850.0
 20
180.0
 30
0.0
 11
-900.0
 21
180.0
 31
0.0
  0
LINE
  5
171
330
145
100
AcDbEntity
  8
0
100
AcDbLine
 10
850.0
 20
180.0
 30
0.0
 11
900.0
 21
180.0
 31
0.0
  0
LINE
  5
172
330
145
100
AcDbEntity
  8
0
100
AcDbLine
 10
-850.0
 20
220.0
 30
0.0
 11
-900.0
 21
220.0
 31
0.0
  0
LINE
  5
173
330
145
100
AcDbEntity
  8
0
100
AcDbLine
 10
850.0
 20
220.0
 30
0.0
 11
900.0
 21
220.0
 31
0.0
  0
LINE
  5
174
330
145
100
AcDbEntity
  8
0
100
AcDbLine
 10
-850.0
 20
260.0
 30
0.0
 11
-900.0
 21
260.0
 31
0.0
  0
LINE
  5
175
330
145
100
AcDbEntity
  8
0
100
AcDbLine
 10
850.0
 20
260.0
 30
0.0
 11
900.0
 21
260.0
 31
0.0
  0
LINE
  5
176
330
145
100
AcDbEntity
  8
0
100
AcDbLine
 10
-850.0
 20
300.0
 30
0.0
 11
-900.0
 21
300.0
 31
0.0
  0
LINE
  5
177
330
145
100
AcDbEntity
  8
0
100
AcDbLine
 10
850.0
 20
300.0
 30
0.0
 11
900.0
 21
300.0
 31
0.0
  0
LINE
  5
178
330
145
100
AcDbEntity
  8
0
100
AcDbLine
 10
-850.0
 20
340.0
 30
0.0
 11
-900.0
 21
340.0
 31
0.0
  0
LINE
  5
179
330
145
100
AcDbEntity
  8
0
100
AcDbLine
 10
850.0
 20
340.0
 30
0.0
 11
900.0
 21
340.0
 31
0.0
  0
LINE
  5
17A
330
145
100
AcDbEntity
  8
0
100
AcDbLine
 10
-850.0
 20
380.0
 30
0.0
 11
-900.0
 21
380.0
 31
0.0
  0
LINE
  5
17B
330
145
100
AcDbEntity
  8
0
100
AcDbLine
 10
850.0
 20
380.0
 30
0.0
 11
900.0
 21
380.0
 31
0.0
  0
LINE
  5
17C
330
145
100
AcDbEntity
  8
0
100
AcDbLine
 10
-850.0
 20
420.0
 30
0.0
 11
-900.0
 21
420.0
 31
0.0
  0
LINE
  5
17D
330
145
100
AcDbEntity
  8
0
100
AcDbLine
 10
850.0
 20
420.0
 30
0.0
 11
900.0
 21
420.0
 31
0.0
  0
LINE
  5
17E
330
145
100
AcDbEntity
  8
0
100
AcDbLine
 10
-850.0
 20
460.0
 30
0.0
 11
-900.0
 21
460.0
 31
0.0
  0
LINE
  5
17F
330
145
100
AcDbEntity
  8
0
100
AcDbLine
 10
850.0
 20
460.0
 30
0.0
 11
900.0
 21
460.0
 31
0.0
  0
LINE
  5
180
330
145
100
AcDbEntity
  8
0
100
AcDbLine
 10
-850.0
 20
500.0
 30
0.0
 11
-900.0
 21
500.0
 31
0.0
  0
LINE
  5
181
330
145
100
AcDbEntity
  8
0
100
AcDbLine
 10
850.0
 20
500.0
 30
0.0
 11
900.0
 21
500.0
 31
0.0
  0
LINE
  5
182
330
145
100
AcDbEntity
  8
0
100
AcDbLine
 10
-850.0
 20
540.0
 30
0.0
 11
-900.0
 21
540.0
 31
0.0
  0
LINE
  5
183
330
145
100
AcDbEntity
  8
0
100
AcDbLine
 10
850.0
 20
540.0
 30
0.0
 11
900.0
 21
540.0
 31
0.0
  0
LINE
  5
184
330
145
100
AcDbEntity
  8
0
100
AcDbLine
 10
-850.0
 20
580.0
 30
0.0
 11
-900.0
 21
580.0
 31
0.0
  0
LINE
  5
185
330
145
100
AcDbEntity
  8
0
100
AcDbLine
 10
850.0
 20
580.0
 30
0.0
 11
900.0
 21
580.0
 31
0.0
  0
ENDBLK
  5
147
330
145
100
AcDbEntity
  8
0
100
AcDbBlockEnd
  0
BLOCK
  5
187
330
186
100
AcDbEntity
  8
0
100
AcDbBlockBegin
  2
ALFOMBRA_160x230
 70
0
 10
0.0
 20
0.0
 30
0.0
  3
ALFOMBRA_160x230
  1

  4
Alfombra 160 x 230 cm
  0
LWPOLYLINE
  5
189
330
186
100
AcDbEntity
  8
0
100
AcDbPolyline
 90
4
 70
1
 10
-1150.0
 20
-800.0
 10
1150.0
 20
-800.0
 10
1150.0
 20
800.0
 10
-1150.0
 20
800.0
  0
LWPOLYLINE
  5
18A
330
186
100
AcDbEntity
  8
0
100
AcDbPolyline
 90
4
 70
1
 10
-1070.0
 20
-720.0
 10
1070.0
 20
-720.0
 10
1070.0
 20
720.0
 10
-1070.0
 20
720.0
  0
LINE
  5
18B
330
186
100
AcDbEntity
  8
0
100
AcDbLine
 10
-1150.0
 20
-780.0
 30
0.0
 11
-1200.0
 21
-780.0
 31
0.0
  0
LINE
  5
18C
330
186
100
AcDbEntity
  8
0
100
AcDbLine
 10
1150.0
 20
-780.0
 30
0.0
 11
1200.0
 21
-780.0
 31
0.0
  0
LINE
  5
18D
330
186
100
AcDbEntity
  8
0
100
AcDbLine
 10
-1150.0
 20
-740.0
 30
0.0
 11
-1200.0
 21
-740.0
 31
0.0
  0
LINE
  5
18E
330
186
100
AcDbEntity
  8
0
100
AcDbLine
 10
1150.0
 20
-740.0
 30
0.0
 11
1200.0
 21
-740.0
 31
0.0
  0
LINE
  5
18F
330
186
100
AcDbEntity
  8
0
100
AcDbLine
 10
-1150.0
 20
-700.0
 30
0.0
 11
-1200.0
 21
-700.0
 31
0.0
  0
LINE
  5
190
330
186
100
AcDbEntity
  8
0
100
AcDbLine
 10
1150.0
 20
-700.0
 30
0.0
 11
1200.0
 21
-700.0
 31
0.0
  0
LINE
  5
191
330
186
100
AcDbEntity
  8
0
100
AcDbLine
 10
-1150.0
 20
-660.0
 30
0.0
 11
-1200.0
 21
-660.0
 31
0.0
  0
LINE
  5
192
330
186
100
AcDbEntity
  8
0
100
AcDbLine
 10
1150.0
 20
-660.0
 30
0.0
 11
1200.0
 21
-660.0
 31
0.0
  0
LINE
  5
193
330
186
100
AcDbEntity
  8
0
100
AcDbLine
 10
-1150.0
 20
-620.0
 30
0.0
 11
-1200.0
 21
-620.0
 31
0.0
  0
LINE
  5
194
330
186
100
AcDbEntity
  8
0
100
AcDbLine
 10
1150.0
 20
-620.0
 30
0.0
 11
1200.0
 21
-620.0
 31
0.0
  0
LINE
  5
195
330
186
100
AcDbEntity
  8
0
100
AcDbLine
 10
-1150.0
 20
-580.0
 30
0.0
 11
-1200.0
 21
-580.0
 31
0.0
  0
LINE
  5
196
330
186
100
AcDbEntity
  8
0
100
AcDbLine
 10
1150.0
 20
-580.0
 30
0.0
 11
1200.0
 21
-580.0
 31
0.0
  0
LINE
  5
197
330
186
100
AcDbEntity
  8
0
100
AcDbLine
 10
-1150.0
 20
-540.0
 30
0.0
 11
-1200.0
 21
-540.0
 31
0.0
  0
LINE
  5
198
330
186
100
AcDbEntity
  8
0
100
AcDbLine
 10
1150.0
 20
-540.0
 30
0.0
 11
1200.0
 21
-540.0
 31
0.0
  0
LINE
  5
199
330
186
100
AcDbEntity
  8
0
100
AcDbLine
 10
-1150.0
 20
-500.0
 30
0.0
 11
-1200.0
 21
-500.0
 31
0.0
  0
LINE
  5
19A
330
186
100
AcDbEntity
  8
0
100
AcDbLine
 10
1150.0
 20
-500.0
 30
0.0
 11
1200.0
 21
-500.0
 31
0.0
  0
LINE
  5
19B
330
186
100
AcDbEntity
  8
0
100
AcDbLine
 10
-1150.0
 20
-460.0
 30
0.0
 11
-1200.0
 21
-460.0
 31
0.0
  0
LINE
  5
19C
330
186
100
AcDbEntity
  8
0
100
AcDbLine
 10
1150.0
 20
-460.0
 30
0.0
 11
1200.0
 21
-460.0
 31
0.0
  0
LINE
  5
19D
330
186
100
AcDbEntity
  8
0
100
AcDbLine
 10
-1150.0
 20
-420.0
 30
0.0
 11
-1200.0
 21
-420.0
 31
0.0
  0
LINE
  5
19E
330
186
100
AcDbEntity
  8
0
100
AcDbLine
 10
1150.0
 20
-420.0
 30
0.0
 11
1200.0
 21
-420.0
 31
0.0
  0
LINE
  5
19F
330
186
100
AcDbEntity
  8
0
100
AcDbLine
 10
-1150.0
 20
-380.0
 30
0.0
 11
-1200.0
 21
-380.0
 31
0.0
  0
LINE
  5
1A0
330
186
100
AcDbEntity
  8
0
100
AcDbLine
 10
1150.0
 20
-380.0
 30
0.0
 11
1200.0
 21
-380.0
 31
0.0
  0
LINE
  5
1A1
330
186
100
AcDbEntity
  8
0
100
AcDbLine
 10
-1150.0
 20
-340.0
 30
0.0
 11
-1200.0
 21
-340.0
 31
0.0
  0
LINE
  5
1A2
330
186
100
AcDbEntity
  8
0
100
AcDbLine
 10
1150.0
 20
-340.0
 30
0.0
 11
1200.0
 21
-340.0
 31
0.0
  0
LINE
  5
1A3
330
186
100
AcDbEntity
  8
0
100
AcDbLine
 10
-1150.0
 20
-300.0
 30
0.0
 11
-1200.0
 21
-300.0
 31
0.0
  0
LINE
  5
1A4
330
186
100
AcDbEntity
  8
0
100
AcDbLine
 10
1150.0
 20
-300.0
 30
0.0
 11
1200.0
 21
-300.0
 31
0.0
  0
LINE
  5
1A5
330
186
100
AcDbEntity
  8
0
100
AcDbLine
 10
-1150.0
 20
-260.0
 30
0.0
 11
-1200.0
 21
-260.0
 31
0.0
  0
LINE
  5
1A6
330
186
100
AcDbEntity
  8
0
100
AcDbLine
 10
1150.0
 20
-260.0
 30
0.0
 11
1200.0
 21
-260.0
 31
0.0
  0
LINE
  5
1A7
330
186
100
AcDbEntity
  8
0
100
AcDbLine
 10
-1150.0
 20
-220.0
 30
0.0
 11
-1200.0
 21
-220.0
 31
0.0
  0
LINE
  5
1A8
330
186
100
AcDbEntity
  8
0
100
AcDbLine
 10
1150.0
 20
-220.0
 30
0.0
 11
1200.0
 21
-220.0
 31
0.0
  0
LINE
  5
1A9
330
186
100
AcDbEntity
  8
0
100
AcDbLine
 10
-1150.0
 20
-180.0
 30
0.0
 11
-1200.0
 21
-180.0
 31
0.0
  0
LINE
  5
1AA
330
186
100
AcDbEntity
  8
0
100
AcDbLine
 10
1150.0
 20
-180.0
 30
0.0
 11
1200.0
 21
-180.0
 31
0.0
  0
LINE
  5
1AB
330
186
100
AcDbEntity
  8
0
100
AcDbLine
 10
-1150.0
 20
-140.0
 30
0.0
 11
-1200.0
 21
-140.0
 31
0.0
  0
LINE
  5
1AC
330
186
100
AcDbEntity
  8
0
100
AcDbLine
 10
1150.0
 20
-140.0
 30
0.0
 11
1200.0
 21
-140.0
 31
0.0
  0
LINE
  5
1AD
330
186
100
AcDbEntity
  8
0
100
AcDbLine
 10
-1150.0
 20
-100.0
 30
0.0
 11
-1200.0
 21
-100.0
 31
0.0
  0
LINE
  5
1AE
330
186
100
AcDbEntity
  8
0
100
AcDbLine
 10
1150.0
 20
-100.0
 30
0.0
 11
1200.0
 21
-100.0
 31
0.0
  0
LINE
  5
1AF
330
186
100
AcDbEntity
  8
0
100
AcDbLine
 10
-1150.0
 20
-60.0
 30
0.0
 11
-1200.0
 21
-60.0
 31
0.0
  0
LINE
  5
1B0
330
186
100
AcDbEntity
  8
0
100
AcDbLine
 10
1150.0
 20
-60.0
 30
0.0
 11
1200.0
 21
-60.0
 31
0.0
  0
LINE
  5
1B1
330
186
100
AcDbEntity
  8
0
100
AcDbLine
 10
-1150.0
 20
-20.0
 30
0.0
 11
-1200.0
 21
-20.0
 31
0.0
  0
LINE
  5
1B2
330
186
100
AcDbEntity
  8
0
100
AcDbLine
 10
1150.0
 20
-20.0
 30
0.0
 11
1200.0
 21
-20.0
 31
0.0
  0
LINE
  5
1B3
330
186
100
AcDbEntity
  8
0
100
AcDbLine
 10
-1150.0
 20
20.0
 30
0.0
 11
-1200.0
 21
20.0
 31
0.0
  0
LINE
  5
1B4
330
186
100
AcDbEntity
  8
0
100
AcDbLine
 10
1150.0
 20
20.0
 30
0.0
 11
1200.0
 21
20.0
 31
0.0
  0
LINE
  5
1B5
330
186
100
AcDbEntity
  8
0
100
AcDbLine
 10
-1150.0
 20
60.0
 30
0.0
 11
-1200.0
 21
60.0
 31
0.0
  0
LINE
  5
1B6
330
186
100
AcDbEntity
  8
0
100
AcDbLine
 10
1150.0
 20
60.0
 30
0.0
 11
1200.0
 21
60.0
 31
0.0
  0
LINE
  5
1B7
330
186
100
AcDbEntity
  8
0
100
AcDbLine
 10
-1150.0
 20
100.0
 30
0.0
 11
-1200.0
 21
100.0
 31
0.0
  0
LINE
  5
1B8
330
186
100
AcDbEntity
  8
0
100
AcDbLine
 10
1150.0
 20
100.0
 30
0.0
 11
1200.0
 21
100.0
 31
0.0
  0
LINE
  5
1B9
330
186
100
AcDbEntity
  8
0
100
AcDbLine
 10
-1150.0
 20
140.0
 30
0.0
 11
-1200.0
 21
140.0
 31
0.0
  0
LINE
  5
1BA
330
186
100
AcDbEntity
  8
0
100
AcDbLine
 10
1150.0
 20
140.0
 30
0.0
 11
1200.0
 21
140.0
 31
0.0
  0
LINE
  5
1BB
330
186
100
AcDbEntity
  8
0
100
AcDbLine
 10
-1150.0
 20
180.0
 30
0.0
 11
-1200.0
 21
180.0
 31
0.0
  0
LINE
  5
1BC
330
186
100
AcDbEntity
  8
0
100
AcDbLine
 10
1150.0
 20
180.0
 30
0.0
 11
1200.0
 21
180.0
 31
0.0
  0
LINE
  5
1BD
330
186
100
AcDbEntity
  8
0
100
AcDbLine
 10
-1150.0
 20
220.0
 30
0.0
 11
-1200.0
 21
220.0
 31
0.0
  0
LINE
  5
1BE
330
186
100
AcDbEntity
  8
0
100
AcDbLine
 10
1150.0
 20
220.0
 30
0.0
 11
1200.0
 21
220.0
 31
0.0
  0
LINE
  5
1BF
330
186
100
AcDbEntity
  8
0
100
AcDbLine
 10
-1150.0
 20
260.0
 30
0.0
 11
-1200.0
 21
260.0
 31
0.0
  0
LINE
  5
1C0
330
186
100
AcDbEntity
  8
0
100
AcDbLine
 10
1150.0
 20
260.0
 30
0.0
 11
1200.0
 21
260.0
 31
0.0
  0
LINE
  5
1C1
330
186
100
AcDbEntity
  8
0
100
AcDbLine
 10
-1150.0
 20
300.0
 30
0.0
 11
-1200.0
 21
300.0
 31
0.0
  0
LINE
  5
1C2
330
186
100
AcDbEntity
  8
0
100
AcDbLine
 10
1150.0
 20
300.0
 30
0.0
 11
1200.0
 21
300.0
 31
0.0
  0
LINE
  5
1C3
330
186
100
AcDbEntity
  8
0
100
AcDbLine
 10
-1150.0
 20
340.0
 30
0.0
 11
-1200.0
 21
340.0
 31
0.0
  0
LINE
  5
1C4
330
186
100
AcDbEntity
  8
0
100
AcDbLine
 10
1150.0
 20
340.0
 30
0.0
 11
1200.0
 21
340.0
 31
0.0
  0
LINE
  5
1C5
330
186
100
AcDbEntity
  8
0
100
AcDbLine
 10
-1150.0
 20
380.0
 30
0.0
 11
-1200.0
 21
380.0
 31
0.0
  0
LINE
  5
1C6
330
186
100
AcDbEntity
  8
0
100
AcDbLine
 10
1150.0
 20
380.0
 30
0.0
 11
1200.0
 21
380.0
 31
0.0
  0
LINE
  5
1C7
330
186
100
AcDbEntity
  8
0
100
AcDbLine
 10
-1150.0
 20
420.0
 30
0.0
 11
-1200.0
 21
420.0
 31
0.0
  0
LINE
  5
1C8
330
186
100
AcDbEntity
  8
0
100
AcDbLine
 10
1150.0
 20
420.0
 30
0.0
 11
1200.0
 21
420.0
 31
0.0
  0
LINE
  5
1C9
330
186
100
AcDbEntity
  8
0
100
AcDbLine
 10
-1150.0
 20
460.0
 30
0.0
 11
-1200.0
 21
460.0
 31
0.0
  0
LINE
  5
1CA
330
186
100
AcDbEntity
  8
0
100
AcDbLine
 10
1150.0
 20
460.0
 30
0.0
 11
1200.0
 21
460.0
 31
0.0
  0
LINE
  5
1CB
330
186
100
AcDbEntity
  8
0
100
AcDbLine
 10
-1150.0
 20
500.0
 30
0.0
 11
-1200.0
 21
500.0
 31
0.0
  0
LINE
  5
1CC
330
186
100
AcDbEntity
  8
0
100
AcDbLine
 10
1150.0
 20
500.0
 30
0.0
 11
1200.0
 21
500.0
 31
0.0
  0
LINE
  5
1CD
330
186
100
AcDbEntity
  8
0
100
AcDbLine
 10
-1150.0
 20
540.0
 30
0.0
 11
-1200.0
 21
540.0
 31
0.0
  0
LINE
  5
1CE
330
186
100
AcDbEntity
  8
0
100
AcDbLine
 10
1150.0
 20
540.0
 30
0.0
 11
1200.0
 21
540.0
 31
0.0
  0
LINE
  5
1CF
330
186
100
AcDbEntity
  8
0
100
AcDbLine
 10
-1150.0
 20
580.0
 30
0.0
 11
-1200.0
 21
580.0
 31
0.0
  0
LINE
  5
1D0
330
186
100
AcDbEntity
  8
0
100
AcDbLine
 10
1150.0
 20
580.0
 30
0.0
 11
1200.0
 21
580.0
 31
0.0
  0
LINE
  5
1D1
330
186
100
AcDbEntity
  8
0
100
AcDbLine
 10
-1150.0
 20
620.0
 30
0.0
 11
-1200.0
 21
620.0
 31
0.0
  0
LINE
  5
1D2
330
186
100
AcDbEntity
  8
0
100
AcDbLine
 10
1150.0
 20
620.0
 30
0.0
 11
1200.0
 21
620.0
 31
0.0
  0
LINE
  5
1D3
330
186
100
AcDbEntity
  8
0
100
AcDbLine
 10
-1150.0
 20
660.0
 30
0.0
 11
-1200.0
 21
660.0
 31
0.0
  0
LINE
  5
1D4
330
186
100
AcDbEntity
  8
0
100
AcDbLine
 10
1150.0
 20
660.0
 30
0.0
 11
1200.0
 21
660.0
 31
0.0
  0
LINE
  5
1D5
330
186
100
AcDbEntity
  8
0
100
AcDbLine
 10
-1150.0
 20
700.0
 30
0.0
 11
-1200.0
 21
700.0
 31
0.0
  0
LINE
  5
1D6
330
186
100
AcDbEntity
  8
0
100
AcDbLine
 10
1150.0
 20
700.0
 30
0.0
 11
1200.0
 21
700.0
 31
0.0
  0
LINE
  5
1D7
330
186
100
AcDbEntity
  8
0
100
AcDbLine
 10
-1150.0
 20
740.0
 30
0.0
 11
-1200.0
 21
740.0
 31
0.0
  0
LINE
  5
1D8
330
186
100
AcDbEntity
  8
0
100
AcDbLine
 10
1150.0
 20
740.0
 30
0.0
 11
1200.0
 21
740.0
 31
0.0
  0
LINE
  5
1D9
330
186
100
AcDbEntity
  8
0
100
AcDbLine
 10
-1150.0
 20
780.0
 30
0.0
 11
-1200.0
 21
780.0
 31
0.0
  0
LINE
  5
1DA
330
186
100
AcDbEntity
  8
0
100
AcDbLine
 10
1150.0
 20
780.0
 30
0.0
 11
1200.0
 21
780.0
 31
0.0
  0
ENDBLK
  5
188
330
186
100
AcDbEntity
  8
0
100
AcDbBlockEnd
  0
BLOCK
  5
1DC
330
1DB
100
AcDbEntity
  8
0
100
AcDbBlockBegin
  2
ALFOMBRA_200x300
 70
0
 10
0.0
 20
0.0
 30
0.0
  3
ALFOMBRA_200x300
  1

  4
Alfombra 200 x 300 cm
  0
LWPOLYLINE
  5
1DE
330
1DB
100
AcDbEntity
  8
0
100
AcDbPolyline
 90
4
 70
1
 10
-1500.0
 20
-1000.0
 10
1500.0
 20
-1000.0
 10
1500.0
 20
1000.0
 10
-1500.0
 20
1000.0
  0
LWPOLYLINE
  5
1DF
330
1DB
100
AcDbEntity
  8
0
100
AcDbPolyline
 90
4
 70
1
 10
-1420.0
 20
-920.0
 10
1420.0
 20
-920.0
 10
1420.0
 20
920.0
 10
-1420.0
 20
920.0
  0
LINE
  5
1E0
330
1DB
100
AcDbEntity
  8
0
100
AcDbLine
 10
-1500.0
 20
-980.0
 30
0.0
 11
-1550.0
 21
-980.0
 31
0.0
  0
LINE
  5
1E1
330
1DB
100
AcDbEntity
  8
0
100
AcDbLine
 10
1500.0
 20
-980.0
 30
0.0
 11
1550.0
 21
-980.0
 31
0.0
  0
LINE
  5
1E2
330
1DB
100
AcDbEntity
  8
0
100
AcDbLine
 10
-1500.0
 20
-940.0
 30
0.0
 11
-1550.0
 21
-940.0
 31
0.0
  0
LINE
  5
1E3
330
1DB
100
AcDbEntity
  8
0
100
AcDbLine
 10
1500.0
 20
-940.0
 30
0.0
 11
1550.0
 21
-940.0
 31
0.0
  0
LINE
  5
1E4
330
1DB
100
AcDbEntity
  8
0
100
AcDbLine
 10
-1500.0
 20
-900.0
 30
0.0
 11
-1550.0
 21
-900.0
 31
0.0
  0
LINE
  5
1E5
330
1DB
100
AcDbEntity
  8
0
100
AcDbLine
 10
1500.0
 20
-900.0
 30
0.0
 11
1550.0
 21
-900.0
 31
0.0
  0
LINE
  5
1E6
330
1DB
100
AcDbEntity
  8
0
100
AcDbLine
 10
-1500.0
 20
-860.0
 30
0.0
 11
-1550.0
 21
-860.0
 31
0.0
  0
LINE
  5
1E7
330
1DB
100
AcDbEntity
  8
0
100
AcDbLine
 10
1500.0
 20
-860.0
 30
0.0
 11
1550.0
 21
-860.0
 31
0.0
  0
LINE
  5
1E8
330
1DB
100
AcDbEntity
  8
0
100
AcDbLine
 10
-1500.0
 20
-820.0
 30
0.0
 11
-1550.0
 21
-820.0
 31
0.0
  0
LINE
  5
1E9
330
1DB
100
AcDbEntity
  8
0
100
AcDbLine
 10
1500.0
 20
-820.0
 30
0.0
 11
1550.0
 21
-820.0
 31
0.0
  0
LINE
  5
1EA
330
1DB
100
AcDbEntity
  8
0
100
AcDbLine
 10
-1500.0
 20
-780.0
 30
0.0
 11
-1550.0
 21
-780.0
 31
0.0
  0
LINE
  5
1EB
330
1DB
100
AcDbEntity
  8
0
100
AcDbLine
 10
1500.0
 20
-780.0
 30
0.0
 11
1550.0
 21
-780.0
 31
0.0
  0
LINE
  5
1EC
330
1DB
100
AcDbEntity
  8
0
100
AcDbLine
 10
-1500.0
 20
-740.0
 30
0.0
 11
-1550.0
 21
-740.0
 31
0.0
  0
LINE
  5
1ED
330
1DB
100
AcDbEntity
  8
0
100
AcDbLine
 10
1500.0
 20
-740.0
 30
0.0
 11
1550.0
 21
-740.0
 31
0.0
  0
LINE
  5
1EE
330
1DB
100
AcDbEntity
  8
0
100
AcDbLine
 10
-1500.0
 20
-700.0
 30
0.0
 11
-1550.0
 21
-700.0
 31
0.0
  0
LINE
  5
1EF
330
1DB
100
AcDbEntity
  8
0
100
AcDbLine
 10
1500.0
 20
-700.0
 30
0.0
 11
1550.0
 21
-700.0
 31
0.0
  0
LINE
  5
1F0
330
1DB
100
AcDbEntity
  8
0
100
AcDbLine
 10
-1500.0
 20
-660.0
 30
0.0
 11
-1550.0
 21
-660.0
 31
0.0
  0
LINE
  5
1F1
330
1DB
100
AcDbEntity
  8
0
100
AcDbLine
 10
1500.0
 20
-660.0
 30
0.0
 11
1550.0
 21
-660.0
 31
0.0
  0
LINE
  5
1F2
330
1DB
100
AcDbEntity
  8
0
100
AcDbLine
 10
-1500.0
 20
-620.0
 30
0.0
 11
-1550.0
 21
-620.0
 31
0.0
  0
LINE
  5
1F3
330
1DB
100
AcDbEntity
  8
0
100
AcDbLine
 10
1500.0
 20
-620.0
 30
0.0
 11
1550.0
 21
-620.0
 31
0.0
  0
LINE
  5
1F4
330
1DB
100
AcDbEntity
  8
0
100
AcDbLine
 10
-1500.0
 20
-580.0
 30
0.0
 11
-1550.0
 21
-580.0
 31
0.0
  0
LINE
  5
1F5
330
1DB
100
AcDbEntity
  8
0
100
AcDbLine
 10
1500.0
 20
-580.0
 30
0.0
 11
1550.0
 21
-580.0
 31
0.0
  0
LINE
  5
1F6
330
1DB
100
AcDbEntity
  8
0
100
AcDbLine
 10
-1500.0
 20
-540.0
 30
0.0
 11
-1550.0
 21
-540.0
 31
0.0
  0
LINE
  5
1F7
330
1DB
100
AcDbEntity
  8
0
100
AcDbLine
 10
1500.0
 20
-540.0
 30
0.0
 11
1550.0
 21
-540.0
 31
0.0
  0
LINE
  5
1F8
330
1DB
100
AcDbEntity
  8
0
100
AcDbLine
 10
-1500.0
 20
-500.0
 30
0.0
 11
-1550.0
 21
-500.0
 31
0.0
  0
LINE
  5
1F9
330
1DB
100
AcDbEntity
  8
0
100
AcDbLine
 10
1500.0
 20
-500.0
 30
0.0
 11
1550.0
 21
-500.0
 31
0.0
  0
LINE
  5
1FA
330
1DB
100
AcDbEntity
  8
0
100
AcDbLine
 10
-1500.0
 20
-460.0
 30
0.0
 11
-1550.0
 21
-460.0
 31
0.0
  0
LINE
  5
1FB
330
1DB
100
AcDbEntity
  8
0
100
AcDbLine
 10
1500.0
 20
-460.0
 30
0.0
 11
1550.0
 21
-460.0
 31
0.0
  0
LINE
  5
1FC
330
1DB
100
AcDbEntity
  8
0
100
AcDbLine
 10
-1500.0
 20
-420.0
 30
0.0
 11
-1550.0
 21
-420.0
 31
0.0
  0
LINE
  5
1FD
330
1DB
100
AcDbEntity
  8
0
100
AcDbLine
 10
1500.0
 20
-420.0
 30
0.0
 11
1550.0
 21
-420.0
 31
0.0
  0
LINE
  5
1FE
330
1DB
100
AcDbEntity
  8
0
100
AcDbLine
 10
-1500.0
 20
-380.0
 30
0.0
 11
-1550.0
 21
-380.0
 31
0.0
  0
LINE
  5
1FF
330
1DB
100
AcDbEntity
  8
0
100
AcDbLine
 10
1500.0
 20
-380.0
 30
0.0
 11
1550.0
 21
-380.0
 31
0.0
  0
LINE
  5
200
330
1DB
100
AcDbEntity
  8
0
100
AcDbLine
 10
-1500.0
 20
-340.0
 30
0.0
 11
-1550.0
 21
-340.0
 31
0.0
  0
LINE
  5
201
330
1DB
100
AcDbEntity
  8
0
100
AcDbLine
 10
1500.0
 20
-340.0
 30
0.0
 11
1550.0
 21
-340.0
 31
0.0
  0
LINE
  5
202
330
1DB
100
AcDbEntity
  8
0
100
AcDbLine
 10
-1500.0
 20
-300.0
 30
0.0
 11
-1550.0
 21
-300.0
 31
0.0
  0
LINE
  5
203
330
1DB
100
AcDbEntity
  8
0
100
AcDbLine
 10
1500.0
 20
-300.0
 30
0.0
 11
1550.0
 21
-300.0
 31
0.0
  0
LINE
  5
204
330
1DB
100
AcDbEntity
  8
0
100
AcDbLine
 10
-1500.0
 20
-260.0
 30
0.0
 11
-1550.0
 21
-260.0
 31
0.0
  0
LINE
  5
205
330
1DB
100
AcDbEntity
  8
0
100
AcDbLine
 10
1500.0
 20
-260.0
 30
0.0
 11
1550.0
 21
-260.0
 31
0.0
  0
LINE
  5
206
330
1DB
100
AcDbEntity
  8
0
100
AcDbLine
 10
-1500.0
 20
-220.0
 30
0.0
 11
-1550.0
 21
-220.0
 31
0.0
  0
LINE
  5
207
330
1DB
100
AcDbEntity
  8
0
100
AcDbLine
 10
1500.0
 20
-220.0
 30
0.0
 11
1550.0
 21
-220.0
 31
0.0
  0
LINE
  5
208
330
1DB
100
AcDbEntity
  8
0
100
AcDbLine
 10
-1500.0
 20
-180.0
 30
0.0
 11
-1550.0
 21
-180.0
 31
0.0
  0
LINE
  5
209
330
1DB
100
AcDbEntity
  8
0
100
AcDbLine
 10
1500.0
 20
-180.0
 30
0.0
 11
1550.0
 21
-180.0
 31
0.0
  0
LINE
  5
20A
330
1DB
100
AcDbEntity
  8
0
100
AcDbLine
 10
-1500.0
 20
-140.0
 30
0.0
 11
-1550.0
 21
-140.0
 31
0.0
  0
LINE
  5
20B
330
1DB
100
AcDbEntity
  8
0
100
AcDbLine
 10
1500.0
 20
-140.0
 30
0.0
 11
1550.0
 21
-140.0
 31
0.0
  0
LINE
  5
20C
330
1DB
100
AcDbEntity
  8
0
100
AcDbLine
 10
-1500.0
 20
-100.0
 30
0.0
 11
-1550.0
 21
-100.0
 31
0.0
  0
LINE
  5
20D
330
1DB
100
AcDbEntity
  8
0
100
AcDbLine
 10
1500.0
 20
-100.0
 30
0.0
 11
1550.0
 21
-100.0
 31
0.0
  0
LINE
  5
20E
330
1DB
100
AcDbEntity
  8
0
100
AcDbLine
 10
-1500.0
 20
-60.0
 30
0.0
 11
-1550.0
 21
-60.0
 31
0.0
  0
LINE
  5
20F
330
1DB
100
AcDbEntity
  8
0
100
AcDbLine
 10
1500.0
 20
-60.0
 30
0.0
 11
1550.0
 21
-60.0
 31
0.0
  0
LINE
  5
210
330
1DB
100
AcDbEntity
  8
0
100
AcDbLine
 10
-1500.0
 20
-20.0
 30
0.0
 11
-1550.0
 21
-20.0
 31
0.0
  0
LINE
  5
211
330
1DB
100
AcDbEntity
  8
0
100
AcDbLine
 10
1500.0
 20
-20.0
 30
0.0
 11
1550.0
 21
-20.0
 31
0.0
  0
LINE
  5
212
330
1DB
100
AcDbEntity
  8
0
100
AcDbLine
 10
-1500.0
 20
20.0
 30
0.0
 11
-1550.0
 21
20.0
 31
0.0
  0
LINE
  5
213
330
1DB
100
AcDbEntity
  8
0
100
AcDbLine
 10
1500.0
 20
20.0
 30
0.0
 11
1550.0
 21
20.0
 31
0.0
  0
LINE
  5
214
330
1DB
100
AcDbEntity
  8
0
100
AcDbLine
 10
-1500.0
 20
60.0
 30
0.0
 11
-1550.0
 21
60.0
 31
0.0
  0
LINE
  5
215
330
1DB
100
AcDbEntity
  8
0
100
AcDbLine
 10
1500.0
 20
60.0
 30
0.0
 11
1550.0
 21
60.0
 31
0.0
  0
LINE
  5
216
330
1DB
100
AcDbEntity
  8
0
100
AcDbLine
 10
-1500.0
 20
100.0
 30
0.0
 11
-1550.0
 21
100.0
 31
0.0
  0
LINE
  5
217
330
1DB
100
AcDbEntity
  8
0
100
AcDbLine
 10
1500.0
 20
100.0
 30
0.0
 11
1550.0
 21
100.0
 31
0.0
  0
LINE
  5
218
330
1DB
100
AcDbEntity
  8
0
100
AcDbLine
 10
-1500.0
 20
140.0
 30
0.0
 11
-1550.0
 21
140.0
 31
0.0
  0
LINE
  5
219
330
1DB
100
AcDbEntity
  8
0
100
AcDbLine
 10
1500.0
 20
140.0
 30
0.0
 11
1550.0
 21
140.0
 31
0.0
  0
LINE
  5
21A
330
1DB
100
AcDbEntity
  8
0
100
AcDbLine
 10
-1500.0
 20
180.0
 30
0.0
 11
-1550.0
 21
180.0
 31
0.0
  0
LINE
  5
21B
330
1DB
100
AcDbEntity
  8
0
100
AcDbLine
 10
1500.0
 20
180.0
 30
0.0
 11
1550.0
 21
180.0
 31
0.0
  0
LINE
  5
21C
330
1DB
100
AcDbEntity
  8
0
100
AcDbLine
 10
-1500.0
 20
220.0
 30
0.0
 11
-1550.0
 21
220.0
 31
0.0
  0
LINE
  5
21D
330
1DB
100
AcDbEntity
  8
0
100
AcDbLine
 10
1500.0
 20
220.0
 30
0.0
 11
1550.0
 21
220.0
 31
0.0
  0
LINE
  5
21E
330
1DB
100
AcDbEntity
  8
0
100
AcDbLine
 10
-1500.0
 20
260.0
 30
0.0
 11
-1550.0
 21
260.0
 31
0.0
  0
LINE
  5
21F
330
1DB
100
AcDbEntity
  8
0
100
AcDbLine
 10
1500.0
 20
260.0
 30
0.0
 11
1550.0
 21
260.0
 31
0.0
  0
LINE
  5
220
330
1DB
100
AcDbEntity
  8
0
100
AcDbLine
 10
-1500.0
 20
300.0
 30
0.0
 11
-1550.0
 21
300.0
 31
0.0
  0
LINE
  5
221
330
1DB
100
AcDbEntity
  8
0
100
AcDbLine
 10
1500.0
 20
300.0
 30
0.0
 11
1550.0
 21
300.0
 31
0.0
  0
LINE
  5
222
330
1DB
100
AcDbEntity
  8
0
100
AcDbLine
 10
-1500.0
 20
340.0
 30
0.0
 11
-1550.0
 21
340.0
 31
0.0
  0
LINE
  5
223
330
1DB
100
AcDbEntity
  8
0
100
AcDbLine
 10
1500.0
 20
340.0
 30
0.0
 11
1550.0
 21
340.0
 31
0.0
  0
LINE
  5
224
330
1DB
100
AcDbEntity
  8
0
100
AcDbLine
 10
-1500.0
 20
380.0
 30
0.0
 11
-1550.0
 21
380.0
 31
0.0
  0
LINE
  5
225
330
1DB
100
AcDbEntity
  8
0
100
AcDbLine
 10
1500.0
 20
380.0
 30
0.0
 11
1550.0
 21
380.0
 31
0.0
  0
LINE
  5
226
330
1DB
100
AcDbEntity
  8
0
100
AcDbLine
 10
-1500.0
 20
420.0
 30
0.0
 11
-1550.0
 21
420.0
 31
0.0
  0
LINE
  5
227
330
1DB
100
AcDbEntity
  8
0
100
AcDbLine
 10
1500.0
 20
420.0
 30
0.0
 11
1550.0
 21
420.0
 31
0.0
  0
LINE
  5
228
330
1DB
100
AcDbEntity
  8
0
100
AcDbLine
 10
-1500.0
 20
460.0
 30
0.0
 11
-1550.0
 21
460.0
 31
0.0
  0
LINE
  5
229
330
1DB
100
AcDbEntity
  8
0
100
AcDbLine
 10
1500.0
 20
460.0
 30
0.0
 11
1550.0
 21
460.0
 31
0.0
  0
LINE
  5
22A
330
1DB
100
AcDbEntity
  8
0
100
AcDbLine
 10
-1500.0
 20
500.0
 30
0.0
 11
-1550.0
 21
500.0
 31
0.0
  0
LINE
  5
22B
330
1DB
100
AcDbEntity
  8
0
100
AcDbLine
 10
1500.0
 20
500.0
 30
0.0
 11
1550.0
 21
500.0
 31
0.0
  0
LINE
  5
22C
330
1DB
100
AcDbEntity
  8
0
100
AcDbLine
 10
-1500.0
 20
540.0
 30
0.0
 11
-1550.0
 21
540.0
 31
0.0
  0
LINE
  5
22D
330
1DB
100
AcDbEntity
  8
0
100
AcDbLine
 10
1500.0
 20
540.0
 30
0.0
 11
1550.0
 21
540.0
 31
0.0
  0
LINE
  5
22E
330
1DB
100
AcDbEntity
  8
0
100
AcDbLine
 10
-1500.0
 20
580.0
 30
0.0
 11
-1550.0
 21
580.0
 31
0.0
  0
LINE
  5
22F
330
1DB
100
AcDbEntity
  8
0
100
AcDbLine
 10
1500.0
 20
580.0
 30
0.0
 11
1550.0
 21
580.0
 31
0.0
  0
LINE
  5
230
330
1DB
100
AcDbEntity
  8
0
100
AcDbLine
 10
-1500.0
 20
620.0
 30
0.0
 11
-1550.0
 21
620.0
 31
0.0
  0
LINE
  5
231
330
1DB
100
AcDbEntity
  8
0
100
AcDbLine
 10
1500.0
 20
620.0
 30
0.0
 11
1550.0
 21
620.0
 31
0.0
  0
LINE
  5
232
330
1DB
100
AcDbEntity
  8
0
100
AcDbLine
 10
-1500.0
 20
660.0
 30
0.0
 11
-1550.0
 21
660.0
 31
0.0
  0
LINE
  5
233
330
1DB
100
AcDbEntity
  8
0
100
AcDbLine
 10
1500.0
 20
660.0
 30
0.0
 11
1550.0
 21
660.0
 31
0.0
  0
LINE
  5
234
330
1DB
100
AcDbEntity
  8
0
100
AcDbLine
 10
-1500.0
 20
700.0
 30
0.0
 11
-1550.0
 21
700.0
 31
0.0
  0
LINE
  5
235
330
1DB
100
AcDbEntity
  8
0
100
AcDbLine
 10
1500.0
 20
700.0
 30
0.0
 11
1550.0
 21
700.0
 31
0.0
  0
LINE
  5
236
330
1DB
100
AcDbEntity
  8
0
100
AcDbLine
 10
-1500.0
 20
740.0
 30
0.0
 11
-1550.0
 21
740.0
 31
0.0
  0
LINE
  5
237
330
1DB
100
AcDbEntity
  8
0
100
AcDbLine
 10
1500.0
 20
740.0
 30
0.0
 11
1550.0
 21
740.0
 31
0.0
  0
LINE
  5
238
330
1DB
100
AcDbEntity
  8
0
100
AcDbLine
 10
-1500.0
 20
780.0
 30
0.0
 11
-1550.0
 21
780.0
 31
0.0
  0
LINE
  5
239
330
1DB
100
AcDbEntity
  8
0
100
AcDbLine
 10
1500.0
 20
780.0
 30
0.0
 11
1550.0
 21
780.0
 31
0.0
  0
LINE
  5
23A
330
1DB
100
AcDbEntity
  8
0
100
AcDbLine
 10
-1500.0
 20
820.0
 30
0.0
 11
-1550.0
 21
820.0
 31
0.0
  0
LINE
  5
23B
330
1DB
100
AcDbEntity
  8
0
100
AcDbLine
 10
1500.0
 20
820.0
 30
0.0
 11
1550.0
 21
820.0
 31
0.0
  0
LINE
  5
23C
330
1DB
100
AcDbEntity
  8
0
100
AcDbLine
 10
-1500.0
 20
860.0
 30
0.0
 11
-1550.0
 21
860.0
 31
0.0
  0
LINE
  5
23D
330
1DB
100
AcDbEntity
  8
0
100
AcDbLine
 10
1500.0
 20
860.0
 30
0.0
 11
1550.0
 21
860.0
 31
0.0
  0
LINE
  5
23E
330
1DB
100
AcDbEntity
  8
0
100
AcDbLine
 10
-1500.0
 20
900.0
 30
0.0
 11
-1550.0
 21
900.0
 31
0.0
  0
LINE
  5
23F
330
1DB
100
AcDbEntity
  8
0
100
AcDbLine
 10
1500.0
 20
900.0
 30
0.0
 11
1550.0
 21
900.0
 31
0.0
  0
LINE
  5
240
330
1DB
100
AcDbEntity
  8
0
100
AcDbLine
 10
-1500.0
 20
940.0
 30
0.0
 11
-1550.0
 21
940.0
 31
0.0
  0
LINE
  5
241
330
1DB
100
AcDbEntity
  8
0
100
AcDbLine
 10
1500.0
 20
940.0
 30
0.0
 11
1550.0
 21
940.0
 31
0.0
  0
LINE
  5
242
330
1DB
100
AcDbEntity
  8
0
100
AcDbLine
 10
-1500.0
 20
980.0
 30
0.0
 11
-1550.0
 21
980.0
 31
0.0
  0
LINE
  5
243
330
1DB
100
AcDbEntity
  8
0
100
AcDbLine
 10
1500.0
 20
980.0
 30
0.0
 11
1550.0
 21
980.0
 31
0.0
  0
ENDBLK
  5
1DD
330
1DB
100
AcDbEntity
  8
0
100
AcDbBlockEnd
  0
BLOCK
  5
245
330
244
100
AcDbEntity
  8
0
100
AcDbBlockBegin
  2
ALFOMBRA_240x340
 70
0
 10
0.0
 20
0.0
 30
0.0
  3
ALFOMBRA_240x340
  1

  4
Alfombra 240 x 340 cm
  0
LWPOLYLINE
  5
247
330
244
100
AcDbEntity
  8
0
100
AcDbPolyline
 90
4
 70
1
 10
-1700.0
 20
-1200.0
 10
1700.0
 20
-1200.0
 10
1700.0
 20
1200.0
 10
-1700.0
 20
1200.0
  0
LWPOLYLINE
  5
248
330
244
100
AcDbEntity
  8
0
100
AcDbPolyline
 90
4
 70
1
 10
-1620.0
 20
-1120.0
 10
1620.0
 20
-1120.0
 10
1620.0
 20
1120.0
 10
-1620.0
 20
1120.0
  0
LINE
  5
249
330
244
100
AcDbEntity
  8
0
100
AcDbLine
 10
-1700.0
 20
-1180.0
 30
0.0
 11
-1750.0
 21
-1180.0
 31
0.0
  0
LINE
  5
24A
330
244
100
AcDbEntity
  8
0
100
AcDbLine
 10
1700.0
 20
-1180.0
 30
0.0
 11
1750.0
 21
-1180.0
 31
0.0
  0
LINE
  5
24B
330
244
100
AcDbEntity
  8
0
100
AcDbLine
 10
-1700.0
 20
-1140.0
 30
0.0
 11
-1750.0
 21
-1140.0
 31
0.0
  0
LINE
  5
24C
330
244
100
AcDbEntity
  8
0
100
AcDbLine
 10
1700.0
 20
-1140.0
 30
0.0
 11
1750.0
 21
-1140.0
 31
0.0
  0
LINE
  5
24D
330
244
100
AcDbEntity
  8
0
100
AcDbLine
 10
-1700.0
 20
-1100.0
 30
0.0
 11
-1750.0
 21
-1100.0
 31
0.0
  0
LINE
  5
24E
330
244
100
AcDbEntity
  8
0
100
AcDbLine
 10
1700.0
 20
-1100.0
 30
0.0
 11
1750.0
 21
-1100.0
 31
0.0
  0
LINE
  5
24F
330
244
100
AcDbEntity
  8
0
100
AcDbLine
 10
-1700.0
 20
-1060.0
 30
0.0
 11
-1750.0
 21
-1060.0
 31
0.0
  0
LINE
  5
250
330
244
100
AcDbEntity
  8
0
100
AcDbLine
 10
1700.0
 20
-1060.0
 30
0.0
 11
1750.0
 21
-1060.0
 31
0.0
  0
LINE
  5
251
330
244
100
AcDbEntity
  8
0
100
AcDbLine
 10
-1700.0
 20
-1020.0
 30
0.0
 11
-1750.0
 21
-1020.0
 31
0.0
  0
LINE
  5
252
330
244
100
AcDbEntity
  8
0
100
AcDbLine
 10
1700.0
 20
-1020.0
 30
0.0
 11
1750.0
 21
-1020.0
 31
0.0
  0
LINE
  5
253
330
244
100
AcDbEntity
  8
0
100
AcDbLine
 10
-1700.0
 20
-980.0
 30
0.0
 11
-1750.0
 21
-980.0
 31
0.0
  0
LINE
  5
254
330
244
100
AcDbEntity
  8
0
100
AcDbLine
 10
1700.0
 20
-980.0
 30
0.0
 11
1750.0
 21
-980.0
 31
0.0
  0
LINE
  5
255
330
244
100
AcDbEntity
  8
0
100
AcDbLine
 10
-1700.0
 20
-940.0
 30
0.0
 11
-1750.0
 21
-940.0
 31
0.0
  0
LINE
  5
256
330
244
100
AcDbEntity
  8
0
100
AcDbLine
 10
1700.0
 20
-940.0
 30
0.0
 11
1750.0
 21
-940.0
 31
0.0
  0
LINE
  5
257
330
244
100
AcDbEntity
  8
0
100
AcDbLine
 10
-1700.0
 20
-900.0
 30
0.0
 11
-1750.0
 21
-900.0
 31
0.0
  0
LINE
  5
258
330
244
100
AcDbEntity
  8
0
100
AcDbLine
 10
1700.0
 20
-900.0
 30
0.0
 11
1750.0
 21
-900.0
 31
0.0
  0
LINE
  5
259
330
244
100
AcDbEntity
  8
0
100
AcDbLine
 10
-1700.0
 20
-860.0
 30
0.0
 11
-1750.0
 21
-860.0
 31
0.0
  0
LINE
  5
25A
330
244
100
AcDbEntity
  8
0
100
AcDbLine
 10
1700.0
 20
-860.0
 30
0.0
 11
1750.0
 21
-860.0
 31
0.0
  0
LINE
  5
25B
330
244
100
AcDbEntity
  8
0
100
AcDbLine
 10
-1700.0
 20
-820.0
 30
0.0
 11
-1750.0
 21
-820.0
 31
0.0
  0
LINE
  5
25C
330
244
100
AcDbEntity
  8
0
100
AcDbLine
 10
1700.0
 20
-820.0
 30
0.0
 11
1750.0
 21
-820.0
 31
0.0
  0
LINE
  5
25D
330
244
100
AcDbEntity
  8
0
100
AcDbLine
 10
-1700.0
 20
-780.0
 30
0.0
 11
-1750.0
 21
-780.0
 31
0.0
  0
LINE
  5
25E
330
244
100
AcDbEntity
  8
0
100
AcDbLine
 10
1700.0
 20
-780.0
 30
0.0
 11
1750.0
 21
-780.0
 31
0.0
  0
LINE
  5
25F
330
244
100
AcDbEntity
  8
0
100
AcDbLine
 10
-1700.0
 20
-740.0
 30
0.0
 11
-1750.0
 21
-740.0
 31
0.0
  0
LINE
  5
260
330
244
100
AcDbEntity
  8
0
100
AcDbLine
 10
1700.0
 20
-740.0
 30
0.0
 11
1750.0
 21
-740.0
 31
0.0
  0
LINE
  5
261
330
244
100
AcDbEntity
  8
0
100
AcDbLine
 10
-1700.0
 20
-700.0
 30
0.0
 11
-1750.0
 21
-700.0
 31
0.0
  0
LINE
  5
262
330
244
100
AcDbEntity
  8
0
100
AcDbLine
 10
1700.0
 20
-700.0
 30
0.0
 11
1750.0
 21
-700.0
 31
0.0
  0
LINE
  5
263
330
244
100
AcDbEntity
  8
0
100
AcDbLine
 10
-1700.0
 20
-660.0
 30
0.0
 11
-1750.0
 21
-660.0
 31
0.0
  0
LINE
  5
264
330
244
100
AcDbEntity
  8
0
100
AcDbLine
 10
1700.0
 20
-660.0
 30
0.0
 11
1750.0
 21
-660.0
 31
0.0
  0
LINE
  5
265
330
244
100
AcDbEntity
  8
0
100
AcDbLine
 10
-1700.0
 20
-620.0
 30
0.0
 11
-1750.0
 21
-620.0
 31
0.0
  0
LINE
  5
266
330
244
100
AcDbEntity
  8
0
100
AcDbLine
 10
1700.0
 20
-620.0
 30
0.0
 11
1750.0
 21
-620.0
 31
0.0
  0
LINE
  5
267
330
244
100
AcDbEntity
  8
0
100
AcDbLine
 10
-1700.0
 20
-580.0
 30
0.0
 11
-1750.0
 21
-580.0
 31
0.0
  0
LINE
  5
268
330
244
100
AcDbEntity
  8
0
100
AcDbLine
 10
1700.0
 20
-580.0
 30
0.0
 11
1750.0
 21
-580.0
 31
0.0
  0
LINE
  5
269
330
244
100
AcDbEntity
  8
0
100
AcDbLine
 10
-1700.0
 20
-540.0
 30
0.0
 11
-1750.0
 21
-540.0
 31
0.0
  0
LINE
  5
26A
330
244
100
AcDbEntity
  8
0
100
AcDbLine
 10
1700.0
 20
-540.0
 30
0.0
 11
1750.0
 21
-540.0
 31
0.0
  0
LINE
  5
26B
330
244
100
AcDbEntity
  8
0
100
AcDbLine
 10
-1700.0
 20
-500.0
 30
0.0
 11
-1750.0
 21
-500.0
 31
0.0
  0
LINE
  5
26C
330
244
100
AcDbEntity
  8
0
100
AcDbLine
 10
1700.0
 20
-500.0
 30
0.0
 11
1750.0
 21
-500.0
 31
0.0
  0
LINE
  5
26D
330
244
100
AcDbEntity
  8
0
100
AcDbLine
 10
-1700.0
 20
-460.0
 30
0.0
 11
-1750.0
 21
-460.0
 31
0.0
  0
LINE
  5
26E
330
244
100
AcDbEntity
  8
0
100
AcDbLine
 10
1700.0
 20
-460.0
 30
0.0
 11
1750.0
 21
-460.0
 31
0.0
  0
LINE
  5
26F
330
244
100
AcDbEntity
  8
0
100
AcDbLine
 10
-1700.0
 20
-420.0
 30
0.0
 11
-1750.0
 21
-420.0
 31
0.0
  0
LINE
  5
270
330
244
100
AcDbEntity
  8
0
100
AcDbLine
 10
1700.0
 20
-420.0
 30
0.0
 11
1750.0
 21
-420.0
 31
0.0
  0
LINE
  5
271
330
244
100
AcDbEntity
  8
0
100
AcDbLine
 10
-1700.0
 20
-380.0
 30
0.0
 11
-1750.0
 21
-380.0
 31
0.0
  0
LINE
  5
272
330
244
100
AcDbEntity
  8
0
100
AcDbLine
 10
1700.0
 20
-380.0
 30
0.0
 11
1750.0
 21
-380.0
 31
0.0
  0
LINE
  5
273
330
244
100
AcDbEntity
  8
0
100
AcDbLine
 10
-1700.0
 20
-340.0
 30
0.0
 11
-1750.0
 21
-340.0
 31
0.0
  0
LINE
  5
274
330
244
100
AcDbEntity
  8
0
100
AcDbLine
 10
1700.0
 20
-340.0
 30
0.0
 11
1750.0
 21
-340.0
 31
0.0
  0
LINE
  5
275
330
244
100
AcDbEntity
  8
0
100
AcDbLine
 10
-1700.0
 20
-300.0
 30
0.0
 11
-1750.0
 21
-300.0
 31
0.0
  0
LINE
  5
276
330
244
100
AcDbEntity
  8
0
100
AcDbLine
 10
1700.0
 20
-300.0
 30
0.0
 11
1750.0
 21
-300.0
 31
0.0
  0
LINE
  5
277
330
244
100
AcDbEntity
  8
0
100
AcDbLine
 10
-1700.0
 20
-260.0
 30
0.0
 11
-1750.0
 21
-260.0
 31
0.0
  0
LINE
  5
278
330
244
100
AcDbEntity
  8
0
100
AcDbLine
 10
1700.0
 20
-260.0
 30
0.0
 11
1750.0
 21
-260.0
 31
0.0
  0
LINE
  5
279
330
244
100
AcDbEntity
  8
0
100
AcDbLine
 10
-1700.0
 20
-220.0
 30
0.0
 11
-1750.0
 21
-220.0
 31
0.0
  0
LINE
  5
27A
330
244
100
AcDbEntity
  8
0
100
AcDbLine
 10
1700.0
 20
-220.0
 30
0.0
 11
1750.0
 21
-220.0
 31
0.0
  0
LINE
  5
27B
330
244
100
AcDbEntity
  8
0
100
AcDbLine
 10
-1700.0
 20
-180.0
 30
0.0
 11
-1750.0
 21
-180.0
 31
0.0
  0
LINE
  5
27C
330
244
100
AcDbEntity
  8
0
100
AcDbLine
 10
1700.0
 20
-180.0
 30
0.0
 11
1750.0
 21
-180.0
 31
0.0
  0
LINE
  5
27D
330
244
100
AcDbEntity
  8
0
100
AcDbLine
 10
-1700.0
 20
-140.0
 30
0.0
 11
-1750.0
 21
-140.0
 31
0.0
  0
LINE
  5
27E
330
244
100
AcDbEntity
  8
0
100
AcDbLine
 10
1700.0
 20
-140.0
 30
0.0
 11
1750.0
 21
-140.0
 31
0.0
  0
LINE
  5
27F
330
244
100
AcDbEntity
  8
0
100
AcDbLine
 10
-1700.0
 20
-100.0
 30
0.0
 11
-1750.0
 21
-100.0
 31
0.0
  0
LINE
  5
280
330
244
100
AcDbEntity
  8
0
100
AcDbLine
 10
1700.0
 20
-100.0
 30
0.0
 11
1750.0
 21
-100.0
 31
0.0
  0
LINE
  5
281
330
244
100
AcDbEntity
  8
0
100
AcDbLine
 10
-1700.0
 20
-60.0
 30
0.0
 11
-1750.0
 21
-60.0
 31
0.0
  0
LINE
  5
282
330
244
100
AcDbEntity
  8
0
100
AcDbLine
 10
1700.0
 20
-60.0
 30
0.0
 11
1750.0
 21
-60.0
 31
0.0
  0
LINE
  5
283
330
244
100
AcDbEntity
  8
0
100
AcDbLine
 10
-1700.0
 20
-20.0
 30
0.0
 11
-1750.0
 21
-20.0
 31
0.0
  0
LINE
  5
284
330
244
100
AcDbEntity
  8
0
100
AcDbLine
 10
1700.0
 20
-20.0
 30
0.0
 11
1750.0
 21
-20.0
 31
0.0
  0
LINE
  5
285
330
244
100
AcDbEntity
  8
0
100
AcDbLine
 10
-1700.0
 20
20.0
 30
0.0
 11
-1750.0
 21
20.0
 31
0.0
  0
LINE
  5
286
330
244
100
AcDbEntity
  8
0
100
AcDbLine
 10
1700.0
 20
20.0
 30
0.0
 11
1750.0
 21
20.0
 31
0.0
  0
LINE
  5
287
330
244
100
AcDbEntity
  8
0
100
AcDbLine
 10
-1700.0
 20
60.0
 30
0.0
 11
-1750.0
 21
60.0
 31
0.0
  0
LINE
  5
288
330
244
100
AcDbEntity
  8
0
100
AcDbLine
 10
1700.0
 20
60.0
 30
0.0
 11
1750.0
 21
60.0
 31
0.0
  0
LINE
  5
289
330
244
100
AcDbEntity
  8
0
100
AcDbLine
 10
-1700.0
 20
100.0
 30
0.0
 11
-1750.0
 21
100.0
 31
0.0
  0
LINE
  5
28A
330
244
100
AcDbEntity
  8
0
100
AcDbLine
 10
1700.0
 20
100.0
 30
0.0
 11
1750.0
 21
100.0
 31
0.0
  0
LINE
  5
28B
330
244
100
AcDbEntity
  8
0
100
AcDbLine
 10
-1700.0
 20
140.0
 30
0.0
 11
-1750.0
 21
140.0
 31
0.0
  0
LINE
  5
28C
330
244
100
AcDbEntity
  8
0
100
AcDbLine
 10
1700.0
 20
140.0
 30
0.0
 11
1750.0
 21
140.0
 31
0.0
  0
LINE
  5
28D
330
244
100
AcDbEntity
  8
0
100
AcDbLine
 10
-1700.0
 20
180.0
 30
0.0
 11
-1750.0
 21
180.0
 31
0.0
  0
LINE
  5
28E
330
244
100
AcDbEntity
  8
0
100
AcDbLine
 10
1700.0
 20
180.0
 30
0.0
 11
1750.0
 21
180.0
 31
0.0
  0
LINE
  5
28F
330
244
100
AcDbEntity
  8
0
100
AcDbLine
 10
-1700.0
 20
220.0
 30
0.0
 11
-1750.0
 21
220.0
 31
0.0
  0
LINE
  5
290
330
244
100
AcDbEntity
  8
0
100
AcDbLine
 10
1700.0
 20
220.0
 30
0.0
 11
1750.0
 21
220.0
 31
0.0
  0
LINE
  5
291
330
244
100
AcDbEntity
  8
0
100
AcDbLine
 10
-1700.0
 20
260.0
 30
0.0
 11
-1750.0
 21
260.0
 31
0.0
  0
LINE
  5
292
330
244
100
AcDbEntity
  8
0
100
AcDbLine
 10
1700.0
 20
260.0
 30
0.0
 11
1750.0
 21
260.0
 31
0.0
  0
LINE
  5
293
330
244
100
AcDbEntity
  8
0
100
AcDbLine
 10
-1700.0
 20
300.0
 30
0.0
 11
-1750.0
 21
300.0
 31
0.0
  0
LINE
  5
294
330
244
100
AcDbEntity
  8
0
100
AcDbLine
 10
1700.0
 20
300.0
 30
0.0
 11
1750.0
 21
300.0
 31
0.0
  0
LINE
  5
295
330
244
100
AcDbEntity
  8
0
100
AcDbLine
 10
-1700.0
 20
340.0
 30
0.0
 11
-1750.0
 21
340.0
 31
0.0
  0
LINE
  5
296
330
244
100
AcDbEntity
  8
0
100
AcDbLine
 10
1700.0
 20
340.0
 30
0.0
 11
1750.0
 21
340.0
 31
0.0
  0
LINE
  5
297
330
244
100
AcDbEntity
  8
0
100
AcDbLine
 10
-1700.0
 20
380.0
 30
0.0
 11
-1750.0
 21
380.0
 31
0.0
  0
LINE
  5
298
330
244
100
AcDbEntity
  8
0
100
AcDbLine
 10
1700.0
 20
380.0
 30
0.0
 11
1750.0
 21
380.0
 31
0.0
  0
LINE
  5
299
330
244
100
AcDbEntity
  8
0
100
AcDbLine
 10
-1700.0
 20
420.0
 30
0.0
 11
-1750.0
 21
420.0
 31
0.0
  0
LINE
  5
29A
330
244
100
AcDbEntity
  8
0
100
AcDbLine
 10
1700.0
 20
420.0
 30
0.0
 11
1750.0
 21
420.0
 31
0.0
  0
LINE
  5
29B
330
244
100
AcDbEntity
  8
0
100
AcDbLine
 10
-1700.0
 20
460.0
 30
0.0
 11
-1750.0
 21
460.0
 31
0.0
  0
LINE
  5
29C
330
244
100
AcDbEntity
  8
0
100
AcDbLine
 10
1700.0
 20
460.0
 30
0.0
 11
1750.0
 21
460.0
 31
0.0
  0
LINE
  5
29D
330
244
100
AcDbEntity
  8
0
100
AcDbLine
 10
-1700.0
 20
500.0
 30
0.0
 11
-1750.0
 21
500.0
 31
0.0
  0
LINE
  5
29E
330
244
100
AcDbEntity
  8
0
100
AcDbLine
 10
1700.0
 20
500.0
 30
0.0
 11
1750.0
 21
500.0
 31
0.0
  0
LINE
  5
29F
330
244
100
AcDbEntity
  8
0
100
AcDbLine
 10
-1700.0
 20
540.0
 30
0.0
 11
-1750.0
 21
540.0
 31
0.0
  0
LINE
  5
2A0
330
244
100
AcDbEntity
  8
0
100
AcDbLine
 10
1700.0
 20
540.0
 30
0.0
 11
1750.0
 21
540.0
 31
0.0
  0
LINE
  5
2A1
330
244
100
AcDbEntity
  8
0
100
AcDbLine
 10
-1700.0
 20
580.0
 30
0.0
 11
-1750.0
 21
580.0
 31
0.0
  0
LINE
  5
2A2
330
244
100
AcDbEntity
  8
0
100
AcDbLine
 10
1700.0
 20
580.0
 30
0.0
 11
1750.0
 21
580.0
 31
0.0
  0
LINE
  5
2A3
330
244
100
AcDbEntity
  8
0
100
AcDbLine
 10
-1700.0
 20
620.0
 30
0.0
 11
-1750.0
 21
620.0
 31
0.0
  0
LINE
  5
2A4
330
244
100
AcDbEntity
  8
0
100
AcDbLine
 10
1700.0
 20
620.0
 30
0.0
 11
1750.0
 21
620.0
 31
0.0
  0
LINE
  5
2A5
330
244
100
AcDbEntity
  8
0
100
AcDbLine
 10
-1700.0
 20
660.0
 30
0.0
 11
-1750.0
 21
660.0
 31
0.0
  0
LINE
  5
2A6
330
244
100
AcDbEntity
  8
0
100
AcDbLine
 10
1700.0
 20
660.0
 30
0.0
 11
1750.0
 21
660.0
 31
0.0
  0
LINE
  5
2A7
330
244
100
AcDbEntity
  8
0
100
AcDbLine
 10
-1700.0
 20
700.0
 30
0.0
 11
-1750.0
 21
700.0
 31
0.0
  0
LINE
  5
2A8
330
244
100
AcDbEntity
  8
0
100
AcDbLine
 10
1700.0
 20
700.0
 30
0.0
 11
1750.0
 21
700.0
 31
0.0
  0
LINE
  5
2A9
330
244
100
AcDbEntity
  8
0
100
AcDbLine
 10
-1700.0
 20
740.0
 30
0.0
 11
-1750.0
 21
740.0
 31
0.0
  0
LINE
  5
2AA
330
244
100
AcDbEntity
  8
0
100
AcDbLine
 10
1700.0
 20
740.0
 30
0.0
 11
1750.0
 21
740.0
 31
0.0
  0
LINE
  5
2AB
330
244
100
AcDbEntity
  8
0
100
AcDbLine
 10
-1700.0
 20
780.0
 30
0.0
 11
-1750.0
 21
780.0
 31
0.0
  0
LINE
  5
2AC
330
244
100
AcDbEntity
  8
0
100
AcDbLine
 10
1700.0
 20
780.0
 30
0.0
 11
1750.0
 21
780.0
 31
0.0
  0
LINE
  5
2AD
330
244
100
AcDbEntity
  8
0
100
AcDbLine
 10
-1700.0
 20
820.0
 30
0.0
 11
-1750.0
 21
820.0
 31
0.0
  0
LINE
  5
2AE
330
244
100
AcDbEntity
  8
0
100
AcDbLine
 10
1700.0
 20
820.0
 30
0.0
 11
1750.0
 21
820.0
 31
0.0
  0
LINE
  5
2AF
330
244
100
AcDbEntity
  8
0
100
AcDbLine
 10
-1700.0
 20
860.0
 30
0.0
 11
-1750.0
 21
860.0
 31
0.0
  0
LINE
  5
2B0
330
244
100
AcDbEntity
  8
0
100
AcDbLine
 10
1700.0
 20
860.0
 30
0.0
 11
1750.0
 21
860.0
 31
0.0
  0
LINE
  5
2B1
330
244
100
AcDbEntity
  8
0
100
AcDbLine
 10
-1700.0
 20
900.0
 30
0.0
 11
-1750.0
 21
900.0
 31
0.0
  0
LINE
  5
2B2
330
244
100
AcDbEntity
  8
0
100
AcDbLine
 10
1700.0
 20
900.0
 30
0.0
 11
1750.0
 21
900.0
 31
0.0
  0
LINE
  5
2B3
330
244
100
AcDbEntity
  8
0
100
AcDbLine
 10
-1700.0
 20
940.0
 30
0.0
 11
-1750.0
 21
940.0
 31
0.0
  0
LINE
  5
2B4
330
244
100
AcDbEntity
  8
0
100
AcDbLine
 10
1700.0
 20
940.0
 30
0.0
 11
1750.0
 21
940.0
 31
0.0
  0
LINE
  5
2B5
330
244
100
AcDbEntity
  8
0
100
AcDbLine
 10
-1700.0
 20
980.0
 30
0.0
 11
-1750.0
 21
980.0
 31
0.0
  0
LINE
  5
2B6
330
244
100
AcDbEntity
  8
0
100
AcDbLine
 10
1700.0
 20
980.0
 30
0.0
 11
1750.0
 21
980.0
 31
0.0
  0
LINE
  5
2B7
330
244
100
AcDbEntity
  8
0
100
AcDbLine
 10
-1700.0
 20
1020.0
 30
0.0
 11
-1750.0
 21
1020.0
 31
0.0
  0
LINE
  5
2B8
330
244
100
AcDbEntity
  8
0
100
AcDbLine
 10
1700.0
 20
1020.0
 30
0.0
 11
1750.0
 21
1020.0
 31
0.0
  0
LINE
  5
2B9
330
244
100
AcDbEntity
  8
0
100
AcDbLine
 10
-1700.0
 20
1060.0
 30
0.0
 11
-1750.0
 21
1060.0
 31
0.0
  0
LINE
  5
2BA
330
244
100
AcDbEntity
  8
0
100
AcDbLine
 10
1700.0
 20
1060.0
 30
0.0
 11
1750.0
 21
1060.0
 31
0.0
  0
LINE
  5
2BB
330
244
100
AcDbEntity
  8
0
100
AcDbLine
 10
-1700.0
 20
1100.0
 30
0.0
 11
-1750.0
 21
1100.0
 31
0.0
  0
LINE
  5
2BC
330
244
100
AcDbEntity
  8
0
100
AcDbLine
 10
1700.0
 20
1100.0
 30
0.0
 11
1750.0
 21
1100.0
 31
0.0
  0
LINE
  5
2BD
330
244
100
AcDbEntity
  8
0
100
AcDbLine
 10
-1700.0
 20
1140.0
 30
0.0
 11
-1750.0
 21
1140.0
 31
0.0
  0
LINE
  5
2BE
330
244
100
AcDbEntity
  8
0
100
AcDbLine
 10
1700.0
 20
1140.0
 30
0.0
 11
1750.0
 21
1140.0
 31
0.0
  0
LINE
  5
2BF
330
244
100
AcDbEntity
  8
0
100
AcDbLine
 10
-1700.0
 20
1180.0
 30
0.0
 11
-1750.0
 21
1180.0
 31
0.0
  0
LINE
  5
2C0
330
244
100
AcDbEntity
  8
0
100
AcDbLine
 10
1700.0
 20
1180.0
 30
0.0
 11
1750.0
 21
1180.0
 31
0.0
  0
ENDBLK
  5
246
330
244
100
AcDbEntity
  8
0
100
AcDbBlockEnd
  0
BLOCK
  5
2C2
330
2C1
100
AcDbEntity
  8
0
100
AcDbBlockBegin
  2
ALFOMBRA_D160
 70
0
 10
0.0
 20
0.0
 30
0.0
  3
ALFOMBRA_D160
  1

  4
Alfombra redonda Ø160 cm
  0
CIRCLE
  5
2C4
330
2C1
100
AcDbEntity
  8
0
100
AcDbCircle
 10
0.0
 20
0.0
 30
0.0
 40
800.0
  0
CIRCLE
  5
2C5
330
2C1
100
AcDbEntity
  8
0
100
AcDbCircle
 10
0.0
 20
0.0
 30
0.0
 40
720.0
  0
ENDBLK
  5
2C3
330
2C1
100
AcDbEntity
  8
0
100
AcDbBlockEnd
  0
BLOCK
  5
2C7
330
2C6
100
AcDbEntity
  8
0
100
AcDbBlockBegin
  2
ALFOMBRA_D200
 70
0
 10
0.0
 20
0.0
 30
0.0
  3
ALFOMBRA_D200
  1

  4
Alfombra redonda Ø200 cm
  0
CIRCLE
  5
2C9
330
2C6
100
AcDbEntity
  8
0
100
AcDbCircle
 10
0.0
 20
0.0
 30
0.0
 40
1000.0
  0
CIRCLE
  5
2CA
330
2C6
100
AcDbEntity
  8
0
100
AcDbCircle
 10
0.0
 20
0.0
 30
0.0
 40
920.0
  0
ENDBLK
  5
2C8
330
2C6
100
AcDbEntity
  8
0
100
AcDbBlockEnd
  0
BLOCK
  5
2CC
330
2CB
100
AcDbEntity
  8
0
100
AcDbBlockBegin
  2
ARMARIO_EMP_BATIENTE_2H_100x60
 70
0
 10
0.0
 20
0.0
 30
0.0
  3
ARMARIO_EMP_BATIENTE_2H_100x60
  1

  4
Empotrado 2 puertas batientes, hueco 100 x 60 cm
  0
LWPOLYLINE
  5
2CE
330
2CB
100
AcDbEntity
  8
0
100
AcDbPolyline
 90
4
 70
1
 10
-20.0
 20
-10.0
 10
50.0
 20
-10.0
 10
50.0
 20
0.0
 10
-20.0
 20
0.0
  0
LWPOLYLINE
  5
2CF
330
2CB
100
AcDbEntity
  8
0
100
AcDbPolyline
 90
4
 70
1
 10
950.0
 20
-10.0
 10
1020.0
 20
-10.0
 10
1020.0
 20
0.0
 10
950.0
 20
0.0
  0
LWPOLYLINE
  5
2D0
330
2CB
100
AcDbEntity
  8
0
100
AcDbPolyline
 90
4
 70
1
 10
0.0
 20
0.0
 10
35.0
 20
0.0
 10
35.0
 20
70.0
 10
0.0
 20
70.0
  0
LWPOLYLINE
  5
2D1
330
2CB
100
AcDbEntity
  8
0
100
AcDbPolyline
 90
4
 70
1
 10
965.0
 20
0.0
 10
1000.0
 20
0.0
 10
1000.0
 20
70.0
 10
965.0
 20
70.0
  0
LWPOLYLINE
  5
2D2
330
2CB
100
AcDbEntity
  8
0
100
AcDbPolyline
 90
4
 70
1
 10
35.0
 20
0.0
 10
65.0
 20
0.0
 10
65.0
 20
70.0
 10
35.0
 20
70.0
  0
LWPOLYLINE
  5
2D3
330
2CB
100
AcDbEntity
  8
0
100
AcDbPolyline
 90
4
 70
1
 10
935.0
 20
0.0
 10
965.0
 20
0.0
 10
965.0
 20
70.0
 10
935.0
 20
70.0
  0
LWPOLYLINE
  5
2D4
330
2CB
100
AcDbEntity
  8
0
100
AcDbPolyline
 90
4
 70
1
 10
0.0
 20
80.0
 10
16.0
 20
80.0
 10
16.0
 20
600.0
 10
0.0
 20
600.0
  0
LWPOLYLINE
  5
2D5
330
2CB
100
AcDbEntity
  8
0
100
AcDbPolyline
 90
4
 70
1
 10
984.0
 20
80.0
 10
1000.0
 20
80.0
 10
1000.0
 20
600.0
 10
984.0
 20
600.0
  0
LWPOLYLINE
  5
2D6
330
2CB
100
AcDbEntity
  8
0
100
AcDbPolyline
 90
4
 70
1
 10
16.0
 20
590.0
 10
984.0
 20
590.0
 10
984.0
 20
600.0
 10
16.0
 20
600.0
  0
LWPOLYLINE
  5
2D7
330
2CB
100
AcDbEntity
  8
0
100
AcDbPolyline
 90
4
 70
1
 10
67.0
 20
0.0
 10
498.5
 20
0.0
 10
498.5
 20
19.0
 10
67.0
 20
19.0
  0
ARC
  5
2D8
330
2CB
100
AcDbEntity
  8
0
100
AcDbCircle
 10
67.0
 20
0.0
 30
0.0
 40
431.5
100
AcDbArc
 50
270.0
 51
360.0
  0
LWPOLYLINE
  5
2D9
330
2CB
100
AcDbEntity
  8
0
100
AcDbPolyline
 90
4
 70
1
 10
501.5
 20
0.0
 10
933.0
 20
0.0
 10
933.0
 20
19.0
 10
501.5
 20
19.0
  0
ARC
  5
2DA
330
2CB
100
AcDbEntity
  8
0
100
AcDbCircle
 10
933.0
 20
0.0
 30
0.0
 40
431.5
100
AcDbArc
 50
180.0
 51
270.0
  0
LINE
  5
2DB
330
2CB
100
AcDbEntity
  8
0
100
AcDbLine
 10
26.0
 20
335.0
 30
0.0
 11
974.0
 21
335.0
 31
0.0
  0
LINE
  5
2DC
330
2CB
100
AcDbEntity
  8
0
100
AcDbLine
 10
59.0
 20
130.0
 30
0.0
 11
83.0
 21
540.0
 31
0.0
  0
LINE
  5
2DD
330
2CB
100
AcDbEntity
  8
0
100
AcDbLine
 10
144.0
 20
130.0
 30
0.0
 11
168.0
 21
540.0
 31
0.0
  0
LINE
  5
2DE
330
2CB
100
AcDbEntity
  8
0
100
AcDbLine
 10
229.0
 20
130.0
 30
0.0
 11
253.0
 21
540.0
 31
0.0
  0
LINE
  5
2DF
330
2CB
100
AcDbEntity
  8
0
100
AcDbLine
 10
314.0
 20
130.0
 30
0.0
 11
338.0
 21
540.0
 31
0.0
  0
LINE
  5
2E0
330
2CB
100
AcDbEntity
  8
0
100
AcDbLine
 10
399.0
 20
130.0
 30
0.0
 11
423.0
 21
540.0
 31
0.0
  0
LINE
  5
2E1
330
2CB
100
AcDbEntity
  8
0
100
AcDbLine
 10
484.0
 20
130.0
 30
0.0
 11
508.0
 21
540.0
 31
0.0
  0
LINE
  5
2E2
330
2CB
100
AcDbEntity
  8
0
100
AcDbLine
 10
569.0
 20
130.0
 30
0.0
 11
593.0
 21
540.0
 31
0.0
  0
LINE
  5
2E3
330
2CB
100
AcDbEntity
  8
0
100
AcDbLine
 10
654.0
 20
130.0
 30
0.0
 11
678.0
 21
540.0
 31
0.0
  0
LINE
  5
2E4
330
2CB
100
AcDbEntity
  8
0
100
AcDbLine
 10
739.0
 20
130.0
 30
0.0
 11
763.0
 21
540.0
 31
0.0
  0
LINE
  5
2E5
330
2CB
100
AcDbEntity
  8
0
100
AcDbLine
 10
824.0
 20
130.0
 30
0.0
 11
848.0
 21
540.0
 31
0.0
  0
LINE
  5
2E6
330
2CB
100
AcDbEntity
  8
0
100
AcDbLine
 10
909.0
 20
130.0
 30
0.0
 11
933.0
 21
540.0
 31
0.0
  0
ENDBLK
  5
2CD
330
2CB
100
AcDbEntity
  8
0
100
AcDbBlockEnd
  0
BLOCK
  5
2E8
330
2E7
100
AcDbEntity
  8
0
100
AcDbBlockBegin
  2
ARMARIO_EMP_BATIENTE_3H_150x60
 70
0
 10
0.0
 20
0.0
 30
0.0
  3
ARMARIO_EMP_BATIENTE_3H_150x60
  1

  4
Empotrado 3 puertas batientes, hueco 150 x 60 cm
  0
LWPOLYLINE
  5
2EA
330
2E7
100
AcDbEntity
  8
0
100
AcDbPolyline
 90
4
 70
1
 10
-20.0
 20
-10.0
 10
50.0
 20
-10.0
 10
50.0
 20
0.0
 10
-20.0
 20
0.0
  0
LWPOLYLINE
  5
2EB
330
2E7
100
AcDbEntity
  8
0
100
AcDbPolyline
 90
4
 70
1
 10
1450.0
 20
-10.0
 10
1520.0
 20
-10.0
 10
1520.0
 20
0.0
 10
1450.0
 20
0.0
  0
LWPOLYLINE
  5
2EC
330
2E7
100
AcDbEntity
  8
0
100
AcDbPolyline
 90
4
 70
1
 10
0.0
 20
0.0
 10
35.0
 20
0.0
 10
35.0
 20
70.0
 10
0.0
 20
70.0
  0
LWPOLYLINE
  5
2ED
330
2E7
100
AcDbEntity
  8
0
100
AcDbPolyline
 90
4
 70
1
 10
1465.0
 20
0.0
 10
1500.0
 20
0.0
 10
1500.0
 20
70.0
 10
1465.0
 20
70.0
  0
LWPOLYLINE
  5
2EE
330
2E7
100
AcDbEntity
  8
0
100
AcDbPolyline
 90
4
 70
1
 10
35.0
 20
0.0
 10
65.0
 20
0.0
 10
65.0
 20
70.0
 10
35.0
 20
70.0
  0
LWPOLYLINE
  5
2EF
330
2E7
100
AcDbEntity
  8
0
100
AcDbPolyline
 90
4
 70
1
 10
1435.0
 20
0.0
 10
1465.0
 20
0.0
 10
1465.0
 20
70.0
 10
1435.0
 20
70.0
  0
LWPOLYLINE
  5
2F0
330
2E7
100
AcDbEntity
  8
0
100
AcDbPolyline
 90
4
 70
1
 10
0.0
 20
80.0
 10
16.0
 20
80.0
 10
16.0
 20
600.0
 10
0.0
 20
600.0
  0
LWPOLYLINE
  5
2F1
330
2E7
100
AcDbEntity
  8
0
100
AcDbPolyline
 90
4
 70
1
 10
1484.0
 20
80.0
 10
1500.0
 20
80.0
 10
1500.0
 20
600.0
 10
1484.0
 20
600.0
  0
LWPOLYLINE
  5
2F2
330
2E7
100
AcDbEntity
  8
0
100
AcDbPolyline
 90
4
 70
1
 10
16.0
 20
590.0
 10
1484.0
 20
590.0
 10
1484.0
 20
600.0
 10
16.0
 20
600.0
  0
LWPOLYLINE
  5
2F3
330
2E7
100
AcDbEntity
  8
0
100
AcDbPolyline
 90
4
 70
1
 10
67.0
 20
0.0
 10
520.3333333333333
 20
0.0
 10
520.3333333333333
 20
19.0
 10
67.0
 20
19.0
  0
ARC
  5
2F4
330
2E7
100
AcDbEntity
  8
0
100
AcDbCircle
 10
67.0
 20
0.0
 30
0.0
 40
453.3333333333333
100
AcDbArc
 50
270.0
 51
360.0
  0
LWPOLYLINE
  5
2F5
330
2E7
100
AcDbEntity
  8
0
100
AcDbPolyline
 90
4
 70
1
 10
523.3333333333333
 20
0.0
 10
976.6666666666665
 20
0.0
 10
976.6666666666665
 20
19.0
 10
523.3333333333333
 20
19.0
  0
ARC
  5
2F6
330
2E7
100
AcDbEntity
  8
0
100
AcDbCircle
 10
976.6666666666665
 20
0.0
 30
0.0
 40
453.3333333333333
100
AcDbArc
 50
180.0
 51
270.0
  0
LWPOLYLINE
  5
2F7
330
2E7
100
AcDbEntity
  8
0
100
AcDbPolyline
 90
4
 70
1
 10
979.6666666666666
 20
0.0
 10
1433.0
 20
0.0
 10
1433.0
 20
19.0
 10
979.6666666666666
 20
19.0
  0
ARC
  5
2F8
330
2E7
100
AcDbEntity
  8
0
100
AcDbCircle
 10
1433.0
 20
0.0
 30
0.0
 40
453.3333333333333
100
AcDbArc
 50
180.0
 51
270.0
  0
LWPOLYLINE
  5
2F9
330
2E7
100
AcDbEntity
  8
0
100
AcDbPolyline
 90
4
 70
1
 10
970.1666666666666
 20
80.0
 10
986.1666666666666
 20
80.0
 10
986.1666666666666
 20
590.0
 10
970.1666666666666
 20
590.0
  0
LINE
  5
2FA
330
2E7
100
AcDbEntity
  8
0
100
AcDbLine
 10
26.0
 20
335.0
 30
0.0
 11
960.1666666666666
 21
335.0
 31
0.0
  0
LINE
  5
2FB
330
2E7
100
AcDbEntity
  8
0
100
AcDbLine
 10
59.0
 20
130.0
 30
0.0
 11
83.0
 21
540.0
 31
0.0
  0
LINE
  5
2FC
330
2E7
100
AcDbEntity
  8
0
100
AcDbLine
 10
144.0
 20
130.0
 30
0.0
 11
168.0
 21
540.0
 31
0.0
  0
LINE
  5
2FD
330
2E7
100
AcDbEntity
  8
0
100
AcDbLine
 10
229.0
 20
130.0
 30
0.0
 11
253.0
 21
540.0
 31
0.0
  0
LINE
  5
2FE
330
2E7
100
AcDbEntity
  8
0
100
AcDbLine
 10
314.0
 20
130.0
 30
0.0
 11
338.0
 21
540.0
 31
0.0
  0
LINE
  5
2FF
330
2E7
100
AcDbEntity
  8
0
100
AcDbLine
 10
399.0
 20
130.0
 30
0.0
 11
423.0
 21
540.0
 31
0.0
  0
LINE
  5
300
330
2E7
100
AcDbEntity
  8
0
100
AcDbLine
 10
484.0
 20
130.0
 30
0.0
 11
508.0
 21
540.0
 31
0.0
  0
LINE
  5
301
330
2E7
100
AcDbEntity
  8
0
100
AcDbLine
 10
569.0
 20
130.0
 30
0.0
 11
593.0
 21
540.0
 31
0.0
  0
LINE
  5
302
330
2E7
100
AcDbEntity
  8
0
100
AcDbLine
 10
654.0
 20
130.0
 30
0.0
 11
678.0
 21
540.0
 31
0.0
  0
LINE
  5
303
330
2E7
100
AcDbEntity
  8
0
100
AcDbLine
 10
739.0
 20
130.0
 30
0.0
 11
763.0
 21
540.0
 31
0.0
  0
LINE
  5
304
330
2E7
100
AcDbEntity
  8
0
100
AcDbLine
 10
824.0
 20
130.0
 30
0.0
 11
848.0
 21
540.0
 31
0.0
  0
LINE
  5
305
330
2E7
100
AcDbEntity
  8
0
100
AcDbLine
 10
909.0
 20
130.0
 30
0.0
 11
933.0
 21
540.0
 31
0.0
  0
LINE
  5
306
330
2E7
100
AcDbEntity
  8
0
100
AcDbLine
 10
996.1666666666666
 20
335.0
 30
0.0
 11
1474.0
 21
335.0
 31
0.0
  0
LINE
  5
307
330
2E7
100
AcDbEntity
  8
0
100
AcDbLine
 10
1029.1666666666665
 20
130.0
 30
0.0
 11
1053.1666666666665
 21
540.0
 31
0.0
  0
LINE
  5
308
330
2E7
100
AcDbEntity
  8
0
100
AcDbLine
 10
1114.1666666666665
 20
130.0
 30
0.0
 11
1138.1666666666665
 21
540.0
 31
0.0
  0
LINE
  5
309
330
2E7
100
AcDbEntity
  8
0
100
AcDbLine
 10
1199.1666666666665
 20
130.0
 30
0.0
 11
1223.1666666666665
 21
540.0
 31
0.0
  0
LINE
  5
30A
330
2E7
100
AcDbEntity
  8
0
100
AcDbLine
 10
1284.1666666666665
 20
130.0
 30
0.0
 11
1308.1666666666665
 21
540.0
 31
0.0
  0
LINE
  5
30B
330
2E7
100
AcDbEntity
  8
0
100
AcDbLine
 10
1369.1666666666665
 20
130.0
 30
0.0
 11
1393.1666666666665
 21
540.0
 31
0.0
  0
ENDBLK
  5
2E9
330
2E7
100
AcDbEntity
  8
0
100
AcDbBlockEnd
  0
BLOCK
  5
30D
330
30C
100
AcDbEntity
  8
0
100
AcDbBlockBegin
  2
ARMARIO_EMP_BATIENTE_4H_200x60
 70
0
 10
0.0
 20
0.0
 30
0.0
  3
ARMARIO_EMP_BATIENTE_4H_200x60
  1

  4
Empotrado 4 puertas batientes, hueco 200 x 60 cm
  0
LWPOLYLINE
  5
30F
330
30C
100
AcDbEntity
  8
0
100
AcDbPolyline
 90
4
 70
1
 10
-20.0
 20
-10.0
 10
50.0
 20
-10.0
 10
50.0
 20
0.0
 10
-20.0
 20
0.0
  0
LWPOLYLINE
  5
310
330
30C
100
AcDbEntity
  8
0
100
AcDbPolyline
 90
4
 70
1
 10
1950.0
 20
-10.0
 10
2020.0
 20
-10.0
 10
2020.0
 20
0.0
 10
1950.0
 20
0.0
  0
LWPOLYLINE
  5
311
330
30C
100
AcDbEntity
  8
0
100
AcDbPolyline
 90
4
 70
1
 10
0.0
 20
0.0
 10
35.0
 20
0.0
 10
35.0
 20
70.0
 10
0.0
 20
70.0
  0
LWPOLYLINE
  5
312
330
30C
100
AcDbEntity
  8
0
100
AcDbPolyline
 90
4
 70
1
 10
1965.0
 20
0.0
 10
2000.0
 20
0.0
 10
2000.0
 20
70.0
 10
1965.0
 20
70.0
  0
LWPOLYLINE
  5
313
330
30C
100
AcDbEntity
  8
0
100
AcDbPolyline
 90
4
 70
1
 10
35.0
 20
0.0
 10
65.0
 20
0.0
 10
65.0
 20
70.0
 10
35.0
 20
70.0
  0
LWPOLYLINE
  5
314
330
30C
100
AcDbEntity
  8
0
100
AcDbPolyline
 90
4
 70
1
 10
1935.0
 20
0.0
 10
1965.0
 20
0.0
 10
1965.0
 20
70.0
 10
1935.0
 20
70.0
  0
LWPOLYLINE
  5
315
330
30C
100
AcDbEntity
  8
0
100
AcDbPolyline
 90
4
 70
1
 10
0.0
 20
80.0
 10
16.0
 20
80.0
 10
16.0
 20
600.0
 10
0.0
 20
600.0
  0
LWPOLYLINE
  5
316
330
30C
100
AcDbEntity
  8
0
100
AcDbPolyline
 90
4
 70
1
 10
1984.0
 20
80.0
 10
2000.0
 20
80.0
 10
2000.0
 20
600.0
 10
1984.0
 20
600.0
  0
LWPOLYLINE
  5
317
330
30C
100
AcDbEntity
  8
0
100
AcDbPolyline
 90
4
 70
1
 10
16.0
 20
590.0
 10
1984.0
 20
590.0
 10
1984.0
 20
600.0
 10
16.0
 20
600.0
  0
LWPOLYLINE
  5
318
330
30C
100
AcDbEntity
  8
0
100
AcDbPolyline
 90
4
 70
1
 10
67.0
 20
0.0
 10
531.25
 20
0.0
 10
531.25
 20
19.0
 10
67.0
 20
19.0
  0
ARC
  5
319
330
30C
100
AcDbEntity
  8
0
100
AcDbCircle
 10
67.0
 20
0.0
 30
0.0
 40
464.25
100
AcDbArc
 50
270.0
 51
360.0
  0
LWPOLYLINE
  5
31A
330
30C
100
AcDbEntity
  8
0
100
AcDbPolyline
 90
4
 70
1
 10
534.25
 20
0.0
 10
998.5
 20
0.0
 10
998.5
 20
19.0
 10
534.25
 20
19.0
  0
ARC
  5
31B
330
30C
100
AcDbEntity
  8
0
100
AcDbCircle
 10
998.5
 20
0.0
 30
0.0
 40
464.25
100
AcDbArc
 50
180.0
 51
270.0
  0
LWPOLYLINE
  5
31C
330
30C
100
AcDbEntity
  8
0
100
AcDbPolyline
 90
4
 70
1
 10
1001.5
 20
0.0
 10
1465.75
 20
0.0
 10
1465.75
 20
19.0
 10
1001.5
 20
19.0
  0
ARC
  5
31D
330
30C
100
AcDbEntity
  8
0
100
AcDbCircle
 10
1001.5
 20
0.0
 30
0.0
 40
464.25
100
AcDbArc
 50
270.0
 51
360.0
  0
LWPOLYLINE
  5
31E
330
30C
100
AcDbEntity
  8
0
100
AcDbPolyline
 90
4
 70
1
 10
1468.75
 20
0.0
 10
1933.0
 20
0.0
 10
1933.0
 20
19.0
 10
1468.75
 20
19.0
  0
ARC
  5
31F
330
30C
100
AcDbEntity
  8
0
100
AcDbCircle
 10
1933.0
 20
0.0
 30
0.0
 40
464.25
100
AcDbArc
 50
180.0
 51
270.0
  0
LWPOLYLINE
  5
320
330
30C
100
AcDbEntity
  8
0
100
AcDbPolyline
 90
4
 70
1
 10
992.0
 20
80.0
 10
1008.0
 20
80.0
 10
1008.0
 20
590.0
 10
992.0
 20
590.0
  0
LINE
  5
321
330
30C
100
AcDbEntity
  8
0
100
AcDbLine
 10
26.0
 20
335.0
 30
0.0
 11
982.0
 21
335.0
 31
0.0
  0
LINE
  5
322
330
30C
100
AcDbEntity
  8
0
100
AcDbLine
 10
59.0
 20
130.0
 30
0.0
 11
83.0
 21
540.0
 31
0.0
  0
LINE
  5
323
330
30C
100
AcDbEntity
  8
0
100
AcDbLine
 10
144.0
 20
130.0
 30
0.0
 11
168.0
 21
540.0
 31
0.0
  0
LINE
  5
324
330
30C
100
AcDbEntity
  8
0
100
AcDbLine
 10
229.0
 20
130.0
 30
0.0
 11
253.0
 21
540.0
 31
0.0
  0
LINE
  5
325
330
30C
100
AcDbEntity
  8
0
100
AcDbLine
 10
314.0
 20
130.0
 30
0.0
 11
338.0
 21
540.0
 31
0.0
  0
LINE
  5
326
330
30C
100
AcDbEntity
  8
0
100
AcDbLine
 10
399.0
 20
130.0
 30
0.0
 11
423.0
 21
540.0
 31
0.0
  0
LINE
  5
327
330
30C
100
AcDbEntity
  8
0
100
AcDbLine
 10
484.0
 20
130.0
 30
0.0
 11
508.0
 21
540.0
 31
0.0
  0
LINE
  5
328
330
30C
100
AcDbEntity
  8
0
100
AcDbLine
 10
569.0
 20
130.0
 30
0.0
 11
593.0
 21
540.0
 31
0.0
  0
LINE
  5
329
330
30C
100
AcDbEntity
  8
0
100
AcDbLine
 10
654.0
 20
130.0
 30
0.0
 11
678.0
 21
540.0
 31
0.0
  0
LINE
  5
32A
330
30C
100
AcDbEntity
  8
0
100
AcDbLine
 10
739.0
 20
130.0
 30
0.0
 11
763.0
 21
540.0
 31
0.0
  0
LINE
  5
32B
330
30C
100
AcDbEntity
  8
0
100
AcDbLine
 10
824.0
 20
130.0
 30
0.0
 11
848.0
 21
540.0
 31
0.0
  0
LINE
  5
32C
330
30C
100
AcDbEntity
  8
0
100
AcDbLine
 10
909.0
 20
130.0
 30
0.0
 11
933.0
 21
540.0
 31
0.0
  0
LINE
  5
32D
330
30C
100
AcDbEntity
  8
0
100
AcDbLine
 10
1018.0
 20
335.0
 30
0.0
 11
1974.0
 21
335.0
 31
0.0
  0
LINE
  5
32E
330
30C
100
AcDbEntity
  8
0
100
AcDbLine
 10
1051.0
 20
130.0
 30
0.0
 11
1075.0
 21
540.0
 31
0.0
  0
LINE
  5
32F
330
30C
100
AcDbEntity
  8
0
100
AcDbLine
 10
1136.0
 20
130.0
 30
0.0
 11
1160.0
 21
540.0
 31
0.0
  0
LINE
  5
330
330
30C
100
AcDbEntity
  8
0
100
AcDbLine
 10
1221.0
 20
130.0
 30
0.0
 11
1245.0
 21
540.0
 31
0.0
  0
LINE
  5
331
330
30C
100
AcDbEntity
  8
0
100
AcDbLine
 10
1306.0
 20
130.0
 30
0.0
 11
1330.0
 21
540.0
 31
0.0
  0
LINE
  5
332
330
30C
100
AcDbEntity
  8
0
100
AcDbLine
 10
1391.0
 20
130.0
 30
0.0
 11
1415.0
 21
540.0
 31
0.0
  0
LINE
  5
333
330
30C
100
AcDbEntity
  8
0
100
AcDbLine
 10
1476.0
 20
130.0
 30
0.0
 11
1500.0
 21
540.0
 31
0.0
  0
LINE
  5
334
330
30C
100
AcDbEntity
  8
0
100
AcDbLine
 10
1561.0
 20
130.0
 30
0.0
 11
1585.0
 21
540.0
 31
0.0
  0
LINE
  5
335
330
30C
100
AcDbEntity
  8
0
100
AcDbLine
 10
1646.0
 20
130.0
 30
0.0
 11
1670.0
 21
540.0
 31
0.0
  0
LINE
  5
336
330
30C
100
AcDbEntity
  8
0
100
AcDbLine
 10
1731.0
 20
130.0
 30
0.0
 11
1755.0
 21
540.0
 31
0.0
  0
LINE
  5
337
330
30C
100
AcDbEntity
  8
0
100
AcDbLine
 10
1816.0
 20
130.0
 30
0.0
 11
1840.0
 21
540.0
 31
0.0
  0
LINE
  5
338
330
30C
100
AcDbEntity
  8
0
100
AcDbLine
 10
1901.0
 20
130.0
 30
0.0
 11
1925.0
 21
540.0
 31
0.0
  0
ENDBLK
  5
30E
330
30C
100
AcDbEntity
  8
0
100
AcDbBlockEnd
  0
BLOCK
  5
33A
330
339
100
AcDbEntity
  8
0
100
AcDbBlockBegin
  2
ARMARIO_EMP_CORREDERA_2H_180x60
 70
0
 10
0.0
 20
0.0
 30
0.0
  3
ARMARIO_EMP_CORREDERA_2H_180x60
  1

  4
Empotrado 2 puertas correderas, hueco 180 x 60 cm
  0
LWPOLYLINE
  5
33C
330
339
100
AcDbEntity
  8
0
100
AcDbPolyline
 90
4
 70
1
 10
-20.0
 20
-10.0
 10
50.0
 20
-10.0
 10
50.0
 20
0.0
 10
-20.0
 20
0.0
  0
LWPOLYLINE
  5
33D
330
339
100
AcDbEntity
  8
0
100
AcDbPolyline
 90
4
 70
1
 10
1750.0
 20
-10.0
 10
1820.0
 20
-10.0
 10
1820.0
 20
0.0
 10
1750.0
 20
0.0
  0
LWPOLYLINE
  5
33E
330
339
100
AcDbEntity
  8
0
100
AcDbPolyline
 90
4
 70
1
 10
0.0
 20
0.0
 10
35.0
 20
0.0
 10
35.0
 20
70.0
 10
0.0
 20
70.0
  0
LWPOLYLINE
  5
33F
330
339
100
AcDbEntity
  8
0
100
AcDbPolyline
 90
4
 70
1
 10
1765.0
 20
0.0
 10
1800.0
 20
0.0
 10
1800.0
 20
70.0
 10
1765.0
 20
70.0
  0
LWPOLYLINE
  5
340
330
339
100
AcDbEntity
  8
0
100
AcDbPolyline
 90
4
 70
1
 10
35.0
 20
0.0
 10
65.0
 20
0.0
 10
65.0
 20
70.0
 10
35.0
 20
70.0
  0
LWPOLYLINE
  5
341
330
339
100
AcDbEntity
  8
0
100
AcDbPolyline
 90
4
 70
1
 10
1735.0
 20
0.0
 10
1765.0
 20
0.0
 10
1765.0
 20
70.0
 10
1735.0
 20
70.0
  0
LWPOLYLINE
  5
342
330
339
100
AcDbEntity
  8
0
100
AcDbPolyline
 90
4
 70
1
 10
0.0
 20
80.0
 10
16.0
 20
80.0
 10
16.0
 20
600.0
 10
0.0
 20
600.0
  0
LWPOLYLINE
  5
343
330
339
100
AcDbEntity
  8
0
100
AcDbPolyline
 90
4
 70
1
 10
1784.0
 20
80.0
 10
1800.0
 20
80.0
 10
1800.0
 20
600.0
 10
1784.0
 20
600.0
  0
LWPOLYLINE
  5
344
330
339
100
AcDbEntity
  8
0
100
AcDbPolyline
 90
4
 70
1
 10
16.0
 20
590.0
 10
1784.0
 20
590.0
 10
1784.0
 20
600.0
 10
16.0
 20
600.0
  0
LWPOLYLINE
  5
345
330
339
100
AcDbEntity
  8
0
100
AcDbPolyline
 90
4
 70
1
 10
67.0
 20
23.0
 10
920.0
 20
23.0
 10
920.0
 20
42.0
 10
67.0
 20
42.0
  0
LINE
  5
346
330
339
100
AcDbEntity
  8
0
100
AcDbLine
 10
322.9
 20
-80.0
 30
0.0
 11
664.0999999999999
 21
-80.0
 31
0.0
  0
LINE
  5
347
330
339
100
AcDbEntity
  8
0
100
AcDbLine
 10
322.9
 20
-80.0
 30
0.0
 11
357.9
 21
-62.5
 31
0.0
  0
LINE
  5
348
330
339
100
AcDbEntity
  8
0
100
AcDbLine
 10
322.9
 20
-80.0
 30
0.0
 11
357.9
 21
-97.5
 31
0.0
  0
LINE
  5
349
330
339
100
AcDbEntity
  8
0
100
AcDbLine
 10
664.0999999999999
 20
-80.0
 30
0.0
 11
629.0999999999999
 21
-62.5
 31
0.0
  0
LINE
  5
34A
330
339
100
AcDbEntity
  8
0
100
AcDbLine
 10
664.0999999999999
 20
-80.0
 30
0.0
 11
629.0999999999999
 21
-97.5
 31
0.0
  0
LWPOLYLINE
  5
34B
330
339
100
AcDbEntity
  8
0
100
AcDbPolyline
 90
4
 70
1
 10
880.0
 20
0.0
 10
1733.0
 20
0.0
 10
1733.0
 20
19.0
 10
880.0
 20
19.0
  0
LINE
  5
34C
330
339
100
AcDbEntity
  8
0
100
AcDbLine
 10
1135.9
 20
-80.0
 30
0.0
 11
1477.1
 21
-80.0
 31
0.0
  0
LINE
  5
34D
330
339
100
AcDbEntity
  8
0
100
AcDbLine
 10
1135.9
 20
-80.0
 30
0.0
 11
1170.9
 21
-62.5
 31
0.0
  0
LINE
  5
34E
330
339
100
AcDbEntity
  8
0
100
AcDbLine
 10
1135.9
 20
-80.0
 30
0.0
 11
1170.9
 21
-97.5
 31
0.0
  0
LINE
  5
34F
330
339
100
AcDbEntity
  8
0
100
AcDbLine
 10
1477.1
 20
-80.0
 30
0.0
 11
1442.1
 21
-62.5
 31
0.0
  0
LINE
  5
350
330
339
100
AcDbEntity
  8
0
100
AcDbLine
 10
1477.1
 20
-80.0
 30
0.0
 11
1442.1
 21
-97.5
 31
0.0
  0
LWPOLYLINE
  5
351
330
339
100
AcDbEntity
  8
0
100
AcDbPolyline
 90
4
 70
1
 10
892.0
 20
80.0
 10
908.0
 20
80.0
 10
908.0
 20
590.0
 10
892.0
 20
590.0
  0
LINE
  5
352
330
339
100
AcDbEntity
  8
0
100
AcDbLine
 10
26.0
 20
335.0
 30
0.0
 11
882.0
 21
335.0
 31
0.0
  0
LINE
  5
353
330
339
100
AcDbEntity
  8
0
100
AcDbLine
 10
59.0
 20
130.0
 30
0.0
 11
83.0
 21
540.0
 31
0.0
  0
LINE
  5
354
330
339
100
AcDbEntity
  8
0
100
AcDbLine
 10
144.0
 20
130.0
 30
0.0
 11
168.0
 21
540.0
 31
0.0
  0
LINE
  5
355
330
339
100
AcDbEntity
  8
0
100
AcDbLine
 10
229.0
 20
130.0
 30
0.0
 11
253.0
 21
540.0
 31
0.0
  0
LINE
  5
356
330
339
100
AcDbEntity
  8
0
100
AcDbLine
 10
314.0
 20
130.0
 30
0.0
 11
338.0
 21
540.0
 31
0.0
  0
LINE
  5
357
330
339
100
AcDbEntity
  8
0
100
AcDbLine
 10
399.0
 20
130.0
 30
0.0
 11
423.0
 21
540.0
 31
0.0
  0
LINE
  5
358
330
339
100
AcDbEntity
  8
0
100
AcDbLine
 10
484.0
 20
130.0
 30
0.0
 11
508.0
 21
540.0
 31
0.0
  0
LINE
  5
359
330
339
100
AcDbEntity
  8
0
100
AcDbLine
 10
569.0
 20
130.0
 30
0.0
 11
593.0
 21
540.0
 31
0.0
  0
LINE
  5
35A
330
339
100
AcDbEntity
  8
0
100
AcDbLine
 10
654.0
 20
130.0
 30
0.0
 11
678.0
 21
540.0
 31
0.0
  0
LINE
  5
35B
330
339
100
AcDbEntity
  8
0
100
AcDbLine
 10
739.0
 20
130.0
 30
0.0
 11
763.0
 21
540.0
 31
0.0
  0
LINE
  5
35C
330
339
100
AcDbEntity
  8
0
100
AcDbLine
 10
824.0
 20
130.0
 30
0.0
 11
848.0
 21
540.0
 31
0.0
  0
LINE
  5
35D
330
339
100
AcDbEntity
  8
0
100
AcDbLine
 10
918.0
 20
335.0
 30
0.0
 11
1774.0
 21
335.0
 31
0.0
  0
LINE
  5
35E
330
339
100
AcDbEntity
  8
0
100
AcDbLine
 10
951.0
 20
130.0
 30
0.0
 11
975.0
 21
540.0
 31
0.0
  0
LINE
  5
35F
330
339
100
AcDbEntity
  8
0
100
AcDbLine
 10
1036.0
 20
130.0
 30
0.0
 11
1060.0
 21
540.0
 31
0.0
  0
LINE
  5
360
330
339
100
AcDbEntity
  8
0
100
AcDbLine
 10
1121.0
 20
130.0
 30
0.0
 11
1145.0
 21
540.0
 31
0.0
  0
LINE
  5
361
330
339
100
AcDbEntity
  8
0
100
AcDbLine
 10
1206.0
 20
130.0
 30
0.0
 11
1230.0
 21
540.0
 31
0.0
  0
LINE
  5
362
330
339
100
AcDbEntity
  8
0
100
AcDbLine
 10
1291.0
 20
130.0
 30
0.0
 11
1315.0
 21
540.0
 31
0.0
  0
LINE
  5
363
330
339
100
AcDbEntity
  8
0
100
AcDbLine
 10
1376.0
 20
130.0
 30
0.0
 11
1400.0
 21
540.0
 31
0.0
  0
LINE
  5
364
330
339
100
AcDbEntity
  8
0
100
AcDbLine
 10
1461.0
 20
130.0
 30
0.0
 11
1485.0
 21
540.0
 31
0.0
  0
LINE
  5
365
330
339
100
AcDbEntity
  8
0
100
AcDbLine
 10
1546.0
 20
130.0
 30
0.0
 11
1570.0
 21
540.0
 31
0.0
  0
LINE
  5
366
330
339
100
AcDbEntity
  8
0
100
AcDbLine
 10
1631.0
 20
130.0
 30
0.0
 11
1655.0
 21
540.0
 31
0.0
  0
LINE
  5
367
330
339
100
AcDbEntity
  8
0
100
AcDbLine
 10
1716.0
 20
130.0
 30
0.0
 11
1740.0
 21
540.0
 31
0.0
  0
ENDBLK
  5
33B
330
339
100
AcDbEntity
  8
0
100
AcDbBlockEnd
  0
BLOCK
  5
369
330
368
100
AcDbEntity
  8
0
100
AcDbBlockBegin
  2
ARMARIO_EMP_CORREDERA_3H_240x60
 70
0
 10
0.0
 20
0.0
 30
0.0
  3
ARMARIO_EMP_CORREDERA_3H_240x60
  1

  4
Empotrado 3 puertas correderas, hueco 240 x 60 cm
  0
LWPOLYLINE
  5
36B
330
368
100
AcDbEntity
  8
0
100
AcDbPolyline
 90
4
 70
1
 10
-20.0
 20
-10.0
 10
50.0
 20
-10.0
 10
50.0
 20
0.0
 10
-20.0
 20
0.0
  0
LWPOLYLINE
  5
36C
330
368
100
AcDbEntity
  8
0
100
AcDbPolyline
 90
4
 70
1
 10
2350.0
 20
-10.0
 10
2420.0
 20
-10.0
 10
2420.0
 20
0.0
 10
2350.0
 20
0.0
  0
LWPOLYLINE
  5
36D
330
368
100
AcDbEntity
  8
0
100
AcDbPolyline
 90
4
 70
1
 10
0.0
 20
0.0
 10
35.0
 20
0.0
 10
35.0
 20
70.0
 10
0.0
 20
70.0
  0
LWPOLYLINE
  5
36E
330
368
100
AcDbEntity
  8
0
100
AcDbPolyline
 90
4
 70
1
 10
2365.0
 20
0.0
 10
2400.0
 20
0.0
 10
2400.0
 20
70.0
 10
2365.0
 20
70.0
  0
LWPOLYLINE
  5
36F
330
368
100
AcDbEntity
  8
0
100
AcDbPolyline
 90
4
 70
1
 10
35.0
 20
0.0
 10
65.0
 20
0.0
 10
65.0
 20
70.0
 10
35.0
 20
70.0
  0
LWPOLYLINE
  5
370
330
368
100
AcDbEntity
  8
0
100
AcDbPolyline
 90
4
 70
1
 10
2335.0
 20
0.0
 10
2365.0
 20
0.0
 10
2365.0
 20
70.0
 10
2335.0
 20
70.0
  0
LWPOLYLINE
  5
371
330
368
100
AcDbEntity
  8
0
100
AcDbPolyline
 90
4
 70
1
 10
0.0
 20
80.0
 10
16.0
 20
80.0
 10
16.0
 20
600.0
 10
0.0
 20
600.0
  0
LWPOLYLINE
  5
372
330
368
100
AcDbEntity
  8
0
100
AcDbPolyline
 90
4
 70
1
 10
2384.0
 20
80.0
 10
2400.0
 20
80.0
 10
2400.0
 20
600.0
 10
2384.0
 20
600.0
  0
LWPOLYLINE
  5
373
330
368
100
AcDbEntity
  8
0
100
AcDbPolyline
 90
4
 70
1
 10
16.0
 20
590.0
 10
2384.0
 20
590.0
 10
2384.0
 20
600.0
 10
16.0
 20
600.0
  0
LWPOLYLINE
  5
374
330
368
100
AcDbEntity
  8
0
100
AcDbPolyline
 90
4
 70
1
 10
67.0
 20
23.0
 10
849.0
 20
23.0
 10
849.0
 20
42.0
 10
67.0
 20
42.0
  0
LINE
  5
375
330
368
100
AcDbEntity
  8
0
100
AcDbLine
 10
301.6
 20
-80.0
 30
0.0
 11
614.4
 21
-80.0
 31
0.0
  0
LINE
  5
376
330
368
100
AcDbEntity
  8
0
100
AcDbLine
 10
301.6
 20
-80.0
 30
0.0
 11
336.6
 21
-62.5
 31
0.0
  0
LINE
  5
377
330
368
100
AcDbEntity
  8
0
100
AcDbLine
 10
301.6
 20
-80.0
 30
0.0
 11
336.6
 21
-97.5
 31
0.0
  0
LINE
  5
378
330
368
100
AcDbEntity
  8
0
100
AcDbLine
 10
614.4
 20
-80.0
 30
0.0
 11
579.4
 21
-62.5
 31
0.0
  0
LINE
  5
379
330
368
100
AcDbEntity
  8
0
100
AcDbLine
 10
614.4
 20
-80.0
 30
0.0
 11
579.4
 21
-97.5
 31
0.0
  0
LWPOLYLINE
  5
37A
330
368
100
AcDbEntity
  8
0
100
AcDbPolyline
 90
4
 70
1
 10
809.0
 20
0.0
 10
1591.0
 20
0.0
 10
1591.0
 20
19.0
 10
809.0
 20
19.0
  0
LINE
  5
37B
330
368
100
AcDbEntity
  8
0
100
AcDbLine
 10
1043.6
 20
-80.0
 30
0.0
 11
1356.4
 21
-80.0
 31
0.0
  0
LINE
  5
37C
330
368
100
AcDbEntity
  8
0
100
AcDbLine
 10
1043.6
 20
-80.0
 30
0.0
 11
1078.6
 21
-62.5
 31
0.0
  0
LINE
  5
37D
330
368
100
AcDbEntity
  8
0
100
AcDbLine
 10
1043.6
 20
-80.0
 30
0.0
 11
1078.6
 21
-97.5
 31
0.0
  0
LINE
  5
37E
330
368
100
AcDbEntity
  8
0
100
AcDbLine
 10
1356.4
 20
-80.0
 30
0.0
 11
1321.4
 21
-62.5
 31
0.0
  0
LINE
  5
37F
330
368
100
AcDbEntity
  8
0
100
AcDbLine
 10
1356.4
 20
-80.0
 30
0.0
 11
1321.4
 21
-97.5
 31
0.0
  0
LWPOLYLINE
  5
380
330
368
100
AcDbEntity
  8
0
100
AcDbPolyline
 90
4
 70
1
 10
1551.0
 20
23.0
 10
2333.0
 20
23.0
 10
2333.0
 20
42.0
 10
1551.0
 20
42.0
  0
LINE
  5
381
330
368
100
AcDbEntity
  8
0
100
AcDbLine
 10
1785.6
 20
-80.0
 30
0.0
 11
2098.4
 21
-80.0
 31
0.0
  0
LINE
  5
382
330
368
100
AcDbEntity
  8
0
100
AcDbLine
 10
1785.6
 20
-80.0
 30
0.0
 11
1820.6
 21
-62.5
 31
0.0
  0
LINE
  5
383
330
368
100
AcDbEntity
  8
0
100
AcDbLine
 10
1785.6
 20
-80.0
 30
0.0
 11
1820.6
 21
-97.5
 31
0.0
  0
LINE
  5
384
330
368
100
AcDbEntity
  8
0
100
AcDbLine
 10
2098.4
 20
-80.0
 30
0.0
 11
2063.4
 21
-62.5
 31
0.0
  0
LINE
  5
385
330
368
100
AcDbEntity
  8
0
100
AcDbLine
 10
2098.4
 20
-80.0
 30
0.0
 11
2063.4
 21
-97.5
 31
0.0
  0
LWPOLYLINE
  5
386
330
368
100
AcDbEntity
  8
0
100
AcDbPolyline
 90
4
 70
1
 10
792.0
 20
80.0
 10
808.0
 20
80.0
 10
808.0
 20
590.0
 10
792.0
 20
590.0
  0
LWPOLYLINE
  5
387
330
368
100
AcDbEntity
  8
0
100
AcDbPolyline
 90
4
 70
1
 10
1592.0
 20
80.0
 10
1608.0
 20
80.0
 10
1608.0
 20
590.0
 10
1592.0
 20
590.0
  0
LINE
  5
388
330
368
100
AcDbEntity
  8
0
100
AcDbLine
 10
26.0
 20
335.0
 30
0.0
 11
782.0
 21
335.0
 31
0.0
  0
LINE
  5
389
330
368
100
AcDbEntity
  8
0
100
AcDbLine
 10
59.0
 20
130.0
 30
0.0
 11
83.0
 21
540.0
 31
0.0
  0
LINE
  5
38A
330
368
100
AcDbEntity
  8
0
100
AcDbLine
 10
144.0
 20
130.0
 30
0.0
 11
168.0
 21
540.0
 31
0.0
  0
LINE
  5
38B
330
368
100
AcDbEntity
  8
0
100
AcDbLine
 10
229.0
 20
130.0
 30
0.0
 11
253.0
 21
540.0
 31
0.0
  0
LINE
  5
38C
330
368
100
AcDbEntity
  8
0
100
AcDbLine
 10
314.0
 20
130.0
 30
0.0
 11
338.0
 21
540.0
 31
0.0
  0
LINE
  5
38D
330
368
100
AcDbEntity
  8
0
100
AcDbLine
 10
399.0
 20
130.0
 30
0.0
 11
423.0
 21
540.0
 31
0.0
  0
LINE
  5
38E
330
368
100
AcDbEntity
  8
0
100
AcDbLine
 10
484.0
 20
130.0
 30
0.0
 11
508.0
 21
540.0
 31
0.0
  0
LINE
  5
38F
330
368
100
AcDbEntity
  8
0
100
AcDbLine
 10
569.0
 20
130.0
 30
0.0
 11
593.0
 21
540.0
 31
0.0
  0
LINE
  5
390
330
368
100
AcDbEntity
  8
0
100
AcDbLine
 10
654.0
 20
130.0
 30
0.0
 11
678.0
 21
540.0
 31
0.0
  0
LINE
  5
391
330
368
100
AcDbEntity
  8
0
100
AcDbLine
 10
818.0
 20
335.0
 30
0.0
 11
1582.0
 21
335.0
 31
0.0
  0
LINE
  5
392
330
368
100
AcDbEntity
  8
0
100
AcDbLine
 10
851.0
 20
130.0
 30
0.0
 11
875.0
 21
540.0
 31
0.0
  0
LINE
  5
393
330
368
100
AcDbEntity
  8
0
100
AcDbLine
 10
936.0
 20
130.0
 30
0.0
 11
960.0
 21
540.0
 31
0.0
  0
LINE
  5
394
330
368
100
AcDbEntity
  8
0
100
AcDbLine
 10
1021.0
 20
130.0
 30
0.0
 11
1045.0
 21
540.0
 31
0.0
  0
LINE
  5
395
330
368
100
AcDbEntity
  8
0
100
AcDbLine
 10
1106.0
 20
130.0
 30
0.0
 11
1130.0
 21
540.0
 31
0.0
  0
LINE
  5
396
330
368
100
AcDbEntity
  8
0
100
AcDbLine
 10
1191.0
 20
130.0
 30
0.0
 11
1215.0
 21
540.0
 31
0.0
  0
LINE
  5
397
330
368
100
AcDbEntity
  8
0
100
AcDbLine
 10
1276.0
 20
130.0
 30
0.0
 11
1300.0
 21
540.0
 31
0.0
  0
LINE
  5
398
330
368
100
AcDbEntity
  8
0
100
AcDbLine
 10
1361.0
 20
130.0
 30
0.0
 11
1385.0
 21
540.0
 31
0.0
  0
LINE
  5
399
330
368
100
AcDbEntity
  8
0
100
AcDbLine
 10
1446.0
 20
130.0
 30
0.0
 11
1470.0
 21
540.0
 31
0.0
  0
LINE
  5
39A
330
368
100
AcDbEntity
  8
0
100
AcDbLine
 10
1531.0
 20
130.0
 30
0.0
 11
1555.0
 21
540.0
 31
0.0
  0
LINE
  5
39B
330
368
100
AcDbEntity
  8
0
100
AcDbLine
 10
1618.0
 20
335.0
 30
0.0
 11
2374.0
 21
335.0
 31
0.0
  0
LINE
  5
39C
330
368
100
AcDbEntity
  8
0
100
AcDbLine
 10
1651.0
 20
130.0
 30
0.0
 11
1675.0
 21
540.0
 31
0.0
  0
LINE
  5
39D
330
368
100
AcDbEntity
  8
0
100
AcDbLine
 10
1736.0
 20
130.0
 30
0.0
 11
1760.0
 21
540.0
 31
0.0
  0
LINE
  5
39E
330
368
100
AcDbEntity
  8
0
100
AcDbLine
 10
1821.0
 20
130.0
 30
0.0
 11
1845.0
 21
540.0
 31
0.0
  0
LINE
  5
39F
330
368
100
AcDbEntity
  8
0
100
AcDbLine
 10
1906.0
 20
130.0
 30
0.0
 11
1930.0
 21
540.0
 31
0.0
  0
LINE
  5
3A0
330
368
100
AcDbEntity
  8
0
100
AcDbLine
 10
1991.0
 20
130.0
 30
0.0
 11
2015.0
 21
540.0
 31
0.0
  0
LINE
  5
3A1
330
368
100
AcDbEntity
  8
0
100
AcDbLine
 10
2076.0
 20
130.0
 30
0.0
 11
2100.0
 21
540.0
 31
0.0
  0
LINE
  5
3A2
330
368
100
AcDbEntity
  8
0
100
AcDbLine
 10
2161.0
 20
130.0
 30
0.0
 11
2185.0
 21
540.0
 31
0.0
  0
LINE
  5
3A3
330
368
100
AcDbEntity
  8
0
100
AcDbLine
 10
2246.0
 20
130.0
 30
0.0
 11
2270.0
 21
540.0
 31
0.0
  0
ENDBLK
  5
36A
330
368
100
AcDbEntity
  8
0
100
AcDbBlockEnd
  0
BLOCK
  5
3A5
330
3A4
100
AcDbEntity
  8
0
100
AcDbBlockBegin
  2
DETALLE_ARMARIO_JAMBA
 70
0
 10
0.0
 20
0.0
 30
0.0
  3
DETALLE_ARMARIO_JAMBA
  1

  4
Detalle de jamba, tamaño real (para E 1:2 a 1:5)
  0
HATCH
  5
3A7
330
3A4
100
AcDbEntity
  8
0
100
AcDbHatch
 10
0.0
 20
0.0
 30
0.0
210
0.0
220
0.0
230
1.0
  2
ANSI31
 70
0
 71
0
 91
1
 92
3
 72
0
 73
1
 93
4
 10
-160.0
 20
15.0
 10
-15.0
 20
15.0
 10
-15.0
 20
260.0
 10
-160.0
 20
260.0
 97
0
 75
1
 76
1
 52
0.0
 41
3.0
 77
0
 78
1
 53
45.0
 43
0.0
 44
0.0
 45
-6.7351920909
 46
6.7351920909
 79
0
 98
0
  0
LINE
  5
3A8
330
3A4
100
AcDbEntity
  8
0
100
AcDbLine
 10
-160.0
 20
0.0
 30
0.0
 11
0.0
 21
0.0
 31
0.0
  0
LINE
  5
3A9
330
3A4
100
AcDbEntity
  8
0
100
AcDbLine
 10
0.0
 20
0.0
 30
0.0
 11
0.0
 21
260.0
 31
0.0
  0
LINE
  5
3AA
330
3A4
100
AcDbEntity
  8
0
100
AcDbLine
 10
-160.0
 20
15.0
 30
0.0
 11
-15.0
 21
15.0
 31
0.0
  0
LINE
  5
3AB
330
3A4
100
AcDbEntity
  8
0
100
AcDbLine
 10
-15.0
 20
15.0
 30
0.0
 11
-15.0
 21
260.0
 31
0.0
  0
LWPOLYLINE
  5
3AC
330
3A4
100
AcDbEntity
  8
0
100
AcDbPolyline
 90
6
 70
0
 10
-160.0
 20
-12.0
 10
-160.0
 20
118.0
 10
-150.0
 20
124.0
 10
-170.0
 20
136.0
 10
-160.0
 20
142.0
 10
-160.0
 20
272.0
  0
LWPOLYLINE
  5
3AD
330
3A4
100
AcDbEntity
  8
0
100
AcDbPolyline
 90
6
 70
0
 10
-172.0
 20
260.0
 10
-90.0
 20
260.0
 10
-84.0
 20
250.0
 10
-72.0
 20
270.0
 10
-66.0
 20
260.0
 10
28.0
 20
260.0
  0
LWPOLYLINE
  5
3AE
330
3A4
100
AcDbEntity
  8
0
100
AcDbPolyline
 90
4
 70
1
 10
0.0
 20
0.0
 10
35.0
 20
0.0
 10
35.0
 20
70.0
 10
0.0
 20
70.0
  0
LINE
  5
3AF
330
3A4
100
AcDbEntity
  8
0
100
AcDbLine
 10
0.0
 20
0.0
 30
0.0
 11
35.0
 21
70.0
 31
0.0
  0
LINE
  5
3B0
330
3A4
100
AcDbEntity
  8
0
100
AcDbLine
 10
0.0
 20
70.0
 30
0.0
 11
35.0
 21
0.0
 31
0.0
  0
LWPOLYLINE
  5
3B1
330
3A4
100
AcDbEntity
  8
0
100
AcDbPolyline
 90
4
 70
1
 10
35.0
 20
0.0
 10
65.0
 20
0.0
 10
65.0
 20
70.0
 10
35.0
 20
70.0
  0
LWPOLYLINE
  5
3B2
330
3A4
100
AcDbEntity
  8
0
100
AcDbPolyline
 90
5
 70
1
 10
-17.0
 20
-10.0
 10
50.0
 20
-10.0
 10
50.0
 20
0.0
 10
-20.0
 20
0.0
 10
-20.0
 20
-7.0
 42
0.41421356237309503
  0
LWPOLYLINE
  5
3B3
330
3A4
100
AcDbEntity
  8
0
100
AcDbPolyline
 90
4
 70
0
 10
300.0
 20
0.0
 10
67.0
 20
0.0
 10
67.0
 20
19.0
 10
300.0
 20
19.0
  0
LWPOLYLINE
  5
3B4
330
3A4
100
AcDbEntity
  8
0
100
AcDbPolyline
 90
6
 70
0
 10
300.0
 20
-14.0
 10
300.0
 20
4.0
 10
310.0
 20
8.0
 10
290.0
 20
14.0
 10
300.0
 20
18.0
 10
300.0
 20
33.0
  0
LWPOLYLINE
  5
3B5
330
3A4
100
AcDbEntity
  8
0
100
AcDbPolyline
 90
4
 70
1
 10
72.0
 20
6.0
 10
107.0
 20
6.0
 10
107.0
 20
19.0
 10
72.0
 20
19.0
  0
LWPOLYLINE
  5
3B6
330
3A4
100
AcDbEntity
  8
0
100
AcDbPolyline
 90
4
 70
1
 10
65.0
 20
28.0
 10
75.0
 20
28.0
 10
75.0
 20
62.0
 10
65.0
 20
62.0
  0
LWPOLYLINE
  5
3B7
330
3A4
100
AcDbEntity
  8
0
100
AcDbPolyline
 90
2
 70
0
 43
5.0
 10
89.5
 20
17.0
 10
75.0
 20
45.0
  0
LWPOLYLINE
  5
3B8
330
3A4
100
AcDbEntity
  8
0
100
AcDbPolyline
 90
3
 70
0
 10
0.0
 20
80.0
 10
16.0
 20
80.0
 10
16.0
 20
260.0
  0
LWPOLYLINE
  5
3B9
330
3A4
100
AcDbEntity
  8
0
100
AcDbPolyline
 90
2
 70
0
 10
330.0
 20
239.0
 10
16.0
 20
239.0
  0
TEXT
  5
3BA
330
3A4
100
AcDbEntity
  8
0
100
AcDbText
 10
340.0
 20
235.0
 30
0.0
 40
12.5
  1
COSTADO DEL CASCO 16 mm
  7
MOB_TEXTO
 11
340.0
 21
235.0
 31
0.0
100
AcDbText
  0
LWPOLYLINE
  5
3BB
330
3A4
100
AcDbEntity
  8
0
100
AcDbPolyline
 90
3
 70
0
 10
330.0
 20
189.0
 10
120.0
 20
189.0
 10
75.0
 20
58.0
  0
TEXT
  5
3BC
330
3A4
100
AcDbEntity
  8
0
100
AcDbText
 10
340.0
 20
185.0
 30
0.0
 40
12.5
  1
BASE DE LA BISAGRA
  7
MOB_TEXTO
 11
340.0
 21
185.0
 31
0.0
100
AcDbText
  0
LWPOLYLINE
  5
3BD
330
3A4
100
AcDbEntity
  8
0
100
AcDbPolyline
 90
3
 70
0
 10
330.0
 20
139.0
 10
60.0
 20
139.0
 10
18.0
 20
62.0
  0
TEXT
  5
3BE
330
3A4
100
AcDbEntity
  8
0
100
AcDbText
 10
340.0
 20
135.0
 30
0.0
 40
12.5
  1
PREMARCO DE PINO 70x35
  7
MOB_TEXTO
 11
340.0
 21
135.0
 31
0.0
100
AcDbText
  0
LWPOLYLINE
  5
3BF
330
3A4
100
AcDbEntity
  8
0
100
AcDbPolyline
 90
3
 70
0
 10
330.0
 20
89.0
 10
100.0
 20
89.0
 10
50.0
 20
66.0
  0
TEXT
  5
3C0
330
3A4
100
AcDbEntity
  8
0
100
AcDbText
 10
340.0
 20
85.0
 30
0.0
 40
12.5
  1
CERCO 70x30
  7
MOB_TEXTO
 11
340.0
 21
85.0
 31
0.0
100
AcDbText
  0
LWPOLYLINE
  5
3C1
330
3A4
100
AcDbEntity
  8
0
100
AcDbPolyline
 90
3
 70
0
 10
330.0
 20
39.0
 10
110.0
 20
39.0
 10
100.0
 20
16.0
  0
TEXT
  5
3C2
330
3A4
100
AcDbEntity
  8
0
100
AcDbText
 10
340.0
 20
35.0
 30
0.0
 40
12.5
  1
BISAGRA DE CAZOLETA Ø35
  7
MOB_TEXTO
 11
340.0
 21
35.0
 31
0.0
100
AcDbText
  0
LWPOLYLINE
  5
3C3
330
3A4
100
AcDbEntity
  8
0
100
AcDbPolyline
 90
3
 70
0
 10
330.0
 20
-11.0
 10
270.0
 20
-11.0
 10
250.0
 20
8.0
  0
TEXT
  5
3C4
330
3A4
100
AcDbEntity
  8
0
100
AcDbText
 10
340.0
 20
-15.0
 30
0.0
 40
12.5
  1
PUERTA DE DM 19 mm
  7
MOB_TEXTO
 11
340.0
 21
-15.0
 31
0.0
100
AcDbText
  0
LWPOLYLINE
  5
3C5
330
3A4
100
AcDbEntity
  8
0
100
AcDbPolyline
 90
3
 70
0
 10
330.0
 20
-61.0
 10
40.0
 20
-61.0
 10
15.0
 20
-6.0
  0
TEXT
  5
3C6
330
3A4
100
AcDbEntity
  8
0
100
AcDbText
 10
340.0
 20
-65.0
 30
0.0
 40
12.5
  1
TAPAJUNTAS 70x10
  7
MOB_TEXTO
 11
340.0
 21
-65.0
 31
0.0
100
AcDbText
  0
LWPOLYLINE
  5
3C7
330
3A4
100
AcDbEntity
  8
0
100
AcDbPolyline
 90
2
 70
0
 10
-100.0
 20
-52.0
 10
-90.0
 20
100.0
  0
TEXT
  5
3C8
330
3A4
100
AcDbEntity
  8
0
100
AcDbText
 10
-165.0
 20
-75.0
 30
0.0
 40
12.5
  1
TABIQUE + ENLUCIDO 15 mm
  7
MOB_TEXTO
 11
-165.0
 21
-75.0
 31
0.0
100
AcDbText
  0
ENDBLK
  5
3A6
330
3A4
100
AcDbEntity
  8
0
100
AcDbBlockEnd
  0
BLOCK
  5
3CA
330
3C9
100
AcDbEntity
  8
0
100
AcDbBlockBegin
  2
APARADOR_160x45
 70
0
 10
0.0
 20
0.0
 30
0.0
  3
APARADOR_160x45
  1

  4
Aparador 160 x 45 cm
  0
LWPOLYLINE
  5
3CC
330
3C9
100
AcDbEntity
  8
0
100
AcDbPolyline
 90
8
 70
1
 10
-796.0
 20
-450.0
 10
796.0
 20
-450.0
 42
0.41421356237309503
 10
800.0
 20
-446.0
 10
800.0
 20
-4.0
 42
0.41421356237309503
 10
796.0
 20
0.0
 10
-796.0
 20
0.0
 42
0.41421356237309503
 10
-800.0
 20
-4.0
 10
-800.0
 20
-446.0
 42
0.41421356237309503
  0
LINE
  5
3CD
330
3C9
100
AcDbEntity
  8
0
100
AcDbLine
 10
-800.0
 20
-430.0
 30
0.0
 11
800.0
 21
-430.0
 31
0.0
  0
LINE
  5
3CE
330
3C9
100
AcDbEntity
  8
0
100
AcDbLine
 10
-400.0
 20
-450.0
 30
0.0
 11
-400.0
 21
-430.0
 31
0.0
  0
LINE
  5
3CF
330
3C9
100
AcDbEntity
  8
0
100
AcDbLine
 10
0.0
 20
-450.0
 30
0.0
 11
0.0
 21
-430.0
 31
0.0
  0
LINE
  5
3D0
330
3C9
100
AcDbEntity
  8
0
100
AcDbLine
 10
400.0
 20
-450.0
 30
0.0
 11
400.0
 21
-430.0
 31
0.0
  0
ENDBLK
  5
3CB
330
3C9
100
AcDbEntity
  8
0
100
AcDbBlockEnd
  0
BLOCK
  5
3D2
330
3D1
100
AcDbEntity
  8
0
100
AcDbBlockBegin
  2
APARADOR_200x50
 70
0
 10
0.0
 20
0.0
 30
0.0
  3
APARADOR_200x50
  1

  4
Aparador 200 x 50 cm
  0
LWPOLYLINE
  5
3D4
330
3D1
100
AcDbEntity
  8
0
100
AcDbPolyline
 90
8
 70
1
 10
-996.0
 20
-500.0
 10
996.0
 20
-500.0
 42
0.41421356237309503
 10
1000.0
 20
-496.0
 10
1000.0
 20
-4.0
 42
0.41421356237309503
 10
996.0
 20
0.0
 10
-996.0
 20
0.0
 42
0.41421356237309503
 10
-1000.0
 20
-4.0
 10
-1000.0
 20
-496.0
 42
0.41421356237309503
  0
LINE
  5
3D5
330
3D1
100
AcDbEntity
  8
0
100
AcDbLine
 10
-1000.0
 20
-480.0
 30
0.0
 11
1000.0
 21
-480.0
 31
0.0
  0
LINE
  5
3D6
330
3D1
100
AcDbEntity
  8
0
100
AcDbLine
 10
-500.0
 20
-500.0
 30
0.0
 11
-500.0
 21
-480.0
 31
0.0
  0
LINE
  5
3D7
330
3D1
100
AcDbEntity
  8
0
100
AcDbLine
 10
0.0
 20
-500.0
 30
0.0
 11
0.0
 21
-480.0
 31
0.0
  0
LINE
  5
3D8
330
3D1
100
AcDbEntity
  8
0
100
AcDbLine
 10
500.0
 20
-500.0
 30
0.0
 11
500.0
 21
-480.0
 31
0.0
  0
ENDBLK
  5
3D3
330
3D1
100
AcDbEntity
  8
0
100
AcDbBlockEnd
  0
BLOCK
  5
3DA
330
3D9
100
AcDbEntity
  8
0
100
AcDbBlockBegin
  2
CONSOLA_100x30
 70
0
 10
0.0
 20
0.0
 30
0.0
  3
CONSOLA_100x30
  1

  4
Consola 100 x 30 cm
  0
LWPOLYLINE
  5
3DC
330
3D9
100
AcDbEntity
  8
0
100
AcDbPolyline
 90
8
 70
1
 10
-494.0
 20
-300.0
 10
494.0
 20
-300.0
 42
0.41421356237309503
 10
500.0
 20
-294.0
 10
500.0
 20
-6.0
 42
0.41421356237309503
 10
494.0
 20
0.0
 10
-494.0
 20
0.0
 42
0.41421356237309503
 10
-500.0
 20
-6.0
 10
-500.0
 20
-294.0
 42
0.41421356237309503
  0
LWPOLYLINE
  5
3DD
330
3D9
100
AcDbEntity
  8
0
100
AcDbPolyline
 90
8
 70
1
 10
-473.0
 20
-275.0
 10
473.0
 20
-275.0
 42
0.41421356237309503
 10
475.0
 20
-273.0
 10
475.0
 20
-27.0
 42
0.41421356237309503
 10
473.0
 20
-25.0
 10
-473.0
 20
-25.0
 42
0.41421356237309503
 10
-475.0
 20
-27.0
 10
-475.0
 20
-273.0
 42
0.41421356237309503
  0
ENDBLK
  5
3DB
330
3D9
100
AcDbEntity
  8
0
100
AcDbBlockEnd
  0
BLOCK
  5
3DF
330
3DE
100
AcDbEntity
  8
0
100
AcDbBlockBegin
  2
CONSOLA_120x35
 70
0
 10
0.0
 20
0.0
 30
0.0
  3
CONSOLA_120x35
  1

  4
Consola 120 x 35 cm
  0
LWPOLYLINE
  5
3E1
330
3DE
100
AcDbEntity
  8
0
100
AcDbPolyline
 90
8
 70
1
 10
-594.0
 20
-350.0
 10
594.0
 20
-350.0
 42
0.41421356237309503
 10
600.0
 20
-344.0
 10
600.0
 20
-6.0
 42
0.41421356237309503
 10
594.0
 20
0.0
 10
-594.0
 20
0.0
 42
0.41421356237309503
 10
-600.0
 20
-6.0
 10
-600.0
 20
-344.0
 42
0.41421356237309503
  0
LWPOLYLINE
  5
3E2
330
3DE
100
AcDbEntity
  8
0
100
AcDbPolyline
 90
8
 70
1
 10
-573.0
 20
-325.0
 10
573.0
 20
-325.0
 42
0.41421356237309503
 10
575.0
 20
-323.0
 10
575.0
 20
-27.0
 42
0.41421356237309503
 10
573.0
 20
-25.0
 10
-573.0
 20
-25.0
 42
0.41421356237309503
 10
-575.0
 20
-27.0
 10
-575.0
 20
-323.0
 42
0.41421356237309503
  0
ENDBLK
  5
3E0
330
3DE
100
AcDbEntity
  8
0
100
AcDbBlockEnd
  0
BLOCK
  5
3E4
330
3E3
100
AcDbEntity
  8
0
100
AcDbBlockBegin
  2
ESTANTERIA_80x35
 70
0
 10
0.0
 20
0.0
 30
0.0
  3
ESTANTERIA_80x35
  1

  4
Estantería alta 80 x 35 cm
  0
LWPOLYLINE
  5
3E6
330
3E3
100
AcDbEntity
  8
0
100
AcDbPolyline
 90
4
 70
1
 10
-400.0
 20
-350.0
 10
400.0
 20
-350.0
 10
400.0
 20
0.0
 10
-400.0
 20
0.0
  0
LINE
  5
3E7
330
3E3
100
AcDbEntity
  8
0
100
AcDbLine
 10
-400.0
 20
-350.0
 30
0.0
 11
400.0
 21
0.0
 31
0.0
  0
LINE
  5
3E8
330
3E3
100
AcDbEntity
  8
0
100
AcDbLine
 10
-400.0
 20
0.0
 30
0.0
 11
400.0
 21
-350.0
 31
0.0
  0
ENDBLK
  5
3E5
330
3E3
100
AcDbEntity
  8
0
100
AcDbBlockEnd
  0
BLOCK
  5
3EA
330
3E9
100
AcDbEntity
  8
0
100
AcDbBlockBegin
  2
ESTANTERIA_120x35
 70
0
 10
0.0
 20
0.0
 30
0.0
  3
ESTANTERIA_120x35
  1

  4
Estantería alta 120 x 35 cm
  0
LWPOLYLINE
  5
3EC
330
3E9
100
AcDbEntity
  8
0
100
AcDbPolyline
 90
4
 70
1
 10
-600.0
 20
-350.0
 10
600.0
 20
-350.0
 10
600.0
 20
0.0
 10
-600.0
 20
0.0
  0
LINE
  5
3ED
330
3E9
100
AcDbEntity
  8
0
100
AcDbLine
 10
-600.0
 20
-350.0
 30
0.0
 11
600.0
 21
0.0
 31
0.0
  0
LINE
  5
3EE
330
3E9
100
AcDbEntity
  8
0
100
AcDbLine
 10
-600.0
 20
0.0
 30
0.0
 11
600.0
 21
-350.0
 31
0.0
  0
ENDBLK
  5
3EB
330
3E9
100
AcDbEntity
  8
0
100
AcDbBlockEnd
  0
BLOCK
  5
3F0
330
3EF
100
AcDbEntity
  8
0
100
AcDbBlockBegin
  2
VITRINA_100x40
 70
0
 10
0.0
 20
0.0
 30
0.0
  3
VITRINA_100x40
  1

  4
Vitrina alta 100 x 40 cm
  0
LWPOLYLINE
  5
3F2
330
3EF
100
AcDbEntity
  8
0
100
AcDbPolyline
 90
4
 70
1
 10
-500.0
 20
-400.0
 10
500.0
 20
-400.0
 10
500.0
 20
0.0
 10
-500.0
 20
0.0
  0
LINE
  5
3F3
330
3EF
100
AcDbEntity
  8
0
100
AcDbLine
 10
-500.0
 20
-400.0
 30
0.0
 11
500.0
 21
0.0
 31
0.0
  0
LINE
  5
3F4
330
3EF
100
AcDbEntity
  8
0
100
AcDbLine
 10
-500.0
 20
0.0
 30
0.0
 11
500.0
 21
-400.0
 31
0.0
  0
LINE
  5
3F5
330
3EF
100
AcDbEntity
  8
0
100
AcDbLine
 10
-500.0
 20
-385.0
 30
0.0
 11
500.0
 21
-385.0
 31
0.0
  0
ENDBLK
  5
3F1
330
3EF
100
AcDbEntity
  8
0
100
AcDbBlockEnd
  0
BLOCK
  5
3F7
330
3F6
100
AcDbEntity
  8
0
100
AcDbBlockBegin
  2
BALDA_80x25
 70
0
 10
0.0
 20
0.0
 30
0.0
  3
BALDA_80x25
  1

  4
Balda de pared 80 x 25 cm
  0
LWPOLYLINE
  5
3F9
330
3F6
100
AcDbEntity
  8
0
100
AcDbPolyline
 90
4
 70
1
 10
-400.0
 20
-250.0
 10
400.0
 20
-250.0
 10
400.0
 20
0.0
 10
-400.0
 20
0.0
  0
ENDBLK
  5
3F8
330
3F6
100
AcDbEntity
  8
0
100
AcDbBlockEnd
  0
BLOCK
  5
3FB
330
3FA
100
AcDbEntity
  8
0
100
AcDbBlockBegin
  2
PEANA_40x40
 70
0
 10
0.0
 20
0.0
 30
0.0
  3
PEANA_40x40
  1

  4
Peana 40 x 40 cm
  0
LWPOLYLINE
  5
3FD
330
3FA
100
AcDbEntity
  8
0
100
AcDbPolyline
 90
4
 70
1
 10
-200.0
 20
-200.0
 10
200.0
 20
-200.0
 10
200.0
 20
200.0
 10
-200.0
 20
200.0
  0
LWPOLYLINE
  5
3FE
330
3FA
100
AcDbEntity
  8
0
100
AcDbPolyline
 90
4
 70
1
 10
-150.0
 20
-150.0
 10
150.0
 20
-150.0
 10
150.0
 20
150.0
 10
-150.0
 20
150.0
  0
ENDBLK
  5
3FC
330
3FA
100
AcDbEntity
  8
0
100
AcDbBlockEnd
  0
BLOCK
  5
400
330
3FF
100
AcDbEntity
  8
0
100
AcDbBlockBegin
  2
PEANA_D40
 70
0
 10
0.0
 20
0.0
 30
0.0
  3
PEANA_D40
  1

  4
Peana redonda Ø40 cm
  0
CIRCLE
  5
402
330
3FF
100
AcDbEntity
  8
0
100
AcDbCircle
 10
0.0
 20
0.0
 30
0.0
 40
200.0
  0
CIRCLE
  5
403
330
3FF
100
AcDbEntity
  8
0
100
AcDbCircle
 10
0.0
 20
0.0
 30
0.0
 40
150.0
  0
ENDBLK
  5
401
330
3FF
100
AcDbEntity
  8
0
100
AcDbBlockEnd
  0
BLOCK
  5
405
330
404
100
AcDbEntity
  8
0
100
AcDbBlockBegin
  2
PLANTA_GRANDE_D80
 70
0
 10
0.0
 20
0.0
 30
0.0
  3
PLANTA_GRANDE_D80
  1

  4
Planta en maceta, Ø80 cm
  0
CIRCLE
  5
407
330
404
100
AcDbEntity
  8
0
100
AcDbCircle
 10
0.0
 20
0.0
 30
0.0
 40
200.0
  0
LWPOLYLINE
  5
408
330
404
100
AcDbEntity
  8
0
100
AcDbPolyline
 90
2
 70
1
 10
23.970963876634848
 20
-1.1802079583985738
 42
0.3250934473039854
 10
304.5262336481189
 20
-14.99331801350611
 42
0.3250934473039854
  0
LWPOLYLINE
  5
409
330
404
100
AcDbEntity
  8
0
100
AcDbPolyline
 90
2
 70
1
 10
21.591901264867552
 20
10.478062786995078
 42
0.29656889169125855
 10
313.09946803592095
 20
151.94011145249013
 42
0.29656889169125855
  0
LWPOLYLINE
  5
40A
330
404
100
AcDbEntity
  8
0
100
AcDbPolyline
 90
2
 70
1
 10
12.581894563906237
 20
20.43761065248936
 42
0.2637495658441985
 10
180.777081600631
 20
293.6482729116063
 42
0.2637495658441985
  0
LWPOLYLINE
  5
40B
330
404
100
AcDbEntity
  8
0
100
AcDbPolyline
 90
2
 70
1
 10
-2.974810583211799
 20
23.81492183472394
 42
0.2690713013343865
 10
-36.66749138081601
 20
293.5425354601057
 42
0.2690713013343865
  0
LWPOLYLINE
  5
40C
330
404
100
AcDbEntity
  8
0
100
AcDbPolyline
 90
2
 70
1
 10
-15.330878149876435
 20
18.465215275041917
 42
0.27238019611496456
 10
-243.12692726464667
 20
292.8332615530795
 42
0.27238019611496456
  0
LWPOLYLINE
  5
40D
330
404
100
AcDbEntity
  8
0
100
AcDbPolyline
 90
2
 70
1
 10
-22.437033805392094
 20
8.519361127202698
 42
0.3547708942457005
 10
-334.94052763282656
 20
127.17720781586166
 42
0.3547708942457005
  0
LWPOLYLINE
  5
40E
330
404
100
AcDbEntity
  8
0
100
AcDbPolyline
 90
2
 70
1
 10
-22.876920058181653
 20
-7.255792765202568
 42
0.357625510559292
 10
-316.87223573190795
 20
-100.50125933341599
 42
0.357625510559292
  0
LWPOLYLINE
  5
40F
330
404
100
AcDbEntity
  8
0
100
AcDbPolyline
 90
2
 70
1
 10
-17.881304574700515
 20
-16.00809003931432
 42
0.28896092863316764
 10
-286.2114894885147
 20
-256.2284689507977
 42
0.28896092863316764
  0
LWPOLYLINE
  5
410
330
404
100
AcDbEntity
  8
0
100
AcDbPolyline
 90
2
 70
1
 10
-5.754793481218002
 20
-23.29983587900419
 42
0.29084818241019345
 10
-72.22091512582955
 20
-292.40588301826756
 42
0.29084818241019345
  0
LWPOLYLINE
  5
411
330
404
100
AcDbEntity
  8
0
100
AcDbPolyline
 90
2
 70
1
 10
11.855870887352836
 20
-20.867159018477324
 42
0.31816001636624663
 10
152.26957090437946
 20
-268.0050567290251
 42
0.31816001636624663
  0
LWPOLYLINE
  5
412
330
404
100
AcDbEntity
  8
0
100
AcDbPolyline
 90
2
 70
1
 10
20.67810966953376
 20
-12.182601548714237
 42
0.31477444657095577
 10
284.07287643709367
 20
-167.3628160280609
 42
0.31477444657095577
  0
LWPOLYLINE
  5
413
330
404
100
AcDbEntity
  8
0
100
AcDbPolyline
 90
2
 70
1
 10
23.679899702471396
 20
3.906705783764008
 42
0.28059587128193264
 10
181.59807199489475
 20
29.960018711937575
 42
0.28059587128193264
  0
LWPOLYLINE
  5
414
330
404
100
AcDbEntity
  8
0
100
AcDbPolyline
 90
2
 70
1
 10
14.783364232362555
 20
18.906404787090104
 42
0.2914147170376792
 10
128.7854480027742
 20
164.7033633451966
 42
0.2914147170376792
  0
LWPOLYLINE
  5
415
330
404
100
AcDbEntity
  8
0
100
AcDbPolyline
 90
2
 70
1
 10
2.8470309012653336
 20
23.830535349572834
 42
0.28997669968636824
 10
25.008383209401728
 20
209.32795630790025
 42
0.28997669968636824
  0
LWPOLYLINE
  5
416
330
404
100
AcDbEntity
  8
0
100
AcDbPolyline
 90
2
 70
1
 10
-11.728929421404288
 20
20.938772997186746
 42
0.2844096510722153
 10
-111.19593040150986
 20
198.5097071723556
 42
0.2844096510722153
  0
LWPOLYLINE
  5
417
330
404
100
AcDbEntity
  8
0
100
AcDbPolyline
 90
2
 70
1
 10
-20.455372722253855
 20
12.552996725629818
 42
0.3475137495573429
 10
-183.8540510909195
 20
112.82704708808622
 42
0.3475137495573429
  0
LWPOLYLINE
  5
418
330
404
100
AcDbEntity
  8
0
100
AcDbPolyline
 90
2
 70
1
 10
-23.950752333761933
 20
-1.5367051268208085
 42
0.3580174847492582
 10
-199.17023310407632
 20
-12.77896886310694
 42
0.3580174847492582
  0
LWPOLYLINE
  5
419
330
404
100
AcDbEntity
  8
0
100
AcDbPolyline
 90
2
 70
1
 10
-21.456638913256285
 20
-10.752332144522704
 42
0.33571409295652493
 10
-186.34407133999483
 20
-93.38057821219981
 42
0.33571409295652493
  0
LWPOLYLINE
  5
41A
330
404
100
AcDbEntity
  8
0
100
AcDbPolyline
 90
2
 70
1
 10
-12.041222863866867
 20
-20.760755090860492
 42
0.2639207257047438
 10
-106.9910268632716
 20
-184.46751885088406
 42
0.2639207257047438
  0
LWPOLYLINE
  5
41B
330
404
100
AcDbEntity
  8
0
100
AcDbPolyline
 90
2
 70
1
 10
4.527296279771326
 20
-23.56912362382549
 42
0.3173025940277384
 10
43.76213213992757
 20
-227.82584542936905
 42
0.3173025940277384
  0
LWPOLYLINE
  5
41C
330
404
100
AcDbEntity
  8
0
100
AcDbPolyline
 90
2
 70
1
 10
17.52868385681886
 20
-16.393451200027954
 42
0.32952953662736595
 10
147.047274989611
 20
-137.52386353305835
 42
0.32952953662736595
  0
LWPOLYLINE
  5
41D
330
404
100
AcDbEntity
  8
0
100
AcDbPolyline
 90
2
 70
1
 10
23.198003221062105
 20
-6.152450451291107
 42
0.3056205331301413
 10
212.10018813896633
 20
-56.25207850000317
 42
0.3056205331301413
  0
ENDBLK
  5
406
330
404
100
AcDbEntity
  8
0
100
AcDbBlockEnd
  0
BLOCK
  5
41F
330
41E
100
AcDbEntity
  8
0
100
AcDbBlockBegin
  2
PLANTA_PEQUENA_D40
 70
0
 10
0.0
 20
0.0
 30
0.0
  3
PLANTA_PEQUENA_D40
  1

  4
Planta pequeña en maceta, Ø40 cm
  0
CIRCLE
  5
421
330
41E
100
AcDbEntity
  8
0
100
AcDbCircle
 10
0.0
 20
0.0
 30
0.0
 40
100.0
  0
LWPOLYLINE
  5
422
330
41E
100
AcDbEntity
  8
0
100
AcDbPolyline
 90
2
 70
1
 10
11.967887656388882
 20
-0.8773055591153269
 42
0.29699551665480795
 10
174.00993160577224
 20
-12.755791558381363
 42
0.29699551665480795
  0
LWPOLYLINE
  5
423
330
41E
100
AcDbEntity
  8
0
100
AcDbPolyline
 90
2
 70
1
 10
8.964850259889536
 20
7.976932983155777
 42
0.2665528859239813
 10
133.75581766288025
 20
119.0160641475284
 42
0.2665528859239813
  0
LWPOLYLINE
  5
424
330
41E
100
AcDbEntity
  8
0
100
AcDbPolyline
 90
2
 70
1
 10
3.6662122910574357
 20
11.426236801191344
 42
0.2859354014328008
 10
58.32279822278151
 20
181.77073516094515
 42
0.2859354014328008
  0
LWPOLYLINE
  5
425
330
41E
100
AcDbEntity
  8
0
100
AcDbPolyline
 90
2
 70
1
 10
-5.2132101670613595
 20
10.808442984724861
 42
0.30702635075224477
 10
-86.78088230797428
 20
179.92104452573446
 42
0.30702635075224477
  0
LWPOLYLINE
  5
426
330
41E
100
AcDbEntity
  8
0
100
AcDbPolyline
 90
2
 70
1
 10
-11.611632303083484
 20
3.0282000029701064
 42
0.3239068140544162
 10
-165.15203306411823
 20
43.07003304629929
 42
0.3239068140544162
  0
LWPOLYLINE
  5
427
330
41E
100
AcDbEntity
  8
0
100
AcDbPolyline
 90
2
 70
1
 10
-11.622484053403658
 20
-2.9862793620787826
 42
0.34680453071432965
 10
-173.90354540042435
 20
-44.68275165923183
 42
0.34680453071432965
  0
LWPOLYLINE
  5
428
330
41E
100
AcDbEntity
  8
0
100
AcDbPolyline
 90
2
 70
1
 10
-5.932601051530851
 20
-10.430927320395586
 42
0.3271411475369592
 10
-91.71311981227093
 20
-161.25353428942867
 42
0.3271411475369592
  0
LWPOLYLINE
  5
429
330
41E
100
AcDbEntity
  8
0
100
AcDbPolyline
 90
2
 70
1
 10
0.6331562829949787
 20
-11.983284738388885
 42
0.31910995829313177
 10
9.838240536441944
 20
-186.20116524039705
 42
0.31910995829313177
  0
LWPOLYLINE
  5
42A
330
41E
100
AcDbEntity
  8
0
100
AcDbPolyline
 90
2
 70
1
 10
8.75053091496629
 20
-8.211468121244778
 42
0.3465527236978946
 10
106.27276099942421
 20
-99.72599349496716
 42
0.3465527236978946
  0
LWPOLYLINE
  5
42B
330
41E
100
AcDbEntity
  8
0
100
AcDbPolyline
 90
2
 70
1
 10
11.30721746970529
 20
4.018312219426398
 42
0.3478812800255482
 10
107.83317657966673
 20
38.321308692485324
 42
0.3478812800255482
  0
LWPOLYLINE
  5
42C
330
41E
100
AcDbEntity
  8
0
100
AcDbPolyline
 90
2
 70
1
 10
5.3682260116743805
 20
10.732294698133414
 42
0.2994963404000744
 10
54.2715815963779
 20
108.50113355127708
 42
0.2994963404000744
  0
LWPOLYLINE
  5
42D
330
41E
100
AcDbEntity
  8
0
100
AcDbPolyline
 90
2
 70
1
 10
-3.068293283865875
 20
11.601102375385864
 42
0.3535586721704521
 10
-26.87751172940745
 20
101.62286858563562
 42
0.3535586721704521
  0
LWPOLYLINE
  5
42E
330
41E
100
AcDbEntity
  8
0
100
AcDbPolyline
 90
2
 70
1
 10
-9.955690701705791
 20
6.699568840751535
 42
0.2735968860200669
 10
-77.4166509976085
 20
52.09665490010133
 42
0.2735968860200669
  0
LWPOLYLINE
  5
42F
330
41E
100
AcDbEntity
  8
0
100
AcDbPolyline
 90
2
 70
1
 10
-11.962543013348562
 20
0.9473988884231834
 42
0.3036161866627429
 10
-122.44293272207413
 20
9.69712695926986
 42
0.3036161866627429
  0
LWPOLYLINE
  5
430
330
41E
100
AcDbEntity
  8
0
100
AcDbPolyline
 90
2
 70
1
 10
-8.914041034523006
 20
-8.033671167955534
 42
0.31072429838290594
 10
-74.45816076707823
 20
-67.10451265108887
 42
0.31072429838290594
  0
LWPOLYLINE
  5
431
330
41E
100
AcDbEntity
  8
0
100
AcDbPolyline
 90
2
 70
1
 10
-2.4593113905759023
 20
-11.745287884261655
 42
0.31850741074053635
 10
-20.88999688861694
 20
-99.76736914989847
 42
0.31850741074053635
  0
LWPOLYLINE
  5
432
330
41E
100
AcDbEntity
  8
0
100
AcDbPolyline
 90
2
 70
1
 10
6.242822242133679
 20
-10.248276462562913
 42
0.32819821366349666
 10
62.81468444087384
 20
-103.11718435838489
 42
0.32819821366349666
  0
LWPOLYLINE
  5
433
330
41E
100
AcDbEntity
  8
0
100
AcDbPolyline
 90
2
 70
1
 10
11.685958960155409
 20
-2.727336279515876
 42
0.3590989644868815
 10
116.00030083953685
 20
-27.072817044209216
 42
0.3590989644868815
  0
ENDBLK
  5
420
330
41E
100
AcDbEntity
  8
0
100
AcDbBlockEnd
  0
BLOCK
  5
435
330
434
100
AcDbEntity
  8
0
100
AcDbBlockBegin
  2
LAMPARA_PIE_D45
 70
0
 10
0.0
 20
0.0
 30
0.0
  3
LAMPARA_PIE_D45
  1

  4
Lámpara de pie Ø45 cm
  0
CIRCLE
  5
437
330
434
100
AcDbEntity
  8
0
100
AcDbCircle
 10
0.0
 20
0.0
 30
0.0
 40
225.0
  0
CIRCLE
  5
438
330
434
100
AcDbEntity
  8
0
100
AcDbCircle
 10
0.0
 20
0.0
 30
0.0
 40
40.0
  0
LINE
  5
439
330
434
100
AcDbEntity
  8
0
100
AcDbLine
 10
28.284271247461902
 20
28.2842712474619
 30
0.0
 11
159.0990257669732
 21
159.09902576697317
 31
0.0
  0
LINE
  5
43A
330
434
100
AcDbEntity
  8
0
100
AcDbLine
 10
-28.2842712474619
 20
28.284271247461902
 30
0.0
 11
-159.09902576697317
 21
159.0990257669732
 31
0.0
  0
LINE
  5
43B
330
434
100
AcDbEntity
  8
0
100
AcDbLine
 10
-28.28427124746191
 20
-28.2842712474619
 30
0.0
 11
-159.09902576697323
 21
-159.09902576697317
 31
0.0
  0
LINE
  5
43C
330
434
100
AcDbEntity
  8
0
100
AcDbLine
 10
28.284271247461895
 20
-28.28427124746191
 30
0.0
 11
159.09902576697314
 21
-159.09902576697323
 31
0.0
  0
ENDBLK
  5
436
330
434
100
AcDbEntity
  8
0
100
AcDbBlockEnd
  0
BLOCK
  5
43E
330
43D
100
AcDbEntity
  8
0
100
AcDbBlockBegin
  2
LAMPARA_MESA_D30
 70
0
 10
0.0
 20
0.0
 30
0.0
  3
LAMPARA_MESA_D30
  1

  4
Lámpara de sobremesa Ø30 cm
  0
CIRCLE
  5
440
330
43D
100
AcDbEntity
  8
0
100
AcDbCircle
 10
0.0
 20
0.0
 30
0.0
 40
150.0
  0
CIRCLE
  5
441
330
43D
100
AcDbEntity
  8
0
100
AcDbCircle
 10
0.0
 20
0.0
 30
0.0
 40
25.0
  0
LINE
  5
442
330
43D
100
AcDbEntity
  8
0
100
AcDbLine
 10
17.67766952966369
 20
17.677669529663685
 30
0.0
 11
106.06601717798213
 21
106.06601717798212
 31
0.0
  0
LINE
  5
443
330
43D
100
AcDbEntity
  8
0
100
AcDbLine
 10
-17.677669529663685
 20
17.67766952966369
 30
0.0
 11
-106.06601717798212
 21
106.06601717798213
 31
0.0
  0
LINE
  5
444
330
43D
100
AcDbEntity
  8
0
100
AcDbLine
 10
-17.677669529663692
 20
-17.677669529663685
 30
0.0
 11
-106.06601717798215
 21
-106.06601717798212
 31
0.0
  0
LINE
  5
445
330
43D
100
AcDbEntity
  8
0
100
AcDbLine
 10
17.677669529663685
 20
-17.677669529663692
 30
0.0
 11
106.0660171779821
 21
-106.06601717798215
 31
0.0
  0
ENDBLK
  5
43F
330
43D
100
AcDbEntity
  8
0
100
AcDbBlockEnd
  0
BLOCK
  5
447
330
446
100
AcDbEntity
  8
0
100
AcDbBlockBegin
  2
JARRON_D20
 70
0
 10
0.0
 20
0.0
 30
0.0
  3
JARRON_D20
  1

  4
Jarrón Ø20 cm
  0
CIRCLE
  5
449
330
446
100
AcDbEntity
  8
0
100
AcDbCircle
 10
0.0
 20
0.0
 30
0.0
 40
100.0
  0
CIRCLE
  5
44A
330
446
100
AcDbEntity
  8
0
100
AcDbCircle
 10
0.0
 20
0.0
 30
0.0
 40
70.0
  0
ENDBLK
  5
448
330
446
100
AcDbEntity
  8
0
100
AcDbBlockEnd
  0
ENDSEC
  0
SECTION
  2
ENTITIES
  0
TEXT
  5
44B
330
17
100
AcDbEntity
  8
CAT-TITULOS
100
AcDbText
 10
0.0
 20
0.0
 30
0.0
 40
320.0
  1
BIBLIOTECA DE BLOQUES DE MOBILIARIO · VISTA EN PLANTA
  7
MOB_TEXTO
 11
0.0
 21
0.0
 31
0.0
100
AcDbText
  0
TEXT
  5
44C
330
17
100
AcDbEntity
  8
CAT-TEXTOS
100
AcDbText
 10
0.0
 20
-520.0
 30
0.0
 40
90.0
  1
Unidades: milímetros. Cada bloque guarda sus unidades (mm): AutoCAD lo escala solo al insertarlo en un dibujo en metros o centímetros (INSUNITS).
  7
MOB_TEXTO
 11
0.0
 21
-520.0
 31
0.0
100
AcDbText
  0
TEXT
  5
44D
330
17
100
AcDbEntity
  8
CAT-TEXTOS
100
AcDbText
 10
0.0
 20
-680.0
 30
0.0
 40
90.0
  1
El contenido de los bloques está en la capa 0 y PorCapa: el bloque toma la capa, el color y el grosor de la capa donde lo insertas.
  7
MOB_TEXTO
 11
0.0
 21
-680.0
 31
0.0
100
AcDbText
  0
TEXT
  5
44E
330
17
100
AcDbEntity
  8
CAT-TEXTOS
100
AcDbText
 10
0.0
 20
-840.0
 30
0.0
 40
90.0
  1
Cruz roja = punto de inserción (capa CAT-PUNTO-INSERCION, no se imprime). Muebles de pared: centro de la trasera. Piezas exentas: centro. Armarios empotrados: esquina izquierda del hueco.
  7
MOB_TEXTO
 11
0.0
 21
-840.0
 31
0.0
100
AcDbText
  0
TEXT
  5
44F
330
17
100
AcDbEntity
  8
CAT-TEXTOS
100
AcDbText
 10
0.0
 20
-1000.0
 30
0.0
 40
90.0
  1
Frente de los muebles hacia abajo (-Y). Las sillas de despacho miran hacia arriba (+Y) para ir delante de la mesa sin girarlas. Aspa = mueble alto.
  7
MOB_TEXTO
 11
0.0
 21
-1000.0
 31
0.0
100
AcDbText
  0
TEXT
  5
450
330
17
100
AcDbEntity
  8
CAT-TITULOS
100
AcDbText
 10
0.0
 20
-1660.0
 30
0.0
 40
200.0
  1
MESAS DE DESPACHO Y REUNIÓN
  7
MOB_TEXTO
 11
0.0
 21
-1660.0
 31
0.0
100
AcDbText
  0
INSERT
  5
451
330
17
100
AcDbEntity
  8
CAT-BLOQUES
100
AcDbBlockReference
  2
MESA_DESPACHO_120x60
 10
600.0
 20
-2160.0
 30
0.0
  0
LINE
  5
453
330
17
100
AcDbEntity
  8
CAT-PUNTO-INSERCION
100
AcDbLine
 10
540.0
 20
-2160.0
 30
0.0
 11
660.0
 21
-2160.0
 31
0.0
  0
LINE
  5
454
330
17
100
AcDbEntity
  8
CAT-PUNTO-INSERCION
100
AcDbLine
 10
600.0
 20
-2220.0
 30
0.0
 11
600.0
 21
-2100.0
 31
0.0
  0
CIRCLE
  5
455
330
17
100
AcDbEntity
  8
CAT-PUNTO-INSERCION
100
AcDbCircle
 10
600.0
 20
-2160.0
 30
0.0
 40
27.0
  0
TEXT
  5
456
330
17
100
AcDbEntity
  8
CAT-TEXTOS
100
AcDbText
 10
0.0
 20
-2960.0
 30
0.0
 40
75.0
  1
MESA_DESPACHO_120x60
  7
MOB_TEXTO
 11
0.0
 21
-2960.0
 31
0.0
100
AcDbText
  0
TEXT
  5
457
330
17
100
AcDbEntity
  8
CAT-TEXTOS
100
AcDbText
 10
0.0
 20
-3090.0
 30
0.0
 40
60.0
  1
Mesa de despacho 120 x 60 cm
  7
MOB_TEXTO
 11
0.0
 21
-3090.0
 31
0.0
100
AcDbText
  0
INSERT
  5
458
330
17
100
AcDbEntity
  8
CAT-BLOQUES
100
AcDbBlockReference
  2
MESA_DESPACHO_140x70
 10
2600.0
 20
-2160.0
 30
0.0
  0
LINE
  5
45A
330
17
100
AcDbEntity
  8
CAT-PUNTO-INSERCION
100
AcDbLine
 10
2540.0
 20
-2160.0
 30
0.0
 11
2660.0
 21
-2160.0
 31
0.0
  0
LINE
  5
45B
330
17
100
AcDbEntity
  8
CAT-PUNTO-INSERCION
100
AcDbLine
 10
2600.0
 20
-2220.0
 30
0.0
 11
2600.0
 21
-2100.0
 31
0.0
  0
CIRCLE
  5
45C
330
17
100
AcDbEntity
  8
CAT-PUNTO-INSERCION
100
AcDbCircle
 10
2600.0
 20
-2160.0
 30
0.0
 40
27.0
  0
TEXT
  5
45D
330
17
100
AcDbEntity
  8
CAT-TEXTOS
100
AcDbText
 10
1900.0
 20
-3060.0
 30
0.0
 40
75.0
  1
MESA_DESPACHO_140x70
  7
MOB_TEXTO
 11
1900.0
 21
-3060.0
 31
0.0
100
AcDbText
  0
TEXT
  5
45E
330
17
100
AcDbEntity
  8
CAT-TEXTOS
100
AcDbText
 10
1900.0
 20
-3190.0
 30
0.0
 40
60.0
  1
Mesa de despacho 140 x 70 cm
  7
MOB_TEXTO
 11
1900.0
 21
-3190.0
 31
0.0
100
AcDbText
  0
INSERT
  5
45F
330
17
100
AcDbEntity
  8
CAT-BLOQUES
100
AcDbBlockReference
  2
MESA_DESPACHO_160x80
 10
4800.0
 20
-2160.0
 30
0.0
  0
LINE
  5
461
330
17
100
AcDbEntity
  8
CAT-PUNTO-INSERCION
100
AcDbLine
 10
4740.0
 20
-2160.0
 30
0.0
 11
4860.0
 21
-2160.0
 31
0.0
  0
LINE
  5
462
330
17
100
AcDbEntity
  8
CAT-PUNTO-INSERCION
100
AcDbLine
 10
4800.0
 20
-2220.0
 30
0.0
 11
4800.0
 21
-2100.0
 31
0.0
  0
CIRCLE
  5
463
330
17
100
AcDbEntity
  8
CAT-PUNTO-INSERCION
100
AcDbCircle
 10
4800.0
 20
-2160.0
 30
0.0
 40
27.0
  0
TEXT
  5
464
330
17
100
AcDbEntity
  8
CAT-TEXTOS
100
AcDbText
 10
4000.0
 20
-3160.0
 30
0.0
 40
75.0
  1
MESA_DESPACHO_160x80
  7
MOB_TEXTO
 11
4000.0
 21
-3160.0
 31
0.0
100
AcDbText
  0
TEXT
  5
465
330
17
100
AcDbEntity
  8
CAT-TEXTOS
100
AcDbText
 10
4000.0
 20
-3290.0
 30
0.0
 40
60.0
  1
Mesa de despacho 160 x 80 cm
  7
MOB_TEXTO
 11
4000.0
 21
-3290.0
 31
0.0
100
AcDbText
  0
INSERT
  5
466
330
17
100
AcDbEntity
  8
CAT-BLOQUES
100
AcDbBlockReference
  2
MESA_DIRECCION_180x90
 10
7200.0
 20
-2610.0000000000005
 30
0.0
  0
LINE
  5
468
330
17
100
AcDbEntity
  8
CAT-PUNTO-INSERCION
100
AcDbLine
 10
7140.0
 20
-2610.0000000000005
 30
0.0
 11
7260.0
 21
-2610.0000000000005
 31
0.0
  0
LINE
  5
469
330
17
100
AcDbEntity
  8
CAT-PUNTO-INSERCION
100
AcDbLine
 10
7200.0
 20
-2670.0000000000005
 30
0.0
 11
7200.0
 21
-2550.0000000000005
 31
0.0
  0
CIRCLE
  5
46A
330
17
100
AcDbEntity
  8
CAT-PUNTO-INSERCION
100
AcDbCircle
 10
7200.0
 20
-2610.0000000000005
 30
0.0
 40
27.0
  0
TEXT
  5
46B
330
17
100
AcDbEntity
  8
CAT-TEXTOS
100
AcDbText
 10
6300.0
 20
-3260.000000000001
 30
0.0
 40
75.0
  1
MESA_DIRECCION_180x90
  7
MOB_TEXTO
 11
6300.0
 21
-3260.000000000001
 31
0.0
100
AcDbText
  0
TEXT
  5
46C
330
17
100
AcDbEntity
  8
CAT-TEXTOS
100
AcDbText
 10
6300.0
 20
-3390.000000000001
 30
0.0
 40
60.0
  1
Mesa de dirección 180 x 90 cm, exenta (P.I. centro)
  7
MOB_TEXTO
 11
6300.0
 21
-3390.000000000001
 31
0.0
100
AcDbText
  0
INSERT
  5
46D
330
17
100
AcDbEntity
  8
CAT-BLOQUES
100
AcDbBlockReference
  2
MESA_DESPACHO_L_160x160
 10
9600.0
 20
-2160.0
 30
0.0
  0
LINE
  5
46F
330
17
100
AcDbEntity
  8
CAT-PUNTO-INSERCION
100
AcDbLine
 10
9540.0
 20
-2160.0
 30
0.0
 11
9660.0
 21
-2160.0
 31
0.0
  0
LINE
  5
470
330
17
100
AcDbEntity
  8
CAT-PUNTO-INSERCION
100
AcDbLine
 10
9600.0
 20
-2220.0
 30
0.0
 11
9600.0
 21
-2100.0
 31
0.0
  0
CIRCLE
  5
471
330
17
100
AcDbEntity
  8
CAT-PUNTO-INSERCION
100
AcDbCircle
 10
9600.0
 20
-2160.0
 30
0.0
 40
27.0
  0
TEXT
  5
472
330
17
100
AcDbEntity
  8
CAT-TEXTOS
100
AcDbText
 10
8800.0
 20
-3960.0
 30
0.0
 40
75.0
  1
MESA_DESPACHO_L_160x160
  7
MOB_TEXTO
 11
8800.0
 21
-3960.0
 31
0.0
100
AcDbText
  0
TEXT
  5
473
330
17
100
AcDbEntity
  8
CAT-TEXTOS
100
AcDbText
 10
8800.0
 20
-4090.0
 30
0.0
 40
60.0
  1
Mesa en L 160 x 160 cm, ala a la derecha
  7
MOB_TEXTO
 11
8800.0
 21
-4090.0
 31
0.0
100
AcDbText
  0
INSERT
  5
474
330
17
100
AcDbEntity
  8
CAT-BLOQUES
100
AcDbBlockReference
  2
MESA_REUNION_200x100
 10
12100.0
 20
-2660.0
 30
0.0
  0
LINE
  5
476
330
17
100
AcDbEntity
  8
CAT-PUNTO-INSERCION
100
AcDbLine
 10
12040.0
 20
-2660.0
 30
0.0
 11
12160.0
 21
-2660.0
 31
0.0
  0
LINE
  5
477
330
17
100
AcDbEntity
  8
CAT-PUNTO-INSERCION
100
AcDbLine
 10
12100.0
 20
-2720.0
 30
0.0
 11
12100.0
 21
-2600.0
 31
0.0
  0
CIRCLE
  5
478
330
17
100
AcDbEntity
  8
CAT-PUNTO-INSERCION
100
AcDbCircle
 10
12100.0
 20
-2660.0
 30
0.0
 40
27.0
  0
TEXT
  5
479
330
17
100
AcDbEntity
  8
CAT-TEXTOS
100
AcDbText
 10
11100.0
 20
-3360.0
 30
0.0
 40
75.0
  1
MESA_REUNION_200x100
  7
MOB_TEXTO
 11
11100.0
 21
-3360.0
 31
0.0
100
AcDbText
  0
TEXT
  5
47A
330
17
100
AcDbEntity
  8
CAT-TEXTOS
100
AcDbText
 10
11100.0
 20
-3490.0
 30
0.0
 40
60.0
  1
Mesa de reuniones 200 x 100 cm
  7
MOB_TEXTO
 11
11100.0
 21
-3490.0
 31
0.0
100
AcDbText
  0
INSERT
  5
47B
330
17
100
AcDbEntity
  8
CAT-BLOQUES
100
AcDbBlockReference
  2
MESA_REUNION_D120
 10
14400.0
 20
-2760.0
 30
0.0
  0
LINE
  5
47D
330
17
100
AcDbEntity
  8
CAT-PUNTO-INSERCION
100
AcDbLine
 10
14340.0
 20
-2760.0
 30
0.0
 11
14460.0
 21
-2760.0
 31
0.0
  0
LINE
  5
47E
330
17
100
AcDbEntity
  8
CAT-PUNTO-INSERCION
100
AcDbLine
 10
14400.0
 20
-2820.0
 30
0.0
 11
14400.0
 21
-2700.0
 31
0.0
  0
CIRCLE
  5
47F
330
17
100
AcDbEntity
  8
CAT-PUNTO-INSERCION
100
AcDbCircle
 10
14400.0
 20
-2760.0
 30
0.0
 40
27.0
  0
TEXT
  5
480
330
17
100
AcDbEntity
  8
CAT-TEXTOS
100
AcDbText
 10
13800.0
 20
-3560.0
 30
0.0
 40
75.0
  1
MESA_REUNION_D120
  7
MOB_TEXTO
 11
13800.0
 21
-3560.0
 31
0.0
100
AcDbText
  0
TEXT
  5
481
330
17
100
AcDbEntity
  8
CAT-TEXTOS
100
AcDbText
 10
13800.0
 20
-3690.0
 30
0.0
 40
60.0
  1
Mesa de reuniones redonda Ø120 cm
  7
MOB_TEXTO
 11
13800.0
 21
-3690.0
 31
0.0
100
AcDbText
  0
TEXT
  5
482
330
17
100
AcDbEntity
  8
CAT-TITULOS
100
AcDbText
 10
0.0
 20
-4860.0
 30
0.0
 40
200.0
  1
SILLAS DE DESPACHO
  7
MOB_TEXTO
 11
0.0
 21
-4860.0
 31
0.0
100
AcDbText
  0
INSERT
  5
483
330
17
100
AcDbEntity
  8
CAT-BLOQUES
100
AcDbBlockReference
  2
SILLA_OPERATIVA
 10
338.84865037740065
 20
-5715.0
 30
0.0
  0
LINE
  5
485
330
17
100
AcDbEntity
  8
CAT-PUNTO-INSERCION
100
AcDbLine
 10
278.84865037740065
 20
-5715.0
 30
0.0
 11
398.84865037740065
 21
-5715.0
 31
0.0
  0
LINE
  5
486
330
17
100
AcDbEntity
  8
CAT-PUNTO-INSERCION
100
AcDbLine
 10
338.84865037740065
 20
-5775.0
 30
0.0
 11
338.84865037740065
 21
-5655.0
 31
0.0
  0
CIRCLE
  5
487
330
17
100
AcDbEntity
  8
CAT-PUNTO-INSERCION
100
AcDbCircle
 10
338.84865037740065
 20
-5715.0
 30
0.0
 40
27.0
  0
TEXT
  5
488
330
17
100
AcDbEntity
  8
CAT-TEXTOS
100
AcDbText
 10
0.0
 20
-6215.0
 30
0.0
 40
75.0
  1
SILLA_OPERATIVA
  7
MOB_TEXTO
 11
0.0
 21
-6215.0
 31
0.0
100
AcDbText
  0
TEXT
  5
489
330
17
100
AcDbEntity
  8
CAT-TEXTOS
100
AcDbText
 10
0.0
 20
-6345.0
 30
0.0
 40
60.0
  1
Silla operativa con ruedas, base Ø71 cm
  7
MOB_TEXTO
 11
0.0
 21
-6345.0
 31
0.0
100
AcDbText
  0
INSERT
  5
48A
330
17
100
AcDbEntity
  8
CAT-BLOQUES
100
AcDbBlockReference
  2
SILLA_DIRECCION
 10
2371.2697807033037
 20
-5738.0
 30
0.0
  0
LINE
  5
48C
330
17
100
AcDbEntity
  8
CAT-PUNTO-INSERCION
100
AcDbLine
 10
2311.2697807033037
 20
-5738.0
 30
0.0
 11
2431.2697807033037
 21
-5738.0
 31
0.0
  0
LINE
  5
48D
330
17
100
AcDbEntity
  8
CAT-PUNTO-INSERCION
100
AcDbLine
 10
2371.2697807033037
 20
-5798.0
 30
0.0
 11
2371.2697807033037
 21
-5678.0
 31
0.0
  0
CIRCLE
  5
48E
330
17
100
AcDbEntity
  8
CAT-PUNTO-INSERCION
100
AcDbCircle
 10
2371.2697807033037
 20
-5738.0
 30
0.0
 40
27.0
  0
TEXT
  5
48F
330
17
100
AcDbEntity
  8
CAT-TEXTOS
100
AcDbText
 10
2010.4
 20
-6308.0
 30
0.0
 40
75.0
  1
SILLA_DIRECCION
  7
MOB_TEXTO
 11
2010.4
 21
-6308.0
 31
0.0
100
AcDbText
  0
TEXT
  5
490
330
17
100
AcDbEntity
  8
CAT-TEXTOS
100
AcDbText
 10
2010.4
 20
-6438.0
 30
0.0
 40
60.0
  1
Sillón de dirección, base Ø76 cm
  7
MOB_TEXTO
 11
2010.4
 21
-6438.0
 31
0.0
100
AcDbText
  0
INSERT
  5
491
330
17
100
AcDbEntity
  8
CAT-BLOQUES
100
AcDbBlockReference
  2
SILLA_CONFIDENTE
 10
4070.6000000000004
 20
-5600.0
 30
0.0
  0
LINE
  5
493
330
17
100
AcDbEntity
  8
CAT-PUNTO-INSERCION
100
AcDbLine
 10
4010.6000000000004
 20
-5600.0
 30
0.0
 11
4130.6
 21
-5600.0
 31
0.0
  0
LINE
  5
494
330
17
100
AcDbEntity
  8
CAT-PUNTO-INSERCION
100
AcDbLine
 10
4070.6000000000004
 20
-5660.0
 30
0.0
 11
4070.6000000000004
 21
-5540.0
 31
0.0
  0
CIRCLE
  5
495
330
17
100
AcDbEntity
  8
CAT-PUNTO-INSERCION
100
AcDbCircle
 10
4070.6000000000004
 20
-5600.0
 30
0.0
 40
27.0
  0
TEXT
  5
496
330
17
100
AcDbEntity
  8
CAT-TEXTOS
100
AcDbText
 10
3785.6000000000004
 20
-6105.0
 30
0.0
 40
75.0
  1
SILLA_CONFIDENTE
  7
MOB_TEXTO
 11
3785.6000000000004
 21
-6105.0
 31
0.0
100
AcDbText
  0
TEXT
  5
497
330
17
100
AcDbEntity
  8
CAT-TEXTOS
100
AcDbText
 10
3785.6000000000004
 20
-6235.0
 30
0.0
 40
60.0
  1
Silla de confidente 57 x 52 cm
  7
MOB_TEXTO
 11
3785.6000000000004
 21
-6235.0
 31
0.0
100
AcDbText
  0
TEXT
  5
498
330
17
100
AcDbEntity
  8
CAT-TITULOS
100
AcDbText
 10
0.0
 20
-7208.0
 30
0.0
 40
200.0
  1
ARCHIVO
  7
MOB_TEXTO
 11
0.0
 21
-7208.0
 31
0.0
100
AcDbText
  0
INSERT
  5
499
330
17
100
AcDbEntity
  8
CAT-BLOQUES
100
AcDbBlockReference
  2
CAJONERA_42x58
 10
210.0
 20
-7708.0
 30
0.0
  0
LINE
  5
49B
330
17
100
AcDbEntity
  8
CAT-PUNTO-INSERCION
100
AcDbLine
 10
150.0
 20
-7708.0
 30
0.0
 11
270.0
 21
-7708.0
 31
0.0
  0
LINE
  5
49C
330
17
100
AcDbEntity
  8
CAT-PUNTO-INSERCION
100
AcDbLine
 10
210.0
 20
-7768.0
 30
0.0
 11
210.0
 21
-7648.0
 31
0.0
  0
CIRCLE
  5
49D
330
17
100
AcDbEntity
  8
CAT-PUNTO-INSERCION
100
AcDbCircle
 10
210.0
 20
-7708.0
 30
0.0
 40
27.0
  0
TEXT
  5
49E
330
17
100
AcDbEntity
  8
CAT-TEXTOS
100
AcDbText
 10
0.0
 20
-8500.0
 30
0.0
 40
75.0
  1
CAJONERA_42x58
  7
MOB_TEXTO
 11
0.0
 21
-8500.0
 31
0.0
100
AcDbText
  0
TEXT
  5
49F
330
17
100
AcDbEntity
  8
CAT-TEXTOS
100
AcDbText
 10
0.0
 20
-8630.0
 30
0.0
 40
60.0
  1
Cajonera con ruedas 42 x 58 cm
  7
MOB_TEXTO
 11
0.0
 21
-8630.0
 31
0.0
100
AcDbText
  0
INSERT
  5
4A0
330
17
100
AcDbEntity
  8
CAT-BLOQUES
100
AcDbBlockReference
  2
ARCHIVADOR_4C_47x62
 10
1943.0
 20
-7708.0
 30
0.0
  0
LINE
  5
4A2
330
17
100
AcDbEntity
  8
CAT-PUNTO-INSERCION
100
AcDbLine
 10
1883.0
 20
-7708.0
 30
0.0
 11
2003.0
 21
-7708.0
 31
0.0
  0
LINE
  5
4A3
330
17
100
AcDbEntity
  8
CAT-PUNTO-INSERCION
100
AcDbLine
 10
1943.0
 20
-7768.0
 30
0.0
 11
1943.0
 21
-7648.0
 31
0.0
  0
CIRCLE
  5
4A4
330
17
100
AcDbEntity
  8
CAT-PUNTO-INSERCION
100
AcDbCircle
 10
1943.0
 20
-7708.0
 30
0.0
 40
27.0
  0
TEXT
  5
4A5
330
17
100
AcDbEntity
  8
CAT-TEXTOS
100
AcDbText
 10
1708.0
 20
-8540.0
 30
0.0
 40
75.0
  1
ARCHIVADOR_4C_47x62
  7
MOB_TEXTO
 11
1708.0
 21
-8540.0
 31
0.0
100
AcDbText
  0
TEXT
  5
4A6
330
17
100
AcDbEntity
  8
CAT-TEXTOS
100
AcDbText
 10
1708.0
 20
-8670.0
 30
0.0
 40
60.0
  1
Archivador vertical de 4 cajones 47 x 62 cm
  7
MOB_TEXTO
 11
1708.0
 21
-8670.0
 31
0.0
100
AcDbText
  0
INSERT
  5
4A7
330
17
100
AcDbEntity
  8
CAT-BLOQUES
100
AcDbBlockReference
  2
ARCHIVADOR_LATERAL_80x45
 10
4252.8
 20
-7708.0
 30
0.0
  0
LINE
  5
4A9
330
17
100
AcDbEntity
  8
CAT-PUNTO-INSERCION
100
AcDbLine
 10
4192.8
 20
-7708.0
 30
0.0
 11
4312.8
 21
-7708.0
 31
0.0
  0
LINE
  5
4AA
330
17
100
AcDbEntity
  8
CAT-PUNTO-INSERCION
100
AcDbLine
 10
4252.8
 20
-7768.0
 30
0.0
 11
4252.8
 21
-7648.0
 31
0.0
  0
CIRCLE
  5
4AB
330
17
100
AcDbEntity
  8
CAT-PUNTO-INSERCION
100
AcDbCircle
 10
4252.8
 20
-7708.0
 30
0.0
 40
27.0
  0
TEXT
  5
4AC
330
17
100
AcDbEntity
  8
CAT-TEXTOS
100
AcDbText
 10
3852.8
 20
-8370.0
 30
0.0
 40
75.0
  1
ARCHIVADOR_LATERAL_80x45
  7
MOB_TEXTO
 11
3852.8
 21
-8370.0
 31
0.0
100
AcDbText
  0
TEXT
  5
4AD
330
17
100
AcDbEntity
  8
CAT-TEXTOS
100
AcDbText
 10
3852.8
 20
-8500.0
 30
0.0
 40
60.0
  1
Archivador bajo de cajones 80 x 45 cm
  7
MOB_TEXTO
 11
3852.8
 21
-8500.0
 31
0.0
100
AcDbText
  0
INSERT
  5
4AE
330
17
100
AcDbEntity
  8
CAT-BLOQUES
100
AcDbBlockReference
  2
ARMARIO_ARCHIVO_100x45
 10
6296.0
 20
-7708.0
 30
0.0
  0
LINE
  5
4B0
330
17
100
AcDbEntity
  8
CAT-PUNTO-INSERCION
100
AcDbLine
 10
6236.0
 20
-7708.0
 30
0.0
 11
6356.0
 21
-7708.0
 31
0.0
  0
LINE
  5
4B1
330
17
100
AcDbEntity
  8
CAT-PUNTO-INSERCION
100
AcDbLine
 10
6296.0
 20
-7768.0
 30
0.0
 11
6296.0
 21
-7648.0
 31
0.0
  0
CIRCLE
  5
4B2
330
17
100
AcDbEntity
  8
CAT-PUNTO-INSERCION
100
AcDbCircle
 10
6296.0
 20
-7708.0
 30
0.0
 40
27.0
  0
TEXT
  5
4B3
330
17
100
AcDbEntity
  8
CAT-TEXTOS
100
AcDbText
 10
5796.0
 20
-8858.0
 30
0.0
 40
75.0
  1
ARMARIO_ARCHIVO_100x45
  7
MOB_TEXTO
 11
5796.0
 21
-8858.0
 31
0.0
100
AcDbText
  0
TEXT
  5
4B4
330
17
100
AcDbEntity
  8
CAT-TEXTOS
100
AcDbText
 10
5796.0
 20
-8988.0
 30
0.0
 40
60.0
  1
Armario de archivo alto, 2 puertas, 100 x 45 cm
  7
MOB_TEXTO
 11
5796.0
 21
-8988.0
 31
0.0
100
AcDbText
  0
TEXT
  5
4B5
330
17
100
AcDbEntity
  8
CAT-TITULOS
100
AcDbText
 10
0.0
 20
-9758.0
 30
0.0
 40
200.0
  1
ACCESORIOS DE DESPACHO
  7
MOB_TEXTO
 11
0.0
 21
-9758.0
 31
0.0
100
AcDbText
  0
INSERT
  5
4B6
330
17
100
AcDbEntity
  8
CAT-BLOQUES
100
AcDbBlockReference
  2
MONITOR_TECLADO
 10
270.0
 20
-10123.0
 30
0.0
  0
LINE
  5
4B8
330
17
100
AcDbEntity
  8
CAT-PUNTO-INSERCION
100
AcDbLine
 10
210.0
 20
-10123.0
 30
0.0
 11
330.0
 21
-10123.0
 31
0.0
  0
LINE
  5
4B9
330
17
100
AcDbEntity
  8
CAT-PUNTO-INSERCION
100
AcDbLine
 10
270.0
 20
-10183.0
 30
0.0
 11
270.0
 21
-10063.0
 31
0.0
  0
CIRCLE
  5
4BA
330
17
100
AcDbEntity
  8
CAT-PUNTO-INSERCION
100
AcDbCircle
 10
270.0
 20
-10123.0
 30
0.0
 40
27.0
  0
TEXT
  5
4BB
330
17
100
AcDbEntity
  8
CAT-TEXTOS
100
AcDbText
 10
0.0
 20
-10743.0
 30
0.0
 40
75.0
  1
MONITOR_TECLADO
  7
MOB_TEXTO
 11
0.0
 21
-10743.0
 31
0.0
100
AcDbText
  0
TEXT
  5
4BC
330
17
100
AcDbEntity
  8
CAT-TEXTOS
100
AcDbText
 10
0.0
 20
-10873.0
 30
0.0
 40
60.0
  1
Monitor, teclado y ratón (P.I. = trasera de la mesa)
  7
MOB_TEXTO
 11
0.0
 21
-10873.0
 31
0.0
100
AcDbText
  0
INSERT
  5
4BD
330
17
100
AcDbEntity
  8
CAT-BLOQUES
100
AcDbBlockReference
  2
PORTATIL
 10
2617.2000000000003
 20
-10333.0
 30
0.0
  0
LINE
  5
4BF
330
17
100
AcDbEntity
  8
CAT-PUNTO-INSERCION
100
AcDbLine
 10
2557.2000000000003
 20
-10333.0
 30
0.0
 11
2677.2000000000003
 21
-10333.0
 31
0.0
  0
LINE
  5
4C0
330
17
100
AcDbEntity
  8
CAT-PUNTO-INSERCION
100
AcDbLine
 10
2617.2000000000003
 20
-10393.0
 30
0.0
 11
2617.2000000000003
 21
-10273.0
 31
0.0
  0
CIRCLE
  5
4C1
330
17
100
AcDbEntity
  8
CAT-PUNTO-INSERCION
100
AcDbCircle
 10
2617.2000000000003
 20
-10333.0
 30
0.0
 40
27.0
  0
TEXT
  5
4C2
330
17
100
AcDbEntity
  8
CAT-TEXTOS
100
AcDbText
 10
2447.2000000000003
 20
-10768.0
 30
0.0
 40
75.0
  1
PORTATIL
  7
MOB_TEXTO
 11
2447.2000000000003
 21
-10768.0
 31
0.0
100
AcDbText
  0
TEXT
  5
4C3
330
17
100
AcDbEntity
  8
CAT-TEXTOS
100
AcDbText
 10
2447.2000000000003
 20
-10898.0
 30
0.0
 40
60.0
  1
Portátil abierto 34 x 24 cm
  7
MOB_TEXTO
 11
2447.2000000000003
 21
-10898.0
 31
0.0
100
AcDbText
  0
INSERT
  5
4C4
330
17
100
AcDbEntity
  8
CAT-BLOQUES
100
AcDbBlockReference
  2
PAPELERA_D30
 10
4204.400000000001
 20
-10408.0
 30
0.0
  0
LINE
  5
4C6
330
17
100
AcDbEntity
  8
CAT-PUNTO-INSERCION
100
AcDbLine
 10
4144.400000000001
 20
-10408.0
 30
0.0
 11
4264.400000000001
 21
-10408.0
 31
0.0
  0
LINE
  5
4C7
330
17
100
AcDbEntity
  8
CAT-PUNTO-INSERCION
100
AcDbLine
 10
4204.400000000001
 20
-10468.0
 30
0.0
 11
4204.400000000001
 21
-10348.0
 31
0.0
  0
CIRCLE
  5
4C8
330
17
100
AcDbEntity
  8
CAT-PUNTO-INSERCION
100
AcDbCircle
 10
4204.400000000001
 20
-10408.0
 30
0.0
 40
27.0
  0
TEXT
  5
4C9
330
17
100
AcDbEntity
  8
CAT-TEXTOS
100
AcDbText
 10
4054.4000000000005
 20
-10758.0
 30
0.0
 40
75.0
  1
PAPELERA_D30
  7
MOB_TEXTO
 11
4054.4000000000005
 21
-10758.0
 31
0.0
100
AcDbText
  0
TEXT
  5
4CA
330
17
100
AcDbEntity
  8
CAT-TEXTOS
100
AcDbText
 10
4054.4000000000005
 20
-10888.0
 30
0.0
 40
60.0
  1
Papelera Ø30 cm
  7
MOB_TEXTO
 11
4054.4000000000005
 21
-10888.0
 31
0.0
100
AcDbText
  0
INSERT
  5
4CB
330
17
100
AcDbEntity
  8
CAT-BLOQUES
100
AcDbBlockReference
  2
PERCHERO_D50
 10
5616.400000000001
 20
-10508.0
 30
0.0
  0
LINE
  5
4CD
330
17
100
AcDbEntity
  8
CAT-PUNTO-INSERCION
100
AcDbLine
 10
5556.400000000001
 20
-10508.0
 30
0.0
 11
5676.400000000001
 21
-10508.0
 31
0.0
  0
LINE
  5
4CE
330
17
100
AcDbEntity
  8
CAT-PUNTO-INSERCION
100
AcDbLine
 10
5616.400000000001
 20
-10568.0
 30
0.0
 11
5616.400000000001
 21
-10448.0
 31
0.0
  0
CIRCLE
  5
4CF
330
17
100
AcDbEntity
  8
CAT-PUNTO-INSERCION
100
AcDbCircle
 10
5616.400000000001
 20
-10508.0
 30
0.0
 40
27.0
  0
TEXT
  5
4D0
330
17
100
AcDbEntity
  8
CAT-TEXTOS
100
AcDbText
 10
5366.400000000001
 20
-10958.0
 30
0.0
 40
75.0
  1
PERCHERO_D50
  7
MOB_TEXTO
 11
5366.400000000001
 21
-10958.0
 31
0.0
100
AcDbText
  0
TEXT
  5
4D1
330
17
100
AcDbEntity
  8
CAT-TEXTOS
100
AcDbText
 10
5366.400000000001
 20
-11088.0
 30
0.0
 40
60.0
  1
Perchero de pie Ø50 cm
  7
MOB_TEXTO
 11
5366.400000000001
 21
-11088.0
 31
0.0
100
AcDbText
  0
TEXT
  5
4D2
330
17
100
AcDbEntity
  8
CAT-TITULOS
100
AcDbText
 10
0.0
 20
-11858.0
 30
0.0
 40
200.0
  1
CONJUNTOS
  7
MOB_TEXTO
 11
0.0
 21
-11858.0
 31
0.0
100
AcDbText
  0
INSERT
  5
4D3
330
17
100
AcDbEntity
  8
CAT-BLOQUES
100
AcDbBlockReference
  2
PUESTO_TRABAJO_160x80
 10
800.0
 20
-12358.0
 30
0.0
  0
LINE
  5
4D5
330
17
100
AcDbEntity
  8
CAT-PUNTO-INSERCION
100
AcDbLine
 10
740.0
 20
-12358.0
 30
0.0
 11
860.0
 21
-12358.0
 31
0.0
  0
LINE
  5
4D6
330
17
100
AcDbEntity
  8
CAT-PUNTO-INSERCION
100
AcDbLine
 10
800.0
 20
-12418.0
 30
0.0
 11
800.0
 21
-12298.0
 31
0.0
  0
CIRCLE
  5
4D7
330
17
100
AcDbEntity
  8
CAT-PUNTO-INSERCION
100
AcDbCircle
 10
800.0
 20
-12358.0
 30
0.0
 40
27.0
  0
TEXT
  5
4D8
330
17
100
AcDbEntity
  8
CAT-TEXTOS
100
AcDbText
 10
0.0
 20
-13948.0
 30
0.0
 40
75.0
  1
PUESTO_TRABAJO_160x80
  7
MOB_TEXTO
 11
0.0
 21
-13948.0
 31
0.0
100
AcDbText
  0
TEXT
  5
4D9
330
17
100
AcDbEntity
  8
CAT-TEXTOS
100
AcDbText
 10
0.0
 20
-14078.0
 30
0.0
 40
60.0
  1
Mesa 160x80, silla operativa y ordenador
  7
MOB_TEXTO
 11
0.0
 21
-14078.0
 31
0.0
100
AcDbText
  0
INSERT
  5
4DA
330
17
100
AcDbEntity
  8
CAT-BLOQUES
100
AcDbBlockReference
  2
CONJUNTO_REUNION_6P
 10
3905.0
 20
-13463.0
 30
0.0
  0
LINE
  5
4DC
330
17
100
AcDbEntity
  8
CAT-PUNTO-INSERCION
100
AcDbLine
 10
3845.0
 20
-13463.0
 30
0.0
 11
3965.0
 21
-13463.0
 31
0.0
  0
LINE
  5
4DD
330
17
100
AcDbEntity
  8
CAT-PUNTO-INSERCION
100
AcDbLine
 10
3905.0
 20
-13523.0
 30
0.0
 11
3905.0
 21
-13403.0
 31
0.0
  0
CIRCLE
  5
4DE
330
17
100
AcDbEntity
  8
CAT-PUNTO-INSERCION
100
AcDbCircle
 10
3905.0
 20
-13463.0
 30
0.0
 40
27.0
  0
TEXT
  5
4DF
330
17
100
AcDbEntity
  8
CAT-TEXTOS
100
AcDbText
 10
2300.0
 20
-14768.0
 30
0.0
 40
75.0
  1
CONJUNTO_REUNION_6P
  7
MOB_TEXTO
 11
2300.0
 21
-14768.0
 31
0.0
100
AcDbText
  0
TEXT
  5
4E0
330
17
100
AcDbEntity
  8
CAT-TEXTOS
100
AcDbText
 10
2300.0
 20
-14898.0
 30
0.0
 40
60.0
  1
Mesa 200x100 con 6 sillas de confidente
  7
MOB_TEXTO
 11
2300.0
 21
-14898.0
 31
0.0
100
AcDbText
  0
TEXT
  5
4E1
330
17
100
AcDbEntity
  8
CAT-TITULOS
100
AcDbText
 10
0.0
 20
-15668.0
 30
0.0
 40
200.0
  1
TELEVISIÓN
  7
MOB_TEXTO
 11
0.0
 21
-15668.0
 31
0.0
100
AcDbText
  0
INSERT
  5
4E2
330
17
100
AcDbEntity
  8
CAT-BLOQUES
100
AcDbBlockReference
  2
TV_43_PARED
 10
485.0
 20
-16168.0
 30
0.0
  0
LINE
  5
4E4
330
17
100
AcDbEntity
  8
CAT-PUNTO-INSERCION
100
AcDbLine
 10
425.0
 20
-16168.0
 30
0.0
 11
545.0
 21
-16168.0
 31
0.0
  0
LINE
  5
4E5
330
17
100
AcDbEntity
  8
CAT-PUNTO-INSERCION
100
AcDbLine
 10
485.0
 20
-16228.0
 30
0.0
 11
485.0
 21
-16108.0
 31
0.0
  0
CIRCLE
  5
4E6
330
17
100
AcDbEntity
  8
CAT-PUNTO-INSERCION
100
AcDbCircle
 10
485.0
 20
-16168.0
 30
0.0
 40
27.0
  0
TEXT
  5
4E7
330
17
100
AcDbEntity
  8
CAT-TEXTOS
100
AcDbText
 10
0.0
 20
-16430.0
 30
0.0
 40
75.0
  1
TV_43_PARED
  7
MOB_TEXTO
 11
0.0
 21
-16430.0
 31
0.0
100
AcDbText
  0
TEXT
  5
4E8
330
17
100
AcDbEntity
  8
CAT-TEXTOS
100
AcDbText
 10
0.0
 20
-16560.0
 30
0.0
 40
60.0
  1
TV de 43 pulgadas colgada en la pared
  7
MOB_TEXTO
 11
0.0
 21
-16560.0
 31
0.0
100
AcDbText
  0
INSERT
  5
4E9
330
17
100
AcDbEntity
  8
CAT-BLOQUES
100
AcDbBlockReference
  2
TV_55_PARED
 10
2560.7
 20
-16168.0
 30
0.0
  0
LINE
  5
4EB
330
17
100
AcDbEntity
  8
CAT-PUNTO-INSERCION
100
AcDbLine
 10
2500.7
 20
-16168.0
 30
0.0
 11
2620.7
 21
-16168.0
 31
0.0
  0
LINE
  5
4EC
330
17
100
AcDbEntity
  8
CAT-PUNTO-INSERCION
100
AcDbLine
 10
2560.7
 20
-16228.0
 30
0.0
 11
2560.7
 21
-16108.0
 31
0.0
  0
CIRCLE
  5
4ED
330
17
100
AcDbEntity
  8
CAT-PUNTO-INSERCION
100
AcDbCircle
 10
2560.7
 20
-16168.0
 30
0.0
 40
27.0
  0
TEXT
  5
4EE
330
17
100
AcDbEntity
  8
CAT-TEXTOS
100
AcDbText
 10
1943.2
 20
-16430.0
 30
0.0
 40
75.0
  1
TV_55_PARED
  7
MOB_TEXTO
 11
1943.2
 21
-16430.0
 31
0.0
100
AcDbText
  0
TEXT
  5
4EF
330
17
100
AcDbEntity
  8
CAT-TEXTOS
100
AcDbText
 10
1943.2
 20
-16560.0
 30
0.0
 40
60.0
  1
TV de 55 pulgadas colgada en la pared
  7
MOB_TEXTO
 11
1943.2
 21
-16560.0
 31
0.0
100
AcDbText
  0
INSERT
  5
4F0
330
17
100
AcDbEntity
  8
CAT-BLOQUES
100
AcDbBlockReference
  2
TV_65_PARED
 10
4611.4
 20
-16168.0
 30
0.0
  0
LINE
  5
4F2
330
17
100
AcDbEntity
  8
CAT-PUNTO-INSERCION
100
AcDbLine
 10
4551.4
 20
-16168.0
 30
0.0
 11
4671.4
 21
-16168.0
 31
0.0
  0
LINE
  5
4F3
330
17
100
AcDbEntity
  8
CAT-PUNTO-INSERCION
100
AcDbLine
 10
4611.4
 20
-16228.0
 30
0.0
 11
4611.4
 21
-16108.0
 31
0.0
  0
CIRCLE
  5
4F4
330
17
100
AcDbEntity
  8
CAT-PUNTO-INSERCION
100
AcDbCircle
 10
4611.4
 20
-16168.0
 30
0.0
 40
27.0
  0
TEXT
  5
4F5
330
17
100
AcDbEntity
  8
CAT-TEXTOS
100
AcDbText
 10
3886.4
 20
-16430.0
 30
0.0
 40
75.0
  1
TV_65_PARED
  7
MOB_TEXTO
 11
3886.4
 21
-16430.0
 31
0.0
100
AcDbText
  0
TEXT
  5
4F6
330
17
100
AcDbEntity
  8
CAT-TEXTOS
100
AcDbText
 10
3886.4
 20
-16560.0
 30
0.0
 40
60.0
  1
TV de 65 pulgadas colgada en la pared
  7
MOB_TEXTO
 11
3886.4
 21
-16560.0
 31
0.0
100
AcDbText
  0
INSERT
  5
4F7
330
17
100
AcDbEntity
  8
CAT-BLOQUES
100
AcDbBlockReference
  2
TV_75_PARED
 10
6876.4
 20
-16168.0
 30
0.0
  0
LINE
  5
4F9
330
17
100
AcDbEntity
  8
CAT-PUNTO-INSERCION
100
AcDbLine
 10
6816.4
 20
-16168.0
 30
0.0
 11
6936.4
 21
-16168.0
 31
0.0
  0
LINE
  5
4FA
330
17
100
AcDbEntity
  8
CAT-PUNTO-INSERCION
100
AcDbLine
 10
6876.4
 20
-16228.0
 30
0.0
 11
6876.4
 21
-16108.0
 31
0.0
  0
CIRCLE
  5
4FB
330
17
100
AcDbEntity
  8
CAT-PUNTO-INSERCION
100
AcDbCircle
 10
6876.4
 20
-16168.0
 30
0.0
 40
27.0
  0
TEXT
  5
4FC
330
17
100
AcDbEntity
  8
CAT-TEXTOS
100
AcDbText
 10
6036.4
 20
-16430.0
 30
0.0
 40
75.0
  1
TV_75_PARED
  7
MOB_TEXTO
 11
6036.4
 21
-16430.0
 31
0.0
100
AcDbText
  0
TEXT
  5
4FD
330
17
100
AcDbEntity
  8
CAT-TEXTOS
100
AcDbText
 10
6036.4
 20
-16560.0
 30
0.0
 40
60.0
  1
TV de 75 pulgadas colgada en la pared
  7
MOB_TEXTO
 11
6036.4
 21
-16560.0
 31
0.0
100
AcDbText
  0
INSERT
  5
4FE
330
17
100
AcDbEntity
  8
CAT-BLOQUES
100
AcDbBlockReference
  2
TV_55_PIE
 10
9033.9
 20
-16108.0
 30
0.0
  0
LINE
  5
500
330
17
100
AcDbEntity
  8
CAT-PUNTO-INSERCION
100
AcDbLine
 10
8973.9
 20
-16108.0
 30
0.0
 11
9093.9
 21
-16108.0
 31
0.0
  0
LINE
  5
501
330
17
100
AcDbEntity
  8
CAT-PUNTO-INSERCION
100
AcDbLine
 10
9033.9
 20
-16168.0
 30
0.0
 11
9033.9
 21
-16048.0
 31
0.0
  0
CIRCLE
  5
502
330
17
100
AcDbEntity
  8
CAT-PUNTO-INSERCION
100
AcDbCircle
 10
9033.9
 20
-16108.0
 30
0.0
 40
27.0
  0
TEXT
  5
503
330
17
100
AcDbEntity
  8
CAT-TEXTOS
100
AcDbText
 10
8416.4
 20
-16563.0
 30
0.0
 40
75.0
  1
TV_55_PIE
  7
MOB_TEXTO
 11
8416.4
 21
-16563.0
 31
0.0
100
AcDbText
  0
TEXT
  5
504
330
17
100
AcDbEntity
  8
CAT-TEXTOS
100
AcDbText
 10
8416.4
 20
-16693.0
 30
0.0
 40
60.0
  1
TV de 55 pulgadas con pie (sobre mueble)
  7
MOB_TEXTO
 11
8416.4
 21
-16693.0
 31
0.0
100
AcDbText
  0
INSERT
  5
505
330
17
100
AcDbEntity
  8
CAT-BLOQUES
100
AcDbBlockReference
  2
MUEBLE_TV_180x40
 10
11360.4
 20
-16168.0
 30
0.0
  0
LINE
  5
507
330
17
100
AcDbEntity
  8
CAT-PUNTO-INSERCION
100
AcDbLine
 10
11300.4
 20
-16168.0
 30
0.0
 11
11420.4
 21
-16168.0
 31
0.0
  0
LINE
  5
508
330
17
100
AcDbEntity
  8
CAT-PUNTO-INSERCION
100
AcDbLine
 10
11360.4
 20
-16228.0
 30
0.0
 11
11360.4
 21
-16108.0
 31
0.0
  0
CIRCLE
  5
509
330
17
100
AcDbEntity
  8
CAT-PUNTO-INSERCION
100
AcDbCircle
 10
11360.4
 20
-16168.0
 30
0.0
 40
27.0
  0
TEXT
  5
50A
330
17
100
AcDbEntity
  8
CAT-TEXTOS
100
AcDbText
 10
10460.4
 20
-16768.0
 30
0.0
 40
75.0
  1
MUEBLE_TV_180x40
  7
MOB_TEXTO
 11
10460.4
 21
-16768.0
 31
0.0
100
AcDbText
  0
TEXT
  5
50B
330
17
100
AcDbEntity
  8
CAT-TEXTOS
100
AcDbText
 10
10460.4
 20
-16898.0
 30
0.0
 40
60.0
  1
Mueble de TV 180 x 40 cm
  7
MOB_TEXTO
 11
10460.4
 21
-16898.0
 31
0.0
100
AcDbText
  0
INSERT
  5
50C
330
17
100
AcDbEntity
  8
CAT-BLOQUES
100
AcDbBlockReference
  2
MUEBLE_TV_240x45
 10
14160.4
 20
-16168.0
 30
0.0
  0
LINE
  5
50E
330
17
100
AcDbEntity
  8
CAT-PUNTO-INSERCION
100
AcDbLine
 10
14100.4
 20
-16168.0
 30
0.0
 11
14220.4
 21
-16168.0
 31
0.0
  0
LINE
  5
50F
330
17
100
AcDbEntity
  8
CAT-PUNTO-INSERCION
100
AcDbLine
 10
14160.4
 20
-16228.0
 30
0.0
 11
14160.4
 21
-16108.0
 31
0.0
  0
CIRCLE
  5
510
330
17
100
AcDbEntity
  8
CAT-PUNTO-INSERCION
100
AcDbCircle
 10
14160.4
 20
-16168.0
 30
0.0
 40
27.0
  0
TEXT
  5
511
330
17
100
AcDbEntity
  8
CAT-TEXTOS
100
AcDbText
 10
12960.4
 20
-16818.0
 30
0.0
 40
75.0
  1
MUEBLE_TV_240x45
  7
MOB_TEXTO
 11
12960.4
 21
-16818.0
 31
0.0
100
AcDbText
  0
TEXT
  5
512
330
17
100
AcDbEntity
  8
CAT-TEXTOS
100
AcDbText
 10
12960.4
 20
-16948.0
 30
0.0
 40
60.0
  1
Mueble de TV 240 x 45 cm
  7
MOB_TEXTO
 11
12960.4
 21
-16948.0
 31
0.0
100
AcDbText
  0
TEXT
  5
513
330
17
100
AcDbEntity
  8
CAT-TITULOS
100
AcDbText
 10
0.0
 20
-17718.0
 30
0.0
 40
200.0
  1
SILLONES Y SOFÁS
  7
MOB_TEXTO
 11
0.0
 21
-17718.0
 31
0.0
100
AcDbText
  0
INSERT
  5
514
330
17
100
AcDbEntity
  8
CAT-BLOQUES
100
AcDbBlockReference
  2
SILLON_85x85
 10
425.0
 20
-18218.0
 30
0.0
  0
LINE
  5
516
330
17
100
AcDbEntity
  8
CAT-PUNTO-INSERCION
100
AcDbLine
 10
365.0
 20
-18218.0
 30
0.0
 11
485.0
 21
-18218.0
 31
0.0
  0
LINE
  5
517
330
17
100
AcDbEntity
  8
CAT-PUNTO-INSERCION
100
AcDbLine
 10
425.0
 20
-18278.0
 30
0.0
 11
425.0
 21
-18158.0
 31
0.0
  0
CIRCLE
  5
518
330
17
100
AcDbEntity
  8
CAT-PUNTO-INSERCION
100
AcDbCircle
 10
425.0
 20
-18218.0
 30
0.0
 40
27.0
  0
TEXT
  5
519
330
17
100
AcDbEntity
  8
CAT-TEXTOS
100
AcDbText
 10
0.0
 20
-19268.0
 30
0.0
 40
75.0
  1
SILLON_85x85
  7
MOB_TEXTO
 11
0.0
 21
-19268.0
 31
0.0
100
AcDbText
  0
TEXT
  5
51A
330
17
100
AcDbEntity
  8
CAT-TEXTOS
100
AcDbText
 10
0.0
 20
-19398.0
 30
0.0
 40
60.0
  1
Sillón tapizado 85 x 85 cm
  7
MOB_TEXTO
 11
0.0
 21
-19398.0
 31
0.0
100
AcDbText
  0
INSERT
  5
51B
330
17
100
AcDbEntity
  8
CAT-BLOQUES
100
AcDbBlockReference
  2
BUTACA_70x75
 10
1923.6000000000001
 20
-18218.0
 30
0.0
  0
LINE
  5
51D
330
17
100
AcDbEntity
  8
CAT-PUNTO-INSERCION
100
AcDbLine
 10
1863.6000000000001
 20
-18218.0
 30
0.0
 11
1983.6000000000001
 21
-18218.0
 31
0.0
  0
LINE
  5
51E
330
17
100
AcDbEntity
  8
CAT-PUNTO-INSERCION
100
AcDbLine
 10
1923.6000000000001
 20
-18278.0
 30
0.0
 11
1923.6000000000001
 21
-18158.0
 31
0.0
  0
CIRCLE
  5
51F
330
17
100
AcDbEntity
  8
CAT-PUNTO-INSERCION
100
AcDbCircle
 10
1923.6000000000001
 20
-18218.0
 30
0.0
 40
27.0
  0
TEXT
  5
520
330
17
100
AcDbEntity
  8
CAT-TEXTOS
100
AcDbText
 10
1573.6000000000001
 20
-19168.0
 30
0.0
 40
75.0
  1
BUTACA_70x75
  7
MOB_TEXTO
 11
1573.6000000000001
 21
-19168.0
 31
0.0
100
AcDbText
  0
TEXT
  5
521
330
17
100
AcDbEntity
  8
CAT-TEXTOS
100
AcDbText
 10
1573.6000000000001
 20
-19298.0
 30
0.0
 40
60.0
  1
Butaca envolvente 70 x 75 cm
  7
MOB_TEXTO
 11
1573.6000000000001
 21
-19298.0
 31
0.0
100
AcDbText
  0
INSERT
  5
522
330
17
100
AcDbEntity
  8
CAT-BLOQUES
100
AcDbBlockReference
  2
SOFA_2P_160x90
 10
4014.4000000000005
 20
-18218.0
 30
0.0
  0
LINE
  5
524
330
17
100
AcDbEntity
  8
CAT-PUNTO-INSERCION
100
AcDbLine
 10
3954.4000000000005
 20
-18218.0
 30
0.0
 11
4074.4000000000005
 21
-18218.0
 31
0.0
  0
LINE
  5
525
330
17
100
AcDbEntity
  8
CAT-PUNTO-INSERCION
100
AcDbLine
 10
4014.4000000000005
 20
-18278.0
 30
0.0
 11
4014.4000000000005
 21
-18158.0
 31
0.0
  0
CIRCLE
  5
526
330
17
100
AcDbEntity
  8
CAT-PUNTO-INSERCION
100
AcDbCircle
 10
4014.4000000000005
 20
-18218.0
 30
0.0
 40
27.0
  0
TEXT
  5
527
330
17
100
AcDbEntity
  8
CAT-TEXTOS
100
AcDbText
 10
3214.4000000000005
 20
-19318.0
 30
0.0
 40
75.0
  1
SOFA_2P_160x90
  7
MOB_TEXTO
 11
3214.4000000000005
 21
-19318.0
 31
0.0
100
AcDbText
  0
TEXT
  5
528
330
17
100
AcDbEntity
  8
CAT-TEXTOS
100
AcDbText
 10
3214.4000000000005
 20
-19448.0
 30
0.0
 40
60.0
  1
Sofá de 2 plazas 160 x 90 cm
  7
MOB_TEXTO
 11
3214.4000000000005
 21
-19448.0
 31
0.0
100
AcDbText
  0
INSERT
  5
529
330
17
100
AcDbEntity
  8
CAT-BLOQUES
100
AcDbBlockReference
  2
SOFA_3P_210x90
 10
6564.400000000001
 20
-18218.0
 30
0.0
  0
LINE
  5
52B
330
17
100
AcDbEntity
  8
CAT-PUNTO-INSERCION
100
AcDbLine
 10
6504.400000000001
 20
-18218.0
 30
0.0
 11
6624.400000000001
 21
-18218.0
 31
0.0
  0
LINE
  5
52C
330
17
100
AcDbEntity
  8
CAT-PUNTO-INSERCION
100
AcDbLine
 10
6564.400000000001
 20
-18278.0
 30
0.0
 11
6564.400000000001
 21
-18158.0
 31
0.0
  0
CIRCLE
  5
52D
330
17
100
AcDbEntity
  8
CAT-PUNTO-INSERCION
100
AcDbCircle
 10
6564.400000000001
 20
-18218.0
 30
0.0
 40
27.0
  0
TEXT
  5
52E
330
17
100
AcDbEntity
  8
CAT-TEXTOS
100
AcDbText
 10
5514.400000000001
 20
-19318.0
 30
0.0
 40
75.0
  1
SOFA_3P_210x90
  7
MOB_TEXTO
 11
5514.400000000001
 21
-19318.0
 31
0.0
100
AcDbText
  0
TEXT
  5
52F
330
17
100
AcDbEntity
  8
CAT-TEXTOS
100
AcDbText
 10
5514.400000000001
 20
-19448.0
 30
0.0
 40
60.0
  1
Sofá de 3 plazas 210 x 90 cm
  7
MOB_TEXTO
 11
5514.400000000001
 21
-19448.0
 31
0.0
100
AcDbText
  0
INSERT
  5
530
330
17
100
AcDbEntity
  8
CAT-BLOQUES
100
AcDbBlockReference
  2
SOFA_CHAISELONGUE_280x160
 10
9714.400000000001
 20
-18218.0
 30
0.0
  0
LINE
  5
532
330
17
100
AcDbEntity
  8
CAT-PUNTO-INSERCION
100
AcDbLine
 10
9654.400000000001
 20
-18218.0
 30
0.0
 11
9774.400000000001
 21
-18218.0
 31
0.0
  0
LINE
  5
533
330
17
100
AcDbEntity
  8
CAT-PUNTO-INSERCION
100
AcDbLine
 10
9714.400000000001
 20
-18278.0
 30
0.0
 11
9714.400000000001
 21
-18158.0
 31
0.0
  0
CIRCLE
  5
534
330
17
100
AcDbEntity
  8
CAT-PUNTO-INSERCION
100
AcDbCircle
 10
9714.400000000001
 20
-18218.0
 30
0.0
 40
27.0
  0
TEXT
  5
535
330
17
100
AcDbEntity
  8
CAT-TEXTOS
100
AcDbText
 10
8314.400000000001
 20
-20018.0
 30
0.0
 40
75.0
  1
SOFA_CHAISELONGUE_280x160
  7
MOB_TEXTO
 11
8314.400000000001
 21
-20018.0
 31
0.0
100
AcDbText
  0
TEXT
  5
536
330
17
100
AcDbEntity
  8
CAT-TEXTOS
100
AcDbText
 10
8314.400000000001
 20
-20148.0
 30
0.0
 40
60.0
  1
Sofá con chaise longue 280 x 160 cm
  7
MOB_TEXTO
 11
8314.400000000001
 21
-20148.0
 31
0.0
100
AcDbText
  0
TEXT
  5
537
330
17
100
AcDbEntity
  8
CAT-TITULOS
100
AcDbText
 10
0.0
 20
-20918.0
 30
0.0
 40
200.0
  1
MESAS BAJAS Y MESILLAS
  7
MOB_TEXTO
 11
0.0
 21
-20918.0
 31
0.0
100
AcDbText
  0
INSERT
  5
538
330
17
100
AcDbEntity
  8
CAT-BLOQUES
100
AcDbBlockReference
  2
MESA_CENTRO_120x60
 10
600.0
 20
-21718.0
 30
0.0
  0
LINE
  5
53A
330
17
100
AcDbEntity
  8
CAT-PUNTO-INSERCION
100
AcDbLine
 10
540.0
 20
-21718.0
 30
0.0
 11
660.0
 21
-21718.0
 31
0.0
  0
LINE
  5
53B
330
17
100
AcDbEntity
  8
CAT-PUNTO-INSERCION
100
AcDbLine
 10
600.0
 20
-21778.0
 30
0.0
 11
600.0
 21
-21658.0
 31
0.0
  0
CIRCLE
  5
53C
330
17
100
AcDbEntity
  8
CAT-PUNTO-INSERCION
100
AcDbCircle
 10
600.0
 20
-21718.0
 30
0.0
 40
27.0
  0
TEXT
  5
53D
330
17
100
AcDbEntity
  8
CAT-TEXTOS
100
AcDbText
 10
0.0
 20
-22218.0
 30
0.0
 40
75.0
  1
MESA_CENTRO_120x60
  7
MOB_TEXTO
 11
0.0
 21
-22218.0
 31
0.0
100
AcDbText
  0
TEXT
  5
53E
330
17
100
AcDbEntity
  8
CAT-TEXTOS
100
AcDbText
 10
0.0
 20
-22348.0
 30
0.0
 40
60.0
  1
Mesa de centro 120 x 60 cm
  7
MOB_TEXTO
 11
0.0
 21
-22348.0
 31
0.0
100
AcDbText
  0
INSERT
  5
53F
330
17
100
AcDbEntity
  8
CAT-BLOQUES
100
AcDbBlockReference
  2
MESA_CENTRO_D80
 10
2300.0
 20
-21818.0
 30
0.0
  0
LINE
  5
541
330
17
100
AcDbEntity
  8
CAT-PUNTO-INSERCION
100
AcDbLine
 10
2240.0
 20
-21818.0
 30
0.0
 11
2360.0
 21
-21818.0
 31
0.0
  0
LINE
  5
542
330
17
100
AcDbEntity
  8
CAT-PUNTO-INSERCION
100
AcDbLine
 10
2300.0
 20
-21878.0
 30
0.0
 11
2300.0
 21
-21758.0
 31
0.0
  0
CIRCLE
  5
543
330
17
100
AcDbEntity
  8
CAT-PUNTO-INSERCION
100
AcDbCircle
 10
2300.0
 20
-21818.0
 30
0.0
 40
27.0
  0
TEXT
  5
544
330
17
100
AcDbEntity
  8
CAT-TEXTOS
100
AcDbText
 10
1900.0
 20
-22418.0
 30
0.0
 40
75.0
  1
MESA_CENTRO_D80
  7
MOB_TEXTO
 11
1900.0
 21
-22418.0
 31
0.0
100
AcDbText
  0
TEXT
  5
545
330
17
100
AcDbEntity
  8
CAT-TEXTOS
100
AcDbText
 10
1900.0
 20
-22548.0
 30
0.0
 40
60.0
  1
Mesa de centro redonda Ø80 cm
  7
MOB_TEXTO
 11
1900.0
 21
-22548.0
 31
0.0
100
AcDbText
  0
INSERT
  5
546
330
17
100
AcDbEntity
  8
CAT-BLOQUES
100
AcDbBlockReference
  2
MESA_AUXILIAR_50x50
 10
3824.4
 20
-21668.0
 30
0.0
  0
LINE
  5
548
330
17
100
AcDbEntity
  8
CAT-PUNTO-INSERCION
100
AcDbLine
 10
3764.4
 20
-21668.0
 30
0.0
 11
3884.4
 21
-21668.0
 31
0.0
  0
LINE
  5
549
330
17
100
AcDbEntity
  8
CAT-PUNTO-INSERCION
100
AcDbLine
 10
3824.4
 20
-21728.0
 30
0.0
 11
3824.4
 21
-21608.0
 31
0.0
  0
CIRCLE
  5
54A
330
17
100
AcDbEntity
  8
CAT-PUNTO-INSERCION
100
AcDbCircle
 10
3824.4
 20
-21668.0
 30
0.0
 40
27.0
  0
TEXT
  5
54B
330
17
100
AcDbEntity
  8
CAT-TEXTOS
100
AcDbText
 10
3574.4
 20
-22118.0
 30
0.0
 40
75.0
  1
MESA_AUXILIAR_50x50
  7
MOB_TEXTO
 11
3574.4
 21
-22118.0
 31
0.0
100
AcDbText
  0
TEXT
  5
54C
330
17
100
AcDbEntity
  8
CAT-TEXTOS
100
AcDbText
 10
3574.4
 20
-22248.0
 30
0.0
 40
60.0
  1
Mesa auxiliar 50 x 50 cm
  7
MOB_TEXTO
 11
3574.4
 21
-22248.0
 31
0.0
100
AcDbText
  0
INSERT
  5
54D
330
17
100
AcDbEntity
  8
CAT-BLOQUES
100
AcDbBlockReference
  2
MESA_AUXILIAR_D45
 10
5468.4
 20
-21643.0
 30
0.0
  0
LINE
  5
54F
330
17
100
AcDbEntity
  8
CAT-PUNTO-INSERCION
100
AcDbLine
 10
5408.4
 20
-21643.0
 30
0.0
 11
5528.4
 21
-21643.0
 31
0.0
  0
LINE
  5
550
330
17
100
AcDbEntity
  8
CAT-PUNTO-INSERCION
100
AcDbLine
 10
5468.4
 20
-21703.0
 30
0.0
 11
5468.4
 21
-21583.0
 31
0.0
  0
CIRCLE
  5
551
330
17
100
AcDbEntity
  8
CAT-PUNTO-INSERCION
100
AcDbCircle
 10
5468.4
 20
-21643.0
 30
0.0
 40
27.0
  0
TEXT
  5
552
330
17
100
AcDbEntity
  8
CAT-TEXTOS
100
AcDbText
 10
5243.4
 20
-22068.0
 30
0.0
 40
75.0
  1
MESA_AUXILIAR_D45
  7
MOB_TEXTO
 11
5243.4
 21
-22068.0
 31
0.0
100
AcDbText
  0
TEXT
  5
553
330
17
100
AcDbEntity
  8
CAT-TEXTOS
100
AcDbText
 10
5243.4
 20
-22198.0
 30
0.0
 40
60.0
  1
Mesa auxiliar redonda Ø45 cm
  7
MOB_TEXTO
 11
5243.4
 21
-22198.0
 31
0.0
100
AcDbText
  0
INSERT
  5
554
330
17
100
AcDbEntity
  8
CAT-BLOQUES
100
AcDbBlockReference
  2
MESILLA_NOCHE_50x40
 10
7134.2
 20
-21418.0
 30
0.0
  0
LINE
  5
556
330
17
100
AcDbEntity
  8
CAT-PUNTO-INSERCION
100
AcDbLine
 10
7074.2
 20
-21418.0
 30
0.0
 11
7194.2
 21
-21418.0
 31
0.0
  0
LINE
  5
557
330
17
100
AcDbEntity
  8
CAT-PUNTO-INSERCION
100
AcDbLine
 10
7134.2
 20
-21478.0
 30
0.0
 11
7134.2
 21
-21358.0
 31
0.0
  0
CIRCLE
  5
558
330
17
100
AcDbEntity
  8
CAT-PUNTO-INSERCION
100
AcDbCircle
 10
7134.2
 20
-21418.0
 30
0.0
 40
27.0
  0
TEXT
  5
559
330
17
100
AcDbEntity
  8
CAT-TEXTOS
100
AcDbText
 10
6884.2
 20
-22028.0
 30
0.0
 40
75.0
  1
MESILLA_NOCHE_50x40
  7
MOB_TEXTO
 11
6884.2
 21
-22028.0
 31
0.0
100
AcDbText
  0
TEXT
  5
55A
330
17
100
AcDbEntity
  8
CAT-TEXTOS
100
AcDbText
 10
6884.2
 20
-22158.0
 30
0.0
 40
60.0
  1
Mesilla de noche 50 x 40 cm
  7
MOB_TEXTO
 11
6884.2
 21
-22158.0
 31
0.0
100
AcDbText
  0
TEXT
  5
55B
330
17
100
AcDbEntity
  8
CAT-TITULOS
100
AcDbText
 10
0.0
 20
-23318.0
 30
0.0
 40
200.0
  1
ALFOMBRAS
  7
MOB_TEXTO
 11
0.0
 21
-23318.0
 31
0.0
100
AcDbText
  0
INSERT
  5
55C
330
17
100
AcDbEntity
  8
CAT-BLOQUES
100
AcDbBlockReference
  2
ALFOMBRA_120x170
 10
900.0
 20
-24418.0
 30
0.0
  0
LINE
  5
55E
330
17
100
AcDbEntity
  8
CAT-PUNTO-INSERCION
100
AcDbLine
 10
840.0
 20
-24418.0
 30
0.0
 11
960.0
 21
-24418.0
 31
0.0
  0
LINE
  5
55F
330
17
100
AcDbEntity
  8
CAT-PUNTO-INSERCION
100
AcDbLine
 10
900.0
 20
-24478.0
 30
0.0
 11
900.0
 21
-24358.0
 31
0.0
  0
CIRCLE
  5
560
330
17
100
AcDbEntity
  8
CAT-PUNTO-INSERCION
100
AcDbCircle
 10
900.0
 20
-24418.0
 30
0.0
 40
27.0
  0
TEXT
  5
561
330
17
100
AcDbEntity
  8
CAT-TEXTOS
100
AcDbText
 10
0.0
 20
-25218.0
 30
0.0
 40
75.0
  1
ALFOMBRA_120x170
  7
MOB_TEXTO
 11
0.0
 21
-25218.0
 31
0.0
100
AcDbText
  0
TEXT
  5
562
330
17
100
AcDbEntity
  8
CAT-TEXTOS
100
AcDbText
 10
0.0
 20
-25348.0
 30
0.0
 40
60.0
  1
Alfombra 120 x 170 cm
  7
MOB_TEXTO
 11
0.0
 21
-25348.0
 31
0.0
100
AcDbText
  0
INSERT
  5
563
330
17
100
AcDbEntity
  8
CAT-BLOQUES
100
AcDbBlockReference
  2
ALFOMBRA_160x230
 10
3700.0
 20
-24618.0
 30
0.0
  0
LINE
  5
565
330
17
100
AcDbEntity
  8
CAT-PUNTO-INSERCION
100
AcDbLine
 10
3640.0
 20
-24618.0
 30
0.0
 11
3760.0
 21
-24618.0
 31
0.0
  0
LINE
  5
566
330
17
100
AcDbEntity
  8
CAT-PUNTO-INSERCION
100
AcDbLine
 10
3700.0
 20
-24678.0
 30
0.0
 11
3700.0
 21
-24558.0
 31
0.0
  0
CIRCLE
  5
567
330
17
100
AcDbEntity
  8
CAT-PUNTO-INSERCION
100
AcDbCircle
 10
3700.0
 20
-24618.0
 30
0.0
 40
27.0
  0
TEXT
  5
568
330
17
100
AcDbEntity
  8
CAT-TEXTOS
100
AcDbText
 10
2500.0
 20
-25618.0
 30
0.0
 40
75.0
  1
ALFOMBRA_160x230
  7
MOB_TEXTO
 11
2500.0
 21
-25618.0
 31
0.0
100
AcDbText
  0
TEXT
  5
569
330
17
100
AcDbEntity
  8
CAT-TEXTOS
100
AcDbText
 10
2500.0
 20
-25748.0
 30
0.0
 40
60.0
  1
Alfombra 160 x 230 cm
  7
MOB_TEXTO
 11
2500.0
 21
-25748.0
 31
0.0
100
AcDbText
  0
INSERT
  5
56A
330
17
100
AcDbEntity
  8
CAT-BLOQUES
100
AcDbBlockReference
  2
ALFOMBRA_200x300
 10
7150.0
 20
-24818.0
 30
0.0
  0
LINE
  5
56C
330
17
100
AcDbEntity
  8
CAT-PUNTO-INSERCION
100
AcDbLine
 10
7090.0
 20
-24818.0
 30
0.0
 11
7210.0
 21
-24818.0
 31
0.0
  0
LINE
  5
56D
330
17
100
AcDbEntity
  8
CAT-PUNTO-INSERCION
100
AcDbLine
 10
7150.0
 20
-24878.0
 30
0.0
 11
7150.0
 21
-24758.0
 31
0.0
  0
CIRCLE
  5
56E
330
17
100
AcDbEntity
  8
CAT-PUNTO-INSERCION
100
AcDbCircle
 10
7150.0
 20
-24818.0
 30
0.0
 40
27.0
  0
TEXT
  5
56F
330
17
100
AcDbEntity
  8
CAT-TEXTOS
100
AcDbText
 10
5600.0
 20
-26018.0
 30
0.0
 40
75.0
  1
ALFOMBRA_200x300
  7
MOB_TEXTO
 11
5600.0
 21
-26018.0
 31
0.0
100
AcDbText
  0
TEXT
  5
570
330
17
100
AcDbEntity
  8
CAT-TEXTOS
100
AcDbText
 10
5600.0
 20
-26148.0
 30
0.0
 40
60.0
  1
Alfombra 200 x 300 cm
  7
MOB_TEXTO
 11
5600.0
 21
-26148.0
 31
0.0
100
AcDbText
  0
INSERT
  5
571
330
17
100
AcDbEntity
  8
CAT-BLOQUES
100
AcDbBlockReference
  2
ALFOMBRA_240x340
 10
11150.0
 20
-25018.0
 30
0.0
  0
LINE
  5
573
330
17
100
AcDbEntity
  8
CAT-PUNTO-INSERCION
100
AcDbLine
 10
11090.0
 20
-25018.0
 30
0.0
 11
11210.0
 21
-25018.0
 31
0.0
  0
LINE
  5
574
330
17
100
AcDbEntity
  8
CAT-PUNTO-INSERCION
100
AcDbLine
 10
11150.0
 20
-25078.0
 30
0.0
 11
11150.0
 21
-24958.0
 31
0.0
  0
CIRCLE
  5
575
330
17
100
AcDbEntity
  8
CAT-PUNTO-INSERCION
100
AcDbCircle
 10
11150.0
 20
-25018.0
 30
0.0
 40
27.0
  0
TEXT
  5
576
330
17
100
AcDbEntity
  8
CAT-TEXTOS
100
AcDbText
 10
9400.0
 20
-26418.0
 30
0.0
 40
75.0
  1
ALFOMBRA_240x340
  7
MOB_TEXTO
 11
9400.0
 21
-26418.0
 31
0.0
100
AcDbText
  0
TEXT
  5
577
330
17
100
AcDbEntity
  8
CAT-TEXTOS
100
AcDbText
 10
9400.0
 20
-26548.0
 30
0.0
 40
60.0
  1
Alfombra 240 x 340 cm
  7
MOB_TEXTO
 11
9400.0
 21
-26548.0
 31
0.0
100
AcDbText
  0
INSERT
  5
578
330
17
100
AcDbEntity
  8
CAT-BLOQUES
100
AcDbBlockReference
  2
ALFOMBRA_D160
 10
14400.0
 20
-24618.0
 30
0.0
  0
LINE
  5
57A
330
17
100
AcDbEntity
  8
CAT-PUNTO-INSERCION
100
AcDbLine
 10
14340.0
 20
-24618.0
 30
0.0
 11
14460.0
 21
-24618.0
 31
0.0
  0
LINE
  5
57B
330
17
100
AcDbEntity
  8
CAT-PUNTO-INSERCION
100
AcDbLine
 10
14400.0
 20
-24678.0
 30
0.0
 11
14400.0
 21
-24558.0
 31
0.0
  0
CIRCLE
  5
57C
330
17
100
AcDbEntity
  8
CAT-PUNTO-INSERCION
100
AcDbCircle
 10
14400.0
 20
-24618.0
 30
0.0
 40
27.0
  0
TEXT
  5
57D
330
17
100
AcDbEntity
  8
CAT-TEXTOS
100
AcDbText
 10
13600.0
 20
-25618.0
 30
0.0
 40
75.0
  1
ALFOMBRA_D160
  7
MOB_TEXTO
 11
13600.0
 21
-25618.0
 31
0.0
100
AcDbText
  0
TEXT
  5
57E
330
17
100
AcDbEntity
  8
CAT-TEXTOS
100
AcDbText
 10
13600.0
 20
-25748.0
 30
0.0
 40
60.0
  1
Alfombra redonda Ø160 cm
  7
MOB_TEXTO
 11
13600.0
 21
-25748.0
 31
0.0
100
AcDbText
  0
INSERT
  5
57F
330
17
100
AcDbEntity
  8
CAT-BLOQUES
100
AcDbBlockReference
  2
ALFOMBRA_D200
 10
16900.0
 20
-24818.0
 30
0.0
  0
LINE
  5
581
330
17
100
AcDbEntity
  8
CAT-PUNTO-INSERCION
100
AcDbLine
 10
16840.0
 20
-24818.0
 30
0.0
 11
16960.0
 21
-24818.0
 31
0.0
  0
LINE
  5
582
330
17
100
AcDbEntity
  8
CAT-PUNTO-INSERCION
100
AcDbLine
 10
16900.0
 20
-24878.0
 30
0.0
 11
16900.0
 21
-24758.0
 31
0.0
  0
CIRCLE
  5
583
330
17
100
AcDbEntity
  8
CAT-PUNTO-INSERCION
100
AcDbCircle
 10
16900.0
 20
-24818.0
 30
0.0
 40
27.0
  0
TEXT
  5
584
330
17
100
AcDbEntity
  8
CAT-TEXTOS
100
AcDbText
 10
15900.0
 20
-26018.0
 30
0.0
 40
75.0
  1
ALFOMBRA_D200
  7
MOB_TEXTO
 11
15900.0
 21
-26018.0
 31
0.0
100
AcDbText
  0
TEXT
  5
585
330
17
100
AcDbEntity
  8
CAT-TEXTOS
100
AcDbText
 10
15900.0
 20
-26148.0
 30
0.0
 40
60.0
  1
Alfombra redonda Ø200 cm
  7
MOB_TEXTO
 11
15900.0
 21
-26148.0
 31
0.0
100
AcDbText
  0
TEXT
  5
586
330
17
100
AcDbEntity
  8
CAT-TITULOS
100
AcDbText
 10
0.0
 20
-27318.0
 30
0.0
 40
200.0
  1
ARMARIOS EMPOTRADOS
  7
MOB_TEXTO
 11
0.0
 21
-27318.0
 31
0.0
100
AcDbText
  0
INSERT
  5
587
330
17
100
AcDbEntity
  8
CAT-BLOQUES
100
AcDbBlockReference
  2
ARMARIO_EMP_BATIENTE_2H_100x60
 10
20.0
 20
-28418.0
 30
0.0
  0
LINE
  5
589
330
17
100
AcDbEntity
  8
CAT-PUNTO-INSERCION
100
AcDbLine
 10
-40.0
 20
-28418.0
 30
0.0
 11
80.0
 21
-28418.0
 31
0.0
  0
LINE
  5
58A
330
17
100
AcDbEntity
  8
CAT-PUNTO-INSERCION
100
AcDbLine
 10
20.0
 20
-28478.0
 30
0.0
 11
20.0
 21
-28358.0
 31
0.0
  0
CIRCLE
  5
58B
330
17
100
AcDbEntity
  8
CAT-PUNTO-INSERCION
100
AcDbCircle
 10
20.0
 20
-28418.0
 30
0.0
 40
27.0
  0
TEXT
  5
58C
330
17
100
AcDbEntity
  8
CAT-TEXTOS
100
AcDbText
 10
0.0
 20
-29049.5
 30
0.0
 40
75.0
  1
ARMARIO_EMP_BATIENTE_2H_100x60
  7
MOB_TEXTO
 11
0.0
 21
-29049.5
 31
0.0
100
AcDbText
  0
TEXT
  5
58D
330
17
100
AcDbEntity
  8
CAT-TEXTOS
100
AcDbText
 10
0.0
 20
-29179.5
 30
0.0
 40
60.0
  1
Empotrado 2 puertas batientes, hueco 100 x 60 cm
  7
MOB_TEXTO
 11
0.0
 21
-29179.5
 31
0.0
100
AcDbText
  0
INSERT
  5
58E
330
17
100
AcDbEntity
  8
CAT-BLOQUES
100
AcDbBlockReference
  2
ARMARIO_EMP_BATIENTE_3H_150x60
 10
2332.8
 20
-28418.0
 30
0.0
  0
LINE
  5
590
330
17
100
AcDbEntity
  8
CAT-PUNTO-INSERCION
100
AcDbLine
 10
2272.8
 20
-28418.0
 30
0.0
 11
2392.8
 21
-28418.0
 31
0.0
  0
LINE
  5
591
330
17
100
AcDbEntity
  8
CAT-PUNTO-INSERCION
100
AcDbLine
 10
2332.8
 20
-28478.0
 30
0.0
 11
2332.8
 21
-28358.0
 31
0.0
  0
CIRCLE
  5
592
330
17
100
AcDbEntity
  8
CAT-PUNTO-INSERCION
100
AcDbCircle
 10
2332.8
 20
-28418.0
 30
0.0
 40
27.0
  0
TEXT
  5
593
330
17
100
AcDbEntity
  8
CAT-TEXTOS
100
AcDbText
 10
2312.8
 20
-29071.333333333332
 30
0.0
 40
75.0
  1
ARMARIO_EMP_BATIENTE_3H_150x60
  7
MOB_TEXTO
 11
2312.8
 21
-29071.333333333332
 31
0.0
100
AcDbText
  0
TEXT
  5
594
330
17
100
AcDbEntity
  8
CAT-TEXTOS
100
AcDbText
 10
2312.8
 20
-29201.333333333332
 30
0.0
 40
60.0
  1
Empotrado 3 puertas batientes, hueco 150 x 60 cm
  7
MOB_TEXTO
 11
2312.8
 21
-29201.333333333332
 31
0.0
100
AcDbText
  0
INSERT
  5
595
330
17
100
AcDbEntity
  8
CAT-BLOQUES
100
AcDbBlockReference
  2
ARMARIO_EMP_BATIENTE_4H_200x60
 10
4645.6
 20
-28418.0
 30
0.0
  0
LINE
  5
597
330
17
100
AcDbEntity
  8
CAT-PUNTO-INSERCION
100
AcDbLine
 10
4585.6
 20
-28418.0
 30
0.0
 11
4705.6
 21
-28418.0
 31
0.0
  0
LINE
  5
598
330
17
100
AcDbEntity
  8
CAT-PUNTO-INSERCION
100
AcDbLine
 10
4645.6
 20
-28478.0
 30
0.0
 11
4645.6
 21
-28358.0
 31
0.0
  0
CIRCLE
  5
599
330
17
100
AcDbEntity
  8
CAT-PUNTO-INSERCION
100
AcDbCircle
 10
4645.6
 20
-28418.0
 30
0.0
 40
27.0
  0
TEXT
  5
59A
330
17
100
AcDbEntity
  8
CAT-TEXTOS
100
AcDbText
 10
4625.6
 20
-29082.25
 30
0.0
 40
75.0
  1
ARMARIO_EMP_BATIENTE_4H_200x60
  7
MOB_TEXTO
 11
4625.6
 21
-29082.25
 31
0.0
100
AcDbText
  0
TEXT
  5
59B
330
17
100
AcDbEntity
  8
CAT-TEXTOS
100
AcDbText
 10
4625.6
 20
-29212.25
 30
0.0
 40
60.0
  1
Empotrado 4 puertas batientes, hueco 200 x 60 cm
  7
MOB_TEXTO
 11
4625.6
 21
-29212.25
 31
0.0
100
AcDbText
  0
INSERT
  5
59C
330
17
100
AcDbEntity
  8
CAT-BLOQUES
100
AcDbBlockReference
  2
ARMARIO_EMP_CORREDERA_2H_180x60
 10
7385.6
 20
-28418.0
 30
0.0
  0
LINE
  5
59E
330
17
100
AcDbEntity
  8
CAT-PUNTO-INSERCION
100
AcDbLine
 10
7325.6
 20
-28418.0
 30
0.0
 11
7445.6
 21
-28418.0
 31
0.0
  0
LINE
  5
59F
330
17
100
AcDbEntity
  8
CAT-PUNTO-INSERCION
100
AcDbLine
 10
7385.6
 20
-28478.0
 30
0.0
 11
7385.6
 21
-28358.0
 31
0.0
  0
CIRCLE
  5
5A0
330
17
100
AcDbEntity
  8
CAT-PUNTO-INSERCION
100
AcDbCircle
 10
7385.6
 20
-28418.0
 30
0.0
 40
27.0
  0
TEXT
  5
5A1
330
17
100
AcDbEntity
  8
CAT-TEXTOS
100
AcDbText
 10
7365.6
 20
-28715.5
 30
0.0
 40
75.0
  1
ARMARIO_EMP_CORREDERA_2H_180x60
  7
MOB_TEXTO
 11
7365.6
 21
-28715.5
 31
0.0
100
AcDbText
  0
TEXT
  5
5A2
330
17
100
AcDbEntity
  8
CAT-TEXTOS
100
AcDbText
 10
7365.6
 20
-28845.5
 30
0.0
 40
60.0
  1
Empotrado 2 puertas correderas, hueco 180 x 60 cm
  7
MOB_TEXTO
 11
7365.6
 21
-28845.5
 31
0.0
100
AcDbText
  0
INSERT
  5
5A3
330
17
100
AcDbEntity
  8
CAT-BLOQUES
100
AcDbBlockReference
  2
ARMARIO_EMP_CORREDERA_3H_240x60
 10
9925.6
 20
-28418.0
 30
0.0
  0
LINE
  5
5A5
330
17
100
AcDbEntity
  8
CAT-PUNTO-INSERCION
100
AcDbLine
 10
9865.6
 20
-28418.0
 30
0.0
 11
9985.6
 21
-28418.0
 31
0.0
  0
LINE
  5
5A6
330
17
100
AcDbEntity
  8
CAT-PUNTO-INSERCION
100
AcDbLine
 10
9925.6
 20
-28478.0
 30
0.0
 11
9925.6
 21
-28358.0
 31
0.0
  0
CIRCLE
  5
5A7
330
17
100
AcDbEntity
  8
CAT-PUNTO-INSERCION
100
AcDbCircle
 10
9925.6
 20
-28418.0
 30
0.0
 40
27.0
  0
TEXT
  5
5A8
330
17
100
AcDbEntity
  8
CAT-TEXTOS
100
AcDbText
 10
9905.6
 20
-28715.5
 30
0.0
 40
75.0
  1
ARMARIO_EMP_CORREDERA_3H_240x60
  7
MOB_TEXTO
 11
9905.6
 21
-28715.5
 31
0.0
100
AcDbText
  0
TEXT
  5
5A9
330
17
100
AcDbEntity
  8
CAT-TEXTOS
100
AcDbText
 10
9905.6
 20
-28845.5
 30
0.0
 40
60.0
  1
Empotrado 3 puertas correderas, hueco 240 x 60 cm
  7
MOB_TEXTO
 11
9905.6
 21
-28845.5
 31
0.0
100
AcDbText
  0
INSERT
  5
5AA
330
17
100
AcDbEntity
  8
CAT-BLOQUES
100
AcDbBlockReference
  2
DETALLE_ARMARIO_JAMBA
 10
13217.6
 20
-28090.0
 30
0.0
  0
LINE
  5
5AC
330
17
100
AcDbEntity
  8
CAT-PUNTO-INSERCION
100
AcDbLine
 10
13157.6
 20
-28090.0
 30
0.0
 11
13277.6
 21
-28090.0
 31
0.0
  0
LINE
  5
5AD
330
17
100
AcDbEntity
  8
CAT-PUNTO-INSERCION
100
AcDbLine
 10
13217.6
 20
-28150.0
 30
0.0
 11
13217.6
 21
-28030.0
 31
0.0
  0
CIRCLE
  5
5AE
330
17
100
AcDbEntity
  8
CAT-PUNTO-INSERCION
100
AcDbCircle
 10
13217.6
 20
-28090.0
 30
0.0
 40
27.0
  0
TEXT
  5
5AF
330
17
100
AcDbEntity
  8
CAT-TEXTOS
100
AcDbText
 10
13045.6
 20
-28368.566644340255
 30
0.0
 40
75.0
  1
DETALLE_ARMARIO_JAMBA
  7
MOB_TEXTO
 11
13045.6
 21
-28368.566644340255
 31
0.0
100
AcDbText
  0
TEXT
  5
5B0
330
17
100
AcDbEntity
  8
CAT-TEXTOS
100
AcDbText
 10
13045.6
 20
-28498.566644340255
 30
0.0
 40
60.0
  1
Detalle de jamba, tamaño real (para E 1:2 a 1:5)
  7
MOB_TEXTO
 11
13045.6
 21
-28498.566644340255
 31
0.0
100
AcDbText
  0
TEXT
  5
5B1
330
17
100
AcDbEntity
  8
CAT-TITULOS
100
AcDbText
 10
0.0
 20
-29982.25
 30
0.0
 40
200.0
  1
DECORACIÓN
  7
MOB_TEXTO
 11
0.0
 21
-29982.25
 31
0.0
100
AcDbText
  0
INSERT
  5
5B2
330
17
100
AcDbEntity
  8
CAT-BLOQUES
100
AcDbBlockReference
  2
APARADOR_160x45
 10
800.0
 20
-30482.25
 30
0.0
  0
LINE
  5
5B4
330
17
100
AcDbEntity
  8
CAT-PUNTO-INSERCION
100
AcDbLine
 10
740.0
 20
-30482.25
 30
0.0
 11
860.0
 21
-30482.25
 31
0.0
  0
LINE
  5
5B5
330
17
100
AcDbEntity
  8
CAT-PUNTO-INSERCION
100
AcDbLine
 10
800.0
 20
-30542.25
 30
0.0
 11
800.0
 21
-30422.25
 31
0.0
  0
CIRCLE
  5
5B6
330
17
100
AcDbEntity
  8
CAT-PUNTO-INSERCION
100
AcDbCircle
 10
800.0
 20
-30482.25
 30
0.0
 40
27.0
  0
TEXT
  5
5B7
330
17
100
AcDbEntity
  8
CAT-TEXTOS
100
AcDbText
 10
0.0
 20
-31132.25
 30
0.0
 40
75.0
  1
APARADOR_160x45
  7
MOB_TEXTO
 11
0.0
 21
-31132.25
 31
0.0
100
AcDbText
  0
TEXT
  5
5B8
330
17
100
AcDbEntity
  8
CAT-TEXTOS
100
AcDbText
 10
0.0
 20
-31262.25
 30
0.0
 40
60.0
  1
Aparador 160 x 45 cm
  7
MOB_TEXTO
 11
0.0
 21
-31262.25
 31
0.0
100
AcDbText
  0
INSERT
  5
5B9
330
17
100
AcDbEntity
  8
CAT-BLOQUES
100
AcDbBlockReference
  2
APARADOR_200x50
 10
3300.0
 20
-30482.25
 30
0.0
  0
LINE
  5
5BB
330
17
100
AcDbEntity
  8
CAT-PUNTO-INSERCION
100
AcDbLine
 10
3240.0
 20
-30482.25
 30
0.0
 11
3360.0
 21
-30482.25
 31
0.0
  0
LINE
  5
5BC
330
17
100
AcDbEntity
  8
CAT-PUNTO-INSERCION
100
AcDbLine
 10
3300.0
 20
-30542.25
 30
0.0
 11
3300.0
 21
-30422.25
 31
0.0
  0
CIRCLE
  5
5BD
330
17
100
AcDbEntity
  8
CAT-PUNTO-INSERCION
100
AcDbCircle
 10
3300.0
 20
-30482.25
 30
0.0
 40
27.0
  0
TEXT
  5
5BE
330
17
100
AcDbEntity
  8
CAT-TEXTOS
100
AcDbText
 10
2300.0
 20
-31182.25
 30
0.0
 40
75.0
  1
APARADOR_200x50
  7
MOB_TEXTO
 11
2300.0
 21
-31182.25
 31
0.0
100
AcDbText
  0
TEXT
  5
5BF
330
17
100
AcDbEntity
  8
CAT-TEXTOS
100
AcDbText
 10
2300.0
 20
-31312.25
 30
0.0
 40
60.0
  1
Aparador 200 x 50 cm
  7
MOB_TEXTO
 11
2300.0
 21
-31312.25
 31
0.0
100
AcDbText
  0
INSERT
  5
5C0
330
17
100
AcDbEntity
  8
CAT-BLOQUES
100
AcDbBlockReference
  2
CONSOLA_100x30
 10
5500.0
 20
-30482.25
 30
0.0
  0
LINE
  5
5C2
330
17
100
AcDbEntity
  8
CAT-PUNTO-INSERCION
100
AcDbLine
 10
5440.0
 20
-30482.25
 30
0.0
 11
5560.0
 21
-30482.25
 31
0.0
  0
LINE
  5
5C3
330
17
100
AcDbEntity
  8
CAT-PUNTO-INSERCION
100
AcDbLine
 10
5500.0
 20
-30542.25
 30
0.0
 11
5500.0
 21
-30422.25
 31
0.0
  0
CIRCLE
  5
5C4
330
17
100
AcDbEntity
  8
CAT-PUNTO-INSERCION
100
AcDbCircle
 10
5500.0
 20
-30482.25
 30
0.0
 40
27.0
  0
TEXT
  5
5C5
330
17
100
AcDbEntity
  8
CAT-TEXTOS
100
AcDbText
 10
5000.0
 20
-30982.25
 30
0.0
 40
75.0
  1
CONSOLA_100x30
  7
MOB_TEXTO
 11
5000.0
 21
-30982.25
 31
0.0
100
AcDbText
  0
TEXT
  5
5C6
330
17
100
AcDbEntity
  8
CAT-TEXTOS
100
AcDbText
 10
5000.0
 20
-31112.25
 30
0.0
 40
60.0
  1
Consola 100 x 30 cm
  7
MOB_TEXTO
 11
5000.0
 21
-31112.25
 31
0.0
100
AcDbText
  0
INSERT
  5
5C7
330
17
100
AcDbEntity
  8
CAT-BLOQUES
100
AcDbBlockReference
  2
CONSOLA_120x35
 10
7300.0
 20
-30482.25
 30
0.0
  0
LINE
  5
5C9
330
17
100
AcDbEntity
  8
CAT-PUNTO-INSERCION
100
AcDbLine
 10
7240.0
 20
-30482.25
 30
0.0
 11
7360.0
 21
-30482.25
 31
0.0
  0
LINE
  5
5CA
330
17
100
AcDbEntity
  8
CAT-PUNTO-INSERCION
100
AcDbLine
 10
7300.0
 20
-30542.25
 30
0.0
 11
7300.0
 21
-30422.25
 31
0.0
  0
CIRCLE
  5
5CB
330
17
100
AcDbEntity
  8
CAT-PUNTO-INSERCION
100
AcDbCircle
 10
7300.0
 20
-30482.25
 30
0.0
 40
27.0
  0
TEXT
  5
5CC
330
17
100
AcDbEntity
  8
CAT-TEXTOS
100
AcDbText
 10
6700.0
 20
-31032.25
 30
0.0
 40
75.0
  1
CONSOLA_120x35
  7
MOB_TEXTO
 11
6700.0
 21
-31032.25
 31
0.0
100
AcDbText
  0
TEXT
  5
5CD
330
17
100
AcDbEntity
  8
CAT-TEXTOS
100
AcDbText
 10
6700.0
 20
-31162.25
 30
0.0
 40
60.0
  1
Consola 120 x 35 cm
  7
MOB_TEXTO
 11
6700.0
 21
-31162.25
 31
0.0
100
AcDbText
  0
INSERT
  5
5CE
330
17
100
AcDbEntity
  8
CAT-BLOQUES
100
AcDbBlockReference
  2
ESTANTERIA_80x35
 10
9000.0
 20
-30482.25
 30
0.0
  0
LINE
  5
5D0
330
17
100
AcDbEntity
  8
CAT-PUNTO-INSERCION
100
AcDbLine
 10
8940.0
 20
-30482.25
 30
0.0
 11
9060.0
 21
-30482.25
 31
0.0
  0
LINE
  5
5D1
330
17
100
AcDbEntity
  8
CAT-PUNTO-INSERCION
100
AcDbLine
 10
9000.0
 20
-30542.25
 30
0.0
 11
9000.0
 21
-30422.25
 31
0.0
  0
CIRCLE
  5
5D2
330
17
100
AcDbEntity
  8
CAT-PUNTO-INSERCION
100
AcDbCircle
 10
9000.0
 20
-30482.25
 30
0.0
 40
27.0
  0
TEXT
  5
5D3
330
17
100
AcDbEntity
  8
CAT-TEXTOS
100
AcDbText
 10
8600.0
 20
-31032.25
 30
0.0
 40
75.0
  1
ESTANTERIA_80x35
  7
MOB_TEXTO
 11
8600.0
 21
-31032.25
 31
0.0
100
AcDbText
  0
TEXT
  5
5D4
330
17
100
AcDbEntity
  8
CAT-TEXTOS
100
AcDbText
 10
8600.0
 20
-31162.25
 30
0.0
 40
60.0
  1
Estantería alta 80 x 35 cm
  7
MOB_TEXTO
 11
8600.0
 21
-31162.25
 31
0.0
100
AcDbText
  0
INSERT
  5
5D5
330
17
100
AcDbEntity
  8
CAT-BLOQUES
100
AcDbBlockReference
  2
ESTANTERIA_120x35
 10
10773.6
 20
-30482.25
 30
0.0
  0
LINE
  5
5D7
330
17
100
AcDbEntity
  8
CAT-PUNTO-INSERCION
100
AcDbLine
 10
10713.6
 20
-30482.25
 30
0.0
 11
10833.6
 21
-30482.25
 31
0.0
  0
LINE
  5
5D8
330
17
100
AcDbEntity
  8
CAT-PUNTO-INSERCION
100
AcDbLine
 10
10773.6
 20
-30542.25
 30
0.0
 11
10773.6
 21
-30422.25
 31
0.0
  0
CIRCLE
  5
5D9
330
17
100
AcDbEntity
  8
CAT-PUNTO-INSERCION
100
AcDbCircle
 10
10773.6
 20
-30482.25
 30
0.0
 40
27.0
  0
TEXT
  5
5DA
330
17
100
AcDbEntity
  8
CAT-TEXTOS
100
AcDbText
 10
10173.6
 20
-31032.25
 30
0.0
 40
75.0
  1
ESTANTERIA_120x35
  7
MOB_TEXTO
 11
10173.6
 21
-31032.25
 31
0.0
100
AcDbText
  0
TEXT
  5
5DB
330
17
100
AcDbEntity
  8
CAT-TEXTOS
100
AcDbText
 10
10173.6
 20
-31162.25
 30
0.0
 40
60.0
  1
Estantería alta 120 x 35 cm
  7
MOB_TEXTO
 11
10173.6
 21
-31162.25
 31
0.0
100
AcDbText
  0
INSERT
  5
5DC
330
17
100
AcDbEntity
  8
CAT-BLOQUES
100
AcDbBlockReference
  2
VITRINA_100x40
 10
12573.6
 20
-30482.25
 30
0.0
  0
LINE
  5
5DE
330
17
100
AcDbEntity
  8
CAT-PUNTO-INSERCION
100
AcDbLine
 10
12513.6
 20
-30482.25
 30
0.0
 11
12633.6
 21
-30482.25
 31
0.0
  0
LINE
  5
5DF
330
17
100
AcDbEntity
  8
CAT-PUNTO-INSERCION
100
AcDbLine
 10
12573.6
 20
-30542.25
 30
0.0
 11
12573.6
 21
-30422.25
 31
0.0
  0
CIRCLE
  5
5E0
330
17
100
AcDbEntity
  8
CAT-PUNTO-INSERCION
100
AcDbCircle
 10
12573.6
 20
-30482.25
 30
0.0
 40
27.0
  0
TEXT
  5
5E1
330
17
100
AcDbEntity
  8
CAT-TEXTOS
100
AcDbText
 10
12073.6
 20
-31082.25
 30
0.0
 40
75.0
  1
VITRINA_100x40
  7
MOB_TEXTO
 11
12073.6
 21
-31082.25
 31
0.0
100
AcDbText
  0
TEXT
  5
5E2
330
17
100
AcDbEntity
  8
CAT-TEXTOS
100
AcDbText
 10
12073.6
 20
-31212.25
 30
0.0
 40
60.0
  1
Vitrina alta 100 x 40 cm
  7
MOB_TEXTO
 11
12073.6
 21
-31212.25
 31
0.0
100
AcDbText
  0
INSERT
  5
5E3
330
17
100
AcDbEntity
  8
CAT-BLOQUES
100
AcDbBlockReference
  2
BALDA_80x25
 10
14173.6
 20
-30482.25
 30
0.0
  0
LINE
  5
5E5
330
17
100
AcDbEntity
  8
CAT-PUNTO-INSERCION
100
AcDbLine
 10
14113.6
 20
-30482.25
 30
0.0
 11
14233.6
 21
-30482.25
 31
0.0
  0
LINE
  5
5E6
330
17
100
AcDbEntity
  8
CAT-PUNTO-INSERCION
100
AcDbLine
 10
14173.6
 20
-30542.25
 30
0.0
 11
14173.6
 21
-30422.25
 31
0.0
  0
CIRCLE
  5
5E7
330
17
100
AcDbEntity
  8
CAT-PUNTO-INSERCION
100
AcDbCircle
 10
14173.6
 20
-30482.25
 30
0.0
 40
27.0
  0
TEXT
  5
5E8
330
17
100
AcDbEntity
  8
CAT-TEXTOS
100
AcDbText
 10
13773.6
 20
-30932.25
 30
0.0
 40
75.0
  1
BALDA_80x25
  7
MOB_TEXTO
 11
13773.6
 21
-30932.25
 31
0.0
100
AcDbText
  0
TEXT
  5
5E9
330
17
100
AcDbEntity
  8
CAT-TEXTOS
100
AcDbText
 10
13773.6
 20
-31062.25
 30
0.0
 40
60.0
  1
Balda de pared 80 x 25 cm
  7
MOB_TEXTO
 11
13773.6
 21
-31062.25
 31
0.0
100
AcDbText
  0
INSERT
  5
5EA
330
17
100
AcDbEntity
  8
CAT-BLOQUES
100
AcDbBlockReference
  2
PEANA_40x40
 10
15513.6
 20
-30682.25
 30
0.0
  0
LINE
  5
5EC
330
17
100
AcDbEntity
  8
CAT-PUNTO-INSERCION
100
AcDbLine
 10
15453.6
 20
-30682.25
 30
0.0
 11
15573.6
 21
-30682.25
 31
0.0
  0
LINE
  5
5ED
330
17
100
AcDbEntity
  8
CAT-PUNTO-INSERCION
100
AcDbLine
 10
15513.6
 20
-30742.25
 30
0.0
 11
15513.6
 21
-30622.25
 31
0.0
  0
CIRCLE
  5
5EE
330
17
100
AcDbEntity
  8
CAT-PUNTO-INSERCION
100
AcDbCircle
 10
15513.6
 20
-30682.25
 30
0.0
 40
27.0
  0
TEXT
  5
5EF
330
17
100
AcDbEntity
  8
CAT-TEXTOS
100
AcDbText
 10
15313.6
 20
-31082.25
 30
0.0
 40
75.0
  1
PEANA_40x40
  7
MOB_TEXTO
 11
15313.6
 21
-31082.25
 31
0.0
100
AcDbText
  0
TEXT
  5
5F0
330
17
100
AcDbEntity
  8
CAT-TEXTOS
100
AcDbText
 10
15313.6
 20
-31212.25
 30
0.0
 40
60.0
  1
Peana 40 x 40 cm
  7
MOB_TEXTO
 11
15313.6
 21
-31212.25
 31
0.0
100
AcDbText
  0
INSERT
  5
5F1
330
17
100
AcDbEntity
  8
CAT-BLOQUES
100
AcDbBlockReference
  2
PEANA_D40
 10
16774.6
 20
-30682.25
 30
0.0
  0
LINE
  5
5F3
330
17
100
AcDbEntity
  8
CAT-PUNTO-INSERCION
100
AcDbLine
 10
16714.6
 20
-30682.25
 30
0.0
 11
16834.6
 21
-30682.25
 31
0.0
  0
LINE
  5
5F4
330
17
100
AcDbEntity
  8
CAT-PUNTO-INSERCION
100
AcDbLine
 10
16774.6
 20
-30742.25
 30
0.0
 11
16774.6
 21
-30622.25
 31
0.0
  0
CIRCLE
  5
5F5
330
17
100
AcDbEntity
  8
CAT-PUNTO-INSERCION
100
AcDbCircle
 10
16774.6
 20
-30682.25
 30
0.0
 40
27.0
  0
TEXT
  5
5F6
330
17
100
AcDbEntity
  8
CAT-TEXTOS
100
AcDbText
 10
16574.6
 20
-31082.25
 30
0.0
 40
75.0
  1
PEANA_D40
  7
MOB_TEXTO
 11
16574.6
 21
-31082.25
 31
0.0
100
AcDbText
  0
TEXT
  5
5F7
330
17
100
AcDbEntity
  8
CAT-TEXTOS
100
AcDbText
 10
16574.6
 20
-31212.25
 30
0.0
 40
60.0
  1
Peana redonda Ø40 cm
  7
MOB_TEXTO
 11
16574.6
 21
-31212.25
 31
0.0
100
AcDbText
  0
INSERT
  5
5F8
330
17
100
AcDbEntity
  8
CAT-BLOQUES
100
AcDbBlockReference
  2
PLANTA_GRANDE_D80
 10
18281.540527632824
 20
-30775.898272911607
 30
0.0
  0
LINE
  5
5FA
330
17
100
AcDbEntity
  8
CAT-PUNTO-INSERCION
100
AcDbLine
 10
18221.540527632824
 20
-30775.898272911607
 30
0.0
 11
18341.540527632824
 21
-30775.898272911607
 31
0.0
  0
LINE
  5
5FB
330
17
100
AcDbEntity
  8
CAT-PUNTO-INSERCION
100
AcDbLine
 10
18281.540527632824
 20
-30835.898272911607
 30
0.0
 11
18281.540527632824
 21
-30715.898272911607
 31
0.0
  0
CIRCLE
  5
5FC
330
17
100
AcDbEntity
  8
CAT-PUNTO-INSERCION
100
AcDbCircle
 10
18281.540527632824
 20
-30775.898272911607
 30
0.0
 40
27.0
  0
TEXT
  5
5FD
330
17
100
AcDbEntity
  8
CAT-TEXTOS
100
AcDbText
 10
17946.6
 20
-31268.304155929873
 30
0.0
 40
75.0
  1
PLANTA_GRANDE_D80
  7
MOB_TEXTO
 11
17946.6
 21
-31268.304155929873
 31
0.0
100
AcDbText
  0
TEXT
  5
5FE
330
17
100
AcDbEntity
  8
CAT-TEXTOS
100
AcDbText
 10
17946.6
 20
-31398.304155929873
 30
0.0
 40
60.0
  1
Planta en maceta, Ø80 cm
  7
MOB_TEXTO
 11
17946.6
 21
-31398.304155929873
 31
0.0
100
AcDbText
  0
INSERT
  5
5FF
330
17
100
AcDbEntity
  8
CAT-BLOQUES
100
AcDbBlockReference
  2
PLANTA_PEQUENA_D40
 10
19687.503545400425
 20
-30664.020735160946
 30
0.0
  0
LINE
  5
601
330
17
100
AcDbEntity
  8
CAT-PUNTO-INSERCION
100
AcDbLine
 10
19627.503545400425
 20
-30664.020735160946
 30
0.0
 11
19747.503545400425
 21
-30664.020735160946
 31
0.0
  0
LINE
  5
602
330
17
100
AcDbEntity
  8
CAT-PUNTO-INSERCION
100
AcDbLine
 10
19687.503545400425
 20
-30724.020735160946
 30
0.0
 11
19687.503545400425
 21
-30604.020735160946
 31
0.0
  0
CIRCLE
  5
603
330
17
100
AcDbEntity
  8
CAT-PUNTO-INSERCION
100
AcDbCircle
 10
19687.503545400425
 20
-30664.020735160946
 30
0.0
 40
27.0
  0
TEXT
  5
604
330
17
100
AcDbEntity
  8
CAT-TEXTOS
100
AcDbText
 10
19513.6
 20
-31050.221900401342
 30
0.0
 40
75.0
  1
PLANTA_PEQUENA_D40
  7
MOB_TEXTO
 11
19513.6
 21
-31050.221900401342
 31
0.0
100
AcDbText
  0
TEXT
  5
605
330
17
100
AcDbEntity
  8
CAT-TEXTOS
100
AcDbText
 10
19513.6
 20
-31180.221900401342
 30
0.0
 40
60.0
  1
Planta pequeña en maceta, Ø40 cm
  7
MOB_TEXTO
 11
19513.6
 21
-31180.221900401342
 31
0.0
100
AcDbText
  0
INSERT
  5
606
330
17
100
AcDbEntity
  8
CAT-BLOQUES
100
AcDbBlockReference
  2
LAMPARA_PIE_D45
 10
225.0
 20
-32193.304155929873
 30
0.0
  0
LINE
  5
608
330
17
100
AcDbEntity
  8
CAT-PUNTO-INSERCION
100
AcDbLine
 10
165.0
 20
-32193.304155929873
 30
0.0
 11
285.0
 21
-32193.304155929873
 31
0.0
  0
LINE
  5
609
330
17
100
AcDbEntity
  8
CAT-PUNTO-INSERCION
100
AcDbLine
 10
225.0
 20
-32253.304155929873
 30
0.0
 11
225.0
 21
-32133.304155929873
 31
0.0
  0
CIRCLE
  5
60A
330
17
100
AcDbEntity
  8
CAT-PUNTO-INSERCION
100
AcDbCircle
 10
225.0
 20
-32193.304155929873
 30
0.0
 40
27.0
  0
TEXT
  5
60B
330
17
100
AcDbEntity
  8
CAT-TEXTOS
100
AcDbText
 10
0.0
 20
-32618.304155929873
 30
0.0
 40
75.0
  1
LAMPARA_PIE_D45
  7
MOB_TEXTO
 11
0.0
 21
-32618.304155929873
 31
0.0
100
AcDbText
  0
TEXT
  5
60C
330
17
100
AcDbEntity
  8
CAT-TEXTOS
100
AcDbText
 10
0.0
 20
-32748.304155929873
 30
0.0
 40
60.0
  1
Lámpara de pie Ø45 cm
  7
MOB_TEXTO
 11
0.0
 21
-32748.304155929873
 31
0.0
100
AcDbText
  0
INSERT
  5
60D
330
17
100
AcDbEntity
  8
CAT-BLOQUES
100
AcDbBlockReference
  2
LAMPARA_MESA_D30
 10
1615.0
 20
-32118.304155929873
 30
0.0
  0
LINE
  5
60F
330
17
100
AcDbEntity
  8
CAT-PUNTO-INSERCION
100
AcDbLine
 10
1555.0
 20
-32118.304155929873
 30
0.0
 11
1675.0
 21
-32118.304155929873
 31
0.0
  0
LINE
  5
610
330
17
100
AcDbEntity
  8
CAT-PUNTO-INSERCION
100
AcDbLine
 10
1615.0
 20
-32178.304155929873
 30
0.0
 11
1615.0
 21
-32058.304155929873
 31
0.0
  0
CIRCLE
  5
611
330
17
100
AcDbEntity
  8
CAT-PUNTO-INSERCION
100
AcDbCircle
 10
1615.0
 20
-32118.304155929873
 30
0.0
 40
27.0
  0
TEXT
  5
612
330
17
100
AcDbEntity
  8
CAT-TEXTOS
100
AcDbText
 10
1465.0
 20
-32468.304155929873
 30
0.0
 40
75.0
  1
LAMPARA_MESA_D30
  7
MOB_TEXTO
 11
1465.0
 21
-32468.304155929873
 31
0.0
100
AcDbText
  0
TEXT
  5
613
330
17
100
AcDbEntity
  8
CAT-TEXTOS
100
AcDbText
 10
1465.0
 20
-32598.304155929873
 30
0.0
 40
60.0
  1
Lámpara de sobremesa Ø30 cm
  7
MOB_TEXTO
 11
1465.0
 21
-32598.304155929873
 31
0.0
100
AcDbText
  0
INSERT
  5
614
330
17
100
AcDbEntity
  8
CAT-BLOQUES
100
AcDbBlockReference
  2
JARRON_D20
 10
3172.2
 20
-32068.304155929873
 30
0.0
  0
LINE
  5
616
330
17
100
AcDbEntity
  8
CAT-PUNTO-INSERCION
100
AcDbLine
 10
3112.2
 20
-32068.304155929873
 30
0.0
 11
3232.2
 21
-32068.304155929873
 31
0.0
  0
LINE
  5
617
330
17
100
AcDbEntity
  8
CAT-PUNTO-INSERCION
100
AcDbLine
 10
3172.2
 20
-32128.304155929873
 30
0.0
 11
3172.2
 21
-32008.304155929873
 31
0.0
  0
CIRCLE
  5
618
330
17
100
AcDbEntity
  8
CAT-PUNTO-INSERCION
100
AcDbCircle
 10
3172.2
 20
-32068.304155929873
 30
0.0
 40
27.0
  0
TEXT
  5
619
330
17
100
AcDbEntity
  8
CAT-TEXTOS
100
AcDbText
 10
3072.2
 20
-32368.304155929873
 30
0.0
 40
75.0
  1
JARRON_D20
  7
MOB_TEXTO
 11
3072.2
 21
-32368.304155929873
 31
0.0
100
AcDbText
  0
TEXT
  5
61A
330
17
100
AcDbEntity
  8
CAT-TEXTOS
100
AcDbText
 10
3072.2
 20
-32498.304155929873
 30
0.0
 40
60.0
  1
Jarrón Ø20 cm
  7
MOB_TEXTO
 11
3072.2
 21
-32498.304155929873
 31
0.0
100
AcDbText
  0
ENDSEC
  0
SECTION
  2
OBJECTS
  0
DICTIONARY
  5
A
330
0
100
AcDbDictionary
281
1
  3
ACAD_COLOR
350
B
  3
ACAD_GROUP
350
C
  3
ACAD_LAYOUT
350
D
  3
ACAD_MATERIAL
350
E
  3
ACAD_MLEADERSTYLE
350
F
  3
ACAD_MLINESTYLE
350
10
  3
ACAD_PLOTSETTINGS
350
11
  3
ACAD_PLOTSTYLENAME
350
12
  3
ACAD_SCALELIST
350
14
  3
ACAD_TABLESTYLE
350
15
  3
ACAD_VISUALSTYLE
350
16
  3
EZDXF_META
350
2D
  0
DICTIONARY
  5
B
330
A
100
AcDbDictionary
281
1
  0
DICTIONARY
  5
C
330
A
100
AcDbDictionary
281
1
  0
DICTIONARY
  5
D
330
A
100
AcDbDictionary
281
1
  3
Model
350
1A
  3
Layout1
350
1E
  0
DICTIONARY
  5
E
330
A
100
AcDbDictionary
281
1
  3
ByBlock
350
1F
  3
ByLayer
350
20
  3
Global
350
21
  0
DICTIONARY
  5
F
330
A
100
AcDbDictionary
281
1
  3
Standard
350
2C
  0
DICTIONARY
  5
10
330
A
100
AcDbDictionary
281
1
  3
Standard
350
22
  0
DICTIONARY
  5
11
330
A
100
AcDbDictionary
281
1
  0
ACDBDICTIONARYWDFLT
  5
12
330
A
100
AcDbDictionary
281
1
  3
Normal
350
13
100
AcDbDictionaryWithDefault
340
13
  0
ACDBPLACEHOLDER
  5
13
330
12
  0
DICTIONARY
  5
14
330
A
100
AcDbDictionary
281
1
  0
DICTIONARY
  5
15
330
A
100
AcDbDictionary
281
1
  0
DICTIONARY
  5
16
330
A
100
AcDbDictionary
281
1
  0
LAYOUT
  5
1A
330
D
100
AcDbPlotSettings
  1

  4
A3
  6

 40
7.5
 41
20.0
 42
7.5
 43
20.0
 44
420.0
 45
297.0
 46
0.0
 47
0.0
 48
0.0
 49
0.0
140
0.0
141
0.0
142
1.0
143
1.0
 70
1024
 72
1
 73
0
 74
5
  7

 75
16
 76
0
 77
2
 78
300
147
1.0
148
0.0
149
0.0
100
AcDbLayout
  1
Model
 70
1
 71
0
 10
0.0
 20
0.0
 11
420.0
 21
297.0
 12
0.0
 22
0.0
 32
0.0
 14
1e+20
 24
1e+20
 34
1e+20
 15
-1e+20
 25
-1e+20
 35
-1e+20
146
0.0
 13
0.0
 23
0.0
 33
0.0
 16
1.0
 26
0.0
 36
0.0
 17
0.0
 27
1.0
 37
0.0
 76
1
330
17
  0
LAYOUT
  5
1E
330
D
100
AcDbPlotSettings
  1

  4
A3
  6

 40
7.5
 41
20.0
 42
7.5
 43
20.0
 44
420.0
 45
297.0
 46
0.0
 47
0.0
 48
0.0
 49
0.0
140
0.0
141
0.0
142
1.0
143
1.0
 70
0
 72
1
 73
0
 74
5
  7

 75
16
 76
0
 77
2
 78
300
147
1.0
148
0.0
149
0.0
100
AcDbLayout
  1
Layout1
 70
1
 71
1
 10
0.0
 20
0.0
 11
420.0
 21
297.0
 12
0.0
 22
0.0
 32
0.0
 14
1e+20
 24
1e+20
 34
1e+20
 15
-1e+20
 25
-1e+20
 35
-1e+20
146
0.0
 13
0.0
 23
0.0
 33
0.0
 16
1.0
 26
0.0
 36
0.0
 17
0.0
 27
1.0
 37
0.0
 76
1
330
1B
  0
MATERIAL
  5
1F
102
{ACAD_REACTORS
330
E
102
}
330
E
100
AcDbMaterial
  1
ByBlock
  2

 70
0
 40
1.0
 71
1
 41
1.0
 91
-1023410177
 42
1.0
 72
1
  3

 73
1
 74
1
 75
1
 44
0.5
 73
0
 45
1.0
 46
1.0
 77
1
  4

 78
1
 79
1
170
1
 48
1.0
171
1
  6

172
1
173
1
174
1
140
1.0
141
1.0
175
1
  7

176
1
177
1
178
1
143
1.0
179
1
  8

270
1
271
1
272
1
145
1.0
146
1.0
273
1
  9

274
1
275
1
276
1
 42
1.0
 72
1
  3

 73
1
 74
1
 75
1
 94
63
  0
MATERIAL
  5
20
102
{ACAD_REACTORS
330
E
102
}
330
E
100
AcDbMaterial
  1
ByLayer
  2

 70
0
 40
1.0
 71
1
 41
1.0
 91
-1023410177
 42
1.0
 72
1
  3

 73
1
 74
1
 75
1
 44
0.5
 73
0
 45
1.0
 46
1.0
 77
1
  4

 78
1
 79
1
170
1
 48
1.0
171
1
  6

172
1
173
1
174
1
140
1.0
141
1.0
175
1
  7

176
1
177
1
178
1
143
1.0
179
1
  8

270
1
271
1
272
1
145
1.0
146
1.0
273
1
  9

274
1
275
1
276
1
 42
1.0
 72
1
  3

 73
1
 74
1
 75
1
 94
63
  0
MATERIAL
  5
21
102
{ACAD_REACTORS
330
E
102
}
330
E
100
AcDbMaterial
  1
Global
  2

 70
0
 40
1.0
 71
1
 41
1.0
 91
-1023410177
 42
1.0
 72
1
  3

 73
1
 74
1
 75
1
 44
0.5
 73
0
 45
1.0
 46
1.0
 77
1
  4

 78
1
 79
1
170
1
 48
1.0
171
1
  6

172
1
173
1
174
1
140
1.0
141
1.0
175
1
  7

176
1
177
1
178
1
143
1.0
179
1
  8

270
1
271
1
272
1
145
1.0
146
1.0
273
1
  9

274
1
275
1
276
1
 42
1.0
 72
1
  3

 73
1
 74
1
 75
1
 94
63
  0
MLINESTYLE
  5
22
102
{ACAD_REACTORS
330
10
102
}
330
10
100
AcDbMlineStyle
  2
Standard
 70
0
  3

 62
256
 51
90.0
 52
90.0
 71
2
 49
0.5
 62
256
  6
BYLAYER
 49
-0.5
 62
256
  6
BYLAYER
  0
MLEADERSTYLE
  5
2C
102
{ACAD_REACTORS
330
F
102
}
330
F
100
AcDbMLeaderStyle
179
2
170
2
171
1
172
0
 90
2
 40
0.0
 41
0.0
173
1
 91
-1056964608
 92
-2
290
1
 42
2.0
291
1
 43
8.0
  3
Standard
 44
4.0
300

342
29
174
1
175
1
176
0
178
1
 93
-1056964608
 45
4.0
292
0
297
0
 46
4.0
 94
-1056964608
 47
1.0
 49
1.0
140
1.0
294
1
141
0.0
177
0
142
1.0
295
0
296
0
143
3.75
271
0
272
9
273
9
  0
DICTIONARY
  5
2D
330
A
100
AcDbDictionary
280
1
281
1
  3
CREATED_BY_EZDXF
350
2E
  3
WRITTEN_BY_EZDXF
350
61E
  0
DICTIONARYVAR
  5
2E
330
2D
100
DictionaryVariables
280
0
  1
1.4.4 @ 2026-09-28T10:53:09.178357+00:00
  0
DICTIONARYVAR
  5
61E
330
2D
100
DictionaryVariables
280
0
  1
1.4.4 @ 2026-09-28T10:53:09.693571+00:00
  0
ENDSEC
  0
EOF
