  0
SECTION
  2
HEADER
  9
$ACADVER
  1
AC1027
  9
$ACADMAINTVER
 70
105
  9
$DWGCODEPAGE
  3
ANSI_1252
  9
$LASTSAVEDBY
  1
ezdxf
  9
$REQUIREDVERSIONS
160
0
  9
$INSBASE
 10
0.0
 20
0.0
 30
0.0
  9
$EXTMIN
 10
1e+20
 20
1e+20
 30
1e+20
  9
$EXTMAX
 10
-1e+20
 20
-1e+20
 30
-1e+20
  9
$LIMMIN
 10
0.0
 20
0.0
  9
$LIMMAX
 10
420.0
 20
297.0
  9
$ORTHOMODE
 70
0
  9
$REGENMODE
 70
1
  9
$FILLMODE
 70
1
  9
$QTEXTMODE
 70
0
  9
$MIRRTEXT
 70
1
  9
$LTSCALE
 40
1.0
  9
$ATTMODE
 70
1
  9
$TEXTSIZE
 40
2.5
  9
$TRACEWID
 40
1.0
  9
$TEXTSTYLE
  7
OpenSans
  9
$CLAYER
  8
0
  9
$CELTYPE
  6
ByLayer
  9
$CECOLOR
 62
256
  9
$CELTSCALE
 40
1.0
  9
$DISPSILH
 70
0
  9
$DIMSCALE
 40
1.0
  9
$DIMASZ
 40
0.175
  9
$DIMEXO
 40
0.125
  9
$DIMDLI
 40
3.75
  9
$DIMRND
 40
0.0
  9
$DIMDLE
 40
0.0
  9
$DIMEXE
 40
0.375
  9
$DIMTP
 40
0.0
  9
$DIMTM
 40
0.0
  9
$DIMTXT
 40
0.25
  9
$DIMCEN
 40
2.5
  9
$DIMTSZ
 40
0.0
  9
$DIMTOL
 70
0
  9
$DIMLIM
 70
0
  9
$DIMTIH
 70
0
  9
$DIMTOH
 70
0
  9
$DIMSE1
 70
0
  9
$DIMSE2
 70
0
  9
$DIMTAD
 70
1
  9
$DIMZIN
 70
12
  9
$DIMBLK
  1
ARCHTICK
  9
$DIMASO
 70
1
  9
$DIMSHO
 70
1
  9
$DIMPOST
  1

  9
$DIMAPOST
  1

  9
$DIMALT
 70
0
  9
$DIMALTD
 70
3
  9
$DIMALTF
 40
0.03937007874
  9
$DIMLFAC
 40
100.0
  9
$DIMTOFL
 70
1
  9
$DIMTVP
 40
0.0
  9
$DIMTIX
 70
0
  9
$DIMSOXD
 70
0
  9
$DIMSAH
 70
0
  9
$DIMBLK1
  1

  9
$DIMBLK2
  1

  9
$DIMSTYLE
  2
EZDXF
  9
$DIMCLRD
 70
0
  9
$DIMCLRE
 70
0
  9
$DIMCLRT
 70
0
  9
$DIMTFAC
 40
0.5
  9
$DIMGAP
 40
0.1
  9
$DIMJUST
 70
0
  9
$DIMSD1
 70
0
  9
$DIMSD2
 70
0
  9
$DIMTOLJ
 70
0
  9
$DIMTZIN
 70
8
  9
$DIMALTZ
 70
0
  9
$DIMALTTZ
 70
0
  9
$DIMUPT
 70
1
  9
$DIMDEC
 70
2
  9
$DIMTDEC
 70
2
  9
$DIMALTU
 70
2
  9
$DIMALTTD
 70
3
  9
$DIMTXSTY
  7
OpenSansCondensed-Light
  9
$DIMAUNIT
 70
0
  9
$DIMADEC
 70
2
  9
$DIMALTRND
 40
0.0
  9
$DIMAZIN
 70
3
  9
$DIMDSEP
 70
46
  9
$DIMATFIT
 70
3
  9
$DIMFRAC
 70
0
  9
$DIMLDRBLK
  1

  9
$DIMLUNIT
 70
2
  9
$DIMLWD
 70
-2
  9
$DIMLWE
 70
-2
  9
$DIMTMOVE
 70
2
  9
$DIMFXL
 40
1.0
  9
$DIMFXLON
 70
0
  9
$DIMJOGANG
 40
0.785398163397
  9
$DIMTFILL
 70
0
  9
$DIMTFILLCLR
 70
0
  9
$DIMARCSYM
 70
0
  9
$DIMLTYPE
  6

  9
$DIMLTEX1
  6

  9
$DIMLTEX2
  6

  9
$DIMTXTDIRECTION
 70
0
  9
$LUNITS
 70
2
  9
$LUPREC
 70
4
  9
$SKETCHINC
 40
1.0
  9
$FILLETRAD
 40
10.0
  9
$AUNITS
 70
0
  9
$AUPREC
 70
2
  9
$MENU
  1
.
  9
$ELEVATION
 40
0.0
  9
$PELEVATION
 40
0.0
  9
$THICKNESS
 40
0.0
  9
$LIMCHECK
 70
0
  9
$CHAMFERA
 40
0.0
  9
$CHAMFERB
 40
0.0
  9
$CHAMFERC
 40
0.0
  9
$CHAMFERD
 40
0.0
  9
$SKPOLY
 70
0
  9
$TDCREATE
 40
2461313.657395833
  9
$TDUCREATE
 40
2458532.153996898
  9
$TDUPDATE
 40
2461313.657395833
  9
$TDUUPDATE
 40
2458532.1544311
  9
$TDINDWG
 40
0.0
  9
$TDUSRTIMER
 40
0.0
  9
$USRTIMER
 70
1
  9
$ANGBASE
 50
0.0
  9
$ANGDIR
 70
0
  9
$PDMODE
 70
0
  9
$PDSIZE
 40
0.0
  9
$PLINEWID
 40
0.0
  9
$SPLFRAME
 70
0
  9
$SPLINETYPE
 70
6
  9
$SPLINESEGS
 70
8
  9
$HANDSEED
  5
32C
  9
$SURFTAB1
 70
6
  9
$SURFTAB2
 70
6
  9
$SURFTYPE
 70
6
  9
$SURFU
 70
6
  9
$SURFV
 70
6
  9
$UCSBASE
  2

  9
$UCSNAME
  2

  9
$UCSORG
 10
0.0
 20
0.0
 30
0.0
  9
$UCSXDIR
 10
1.0
 20
0.0
 30
0.0
  9
$UCSYDIR
 10
0.0
 20
1.0
 30
0.0
  9
$UCSORTHOREF
  2

  9
$UCSORTHOVIEW
 70
0
  9
$UCSORGTOP
 10
0.0
 20
0.0
 30
0.0
  9
$UCSORGBOTTOM
 10
0.0
 20
0.0
 30
0.0
  9
$UCSORGLEFT
 10
0.0
 20
0.0
 30
0.0
  9
$UCSORGRIGHT
 10
0.0
 20
0.0
 30
0.0
  9
$UCSORGFRONT
 10
0.0
 20
0.0
 30
0.0
  9
$UCSORGBACK
 10
0.0
 20
0.0
 30
0.0
  9
$PUCSBASE
  2

  9
$PUCSNAME
  2

  9
$PUCSORG
 10
0.0
 20
0.0
 30
0.0
  9
$PUCSXDIR
 10
1.0
 20
0.0
 30
0.0
  9
$PUCSYDIR
 10
0.0
 20
1.0
 30
0.0
  9
$PUCSORTHOREF
  2

  9
$PUCSORTHOVIEW
 70
0
  9
$PUCSORGTOP
 10
0.0
 20
0.0
 30
0.0
  9
$PUCSORGBOTTOM
 10
0.0
 20
0.0
 30
0.0
  9
$PUCSORGLEFT
 10
0.0
 20
0.0
 30
0.0
  9
$PUCSORGRIGHT
 10
0.0
 20
0.0
 30
0.0
  9
$PUCSORGFRONT
 10
0.0
 20
0.0
 30
0.0
  9
$PUCSORGBACK
 10
0.0
 20
0.0
 30
0.0
  9
$USERI1
 70
0
  9
$USERI2
 70
0
  9
$USERI3
 70
0
  9
$USERI4
 70
0
  9
$USERI5
 70
0
  9
$USERR1
 40
0.0
  9
$USERR2
 40
0.0
  9
$USERR3
 40
0.0
  9
$USERR4
 40
0.0
  9
$USERR5
 40
0.0
  9
$WORLDVIEW
 70
1
  9
$SHADEDGE
 70
3
  9
$SHADEDIF
 70
70
  9
$TILEMODE
 70
1
  9
$MAXACTVP
 70
64
  9
$PINSBASE
 10
0.0
 20
0.0
 30
0.0
  9
$PLIMCHECK
 70
0
  9
$PEXTMIN
 10
1e+20
 20
1e+20
 30
1e+20
  9
$PEXTMAX
 10
-1e+20
 20
-1e+20
 30
-1e+20
  9
$PLIMMIN
 10
0.0
 20
0.0
  9
$PLIMMAX
 10
420.0
 20
297.0
  9
$UNITMODE
 70
0
  9
$VISRETAIN
 70
1
  9
$PLINEGEN
 70
0
  9
$PSLTSCALE
 70
1
  9
$TREEDEPTH
 70
3020
  9
$CMLSTYLE
  2
Standard
  9
$CMLJUST
 70
0
  9
$CMLSCALE
 40
20.0
  9
$PROXYGRAPHICS
 70
1
  9
$MEASUREMENT
 70
1
  9
$CELWEIGHT
370
-1
  9
$ENDCAPS
280
0
  9
$JOINSTYLE
280
0
  9
$LWDISPLAY
290
1
  9
$INSUNITS
 70
5
  9
$HYPERLINKBASE
  1

  9
$STYLESHEET
  1

  9
$XEDIT
290
1
  9
$CEPSNTYPE
380
0
  9
$PSTYLEMODE
290
1
  9
$FINGERPRINTGUID
  2
{691376F7-8B3E-49FB-9937-A4E33AB37D34}
  9
$VERSIONGUID
  2
{7D85F3C2-FD9A-4E35-B92C-28B004167187}
  9
$EXTNAMES
290
1
  9
$PSVPSCALE
 40
0.0
  9
$OLESTARTUP
290
0
  9
$SORTENTS
280
127
  9
$INDEXCTL
280
0
  9
$HIDETEXT
280
1
  9
$XCLIPFRAME
280
1
  9
$HALOGAP
280
0
  9
$OBSCOLOR
 70
257
  9
$OBSLTYPE
280
0
  9
$INTERSECTIONDISPLAY
280
0
  9
$INTERSECTIONCOLOR
 70
257
  9
$DIMASSOC
280
2
  9
$PROJECTNAME
  1

  9
$CAMERADISPLAY
290
0
  9
$LENSLENGTH
 40
50.0
  9
$CAMERAHEIGHT
 40
0.0
  9
$STEPSPERSEC
 40
24.0
  9
$STEPSIZE
 40
100.0
  9
$3DDWFPREC
 40
2.0
  9
$PSOLWIDTH
 40
0.005
  9
$PSOLHEIGHT
 40
0.08
  9
$LOFTANG1
 40
1.570796326795
  9
$LOFTANG2
 40
1.570796326795
  9
$LOFTMAG1
 40
0.0
  9
$LOFTMAG2
 40
0.0
  9
$LOFTPARAM
 70
7
  9
$LOFTNORMALS
280
1
  9
$LATITUDE
 40
37.795
  9
$LONGITUDE
 40
-122.394
  9
$NORTHDIRECTION
 40
0.0
  9
$TIMEZONE
 70
-8000
  9
$LIGHTGLYPHDISPLAY
280
1
  9
$TILEMODELIGHTSYNCH
280
1
  9
$CMATERIAL
347
20
  9
$SOLIDHIST
280
0
  9
$SHOWHIST
280
1
  9
$DWFFRAME
280
2
  9
$DGNFRAME
280
2
  9
$REALWORLDSCALE
290
1
  9
$INTERFERECOLOR
 62
256
  9
$CSHADOW
280
0
  9
$SHADOWPLANELOCATION
 40
0.0
  0
ENDSEC
  0
SECTION
  2
CLASSES
  0
CLASS
  1
ACDBDICTIONARYWDFLT
  2
AcDbDictionaryWithDefault
  3
ObjectDBX Classes
 90
0
 91
0
280
0
281
0
  0
CLASS
  1
SUN
  2
AcDbSun
  3
SCENEOE
 90
1153
 91
0
280
0
281
0
  0
CLASS
  1
VISUALSTYLE
  2
AcDbVisualStyle
  3
ObjectDBX Classes
 90
4095
 91
0
280
0
281
0
  0
CLASS
  1
MATERIAL
  2
AcDbMaterial
  3
ObjectDBX Classes
 90
1153
 91
0
280
0
281
0
  0
CLASS
  1
SCALE
  2
AcDbScale
  3
ObjectDBX Classes
 90
1153
 91
0
280
0
281
0
  0
CLASS
  1
TABLESTYLE
  2
AcDbTableStyle
  3
ObjectDBX Classes
 90
4095
 91
0
280
0
281
0
  0
CLASS
  1
MLEADERSTYLE
  2
AcDbMLeaderStyle
  3
ACDB_MLEADERSTYLE_CLASS
 90
4095
 91
0
280
0
281
0
  0
CLASS
  1
DICTIONARYVAR
  2
AcDbDictionaryVar
  3
ObjectDBX Classes
 90
0
 91
0
280
0
281
0
  0
CLASS
  1
CELLSTYLEMAP
  2
AcDbCellStyleMap
  3
ObjectDBX Classes
 90
1152
 91
0
280
0
281
0
  0
CLASS
  1
MENTALRAYRENDERSETTINGS
  2
AcDbMentalRayRenderSettings
  3
SCENEOE
 90
1024
 91
0
280
0
281
0
  0
CLASS
  1
ACDBDETAILVIEWSTYLE
  2
AcDbDetailViewStyle
  3
ObjectDBX Classes
 90
1025
 91
0
280
0
281
0
  0
CLASS
  1
ACDBSECTIONVIEWSTYLE
  2
AcDbSectionViewStyle
  3
ObjectDBX Classes
 90
1025
 91
0
280
0
281
0
  0
CLASS
  1
RASTERVARIABLES
  2
AcDbRasterVariables
  3
ISM
 90
0
 91
0
280
0
281
0
  0
CLASS
  1
ACDBPLACEHOLDER
  2
AcDbPlaceHolder
  3
ObjectDBX Classes
 90
0
 91
0
280
0
281
0
  0
CLASS
  1
WIPEOUTVARIABLES
  2
AcDbWipeoutVariables
  3
WipeOut
 90
0
 91
0
280
0
281
0
  0
CLASS
  1
WIPEOUT
  2
AcDbWipeout
  3
WipeOut
 90
127
 91
0
280
0
281
1
  0
CLASS
  1
LAYOUT
  2
AcDbLayout
  3
ObjectDBX Classes
 90
0
 91
0
280
0
281
0
  0
ENDSEC
  0
SECTION
  2
TABLES
  0
TABLE
  2
VPORT
  5
8
330
0
100
AcDbSymbolTable
 70
1
  0
VPORT
  5
23
330
8
100
AcDbSymbolTableRecord
100
AcDbViewportTableRecord
  2
*Active
 70
0
 10
0.0
 20
0.0
 11
1.0
 21
1.0
 12
0.0
 22
0.0
 13
0.0
 23
0.0
 14
0.5
 24
0.5
 15
0.5
 25
0.5
 16
0.0
 26
0.0
 36
1.0
 17
0.0
 27
0.0
 37
0.0
 40
1000.0
 41
1.34
 42
50.0
 43
0.0
 44
0.0
 50
0.0
 51
0.0
 71
0
 72
1000
 73
1
 74
3
 75
0
 76
0
 77
0
 78
0
281
0
 65
0
146
0.0
  0
ENDTAB
  0
TABLE
  2
LTYPE
  5
2
330
0
100
AcDbSymbolTable
 70
21
  0
LTYPE
  5
24
330
2
100
AcDbSymbolTableRecord
100
AcDbLinetypeTableRecord
  2
ByBlock
 70
0
  3

 72
65
 73
0
 40
0.0
  0
LTYPE
  5
25
330
2
100
AcDbSymbolTableRecord
100
AcDbLinetypeTableRecord
  2
ByLayer
 70
0
  3

 72
65
 73
0
 40
0.0
  0
LTYPE
  5
26
330
2
100
AcDbSymbolTableRecord
100
AcDbLinetypeTableRecord
  2
Continuous
 70
0
  3

 72
65
 73
0
 40
0.0
  0
LTYPE
  5
2F
330
2
100
AcDbSymbolTableRecord
100
AcDbLinetypeTableRecord
  2
CENTER
 70
0
  3
Center ____ _ ____ _ ____ _ ____ _ ____ _ ____
 72
65
 73
4
 40
5.08
 49
3.175
 74
0
 49
-0.635
 74
0
 49
0.635
 74
0
 49
-0.635
 74
0
  0
LTYPE
  5
30
330
2
100
AcDbSymbolTableRecord
100
AcDbLinetypeTableRecord
  2
CENTERX2
 70
0
  3
Center (2x) ________  __  ________  __  ________
 72
65
 73
4
 40
8.89
 49
6.35
 74
0
 49
-0.635
 74
0
 49
1.27
 74
0
 49
-0.635
 74
0
  0
LTYPE
  5
31
330
2
100
AcDbSymbolTableRecord
100
AcDbLinetypeTableRecord
  2
CENTER2
 70
0
  3
Center (.5x) ____ _ ____ _ ____ _ ____ _ ____
 72
65
 73
4
 40
2.54
 49
1.587
 74
0
 49
-0.318
 74
0
 49
0.318
 74
0
 49
-0.318
 74
0
  0
LTYPE
  5
32
330
2
100
AcDbSymbolTableRecord
100
AcDbLinetypeTableRecord
  2
DASHED
 70
0
  3
Dashed __ __ __ __ __ __ __ __ __ __ __ __ __ _
 72
65
 73
2
 40
1.524
 49
1.27
 74
0
 49
-0.254
 74
0
  0
LTYPE
  5
33
330
2
100
AcDbSymbolTableRecord
100
AcDbLinetypeTableRecord
  2
DASHEDX2
 70
0
  3
Dashed (2x) ____  ____  ____  ____  ____  ____
 72
65
 73
2
 40
3.048
 49
2.54
 74
0
 49
-0.508
 74
0
  0
LTYPE
  5
34
330
2
100
AcDbSymbolTableRecord
100
AcDbLinetypeTableRecord
  2
DASHED2
 70
0
  3
Dashed (.5x) _ _ _ _ _ _ _ _ _ _ _ _ _ _
 72
65
 73
2
 40
0.762
 49
0.635
 74
0
 49
-0.127
 74
0
  0
LTYPE
  5
35
330
2
100
AcDbSymbolTableRecord
100
AcDbLinetypeTableRecord
  2
PHANTOM
 70
0
  3
Phantom ______  __  __  ______  __  __  ______
 72
65
 73
6
 40
6.35
 49
3.175
 74
0
 49
-0.635
 74
0
 49
0.635
 74
0
 49
-0.635
 74
0
 49
0.635
 74
0
 49
-0.635
 74
0
  0
LTYPE
  5
36
330
2
100
AcDbSymbolTableRecord
100
AcDbLinetypeTableRecord
  2
PHANTOMX2
 70
0
  3
Phantom (2x)____________    ____    ____    ____________
 72
65
 73
6
 40
10.795
 49
6.35
 74
0
 49
-0.635
 74
0
 49
1.27
 74
0
 49
-0.635
 74
0
 49
1.27
 74
0
 49
-0.635
 74
0
  0
LTYPE
  5
37
330
2
100
AcDbSymbolTableRecord
100
AcDbLinetypeTableRecord
  2
PHANTOM2
 70
0
  3
Phantom (.5x) ___ _ _ ___ _ _ ___ _ _ ___ _ _ ___
 72
65
 73
6
 40
3.175
 49
1.587
 74
0
 49
-0.318
 74
0
 49
0.318
 74
0
 49
-0.318
 74
0
 49
0.318
 74
0
 49
-0.318
 74
0
  0
LTYPE
  5
38
330
2
100
AcDbSymbolTableRecord
100
AcDbLinetypeTableRecord
  2
DASHDOT
 70
0
  3
Dash dot __ . __ . __ . __ . __ . __ . __ . __
 72
65
 73
4
 40
3.556
 49
2.54
 74
0
 49
-0.508
 74
0
 49
0.0
 74
0
 49
-0.508
 74
0
  0
LTYPE
  5
39
330
2
100
AcDbSymbolTableRecord
100
AcDbLinetypeTableRecord
  2
DASHDOTX2
 70
0
  3
Dash dot (2x) ____  .  ____  .  ____  .  ____
 72
65
 73
4
 40
6.096
 49
5.08
 74
0
 49
-0.508
 74
0
 49
0.0
 74
0
 49
-0.508
 74
0
  0
LTYPE
  5
3A
330
2
100
AcDbSymbolTableRecord
100
AcDbLinetypeTableRecord
  2
DASHDOT2
 70
0
  3
Dash dot (.5x) _ . _ . _ . _ . _ . _ . _ . _
 72
65
 73
4
 40
1.778
 49
1.27
 74
0
 49
-0.254
 74
0
 49
0.0
 74
0
 49
-0.254
 74
0
  0
LTYPE
  5
3B
330
2
100
AcDbSymbolTableRecord
100
AcDbLinetypeTableRecord
  2
DOT
 70
0
  3
Dot .  .  .  .  .  .  .  .  .  .  .  .  .  .  .  .
 72
65
 73
2
 40
0.508
 49
0.0
 74
0
 49
-0.508
 74
0
  0
LTYPE
  5
3C
330
2
100
AcDbSymbolTableRecord
100
AcDbLinetypeTableRecord
  2
DOTX2
 70
0
  3
Dot (2x) .    .    .    .    .    .    .    . 
 72
65
 73
2
 40
1.016
 49
0.0
 74
0
 49
-1.016
 74
0
  0
LTYPE
  5
3D
330
2
100
AcDbSymbolTableRecord
100
AcDbLinetypeTableRecord
  2
DOT2
 70
0
  3
Dot (.5) . . . . . . . . . . . . . . . . . . . 
 72
65
 73
2
 40
0.254
 49
0.0
 74
0
 49
-0.254
 74
0
  0
LTYPE
  5
3E
330
2
100
AcDbSymbolTableRecord
100
AcDbLinetypeTableRecord
  2
DIVIDE
 70
0
  3
Divide __ . . __ . . __ . . __ . . __ . . __
 72
65
 73
6
 40
4.064
 49
2.54
 74
0
 49
-0.508
 74
0
 49
0.0
 74
0
 49
-0.508
 74
0
 49
0.0
 74
0
 49
-0.508
 74
0
  0
LTYPE
  5
3F
330
2
100
AcDbSymbolTableRecord
100
AcDbLinetypeTableRecord
  2
DIVIDEX2
 70
0
  3
Divide (2x) ____  . .  ____  . .  ____  . .  ____
 72
65
 73
6
 40
6.604
 49
5.08
 74
0
 49
-0.508
 74
0
 49
0.0
 74
0
 49
-0.508
 74
0
 49
0.0
 74
0
 49
-0.508
 74
0
  0
LTYPE
  5
40
330
2
100
AcDbSymbolTableRecord
100
AcDbLinetypeTableRecord
  2
DIVIDE2
 70
0
  3
Divide(.5x) _ . _ . _ . _ . _ . _ . _ . _
 72
65
 73
6
 40
2.032
 49
1.27
 74
0
 49
-0.254
 74
0
 49
0.0
 74
0
 49
-0.254
 74
0
 49
0.0
 74
0
 49
-0.254
 74
0
  0
ENDTAB
  0
TABLE
  2
LAYER
  5
1
330
0
100
AcDbSymbolTable
 70
10
  0
LAYER
  5
27
330
1
100
AcDbSymbolTableRecord
100
AcDbLayerTableRecord
  2
0
 70
0
 62
7
  6
Continuous
370
-3
390
13
347
21
  0
LAYER
  5
28
330
1
100
AcDbSymbolTableRecord
100
AcDbLayerTableRecord
  2
Defpoints
 70
0
 62
7
  6
Continuous
290
0
370
-3
390
13
347
21
  0
LAYER
  5
8E
330
1
100
AcDbSymbolTableRecord
100
AcDbLayerTableRecord
  2
PS-MOBILIARIO
 70
0
 62
3
  6
Continuous
370
-3
390
13
347
21
  0
LAYER
  5
8F
330
1
100
AcDbSymbolTableRecord
100
AcDbLayerTableRecord
  2
PS-ALFOMBRAS
 70
0
 62
42
  6
Continuous
370
-3
390
13
347
21
  0
LAYER
  5
90
330
1
100
AcDbSymbolTableRecord
100
AcDbLayerTableRecord
  2
PS-ILUMINACION
 70
0
 62
6
  6
Continuous
370
-3
390
13
347
21
  0
LAYER
  5
91
330
1
100
AcDbSymbolTableRecord
100
AcDbLayerTableRecord
  2
PS-CARPINTERIA
 70
0
 62
4
  6
Continuous
370
-3
390
13
347
21
  0
LAYER
  5
92
330
1
100
AcDbSymbolTableRecord
100
AcDbLayerTableRecord
  2
PS-SEGURIDAD
 70
0
 62
30
  6
Continuous
370
-3
390
13
347
21
  0
LAYER
  5
93
330
1
100
AcDbSymbolTableRecord
100
AcDbLayerTableRecord
  2
PS-TEXTOS
 70
0
 62
7
  6
Continuous
370
-3
390
13
347
21
  0
LAYER
  5
94
330
1
100
AcDbSymbolTableRecord
100
AcDbLayerTableRecord
  2
PS-COTAS
 70
0
 62
1
  6
Continuous
370
-3
390
13
347
21
  0
LAYER
  5
95
330
1
100
AcDbSymbolTableRecord
100
AcDbLayerTableRecord
  2
PS-REF-PLANO
 70
1
 62
9
  6
Continuous
370
-3
390
13
347
21
  0
ENDTAB
  0
TABLE
  2
STYLE
  5
5
330
0
100
AcDbSymbolTable
 70
27
  0
STYLE
  5
29
330
5
100
AcDbSymbolTableRecord
100
AcDbTextStyleTableRecord
  2
Standard
 70
0
 40
0.0
 41
1.0
 50
0.0
 71
0
 42
2.5
  3
txt
  4

  0
STYLE
  5
41
330
5
100
AcDbSymbolTableRecord
100
AcDbTextStyleTableRecord
  2
OpenSans-Light
 70
0
 40
0.0
 41
1.0
 50
0.0
 71
0
 42
2.5
  3
OpenSans-Light.ttf
  4

  0
STYLE
  5
42
330
5
100
AcDbSymbolTableRecord
100
AcDbTextStyleTableRecord
  2
OpenSans-Light-Italic
 70
0
 40
0.0
 41
1.0
 50
0.0
 71
0
 42
2.5
  3
OpenSans-LightItalic.ttf
  4

  0
STYLE
  5
43
330
5
100
AcDbSymbolTableRecord
100
AcDbTextStyleTableRecord
  2
OpenSans
 70
0
 40
0.0
 41
1.0
 50
0.0
 71
0
 42
2.5
  3
OpenSans-Regular.ttf
  4

  0
STYLE
  5
44
330
5
100
AcDbSymbolTableRecord
100
AcDbTextStyleTableRecord
  2
OpenSans-Italic
 70
0
 40
0.0
 41
1.0
 50
0.0
 71
0
 42
2.5
  3
OpenSans-Italic.ttf
  4

  0
STYLE
  5
45
330
5
100
AcDbSymbolTableRecord
100
AcDbTextStyleTableRecord
  2
OpenSans-SemiBold
 70
0
 40
0.0
 41
1.0
 50
0.0
 71
0
 42
2.5
  3
OpenSans-SemiBold.ttf
  4

  0
STYLE
  5
46
330
5
100
AcDbSymbolTableRecord
100
AcDbTextStyleTableRecord
  2
OpenSans-SemiBoldItalic
 70
0
 40
0.0
 41
1.0
 50
0.0
 71
0
 42
2.5
  3
OpenSans-SemiBoldItalic.ttf
  4

  0
STYLE
  5
47
330
5
100
AcDbSymbolTableRecord
100
AcDbTextStyleTableRecord
  2
OpenSans-Bold
 70
0
 40
0.0
 41
1.0
 50
0.0
 71
0
 42
2.5
  3
OpenSans-Bold.ttf
  4

  0
STYLE
  5
48
330
5
100
AcDbSymbolTableRecord
100
AcDbTextStyleTableRecord
  2
OpenSans-BoldItalic
 70
0
 40
0.0
 41
1.0
 50
0.0
 71
0
 42
2.5
  3
OpenSans-BoldItalic.ttf
  4

  0
STYLE
  5
49
330
5
100
AcDbSymbolTableRecord
100
AcDbTextStyleTableRecord
  2
OpenSans-ExtraBold
 70
0
 40
0.0
 41
1.0
 50
0.0
 71
0
 42
2.5
  3
OpenSans-ExtraBold.ttf
  4

  0
STYLE
  5
4A
330
5
100
AcDbSymbolTableRecord
100
AcDbTextStyleTableRecord
  2
OpenSans-ExtraBoldItalic
 70
0
 40
0.0
 41
1.0
 50
0.0
 71
0
 42
2.5
  3
OpenSans-ExtraBoldItalic.ttf
  4

  0
STYLE
  5
4B
330
5
100
AcDbSymbolTableRecord
100
AcDbTextStyleTableRecord
  2
OpenSansCondensed-Bold
 70
0
 40
0.0
 41
1.0
 50
0.0
 71
0
 42
2.5
  3
OpenSansCondensed-Bold.ttf
  4

  0
STYLE
  5
4C
330
5
100
AcDbSymbolTableRecord
100
AcDbTextStyleTableRecord
  2
OpenSansCondensed-Light
 70
0
 40
0.0
 41
1.0
 50
0.0
 71
0
 42
2.5
  3
OpenSansCondensed-Light.ttf
  4

  0
STYLE
  5
4D
330
5
100
AcDbSymbolTableRecord
100
AcDbTextStyleTableRecord
  2
OpenSansCondensed-Italic
 70
0
 40
0.0
 41
1.0
 50
0.0
 71
0
 42
2.5
  3
OpenSansCondensed-LightItalic.ttf
  4

  0
STYLE
  5
4E
330
5
100
AcDbSymbolTableRecord
100
AcDbTextStyleTableRecord
  2
LiberationSans
 70
0
 40
0.0
 41
1.0
 50
0.0
 71
0
 42
2.5
  3
LiberationSans-Regular.ttf
  4

  0
STYLE
  5
4F
330
5
100
AcDbSymbolTableRecord
100
AcDbTextStyleTableRecord
  2
LiberationSans-Bold
 70
0
 40
0.0
 41
1.0
 50
0.0
 71
0
 42
2.5
  3
LiberationSans-Bold.ttf
  4

  0
STYLE
  5
50
330
5
100
AcDbSymbolTableRecord
100
AcDbTextStyleTableRecord
  2
LiberationSans-BoldItalic
 70
0
 40
0.0
 41
1.0
 50
0.0
 71
0
 42
2.5
  3
LiberationSans-BoldItalic.ttf
  4

  0
STYLE
  5
51
330
5
100
AcDbSymbolTableRecord
100
AcDbTextStyleTableRecord
  2
LiberationSans-Italic
 70
0
 40
0.0
 41
1.0
 50
0.0
 71
0
 42
2.5
  3
LiberationSans-Italic.ttf
  4

  0
STYLE
  5
52
330
5
100
AcDbSymbolTableRecord
100
AcDbTextStyleTableRecord
  2
LiberationSerif
 70
0
 40
0.0
 41
1.0
 50
0.0
 71
0
 42
2.5
  3
LiberationSerif-Regular.ttf
  4

  0
STYLE
  5
53
330
5
100
AcDbSymbolTableRecord
100
AcDbTextStyleTableRecord
  2
LiberationSerif-Bold
 70
0
 40
0.0
 41
1.0
 50
0.0
 71
0
 42
2.5
  3
LiberationSerif-Bold.ttf
  4

  0
STYLE
  5
54
330
5
100
AcDbSymbolTableRecord
100
AcDbTextStyleTableRecord
  2
LiberationSerif-BoldItalic
 70
0
 40
0.0
 41
1.0
 50
0.0
 71
0
 42
2.5
  3
LiberationSerif-BoldItalic.ttf
  4

  0
STYLE
  5
55
330
5
100
AcDbSymbolTableRecord
100
AcDbTextStyleTableRecord
  2
LiberationSerif-Italic
 70
0
 40
0.0
 41
1.0
 50
0.0
 71
0
 42
2.5
  3
LiberationSerif-Italic.ttf
  4

  0
STYLE
  5
56
330
5
100
AcDbSymbolTableRecord
100
AcDbTextStyleTableRecord
  2
LiberationMono
 70
0
 40
0.0
 41
1.0
 50
0.0
 71
0
 42
2.5
  3
LiberationMono-Regular.ttf
  4

  0
STYLE
  5
57
330
5
100
AcDbSymbolTableRecord
100
AcDbTextStyleTableRecord
  2
LiberationMono-Bold
 70
0
 40
0.0
 41
1.0
 50
0.0
 71
0
 42
2.5
  3
LiberationMono-Bold.ttf
  4

  0
STYLE
  5
58
330
5
100
AcDbSymbolTableRecord
100
AcDbTextStyleTableRecord
  2
LiberationMono-BoldItalic
 70
0
 40
0.0
 41
1.0
 50
0.0
 71
0
 42
2.5
  3
LiberationMono-BoldItalic.ttf
  4

  0
STYLE
  5
59
330
5
100
AcDbSymbolTableRecord
100
AcDbTextStyleTableRecord
  2
LiberationMono-Italic
 70
0
 40
0.0
 41
1.0
 50
0.0
 71
0
 42
2.5
  3
LiberationMono-Italic.ttf
  4

  0
STYLE
  5
8D
330
5
100
AcDbSymbolTableRecord
100
AcDbTextStyleTableRecord
  2
PS
 70
0
 40
0.0
 41
1.0
 50
0.0
 71
0
 42
2.5
  3
arial.ttf
  4

  0
ENDTAB
  0
TABLE
  2
VIEW
  5
7
330
0
100
AcDbSymbolTable
 70
0
  0
ENDTAB
  0
TABLE
  2
UCS
  5
6
330
0
100
AcDbSymbolTable
 70
0
  0
ENDTAB
  0
TABLE
  2
APPID
  5
3
330
0
100
AcDbSymbolTable
 70
3
  0
APPID
  5
2A
330
3
100
AcDbSymbolTableRecord
100
AcDbRegAppTableRecord
  2
ACAD
 70
0
  0
APPID
  5
329
330
3
100
AcDbSymbolTableRecord
100
AcDbRegAppTableRecord
  2
HATCHBACKGROUNDCOLOR
 70
0
  0
APPID
  5
32A
330
3
100
AcDbSymbolTableRecord
100
AcDbRegAppTableRecord
  2
EZDXF
 70
0
  0
ENDTAB
  0
TABLE
  2
DIMSTYLE
  5
4
330
0
100
AcDbSymbolTable
 70
13
100
AcDbDimStyleTable
  0
DIMSTYLE
105
2B
330
4
100
AcDbSymbolTableRecord
100
AcDbDimStyleTableRecord
  2
Standard
 70
0
 40
1.0
 41
2.5
 42
0.625
 43
3.75
 44
1.25
 45
0.0
 46
0.0
 47
0.0
 48
0.0
 49
2.5
140
2.5
141
2.5
142
0.0
143
0.03937007874
144
1.0
145
0.0
146
1.0
147
0.625
148
0.0
 69
0
 70
0
 71
0
 72
0
 73
0
 74
0
 75
0
 76
0
 77
1
 78
8
 79
3
170
0
171
3
172
1
173
0
174
0
175
0
176
0
177
0
178
0
179
2
271
2
272
2
273
2
274
3
275
0
276
0
277
2
278
44
279
0
280
0
281
0
282
0
283
0
284
8
285
0
286
0
288
0
289
3
290
0
371
-2
372
-2
  0
DIMSTYLE
105
73
330
4
100
AcDbSymbolTableRecord
100
AcDbDimStyleTableRecord
  2
EZDXF
 70
0
 40
1.0
 41
0.175
 42
0.125
 43
3.75
 44
0.375
 45
0.0
 46
0.0
 47
0.0
 48
0.0
 49
2.5
140
0.25
141
2.5
142
0.0
143
0.03937007874
144
100.0
145
0.0
146
0.5
147
0.1
148
0.0
 69
0
 70
0
 71
0
 72
0
 73
0
 74
0
 75
0
 76
0
 77
1
 78
12
 79
3
170
0
171
3
172
1
173
0
174
0
175
0
176
0
177
0
178
0
179
2
271
2
272
2
273
2
274
3
275
0
276
0
277
2
278
46
279
2
280
0
281
0
282
0
283
0
284
8
285
0
286
0
288
1
289
3
290
0
340
4C
342
74
371
-2
372
-2
  0
DIMSTYLE
105
7C
330
4
100
AcDbSymbolTableRecord
100
AcDbDimStyleTableRecord
  2
EZ_M_100_H25_CM
 70
0
 40
1.0
 41
0.25
 42
0.125
 43
3.75
 44
0.375
 45
0.0
 46
0.0
 47
0.0
 48
0.0
 49
2.5
140
0.25
141
2.5
142
0.125
143
0.03937007874
144
100.0
145
0.0
146
0.5
147
0.1
148
0.0
 69
0
 70
0
 71
0
 72
0
 73
0
 74
0
 75
0
 76
0
 77
1
 78
12
 79
3
170
0
171
3
172
1
173
0
174
0
175
0
176
0
177
0
178
0
179
2
271
2
272
2
273
2
274
3
275
0
276
0
277
2
278
46
279
2
280
0
281
0
282
0
283
0
284
8
285
0
286
0
288
1
289
3
290
0
340
4C
371
-2
372
-2
  0
DIMSTYLE
105
7D
330
4
100
AcDbSymbolTableRecord
100
AcDbDimStyleTableRecord
  2
EZ_M_50_H25_CM
 70
0
 40
1.0
 41
0.125
 42
0.0625
 43
3.75
 44
0.1875
 45
0.0
 46
0.0
 47
0.0
 48
0.0
 49
2.5
140
0.125
141
2.5
142
0.0625
143
0.03937007874
144
100.0
145
0.0
146
0.5
147
0.05
148
0.0
 69
0
 70
0
 71
0
 72
0
 73
0
 74
0
 75
0
 76
0
 77
1
 78
12
 79
3
170
0
171
3
172
1
173
0
174
0
175
0
176
0
177
0
178
0
179
2
271
2
272
2
273
2
274
3
275
0
276
0
277
2
278
46
279
2
280
0
281
0
282
0
283
0
284
8
285
0
286
0
288
1
289
3
290
0
340
4C
371
-2
372
-2
  0
DIMSTYLE
105
7E
330
4
100
AcDbSymbolTableRecord
100
AcDbDimStyleTableRecord
  2
EZ_M_25_H25_CM
 70
0
 40
1.0
 41
0.0625
 42
0.03125
 43
3.75
 44
0.09375
 45
0.0
 46
0.0
 47
0.0
 48
0.0
 49
2.5
140
0.0625
141
2.5
142
0.03125
143
0.03937007874
144
100.0
145
0.0
146
0.5
147
0.025
148
0.0
 69
0
 70
0
 71
0
 72
0
 73
0
 74
0
 75
0
 76
0
 77
1
 78
12
 79
3
170
0
171
3
172
1
173
0
174
0
175
0
176
0
177
0
178
0
179
2
271
2
272
2
273
2
274
3
275
0
276
0
277
2
278
46
279
2
280
0
281
0
282
0
283
0
284
8
285
0
286
0
288
1
289
3
290
0
340
4C
371
-2
372
-2
  0
DIMSTYLE
105
7F
330
4
100
AcDbSymbolTableRecord
100
AcDbDimStyleTableRecord
  2
EZ_M_20_H25_CM
 70
0
 40
1.0
 41
0.05
 42
0.025
 43
3.75
 44
0.07500000000000001
 45
0.0
 46
0.0
 47
0.0
 48
0.0
 49
2.5
140
0.05
141
2.5
142
0.025
143
0.03937007874
144
100.0
145
0.0
146
0.5
147
0.020000000000000004
148
0.0
 69
0
 70
0
 71
0
 72
0
 73
0
 74
0
 75
0
 76
0
 77
1
 78
12
 79
3
170
0
171
3
172
1
173
0
174
0
175
0
176
0
177
0
178
0
179
2
271
2
272
2
273
2
274
3
275
0
276
0
277
2
278
46
279
2
280
0
281
0
282
0
283
0
284
8
285
0
286
0
288
1
289
3
290
0
340
4C
371
-2
372
-2
  0
DIMSTYLE
105
80
330
4
100
AcDbSymbolTableRecord
100
AcDbDimStyleTableRecord
  2
EZ_M_10_H25_CM
 70
0
 40
1.0
 41
0.025
 42
0.0125
 43
3.75
 44
0.037500000000000006
 45
0.0
 46
0.0
 47
0.0
 48
0.0
 49
2.5
140
0.025
141
2.5
142
0.0125
143
0.03937007874
144
100.0
145
0.0
146
0.5
147
0.010000000000000002
148
0.0
 69
0
 70
0
 71
0
 72
0
 73
0
 74
0
 75
0
 76
0
 77
1
 78
12
 79
3
170
0
171
3
172
1
173
0
174
0
175
0
176
0
177
0
178
0
179
2
271
2
272
2
273
2
274
3
275
0
276
0
277
2
278
46
279
2
280
0
281
0
282
0
283
0
284
8
285
0
286
0
288
1
289
3
290
0
340
4C
371
-2
372
-2
  0
DIMSTYLE
105
81
330
4
100
AcDbSymbolTableRecord
100
AcDbDimStyleTableRecord
  2
EZ_M_5_H25_CM
 70
0
 40
1.0
 41
0.0125
 42
0.00625
 43
3.75
 44
0.018750000000000003
 45
0.0
 46
0.0
 47
0.0
 48
0.0
 49
2.5
140
0.0125
141
2.5
142
0.00625
143
0.03937007874
144
100.0
145
0.0
146
0.5
147
0.005000000000000001
148
0.0
 69
0
 70
0
 71
0
 72
0
 73
0
 74
0
 75
0
 76
0
 77
1
 78
12
 79
3
170
0
171
3
172
1
173
0
174
0
175
0
176
0
177
0
178
0
179
2
271
2
272
2
273
2
274
3
275
0
276
0
277
2
278
46
279
2
280
0
281
0
282
0
283
0
284
8
285
0
286
0
288
1
289
3
290
0
340
4C
371
-2
372
-2
  0
DIMSTYLE
105
82
330
4
100
AcDbSymbolTableRecord
100
AcDbDimStyleTableRecord
  2
EZ_M_1_H25_CM
 70
0
 40
1.0
 41
0.0025
 42
0.00125
 43
3.75
 44
0.00375
 45
0.0
 46
0.0
 47
0.0
 48
0.0
 49
2.5
140
0.0025
141
2.5
142
0.00125
143
0.03937007874
144
100.0
145
0.0
146
0.5
147
0.001
148
0.0
 69
0
 70
0
 71
0
 72
0
 73
0
 74
0
 75
0
 76
0
 77
1
 78
12
 79
3
170
0
171
3
172
1
173
0
174
0
175
0
176
0
177
0
178
0
179
2
271
2
272
2
273
2
274
3
275
0
276
0
277
2
278
46
279
2
280
0
281
0
282
0
283
0
284
8
285
0
286
0
288
1
289
3
290
0
340
4C
371
-2
372
-2
  0
DIMSTYLE
105
83
330
4
100
AcDbSymbolTableRecord
100
AcDbDimStyleTableRecord
  2
EZ_RADIUS
 70
0
 40
1.0
 41
0.25
 42
0.125
 43
3.75
 44
0.375
 45
0.0
 46
0.0
 47
0.0
 48
0.0
 49
2.5
140
0.25
141
0.0
142
0.0
143
0.03937007874
144
100.0
145
0.0
146
0.5
147
0.1
148
0.0
 69
0
 70
0
 71
0
 72
0
 73
0
 74
0
 75
0
 76
0
 77
1
 78
12
 79
3
170
0
171
3
172
0
173
0
174
0
175
0
176
0
177
0
178
0
179
2
271
2
272
2
273
2
274
3
275
0
276
0
277
2
278
46
279
1
280
0
281
0
282
0
283
0
284
8
285
0
286
0
288
1
289
3
290
0
340
4C
342
84
371
-2
372
-2
  0
DIMSTYLE
105
88
330
4
100
AcDbSymbolTableRecord
100
AcDbDimStyleTableRecord
  2
EZ_RADIUS_INSIDE
 70
0
 40
1.0
 41
0.25
 42
0.125
 43
3.75
 44
0.375
 45
0.0
 46
0.0
 47
0.0
 48
0.0
 49
2.5
140
0.25
141
0.0
142
0.0
143
0.03937007874
144
100.0
145
0.0
146
0.5
147
0.1
148
0.0
 69
0
 70
0
 71
0
 72
0
 73
0
 74
0
 75
0
 76
0
 77
0
 78
12
 79
3
170
0
171
3
172
0
173
0
174
1
175
0
176
0
177
0
178
0
179
2
271
2
272
2
273
2
274
3
275
0
276
0
277
2
278
46
279
0
280
0
281
0
282
0
283
0
284
8
285
0
286
0
288
1
289
0
290
0
340
4C
342
84
371
-2
372
-2
  0
DIMSTYLE
105
89
330
4
100
AcDbSymbolTableRecord
100
AcDbDimStyleTableRecord
  2
EZ_CURVED
 70
0
 40
1.0
 41
0.25
 42
0.125
 43
3.75
 44
0.375
 45
0.0
 46
0.0
 47
0.0
 48
0.0
 49
2.5
140
0.25
141
2.5
142
0.0
143
0.03937007874
144
100.0
145
0.0
146
0.5
147
0.1
148
0.0
 69
0
 70
0
 71
0
 72
0
 73
0
 74
0
 75
0
 76
0
 77
1
 78
12
 79
2
 90
2
170
0
171
3
172
1
173
0
174
0
175
0
176
0
177
0
178
0
179
2
271
2
272
2
273
2
274
3
275
0
276
0
277
2
278
46
279
2
280
0
281
0
282
0
283
0
284
8
285
0
286
0
288
1
289
3
290
0
340
4C
371
-2
372
-2
  0
DIMSTYLE
105
96
330
4
100
AcDbSymbolTableRecord
100
AcDbDimStyleTableRecord
  2
PS
 70
0
 40
1.0
 41
2.5
 42
2.0
 43
8.0
 44
2.5
 45
0.0
 46
0.0
 47
0.0
 48
0.0
 49
2.5
140
7.0
141
0.0
142
0.0
143
0.03937007874
144
1.0
145
0.0
146
1.0
147
1.5
148
0.0
 69
1
 70
0
 71
0
 72
0
 73
0
 74
0
 75
0
 76
0
 77
1
 78
8
 79
3
170
0
171
3
172
1
173
0
174
0
175
0
176
1
177
1
178
1
179
2
271
0
272
2
273
2
274
3
275
0
276
0
277
2
278
44
279
0
280
0
281
0
282
0
283
0
284
8
285
0
286
0
288
0
289
3
290
0
340
8D
342
74
371
-2
372
-2
  0
ENDTAB
  0
TABLE
  2
BLOCK_RECORD
  5
9
330
0
100
AcDbSymbolTable
 70
26
  0
BLOCK_RECORD
  5
17
330
9
100
AcDbSymbolTableRecord
100
AcDbBlockTableRecord
  2
*Model_Space
340
1A
 70
0
280
1
281
0
  0
BLOCK_RECORD
  5
1B
330
9
100
AcDbSymbolTableRecord
100
AcDbBlockTableRecord
  2
*Paper_Space
340
1E
 70
0
280
1
281
0
  0
BLOCK_RECORD
  5
74
330
9
100
AcDbSymbolTableRecord
100
AcDbBlockTableRecord
  2
_ARCHTICK
340
0
 70
0
280
1
281
0
  0
BLOCK_RECORD
  5
78
330
9
100
AcDbSymbolTableRecord
100
AcDbBlockTableRecord
  2
_CLOSEDFILLED
340
0
 70
0
280
1
281
0
  0
BLOCK_RECORD
  5
84
330
9
100
AcDbSymbolTableRecord
100
AcDbBlockTableRecord
  2
_CLOSEDBLANK
340
0
 70
0
280
1
281
0
  0
BLOCK_RECORD
  5
97
330
9
100
AcDbSymbolTableRecord
100
AcDbBlockTableRecord
  2
PS_ALFOMBRA_SALON_200x200
340
0
 70
0
280
1
281
0
  0
BLOCK_RECORD
  5
A3
330
9
100
AcDbSymbolTableRecord
100
AcDbBlockTableRecord
  2
PS_SOFA_CHAISE_240x160
340
0
 70
0
280
1
281
0
  0
BLOCK_RECORD
  5
C7
330
9
100
AcDbSymbolTableRecord
100
AcDbBlockTableRecord
  2
PS_MUEBLE_TV_200x40
340
0
 70
0
280
1
281
0
  0
BLOCK_RECORD
  5
DC
330
9
100
AcDbSymbolTableRecord
100
AcDbBlockTableRecord
  2
PS_MESA_CENTRO_D75
340
0
 70
0
280
1
281
0
  0
BLOCK_RECORD
  5
118
330
9
100
AcDbSymbolTableRecord
100
AcDbBlockTableRecord
  2
PS_PUF_D50
340
0
 70
0
280
1
281
0
  0
BLOCK_RECORD
  5
127
330
9
100
AcDbSymbolTableRecord
100
AcDbBlockTableRecord
  2
PS_LAMPARA_PIE
340
0
 70
0
280
1
281
0
  0
BLOCK_RECORD
  5
160
330
9
100
AcDbSymbolTableRecord
100
AcDbBlockTableRecord
  2
PS_APLIQUE_PARED
340
0
 70
0
280
1
281
0
  0
BLOCK_RECORD
  5
167
330
9
100
AcDbSymbolTableRecord
100
AcDbBlockTableRecord
  2
PS_PUERTA_CORREDERA_90
340
0
 70
0
280
1
281
0
  0
BLOCK_RECORD
  5
18D
330
9
100
AcDbSymbolTableRecord
100
AcDbBlockTableRecord
  2
PS_ALFOMBRA_JUEGO_170x120
340
0
 70
0
280
1
281
0
  0
BLOCK_RECORD
  5
1F3
330
9
100
AcDbSymbolTableRecord
100
AcDbBlockTableRecord
  2
PS_LIBRERIA_INFANTIL_256x35
340
0
 70
0
280
1
281
0
  0
BLOCK_RECORD
  5
235
330
9
100
AcDbSymbolTableRecord
100
AcDbBlockTableRecord
  2
PS_BANCO_ARCON_110x45
340
0
 70
0
280
1
281
0
  0
BLOCK_RECORD
  5
253
330
9
100
AcDbSymbolTableRecord
100
AcDbBlockTableRecord
  2
PS_MESA_INFANTIL_D60
340
0
 70
0
280
1
281
0
  0
BLOCK_RECORD
  5
25E
330
9
100
AcDbSymbolTableRecord
100
AcDbBlockTableRecord
  2
PS_TABURETE_D30
340
0
 70
0
280
1
281
0
  0
BLOCK_RECORD
  5
264
330
9
100
AcDbSymbolTableRecord
100
AcDbBlockTableRecord
  2
PS_PUF_PERA
340
0
 70
0
280
1
281
0
  0
BLOCK_RECORD
  5
26C
330
9
100
AcDbSymbolTableRecord
100
AcDbBlockTableRecord
  2
PS_LAMPARA_TECHO
340
0
 70
0
280
1
281
0
  0
BLOCK_RECORD
  5
274
330
9
100
AcDbSymbolTableRecord
100
AcDbBlockTableRecord
  2
PS_PUERTA_SEGURIDAD
340
0
 70
0
280
1
281
0
  0
BLOCK_RECORD
  5
2E9
330
9
100
AcDbSymbolTableRecord
100
AcDbBlockTableRecord
  2
_DOTSMALL
340
0
 70
0
280
1
281
0
  0
BLOCK_RECORD
  5
2EE
330
9
100
AcDbSymbolTableRecord
100
AcDbBlockTableRecord
  2
*D1
340
0
 70
0
280
1
281
0
  0
BLOCK_RECORD
  5
2FD
330
9
100
AcDbSymbolTableRecord
100
AcDbBlockTableRecord
  2
*D2
340
0
 70
0
280
1
281
0
  0
BLOCK_RECORD
  5
30C
330
9
100
AcDbSymbolTableRecord
100
AcDbBlockTableRecord
  2
*D3
340
0
 70
0
280
1
281
0
  0
BLOCK_RECORD
  5
31B
330
9
100
AcDbSymbolTableRecord
100
AcDbBlockTableRecord
  2
*D4
340
0
 70
0
280
1
281
0
  0
ENDTAB
  0
ENDSEC
  0
SECTION
  2
BLOCKS
  0
BLOCK
  5
18
330
17
100
AcDbEntity
  8
0
100
AcDbBlockBegin
  2
*Model_Space
 70
0
 10
0.0
 20
0.0
 30
0.0
  3
*Model_Space
  1

  0
ENDBLK
  5
19
330
17
100
AcDbEntity
  8
0
100
AcDbBlockEnd
  0
BLOCK
  5
1C
330
1B
100
AcDbEntity
  8
0
100
AcDbBlockBegin
  2
*Paper_Space
 70
0
 10
0.0
 20
0.0
 30
0.0
  3
*Paper_Space
  1

  0
ENDBLK
  5
1D
330
1B
100
AcDbEntity
  8
0
100
AcDbBlockEnd
  0
BLOCK
  5
75
330
74
100
AcDbEntity
  8
0
100
AcDbBlockBegin
  2
_ARCHTICK
 70
0
 10
0.0
 20
0.0
 30
0.0
  3
_ARCHTICK
  1

  0
LWPOLYLINE
  5
77
330
74
100
AcDbEntity
  8
0
  6
BYBLOCK
 62
0
100
AcDbPolyline
 90
2
 70
0
 43
0.15
 10
-0.5
 20
-0.5
 10
0.5
 20
0.5
  0
ENDBLK
  5
76
330
74
100
AcDbEntity
  8
0
100
AcDbBlockEnd
  0
BLOCK
  5
79
330
78
100
AcDbEntity
  8
0
100
AcDbBlockBegin
  2
_CLOSEDFILLED
 70
0
 10
0.0
 20
0.0
 30
0.0
  3
_CLOSEDFILLED
  1

  0
SOLID
  5
7B
330
78
100
AcDbEntity
  8
0
  6
BYBLOCK
 62
0
100
AcDbTrace
 10
-1.0
 20
0.16439898372402537
 30
0.0
 11
0.0
 21
0.0
 31
0.0
 12
-1.0
 22
-0.16439898372402537
 32
0.0
 13
-1.0
 23
-0.16439898372402537
 33
0.0
  0
ENDBLK
  5
7A
330
78
100
AcDbEntity
  8
0
100
AcDbBlockEnd
  0
BLOCK
  5
85
330
84
100
AcDbEntity
  8
0
100
AcDbBlockBegin
  2
_CLOSEDBLANK
 70
0
 10
0.0
 20
0.0
 30
0.0
  3
_CLOSEDBLANK
  1

  0
LWPOLYLINE
  5
87
330
84
100
AcDbEntity
  8
0
  6
BYBLOCK
 62
0
100
AcDbPolyline
 90
3
 70
1
 10
-1.0
 20
0.16439898372402537
 10
0.0
 20
0.0
 10
-1.0
 20
-0.16439898372402537
  0
ENDBLK
  5
86
330
84
100
AcDbEntity
  8
0
100
AcDbBlockEnd
  0
BLOCK
  5
98
330
97
100
AcDbEntity
  8
0
100
AcDbBlockBegin
  2
PS_ALFOMBRA_SALON_200x200
 70
0
 10
0.0
 20
0.0
 30
0.0
  3
PS_ALFOMBRA_SALON_200x200
  1

  0
LWPOLYLINE
  5
9A
330
97
100
AcDbEntity
  8
0
100
AcDbPolyline
 90
8
 70
1
 10
-100.0
 20
-98.0
 42
0.41421356237309503
 10
-98.0
 20
-100.0
 10
98.0
 20
-100.0
 42
0.41421356237309503
 10
100.0
 20
-98.0
 10
100.0
 20
98.0
 42
0.41421356237309503
 10
98.0
 20
100.0
 10
-98.0
 20
100.0
 42
0.41421356237309503
 10
-100.0
 20
98.0
  0
LWPOLYLINE
  5
9B
330
97
100
AcDbEntity
  8
0
 62
8
370
13
100
AcDbPolyline
 90
8
 70
1
 10
-92.0
 20
-91.0
 42
0.41421356237309503
 10
-91.0
 20
-92.0
 10
91.0
 20
-92.0
 42
0.41421356237309503
 10
92.0
 20
-91.0
 10
92.0
 20
91.0
 42
0.41421356237309503
 10
91.0
 20
92.0
 10
-91.0
 20
92.0
 42
0.41421356237309503
 10
-92.0
 20
91.0
  0
LWPOLYLINE
  5
9C
330
97
100
AcDbEntity
  8
0
 62
8
370
13
100
AcDbPolyline
 90
8
 70
1
 10
-88.0
 20
-87.0
 42
0.41421356237309503
 10
-87.0
 20
-88.0
 10
87.0
 20
-88.0
 42
0.41421356237309503
 10
88.0
 20
-87.0
 10
88.0
 20
87.0
 42
0.41421356237309503
 10
87.0
 20
88.0
 10
-87.0
 20
88.0
 42
0.41421356237309503
 10
-88.0
 20
87.0
  0
LWPOLYLINE
  5
9D
330
97
100
AcDbEntity
  8
0
 62
8
370
13
100
AcDbPolyline
 90
4
 70
1
 10
0.0
 20
-50.0
 10
50.0
 20
0.0
 10
0.0
 20
50.0
 10
-50.0
 20
0.0
  0
LWPOLYLINE
  5
9E
330
97
100
AcDbEntity
  8
0
 62
8
370
13
100
AcDbPolyline
 90
4
 70
1
 10
0.0
 20
-41.0
 10
41.0
 20
0.0
 10
0.0
 20
41.0
 10
-41.0
 20
0.0
  0
LWPOLYLINE
  5
9F
330
97
100
AcDbEntity
  8
0
 62
8
370
13
100
AcDbPolyline
 90
3
 70
0
 10
88.0
 20
78.0
 10
78.0
 20
78.0
 10
78.0
 20
88.0
  0
LWPOLYLINE
  5
A0
330
97
100
AcDbEntity
  8
0
 62
8
370
13
100
AcDbPolyline
 90
3
 70
0
 10
-78.0
 20
88.0
 10
-78.0
 20
78.0
 10
-88.0
 20
78.0
  0
LWPOLYLINE
  5
A1
330
97
100
AcDbEntity
  8
0
 62
8
370
13
100
AcDbPolyline
 90
3
 70
0
 10
-88.00000000000001
 20
-77.99999999999999
 10
-78.00000000000001
 20
-77.99999999999999
 10
-78.00000000000001
 20
-87.99999999999999
  0
LWPOLYLINE
  5
A2
330
97
100
AcDbEntity
  8
0
 62
8
370
13
100
AcDbPolyline
 90
3
 70
0
 10
77.99999999999999
 20
-88.00000000000001
 10
77.99999999999999
 20
-78.00000000000001
 10
87.99999999999999
 20
-78.00000000000001
  0
ENDBLK
  5
99
330
97
100
AcDbEntity
  8
0
100
AcDbBlockEnd
  0
BLOCK
  5
A4
330
A3
100
AcDbEntity
  8
0
100
AcDbBlockBegin
  2
PS_SOFA_CHAISE_240x160
 70
0
 10
0.0
 20
0.0
 30
0.0
  3
PS_SOFA_CHAISE_240x160
  1

  0
WIPEOUT
  5
A6
330
A3
100
AcDbEntity
  8
0
100
AcDbWipeout
 90
0
 10
-160.0
 20
0.0
 30
0.0
 11
160.0
 21
0.0
 31
0.0
 12
0.0
 22
240.0
 32
0.0
 13
1.0
 23
1.0
340
0
 70
7
280
1
281
50
282
50
283
0
360
0
 71
2
 91
43
 14
0.5
 24
0.5
 14
0.5
 24
-0.5
 14
-0.06874999999999998
 24
-0.5
 14
-0.0720131548055013
 24
-0.4998574143562301
 14
-0.075220476127563
 24
-0.49943209710481773
 14
-0.07831708580912727
 24
-0.49873132554185473
 14
-0.08124999999999999
 24
-0.49776709006307407
 14
-0.08396903572521797
 24
-0.4965558890048539
 14
-0.08642766952966363
 24
-0.4951184463531091
 14
-0.08858383350728094
 24
-0.49347935715014535
 14
-0.09040063509461094
 24
-0.4916666666666667
 14
-0.09184698831278215
 24
-0.48971139053941815
 14
-0.09289814565722676
 24
-0.48764698408504203
 14
-0.09353612153434526
 24
-0.4855087698703342
 14
-0.09375
 24
-0.4833333333333333
 14
-0.09375
 24
0.10416666666666669
 14
-0.4625
 24
0.10416666666666669
 14
-0.4673947322082519
 24
0.10438054513232142
 14
-0.4722057141913446
 24
0.10501852100943998
 14
-0.4768506287136908
 24
0.10606967835388453
 14
-0.48125
 24
0.10751603157205569
 14
-0.48532855358782695
 24
0.1093328331593858
 14
-0.48901650429449556
 24
0.11148899713700294
 14
-0.49225075026092124
 24
0.11394763094144866
 14
-0.49497595264191646
 24
0.11666666666666664
 14
-0.49714548246917334
 24
0.11959958085753947
 14
-0.49872221848584
 24
0.12269619053910369
 14
-0.499679182301518
 24
0.12590351186116538
 14
-0.5
 24
0.12916666666666665
 14
-0.5
 24
0.48333333333333334
 14
-0.4997861215343452
 24
0.4855087698703342
 14
-0.49914814565722665
 24
0.48764698408504203
 14
-0.49809698831278215
 24
0.48971139053941815
 14
-0.49665063509461105
 24
0.49166666666666664
 14
-0.49483383350728083
 24
0.49347935715014535
 14
-0.49267766952966363
 24
0.49511844635310914
 14
-0.4902190357252181
 24
0.4965558890048539
 14
-0.4875
 24
0.49776709006307396
 14
-0.4845670858091273
 24
0.4987313255418548
 14
-0.481470476127563
 24
0.4994320971048178
 14
-0.4782631548055013
 24
0.49985741435623016
 14
-0.475
 24
0.5
 14
0.5
 24
0.5
290
0
  0
LWPOLYLINE
  5
A7
330
A3
100
AcDbEntity
  8
0
100
AcDbPolyline
 90
9
 70
1
 10
0.0
 20
0.0
 10
0.0
 20
240.0
 10
-91.0
 20
240.0
 42
0.41421356237309503
 10
-95.0
 20
236.0
 10
-95.0
 20
95.0
 10
-154.0
 20
95.0
 42
0.41421356237309503
 10
-160.0
 20
89.0
 10
-160.0
 20
4.0
 42
0.41421356237309503
 10
-156.0
 20
0.0
  0
LINE
  5
A8
330
A3
100
AcDbEntity
  8
0
100
AcDbLine
 10
-18.0
 20
0.0
 30
0.0
 11
-18.0
 21
225.0
 31
0.0
  0
LWPOLYLINE
  5
A9
330
A3
100
AcDbEntity
  8
0
100
AcDbPolyline
 90
2
 70
0
 10
-95.0
 20
225.0
 10
-44.951440653576725
 20
225.0
  0
LWPOLYLINE
  5
AA
330
A3
100
AcDbEntity
  8
0
100
AcDbPolyline
 90
2
 70
0
 10
-37.689906296784
 20
225.0
 10
-18.0
 20
225.0
  0
LWPOLYLINE
  5
AB
330
A3
100
AcDbEntity
  8
0
100
AcDbPolyline
 90
8
 70
1
 10
-34.0
 20
5.0
 42
0.41421356237309503
 10
-30.0
 20
1.0
 10
-22.5
 20
1.0
 42
0.41421356237309503
 10
-18.5
 20
5.0
 10
-18.5
 20
90.0
 42
0.41421356237309503
 10
-22.5
 20
94.0
 10
-30.0
 20
94.0
 42
0.41421356237309503
 10
-34.0
 20
90.0
  0
LWPOLYLINE
  5
AC
330
A3
100
AcDbEntity
  8
0
100
AcDbPolyline
 90
49
 70
0
 10
-33.174826930826534
 20
97.56706984046659
 10
-33.17341336116494
 20
97.56495428396512
 10
-32.82842712474619
 20
97.17157287525382
 10
-32.435045716034885
 20
96.82658663883507
 10
-32.0
 20
96.53589838486225
 10
-31.530733729460362
 20
96.30448186995486
 10
-31.035276180410083
 20
96.13629669484372
 10
-30.522104768880208
 20
96.03422055450476
 10
-30.0
 20
96.0
 10
-22.5
 20
96.0
 10
-21.977895231119792
 20
96.03422055450476
 10
-21.464723819589917
 20
96.13629669484372
 10
-20.96926627053964
 20
96.30448186995486
 10
-20.5
 20
96.53589838486225
 10
-20.06495428396512
 20
96.82658663883505
 10
-19.67157287525381
 20
97.17157287525382
 10
-19.32658663883506
 20
97.56495428396512
 10
-19.035898384862247
 20
98.0
 10
-18.804481869954852
 20
98.46926627053963
 10
-18.636296694843725
 20
98.96472381958992
 10
-18.53422055450476
 20
99.47789523111979
 10
-18.5
 20
100.0
 10
-18.5
 20
155.5
 10
-18.53422055450476
 20
156.0221047688802
 10
-18.636296694843725
 20
156.53527618041008
 10
-18.804481869954852
 20
157.03073372946037
 10
-19.035898384862247
 20
157.5
 10
-19.32658663883506
 20
157.9350457160349
 10
-19.67157287525381
 20
158.32842712474618
 10
-20.06495428396512
 20
158.67341336116493
 10
-20.5
 20
158.96410161513776
 10
-20.96926627053964
 20
159.19551813004514
 10
-21.464723819589917
 20
159.36370330515626
 10
-21.977895231119792
 20
159.46577944549523
 10
-22.5
 20
159.5
 10
-30.0
 20
159.5
 10
-30.522104768880208
 20
159.46577944549523
 10
-31.035276180410083
 20
159.36370330515626
 10
-31.53073372946036
 20
159.19551813004514
 10
-32.0
 20
158.96410161513776
 10
-32.435045716034885
 20
158.67341336116493
 10
-32.82842712474619
 20
158.32842712474618
 10
-33.17341336116494
 20
157.9350457160349
 10
-33.46410161513776
 20
157.5
 10
-33.695518130045144
 20
157.03073372946037
 10
-33.86370330515627
 20
156.53527618041008
 10
-33.965779445495244
 20
156.0221047688802
 10
-34.0
 20
155.5
 10
-34.0
 20
104.16182681239371
  0
LWPOLYLINE
  5
AD
330
A3
100
AcDbEntity
  8
0
100
AcDbPolyline
 90
47
 70
0
 10
-34.0
 20
164.5
 10
-33.965779445495244
 20
163.9778952311198
 10
-33.86370330515627
 20
163.46472381958992
 10
-33.695518130045144
 20
162.96926627053963
 10
-33.46410161513776
 20
162.5
 10
-33.17341336116494
 20
162.0649542839651
 10
-32.82842712474619
 20
161.67157287525382
 10
-32.435045716034885
 20
161.32658663883507
 10
-32.0
 20
161.03589838486224
 10
-31.530733729460362
 20
160.80448186995486
 10
-31.035276180410083
 20
160.63629669484374
 10
-30.522104768880208
 20
160.53422055450477
 10
-30.0
 20
160.5
 10
-22.5
 20
160.5
 10
-21.977895231119792
 20
160.53422055450477
 10
-21.464723819589917
 20
160.63629669484374
 10
-20.96926627053964
 20
160.80448186995486
 10
-20.5
 20
161.03589838486224
 10
-20.06495428396512
 20
161.32658663883507
 10
-19.67157287525381
 20
161.67157287525382
 10
-19.32658663883506
 20
162.0649542839651
 10
-19.035898384862247
 20
162.5
 10
-18.804481869954852
 20
162.96926627053963
 10
-18.636296694843725
 20
163.46472381958992
 10
-18.53422055450476
 20
163.9778952311198
 10
-18.5
 20
164.5
 10
-18.5
 20
220.0
 10
-18.53422055450476
 20
220.5221047688802
 10
-18.636296694843725
 20
221.03527618041008
 10
-18.804481869954852
 20
221.53073372946037
 10
-19.035898384862247
 20
222.0
 10
-19.32658663883506
 20
222.4350457160349
 10
-19.67157287525381
 20
222.82842712474618
 10
-20.06495428396512
 20
223.17341336116493
 10
-20.5
 20
223.46410161513776
 10
-20.96926627053964
 20
223.69551813004514
 10
-21.464723819589917
 20
223.86370330515626
 10
-21.977895231119792
 20
223.96577944549523
 10
-22.5
 20
224.0
 10
-30.0
 20
224.0
 10
-30.522104768880208
 20
223.96577944549523
 10
-31.035276180410083
 20
223.86370330515626
 10
-31.53073372946036
 20
223.69551813004514
 10
-32.0
 20
223.46410161513776
 10
-32.435045716034885
 20
223.17341336116493
 10
-32.82842712474619
 20
222.82842712474618
 10
-32.83872184238491
 20
222.81668824910568
  0
LWPOLYLINE
  5
AE
330
A3
100
AcDbEntity
  8
0
100
AcDbPolyline
 90
2
 70
0
 10
-34.0
 20
210.45241328115455
 10
-34.0
 20
164.5
  0
LWPOLYLINE
  5
AF
330
A3
100
AcDbEntity
  8
0
100
AcDbPolyline
 90
35
 70
0
 10
-159.0
 20
6.0
 10
-158.95722430686905
 20
5.3473690388997435
 10
-158.82962913144533
 20
4.705904774487396
 10
-158.61939766255642
 20
4.086582838174552
 10
-158.33012701892218
 20
3.5000000000000013
 10
-157.96676670145618
 20
2.956192854956397
 10
-157.53553390593274
 20
2.4644660940672627
 10
-157.04380714504362
 20
2.0332332985438253
 10
-156.5
 20
1.6698729810778081
 10
-155.91341716182546
 20
1.3806023374435679
 10
-155.2940952255126
 20
1.1703708685546585
 10
-154.65263096110027
 20
1.042775693130948
 10
-154.0
 20
1.0
 10
-39.5
 20
1.0
 10
-38.84736903889974
 20
1.042775693130948
 10
-38.205904774487394
 20
1.1703708685546585
 10
-37.58658283817455
 20
1.380602337443566
 10
-37.0
 20
1.6698729810778064
 10
-36.4561928549564
 20
2.0332332985438244
 10
-35.96446609406726
 20
2.4644660940672627
 10
-35.53323329854383
 20
2.956192854956397
 10
-35.16987298107781
 20
3.5
 10
-34.88060233744356
 20
4.086582838174551
 10
-34.670370868554656
 20
4.705904774487396
 10
-34.54277569313095
 20
5.347369038899742
 10
-34.5
 20
6.0
 10
-34.5
 20
89.0
 10
-34.54277569313095
 20
89.65263096110026
 10
-34.670370868554656
 20
90.2940952255126
 10
-34.88060233744356
 20
90.91341716182545
 10
-35.16987298107781
 20
91.5
 10
-35.53323329854383
 20
92.0438071450436
 10
-35.96446609406726
 20
92.53553390593274
 10
-36.4561928549564
 20
92.96676670145618
 10
-36.762709228541425
 20
93.17157439445819
  0
LWPOLYLINE
  5
B0
330
A3
100
AcDbEntity
  8
0
100
AcDbPolyline
 90
15
 70
0
 10
-46.7263945446168
 20
94.0
 10
-154.0
 20
94.0
 10
-154.65263096110027
 20
93.95722430686905
 10
-155.2940952255126
 20
93.82962913144534
 10
-155.91341716182544
 20
93.61939766255644
 10
-156.5
 20
93.3301270189222
 10
-157.04380714504362
 20
92.96676670145618
 10
-157.53553390593274
 20
92.53553390593274
 10
-157.96676670145618
 20
92.0438071450436
 10
-158.33012701892218
 20
91.5
 10
-158.61939766255642
 20
90.91341716182545
 10
-158.82962913144533
 20
90.2940952255126
 10
-158.95722430686905
 20
89.65263096110026
 10
-159.0
 20
89.0
 10
-159.0
 20
6.0
  0
LWPOLYLINE
  5
B1
330
A3
100
AcDbEntity
  8
0
100
AcDbPolyline
 90
14
 70
0
 10
-94.0
 20
100.0
 10
-93.96577944549524
 20
99.47789523111979
 10
-93.86370330515628
 20
98.96472381958992
 10
-93.69551813004514
 20
98.46926627053963
 10
-93.46410161513775
 20
98.0
 10
-93.17341336116495
 20
97.56495428396512
 10
-92.82842712474618
 20
97.17157287525382
 10
-92.43504571603488
 20
96.82658663883507
 10
-92.0
 20
96.53589838486225
 10
-91.53073372946037
 20
96.30448186995486
 10
-91.03527618041008
 20
96.13629669484372
 10
-90.52210476888021
 20
96.03422055450476
 10
-90.0
 20
96.0
 10
-47.47309320623885
 20
96.0
  0
LWPOLYLINE
  5
B2
330
A3
100
AcDbEntity
  8
0
100
AcDbPolyline
 90
28
 70
0
 10
-34.5
 20
108.19091799633553
 10
-34.5
 20
155.5
 10
-34.534220554504756
 20
156.0221047688802
 10
-34.63629669484373
 20
156.53527618041008
 10
-34.804481869954856
 20
157.03073372946037
 10
-35.03589838486224
 20
157.5
 10
-35.32658663883506
 20
157.9350457160349
 10
-35.67157287525381
 20
158.32842712474618
 10
-36.064954283965115
 20
158.67341336116493
 10
-36.5
 20
158.96410161513776
 10
-36.96926627053964
 20
159.19551813004514
 10
-37.46472381958992
 20
159.36370330515626
 10
-37.977895231119795
 20
159.46577944549523
 10
-38.5
 20
159.5
 10
-90.0
 20
159.5
 10
-90.52210476888021
 20
159.46577944549523
 10
-91.03527618041008
 20
159.36370330515626
 10
-91.53073372946037
 20
159.19551813004514
 10
-92.0
 20
158.96410161513776
 10
-92.43504571603488
 20
158.67341336116493
 10
-92.82842712474618
 20
158.32842712474618
 10
-93.17341336116495
 20
157.9350457160349
 10
-93.46410161513775
 20
157.5
 10
-93.69551813004514
 20
157.03073372946037
 10
-93.86370330515628
 20
156.53527618041008
 10
-93.96577944549524
 20
156.0221047688802
 10
-94.0
 20
155.5
 10
-94.0
 20
100.0
  0
LWPOLYLINE
  5
B3
330
A3
100
AcDbEntity
  8
0
100
AcDbPolyline
 90
27
 70
0
 10
-94.0
 20
164.5
 10
-93.96577944549524
 20
163.9778952311198
 10
-93.86370330515628
 20
163.46472381958992
 10
-93.69551813004514
 20
162.96926627053963
 10
-93.46410161513775
 20
162.5
 10
-93.17341336116495
 20
162.0649542839651
 10
-92.82842712474618
 20
161.67157287525382
 10
-92.43504571603488
 20
161.32658663883507
 10
-92.0
 20
161.03589838486224
 10
-91.53073372946037
 20
160.80448186995486
 10
-91.03527618041008
 20
160.63629669484374
 10
-90.52210476888021
 20
160.53422055450477
 10
-90.0
 20
160.5
 10
-38.5
 20
160.5
 10
-37.977895231119795
 20
160.53422055450477
 10
-37.46472381958992
 20
160.63629669484374
 10
-36.96926627053964
 20
160.80448186995486
 10
-36.5
 20
161.03589838486224
 10
-36.064954283965115
 20
161.32658663883507
 10
-35.67157287525381
 20
161.67157287525382
 10
-35.32658663883506
 20
162.0649542839651
 10
-35.03589838486224
 20
162.5
 10
-34.804481869954856
 20
162.96926627053963
 10
-34.63629669484373
 20
163.46472381958992
 10
-34.534220554504756
 20
163.9778952311198
 10
-34.5
 20
164.5
 10
-34.5
 20
208.20735457795044
  0
LWPOLYLINE
  5
B4
330
A3
100
AcDbEntity
  8
0
100
AcDbPolyline
 90
15
 70
0
 10
-45.522519030320026
 20
224.0
 10
-90.0
 20
224.0
 10
-90.52210476888021
 20
223.96577944549523
 10
-91.03527618041008
 20
223.86370330515626
 10
-91.53073372946037
 20
223.69551813004514
 10
-92.0
 20
223.46410161513776
 10
-92.43504571603488
 20
223.17341336116493
 10
-92.82842712474618
 20
222.82842712474618
 10
-93.17341336116495
 20
222.4350457160349
 10
-93.46410161513775
 20
222.0
 10
-93.69551813004514
 20
221.53073372946037
 10
-93.86370330515628
 20
221.03527618041008
 10
-93.96577944549524
 20
220.5221047688802
 10
-94.0
 20
220.0
 10
-94.0
 20
164.5
  0
LWPOLYLINE
  5
B5
330
A3
100
AcDbEntity
  8
0
 62
8
370
13
100
AcDbPolyline
 90
40
 70
0
 10
-157.0
 20
6.0
 10
-156.97433458412144
 20
5.608421423339846
 10
-156.8977774788672
 20
5.223542864692438
 10
-156.77163859753387
 20
4.851949702904731
 10
-156.59807621135332
 20
4.500000000000001
 10
-156.3800600208737
 20
4.173715712973838
 10
-156.12132034355963
 20
3.8786796564403576
 10
-155.82628428702617
 20
3.619939979126295
 10
-155.5
 20
3.401923788646685
 10
-155.14805029709527
 20
3.2283614024661405
 10
-154.77645713530757
 20
3.102222521132795
 10
-154.39157857666015
 20
3.025665415878569
 10
-154.0
 20
3.0
 10
-39.5
 20
3.0
 10
-39.10842142333985
 20
3.025665415878569
 10
-38.72354286469244
 20
3.102222521132795
 10
-38.35194970290473
 20
3.22836140246614
 10
-38.0
 20
3.401923788646684
 10
-37.67371571297384
 20
3.6199399791262943
 10
-37.378679656440355
 20
3.8786796564403576
 10
-37.11993997912629
 20
4.173715712973838
 10
-36.901923788646684
 20
4.5
 10
-36.72836140246614
 20
4.851949702904731
 10
-36.602222521132795
 20
5.223542864692438
 10
-36.52566541587857
 20
5.608421423339845
 10
-36.5
 20
6.0
 10
-36.5
 20
89.0
 10
-36.52566541587857
 20
89.39157857666015
 10
-36.602222521132795
 20
89.77645713530757
 10
-36.72836140246614
 20
90.14805029709527
 10
-36.901923788646684
 20
90.5
 10
-37.11993997912629
 20
90.82628428702616
 10
-37.378679656440355
 20
91.12132034355965
 10
-37.67371571297384
 20
91.3800600208737
 10
-38.0
 20
91.59807621135332
 10
-38.35194970290473
 20
91.77163859753387
 10
-38.72354286469244
 20
91.8977774788672
 10
-39.10842142333985
 20
91.97433458412144
 10
-39.5
 20
92.0
 10
-41.46163747205312
 20
92.0
  0
LWPOLYLINE
  5
B6
330
A3
100
AcDbEntity
  8
0
 62
8
370
13
100
AcDbPolyline
 90
15
 70
0
 10
-44.97238685842154
 20
92.0
 10
-154.0
 20
92.0
 10
-154.39157857666015
 20
91.97433458412144
 10
-154.77645713530757
 20
91.8977774788672
 10
-155.14805029709527
 20
91.77163859753387
 10
-155.5
 20
91.59807621135332
 10
-155.82628428702617
 20
91.3800600208737
 10
-156.12132034355963
 20
91.12132034355965
 10
-156.3800600208737
 20
90.82628428702617
 10
-156.59807621135332
 20
90.5
 10
-156.77163859753387
 20
90.14805029709527
 10
-156.8977774788672
 20
89.77645713530757
 10
-156.97433458412144
 20
89.39157857666015
 10
-157.0
 20
89.0
 10
-157.0
 20
6.0
  0
LWPOLYLINE
  5
B7
330
A3
100
AcDbEntity
  8
0
 62
8
370
13
100
AcDbPolyline
 90
14
 70
0
 10
-92.0
 20
100.0
 10
-91.98288972274761
 20
99.7389476155599
 10
-91.93185165257813
 20
99.48236190979496
 10
-91.84775906502257
 20
99.23463313526982
 10
-91.73205080756888
 20
99.0
 10
-91.58670668058247
 20
98.78247714198255
 10
-91.41421356237309
 20
98.58578643762691
 10
-91.21752285801745
 20
98.41329331941753
 10
-91.0
 20
98.26794919243112
 10
-90.76536686473018
 20
98.15224093497743
 10
-90.51763809020504
 20
98.06814834742187
 10
-90.2610523844401
 20
98.01711027725239
 10
-90.0
 20
98.0
 10
-48.23785524136155
 20
98.0
  0
LWPOLYLINE
  5
B8
330
A3
100
AcDbEntity
  8
0
 62
8
370
13
100
AcDbPolyline
 90
28
 70
0
 10
-36.5
 20
116.4465131106448
 10
-36.5
 20
155.5
 10
-36.51711027725238
 20
155.7610523844401
 10
-36.56814834742186
 20
156.01763809020505
 10
-36.65224093497743
 20
156.26536686473017
 10
-36.767949192431125
 20
156.5
 10
-36.91329331941753
 20
156.71752285801745
 10
-37.08578643762691
 20
156.9142135623731
 10
-37.28247714198256
 20
157.08670668058247
 10
-37.5
 20
157.23205080756887
 10
-37.73463313526982
 20
157.3477590650226
 10
-37.98236190979496
 20
157.43185165257813
 10
-38.238947615559894
 20
157.48288972274761
 10
-38.5
 20
157.5
 10
-90.0
 20
157.5
 10
-90.2610523844401
 20
157.48288972274761
 10
-90.51763809020504
 20
157.43185165257813
 10
-90.76536686473018
 20
157.3477590650226
 10
-91.0
 20
157.23205080756887
 10
-91.21752285801745
 20
157.08670668058247
 10
-91.41421356237309
 20
156.9142135623731
 10
-91.58670668058247
 20
156.71752285801745
 10
-91.73205080756888
 20
156.5
 10
-91.84775906502257
 20
156.26536686473017
 10
-91.93185165257813
 20
156.01763809020505
 10
-91.98288972274761
 20
155.7610523844401
 10
-92.0
 20
155.5
 10
-92.0
 20
100.0
  0
LWPOLYLINE
  5
B9
330
A3
100
AcDbEntity
  8
0
 62
8
370
13
100
AcDbPolyline
 90
27
 70
0
 10
-92.0
 20
164.5
 10
-91.98288972274761
 20
164.2389476155599
 10
-91.93185165257813
 20
163.98236190979495
 10
-91.84775906502257
 20
163.73463313526983
 10
-91.73205080756888
 20
163.5
 10
-91.58670668058247
 20
163.28247714198255
 10
-91.41421356237309
 20
163.0857864376269
 10
-91.21752285801745
 20
162.91329331941753
 10
-91.0
 20
162.76794919243113
 10
-90.76536686473018
 20
162.6522409349774
 10
-90.51763809020504
 20
162.56814834742187
 10
-90.2610523844401
 20
162.51711027725239
 10
-90.0
 20
162.5
 10
-38.5
 20
162.5
 10
-38.238947615559894
 20
162.51711027725239
 10
-37.98236190979496
 20
162.56814834742187
 10
-37.73463313526982
 20
162.6522409349774
 10
-37.5
 20
162.76794919243113
 10
-37.28247714198256
 20
162.91329331941753
 10
-37.08578643762691
 20
163.0857864376269
 10
-36.91329331941753
 20
163.28247714198255
 10
-36.767949192431125
 20
163.5
 10
-36.65224093497743
 20
163.73463313526983
 10
-36.56814834742186
 20
163.98236190979495
 10
-36.51711027725238
 20
164.2389476155599
 10
-36.5
 20
164.5
 10
-36.5
 20
202.05198750359995
  0
LWPOLYLINE
  5
BA
330
A3
100
AcDbEntity
  8
0
 62
8
370
13
100
AcDbPolyline
 90
15
 70
0
 10
-46.443007737940654
 20
222.0
 10
-90.0
 20
222.0
 10
-90.2610523844401
 20
221.98288972274761
 10
-90.51763809020504
 20
221.93185165257813
 10
-90.76536686473018
 20
221.8477590650226
 10
-91.0
 20
221.73205080756887
 10
-91.21752285801745
 20
221.58670668058247
 10
-91.41421356237309
 20
221.4142135623731
 10
-91.58670668058247
 20
221.21752285801745
 10
-91.73205080756888
 20
221.0
 10
-91.84775906502257
 20
220.76536686473017
 10
-91.93185165257813
 20
220.51763809020505
 10
-91.98288972274761
 20
220.2610523844401
 10
-92.0
 20
220.0
 10
-92.0
 20
164.5
  0
LWPOLYLINE
  5
BB
330
A3
100
AcDbEntity
  8
0
100
AcDbPolyline
 90
8
 70
1
 10
-42.441384793120555
 20
188.14444852050534
 42
0.09090909090909091
 10
-32.243823978747294
 20
219.52931355824538
 42
0.41421356237309503
 10
-34.49096230546802
 20
223.93957084559077
 10
-41.14835791953409
 20
226.10268980621538
 42
0.41421356237309503
 10
-45.558615206879445
 20
223.85555147949466
 42
0.09090909090909091
 10
-55.756176021252706
 20
192.47068644175462
 42
0.41421356237309503
 10
-53.50903769453198
 20
188.06042915440923
 10
-46.85164208046591
 20
185.89731019378462
 42
0.41421356237309503
  0
LWPOLYLINE
  5
BC
330
A3
100
AcDbEntity
  8
0
100
AcDbPolyline
 90
8
 70
1
 10
-33.21621863867351
 20
97.68357378564373
 42
0.09090909090909091
 10
-41.19964119346254
 20
129.7033327527516
 42
0.41421356237309503
 10
-45.442402870027365
 20
132.25264116011877
 10
-52.23447295395934
 20
130.5591878909211
 42
0.41421356237309503
 10
-54.78378136132649
 20
126.31642621435626
 42
0.09090909090909091
 10
-46.80035880653746
 20
94.29666724724838
 42
0.41421356237309503
 10
-42.557597129972635
 20
91.74735883988123
 10
-35.76552704604066
 20
93.4408121090789
 42
0.41421356237309503
  0
LWPOLYLINE
  5
BD
330
A3
100
AcDbEntity
  8
0
 62
8
370
13
100
AcDbPolyline
 90
2
 70
0
 10
-43.70660830026288
 20
225.6721610737236
 10
-43.17857336282453
 20
222.76679033923125
  0
LWPOLYLINE
  5
BE
330
A3
100
AcDbEntity
  8
0
 62
8
370
13
100
AcDbPolyline
 90
2
 70
0
 10
-32.6743527112391
 20
222.0875639389742
 10
-34.80927601942718
 20
220.0474407887317
  0
LWPOLYLINE
  5
BF
330
A3
100
AcDbEntity
  8
0
 62
8
370
13
100
AcDbPolyline
 90
2
 70
0
 10
-55.3256472887609
 20
189.9124360610258
 10
-53.19072398057282
 20
191.9525592112683
  0
LWPOLYLINE
  5
C0
330
A3
100
AcDbEntity
  8
0
 62
8
370
13
100
AcDbPolyline
 90
2
 70
0
 10
-44.29339169973712
 20
186.3278389262764
 10
-44.82142663717547
 20
189.23320966076875
  0
LWPOLYLINE
  5
C1
330
A3
100
AcDbEntity
  8
0
 62
8
370
13
100
AcDbPolyline
 90
2
 70
0
 10
-48.63525491562421
 20
191.7341522555727
 10
-39.36474508437579
 20
220.2658477444273
  0
LWPOLYLINE
  5
C2
330
A3
100
AcDbEntity
  8
0
 62
8
370
13
100
AcDbPolyline
 90
2
 70
0
 10
-54.175846849674535
 20
128.83841265951065
 10
-52.188435904329
 20
126.6543344250326
  0
LWPOLYLINE
  5
C3
330
A3
100
AcDbEntity
  8
0
 62
8
370
13
100
AcDbPolyline
 90
2
 70
0
 10
-42.920416424872975
 20
131.6447066484668
 10
-43.64983351310023
 20
128.7832471063097
  0
LWPOLYLINE
  5
C4
330
A3
100
AcDbEntity
  8
0
 62
8
370
13
100
AcDbPolyline
 90
2
 70
0
 10
-45.079583575127025
 20
92.35529335153319
 10
-44.35016648689977
 20
95.21675289369031
  0
LWPOLYLINE
  5
C5
330
A3
100
AcDbEntity
  8
0
 62
8
370
13
100
AcDbPolyline
 90
2
 70
0
 10
-33.824153150325465
 20
95.16158734048935
 10
-35.811564095671
 20
97.3456655749674
  0
LWPOLYLINE
  5
C6
330
A3
100
AcDbEntity
  8
0
 62
8
370
13
100
AcDbPolyline
 90
2
 70
0
 10
-40.37117156600498
 20
97.44556410586006
 10
-47.62882843399502
 20
126.55443589413994
  0
ENDBLK
  5
A5
330
A3
100
AcDbEntity
  8
0
100
AcDbBlockEnd
  0
BLOCK
  5
C8
330
C7
100
AcDbEntity
  8
0
100
AcDbBlockBegin
  2
PS_MUEBLE_TV_200x40
 70
0
 10
0.0
 20
0.0
 30
0.0
  3
PS_MUEBLE_TV_200x40
  1

  0
WIPEOUT
  5
CA
330
C7
100
AcDbEntity
  8
0
100
AcDbWipeout
 90
0
 10
0.0
 20
0.0
 30
0.0
 11
40.0
 21
0.0
 31
0.0
 12
0.0
 22
200.0
 32
0.0
 13
1.0
 23
1.0
340
0
 70
7
280
1
281
50
282
50
283
0
360
0
 71
2
 91
29
 14
-0.5
 24
0.5
 14
0.4625
 24
0.5
 14
0.4673947322082519
 24
0.4999358364603036
 14
0.4722057141913446
 24
0.49974444369716803
 14
0.4768506287136909
 24
0.49942909649383466
 14
0.48124999999999996
 24
0.4989951905283833
 14
0.4853285535878269
 24
0.49845015005218424
 14
0.4890165042944956
 24
0.4978033008588991
 14
0.49225075026092124
 24
0.4970657107175654
 14
0.4949759526419164
 24
0.49625
 14
0.49714548246917334
 24
0.4953701257427382
 14
0.49872221848584
 24
0.4944411428382689
 14
0.499679182301518
 24
0.4934789464416504
 14
0.5
 24
0.4925
 14
0.5
 24
-0.49250000000000005
 14
0.499679182301518
 24
-0.49347894644165036
 14
0.49872221848584
 24
-0.4944411428382689
 14
0.49714548246917334
 24
-0.4953701257427382
 14
0.4949759526419164
 24
-0.49624999999999997
 14
0.49225075026092124
 24
-0.49706571071756545
 14
0.4890165042944956
 24
-0.4978033008588991
 14
0.4853285535878269
 24
-0.4984501500521843
 14
0.48124999999999996
 24
-0.49899519052838326
 14
0.4768506287136909
 24
-0.4994290964938347
 14
0.4722057141913446
 24
-0.4997444436971681
 14
0.4673947322082519
 24
-0.4999358364603036
 14
0.4625
 24
-0.5
 14
-0.5
 24
-0.5
 14
-0.5
 24
0.5
290
0
  0
LWPOLYLINE
  5
CB
330
C7
100
AcDbEntity
  8
0
100
AcDbPolyline
 90
6
 70
1
 10
0.0
 20
0.0
 10
38.5
 20
0.0
 42
0.41421356237309503
 10
40.0
 20
1.5
 10
40.0
 20
198.5
 42
0.41421356237309503
 10
38.5
 20
200.0
 10
0.0
 20
200.0
  0
LINE
  5
CC
330
C7
100
AcDbEntity
  8
0
 62
8
370
13
100
AcDbLine
 10
38.5
 20
1.0
 30
0.0
 11
38.5
 21
199.0
 31
0.0
  0
LINE
  5
CD
330
C7
100
AcDbEntity
  8
0
 62
8
370
13
100
AcDbLine
 10
38.5
 20
50.0
 30
0.0
 11
40.0
 21
50.0
 31
0.0
  0
LINE
  5
CE
330
C7
100
AcDbEntity
  8
0
 62
8
370
13
100
AcDbLine
 10
38.5
 20
100.0
 30
0.0
 11
40.0
 21
100.0
 31
0.0
  0
LINE
  5
CF
330
C7
100
AcDbEntity
  8
0
 62
8
370
13
100
AcDbLine
 10
38.5
 20
150.0
 30
0.0
 11
40.0
 21
150.0
 31
0.0
  0
LWPOLYLINE
  5
D0
330
C7
100
AcDbEntity
  8
0
100
AcDbPolyline
 90
4
 70
1
 10
1.5
 20
27.5
 10
7.5
 20
27.5
 10
7.5
 20
172.5
 10
1.5
 20
172.5
  0
LWPOLYLINE
  5
D1
330
C7
100
AcDbEntity
  8
0
100
AcDbPolyline
 90
8
 70
1
 10
24.0
 20
59.5
 42
0.41421356237309503
 10
26.0
 20
57.5
 10
29.0
 20
57.5
 42
0.41421356237309503
 10
31.0
 20
59.5
 10
31.0
 20
140.5
 42
0.41421356237309503
 10
29.0
 20
142.5
 10
26.0
 20
142.5
 42
0.41421356237309503
 10
24.0
 20
140.5
  0
CIRCLE
  5
D2
330
C7
100
AcDbEntity
  8
0
 62
8
370
13
100
AcDbCircle
 10
20.0
 20
184.0
 30
0.0
 40
7.0
  0
LWPOLYLINE
  5
D3
330
C7
100
AcDbEntity
  8
0
 62
8
370
13
100
AcDbPolyline
 90
4
 70
1
 10
9.637955354403445
 20
5.5761471332820065
 10
31.423852866717993
 20
8.637955354403445
 10
28.362044645596555
 20
30.423852866717993
 10
6.5761471332820065
 20
27.362044645596555
  0
LWPOLYLINE
  5
D4
330
C7
100
AcDbEntity
  8
0
 62
8
370
13
100
AcDbPolyline
 90
4
 70
1
 10
0.0
 20
92.0
 10
1.5
 20
92.0
 10
1.5
 20
108.0
 10
0.0
 20
108.0
  0
LWPOLYLINE
  5
D5
330
C7
100
AcDbEntity
  8
0
 62
8
370
13
100
AcDbPolyline
 90
2
 70
1
 10
21.910672978251213
 20
184.59104041332267
 42
0.38
 10
30.530990742684473
 20
189.75310646325045
 42
0.38
  0
LWPOLYLINE
  5
D6
330
C7
100
AcDbEntity
  8
0
 62
8
370
13
100
AcDbPolyline
 90
2
 70
1
 10
20.44348047652491
 20
185.95021154415136
 42
0.38
 10
20.283159023490914
 20
195.99665874180872
 42
0.38
  0
LWPOLYLINE
  5
D7
330
C7
100
AcDbEntity
  8
0
 62
8
370
13
100
AcDbPolyline
 90
2
 70
1
 10
18.5328074982737
 20
185.35917113082868
 42
0.38
 10
9.752168280806444
 20
190.2435522785583
 42
0.38
  0
LWPOLYLINE
  5
D8
330
C7
100
AcDbEntity
  8
0
 62
8
370
13
100
AcDbPolyline
 90
2
 70
1
 10
18.089327021748787
 20
183.40895958667733
 42
0.38
 10
9.469009257315527
 20
178.24689353674955
 42
0.38
  0
LWPOLYLINE
  5
D9
330
C7
100
AcDbEntity
  8
0
 62
8
370
13
100
AcDbPolyline
 90
2
 70
1
 10
19.55651952347509
 20
182.04978845584864
 42
0.38
 10
19.71684097650908
 20
172.00334125819128
 42
0.38
  0
LWPOLYLINE
  5
DA
330
C7
100
AcDbEntity
  8
0
 62
8
370
13
100
AcDbPolyline
 90
2
 70
1
 10
21.467192501726302
 20
182.64082886917132
 42
0.38
 10
30.24783171919356
 20
177.7564477214417
 42
0.38
  0
LWPOLYLINE
  5
DB
330
C7
100
AcDbEntity
  8
0
 62
8
370
13
100
AcDbPolyline
 90
4
 70
1
 10
9.108546772276659
 20
9.990059111094423
 10
27.00994088890558
 20
8.108546772276659
 10
28.891453227723343
 20
26.009940888905575
 10
10.990059111094423
 20
27.89145322772334
  0
ENDBLK
  5
C9
330
C7
100
AcDbEntity
  8
0
100
AcDbBlockEnd
  0
BLOCK
  5
DD
330
DC
100
AcDbEntity
  8
0
100
AcDbBlockBegin
  2
PS_MESA_CENTRO_D75
 70
0
 10
0.0
 20
0.0
 30
0.0
  3
PS_MESA_CENTRO_D75
  1

  0
WIPEOUT
  5
DF
330
DC
100
AcDbEntity
  8
0
100
AcDbWipeout
 90
0
 10
-37.5
 20
-37.5
 30
0.0
 11
75.0
 21
0.0
 31
0.0
 12
0.0
 22
75.0
 32
0.0
 13
1.0
 23
1.0
340
0
 70
7
280
1
281
50
282
50
283
0
360
0
 71
2
 91
257
 14
0.5
 24
0.0
 14
0.4998494093481022
 24
0.012270614261456092
 14
0.4993977281025862
 24
0.02453383716370905
 14
0.4986452283393451
 24
0.03678228179983373
 14
0.49759236333609846
 24
0.049008570164780274
 14
0.49623976729935504
 24
0.061205337599608056
 14
0.49458825498239056
 24
0.0733652372276809
 14
0.49263882119447056
 24
0.08548094438015058
 14
0.4903926402016153
 24
0.09754516100806415
 14
0.48785106501926423
 24
0.10955062007843491
 14
0.48501562659727204
 24
0.12149008995163191
 14
0.48188803289771986
 24
0.1333563787374492
 14
0.4784701678661044
 24
0.1451423386272312
 14
0.47476409029651834
 24
0.15684087019944576
 14
0.47077203259151035
 24
0.16844492669611005
 14
0.46649639941736953
 24
0.17994751826749406
 14
0.4619397662556435
 24
0.19134171618254486
 14
0.45710487785176535
 24
0.20262065700249493
 14
0.4519946465617215
 24
0.21377754671514104
 14
0.4466121505977577
 24
0.22480566482730324
 14
0.4409606321741776
 24
0.23569836841299885
 14
0.43504349555435584
 24
0.24644909611489202
 14
0.42886430500013606
 24
0.25705137209661083
 14
0.42242678262485356
 24
0.2674988099435486
 14
0.4157348061512727
 24
0.2777851165098011
 14
0.40879240657579186
 24
0.2879040957089226
 14
0.4016037657403224
 24
0.2978496522462167
 14
0.39417321381330317
 24
0.3076157952903134
 14
0.38650522668136844
 24
0.31719664208182274
 14
0.3786044232532423
 24
0.3265864214768884
 14
0.3704755626774795
 24
0.3357794774235091
 14
0.36212354147573345
 24
0.3447702723685334
 14
0.35355339059327373
 24
0.35355339059327373
 14
0.3447702723685334
 24
0.36212354147573345
 14
0.3357794774235091
 24
0.37047556267747955
 14
0.3265864214768883
 24
0.37860442325324223
 14
0.31719664208182285
 24
0.3865052266813685
 14
0.30761579529031335
 24
0.3941732138133031
 14
0.29784965224621673
 24
0.4016037657403224
 14
0.2879040957089226
 24
0.40879240657579186
 14
0.2777851165098012
 24
0.4157348061512726
 14
0.2674988099435486
 24
0.4224267826248535
 14
0.2570513720966109
 24
0.42886430500013606
 14
0.24644909611489207
 24
0.4350434955543557
 14
0.23569836841299885
 24
0.44096063217417747
 14
0.22480566482730335
 24
0.4466121505977577
 14
0.21377754671514115
 24
0.4519946465617216
 14
0.20262065700249499
 24
0.45710487785176535
 14
0.19134171618254492
 24
0.46193976625564337
 14
0.1799475182674941
 24
0.4664963994173694
 14
0.16844492669611
 24
0.4707720325915104
 14
0.15684087019944581
 24
0.4747640902965184
 14
0.14514233862723114
 24
0.4784701678661044
 14
0.1333563787374492
 24
0.4818880328977199
 14
0.12149008995163202
 24
0.485015626597272
 14
0.10955062007843486
 24
0.4878510650192643
 14
0.09754516100806421
 24
0.4903926402016152
 14
0.08548094438015064
 24
0.4926388211944706
 14
0.07336523722768085
 24
0.49458825498239045
 14
0.06120533759960811
 24
0.49623976729935504
 14
0.04900857016478033
 24
0.49759236333609846
 14
0.03678228179983378
 24
0.4986452283393451
 14
0.02453383716370905
 24
0.4993977281025862
 14
0.012270614261456148
 24
0.4998494093481022
 14
0.0
 24
0.5
 14
-0.012270614261456092
 24
0.4998494093481022
 14
-0.02453383716370905
 24
0.4993977281025862
 14
-0.036782281799833616
 24
0.4986452283393451
 14
-0.049008570164780274
 24
0.49759236333609846
 14
-0.061205337599608056
 24
0.49623976729935504
 14
-0.07336523722768085
 24
0.49458825498239045
 14
-0.08548094438015058
 24
0.4926388211944706
 14
-0.0975451610080641
 24
0.4903926402016152
 14
-0.1095506200784348
 24
0.4878510650192643
 14
-0.12149008995163191
 24
0.485015626597272
 14
-0.13335637873744915
 24
0.4818880328977199
 14
-0.14514233862723108
 24
0.4784701678661044
 14
-0.1568408701994457
 24
0.4747640902965184
 14
-0.16844492669610994
 24
0.4707720325915104
 14
-0.17994751826749406
 24
0.4664963994173694
 14
-0.19134171618254486
 24
0.46193976625564337
 14
-0.20262065700249487
 24
0.45710487785176535
 14
-0.21377754671514093
 24
0.4519946465617217
 14
-0.22480566482730335
 24
0.4466121505977576
 14
-0.23569836841299885
 24
0.4409606321741776
 14
-0.24644909611489196
 24
0.4350434955543558
 14
-0.25705137209661083
 24
0.42886430500013606
 14
-0.2674988099435486
 24
0.4224267826248536
 14
-0.277785116509801
 24
0.41573480615127273
 14
-0.2879040957089226
 24
0.40879240657579186
 14
-0.2978496522462167
 24
0.40160376574032247
 14
-0.30761579529031335
 24
0.39417321381330317
 14
-0.31719664208182274
 24
0.38650522668136855
 14
-0.3265864214768883
 24
0.37860442325324234
 14
-0.3357794774235092
 24
0.3704755626774795
 14
-0.3447702723685334
 24
0.36212354147573345
 14
-0.35355339059327373
 24
0.3535533905932738
 14
-0.36212354147573345
 24
0.3447702723685335
 14
-0.37047556267747944
 24
0.33577947742350933
 14
-0.3786044232532423
 24
0.3265864214768883
 14
-0.3865052266813685
 24
0.31719664208182274
 14
-0.3941732138133031
 24
0.30761579529031347
 14
-0.4016037657403224
 24
0.29784965224621673
 14
-0.4087924065757918
 24
0.2879040957089227
 14
-0.4157348061512727
 24
0.2777851165098011
 14
-0.42242678262485356
 24
0.2674988099435486
 14
-0.42886430500013606
 24
0.2570513720966109
 14
-0.4350434955543557
 24
0.24644909611489207
 14
-0.44096063217417747
 24
0.23569836841299896
 14
-0.4466121505977576
 24
0.2248056648273034
 14
-0.4519946465617216
 24
0.21377754671514104
 14
-0.45710487785176535
 24
0.20262065700249499
 14
-0.46193976625564337
 24
0.19134171618254492
 14
-0.4664963994173694
 24
0.17994751826749417
 14
-0.4707720325915104
 24
0.16844492669611016
 14
-0.4747640902965184
 24
0.1568408701994457
 14
-0.4784701678661044
 24
0.1451423386272312
 14
-0.4818880328977199
 24
0.13335637873744927
 14
-0.485015626597272
 24
0.12149008995163202
 14
-0.4878510650192643
 24
0.10955062007843497
 14
-0.4903926402016152
 24
0.09754516100806432
 14
-0.4926388211944706
 24
0.08548094438015058
 14
-0.49458825498239045
 24
0.0733652372276809
 14
-0.49623976729935504
 24
0.06120533759960817
 14
-0.49759236333609846
 24
0.049008570164780385
 14
-0.4986452283393451
 24
0.03678228179983384
 14
-0.4993977281025862
 24
0.024533837163708938
 14
-0.4998494093481022
 24
0.012270614261456203
 14
-0.5
 24
0.0
 14
-0.4998494093481022
 24
-0.012270614261456037
 14
-0.4993977281025862
 24
-0.024533837163708827
 14
-0.4986452283393451
 24
-0.03678228179983378
 14
-0.49759236333609846
 24
-0.04900857016478033
 14
-0.49623976729935504
 24
-0.06120533759960811
 14
-0.49458825498239045
 24
-0.07336523722768074
 14
-0.4926388211944707
 24
-0.08548094438015041
 14
-0.4903926402016152
 24
-0.09754516100806421
 14
-0.4878510650192643
 24
-0.10955062007843486
 14
-0.485015626597272
 24
-0.12149008995163191
 14
-0.48188803289772003
 24
-0.1333563787374491
 14
-0.4784701678661044
 24
-0.14514233862723103
 14
-0.4747640902965184
 24
-0.1568408701994456
 14
-0.4707720325915104
 24
-0.16844492669611
 14
-0.46649639941736953
 24
-0.179947518267494
 14
-0.4619397662556435
 24
-0.19134171618254492
 14
-0.45710487785176535
 24
-0.20262065700249476
 14
-0.4519946465617217
 24
-0.21377754671514093
 14
-0.4466121505977577
 24
-0.22480566482730335
 14
-0.4409606321741776
 24
-0.23569836841299885
 14
-0.4350434955543558
 24
-0.24644909611489196
 14
-0.42886430500013606
 24
-0.2570513720966108
 14
-0.4224267826248536
 24
-0.26749880994354847
 14
-0.41573480615127273
 24
-0.277785116509801
 14
-0.40879240657579186
 24
-0.2879040957089226
 14
-0.40160376574032247
 24
-0.2978496522462166
 14
-0.39417321381330317
 24
-0.30761579529031335
 14
-0.38650522668136855
 24
-0.31719664208182263
 14
-0.3786044232532424
 24
-0.3265864214768883
 14
-0.37047556267747955
 24
-0.3357794774235092
 14
-0.3621235414757335
 24
-0.3447702723685334
 14
-0.35355339059327384
 24
-0.35355339059327373
 14
-0.3447702723685335
 24
-0.36212354147573345
 14
-0.33577947742350933
 24
-0.3704755626774795
 14
-0.32658642147688854
 24
-0.37860442325324206
 14
-0.31719664208182297
 24
-0.38650522668136833
 14
-0.3076157952903136
 24
-0.39417321381330306
 14
-0.29784965224621657
 24
-0.4016037657403224
 14
-0.2879040957089226
 24
-0.4087924065757921
 14
-0.2777851165098011
 24
-0.4157348061512727
 14
-0.26749880994354863
 24
-0.42242678262485356
 14
-0.2570513720966109
 24
-0.42886430500013606
 14
-0.24644909611489213
 24
-0.4350434955543556
 14
-0.23569836841299896
 24
-0.44096063217417736
 14
-0.22480566482730346
 24
-0.4466121505977575
 14
-0.21377754671514126
 24
-0.4519946465617215
 14
-0.20262065700249515
 24
-0.45710487785176535
 14
-0.1913417161825452
 24
-0.46193976625564326
 14
-0.179947518267494
 24
-0.46649639941736953
 14
-0.16844492669610994
 24
-0.47077203259151035
 14
-0.1568408701994457
 24
-0.47476409029651834
 14
-0.1451423386272312
 24
-0.4784701678661044
 14
-0.13335637873744927
 24
-0.48188803289771986
 14
-0.12149008995163207
 24
-0.48501562659727204
 14
-0.10955062007843502
 24
-0.48785106501926423
 14
-0.09754516100806432
 24
-0.4903926402016153
 14
-0.08548094438015086
 24
-0.49263882119447056
 14
-0.07336523722768118
 24
-0.49458825498239056
 14
-0.061205337599608
 24
-0.49623976729935504
 14
-0.04900857016478016
 24
-0.49759236333609846
 14
-0.036782281799833616
 24
-0.4986452283393451
 14
-0.02453383716370905
 24
-0.4993977281025862
 14
-0.012270614261456203
 24
-0.4998494093481022
 14
0.0
 24
-0.5
 14
0.012270614261456037
 24
-0.4998494093481022
 14
0.024533837163708827
 24
-0.4993977281025862
 14
0.03678228179983345
 24
-0.4986452283393451
 14
0.04900857016478011
 24
-0.49759236333609846
 14
0.06120533759960778
 24
-0.49623976729935504
 14
0.07336523722768096
 24
-0.49458825498239056
 14
0.08548094438015064
 24
-0.49263882119447056
 14
0.09754516100806421
 24
-0.4903926402016153
 14
0.10955062007843486
 24
-0.48785106501926423
 14
0.12149008995163191
 24
-0.48501562659727204
 14
0.1333563787374491
 24
-0.48188803289771986
 14
0.14514233862723103
 24
-0.4784701678661044
 14
0.15684087019944548
 24
-0.47476409029651834
 14
0.1684449266961099
 24
-0.47077203259151057
 14
0.1799475182674939
 24
-0.46649639941736953
 14
0.19134171618254503
 24
-0.46193976625564326
 14
0.20262065700249499
 24
-0.45710487785176535
 14
0.21377754671514104
 24
-0.4519946465617215
 14
0.22480566482730335
 24
-0.4466121505977577
 14
0.23569836841299885
 24
-0.4409606321741776
 14
0.24644909611489196
 24
-0.43504349555435584
 14
0.2570513720966108
 24
-0.42886430500013606
 14
0.26749880994354847
 24
-0.42242678262485356
 14
0.277785116509801
 24
-0.4157348061512727
 14
0.2879040957089224
 24
-0.4087924065757921
 14
0.2978496522462164
 24
-0.40160376574032264
 14
0.3076157952903136
 24
-0.39417321381330306
 14
0.31719664208182285
 24
-0.38650522668136844
 14
0.3265864214768883
 24
-0.3786044232532423
 14
0.3357794774235091
 24
-0.3704755626774795
 14
0.3447702723685334
 24
-0.36212354147573345
 14
0.3535533905932736
 24
-0.35355339059327373
 14
0.3621235414757332
 24
-0.34477027236853364
 14
0.3704755626774795
 24
-0.33577947742350933
 14
0.37860442325324206
 24
-0.32658642147688854
 14
0.38650522668136833
 24
-0.31719664208182297
 14
0.39417321381330306
 24
-0.3076157952903138
 14
0.4016037657403224
 24
-0.2978496522462166
 14
0.40879240657579186
 24
-0.2879040957089226
 14
0.4157348061512727
 24
-0.2777851165098011
 14
0.42242678262485356
 24
-0.2674988099435486
 14
0.42886430500013606
 24
-0.2570513720966109
 14
0.4350434955543556
 24
-0.24644909611489219
 14
0.44096063217417736
 24
-0.23569836841299896
 14
0.4466121505977575
 24
-0.22480566482730358
 14
0.4519946465617215
 24
-0.21377754671514115
 14
0.45710487785176535
 24
-0.2026206570024952
 14
0.46193976625564326
 24
-0.19134171618254514
 14
0.46649639941736953
 24
-0.179947518267494
 14
0.47077203259151035
 24
-0.16844492669611
 14
0.47476409029651834
 24
-0.1568408701994457
 14
0.4784701678661044
 24
-0.14514233862723125
 14
0.48188803289771986
 24
-0.13335637873744932
 14
0.48501562659727204
 24
-0.12149008995163213
 14
0.48785106501926423
 24
-0.10955062007843508
 14
0.4903926402016153
 24
-0.09754516100806432
 14
0.49263882119447056
 24
-0.08548094438015086
 14
0.49458825498239056
 24
-0.07336523722768118
 14
0.49623976729935504
 24
-0.061205337599608
 14
0.49759236333609846
 24
-0.04900857016478033
 14
0.4986452283393451
 24
-0.03678228179983378
 14
0.4993977281025862
 24
-0.02453383716370905
 14
0.4998494093481022
 24
-0.012270614261456148
 14
0.5
 24
0.0
290
0
  0
CIRCLE
  5
E0
330
DC
100
AcDbEntity
  8
0
100
AcDbCircle
 10
0.0
 20
0.0
 30
0.0
 40
37.5
  0
CIRCLE
  5
E1
330
DC
100
AcDbEntity
  8
0
 62
8
370
13
100
AcDbCircle
 10
0.0
 20
0.0
 30
0.0
 40
34.5
  0
LINE
  5
E2
330
DC
100
AcDbEntity
  8
0
 62
8
370
13
100
AcDbLine
 10
-20.0
 20
0.0
 30
0.0
 11
-19.82889722747621
 21
-2.6105238444010266
 31
0.0
  0
LINE
  5
E3
330
DC
100
AcDbEntity
  8
0
 62
8
370
13
100
AcDbLine
 10
-19.82889722747621
 20
-2.6105238444010266
 30
0.0
 11
-19.55891664110654
 21
-3.9678079083645703
 31
0.0
  0
LINE
  5
E4
330
DC
100
AcDbEntity
  8
0
 62
8
370
13
100
AcDbLine
 10
-18.911011752422077
 20
-6.3768512532658415
 30
0.0
 11
-18.477590650225736
 21
-7.653668647301793
 31
0.0
  0
LINE
  5
E5
330
DC
100
AcDbEntity
  8
0
 62
8
370
13
100
AcDbLine
 10
-18.477590650225736
 20
-7.653668647301793
 30
0.0
 11
-17.320508075688778
 21
-9.999999999999995
 31
0.0
  0
LINE
  5
E6
330
DC
100
AcDbEntity
  8
0
 62
8
370
13
100
AcDbLine
 10
-17.320508075688778
 20
-9.999999999999995
 30
0.0
 11
-17.30078570843923
 21
-10.029516608479074
 31
0.0
  0
LINE
  5
E7
330
DC
100
AcDbEntity
  8
0
 62
8
370
13
100
AcDbLine
 10
-15.911860125890222
 20
-12.108190639235437
 30
0.0
 11
-15.867066805824702
 21
-12.175228580174412
 31
0.0
  0
LINE
  5
E8
330
DC
100
AcDbEntity
  8
0
 62
8
370
13
100
AcDbLine
 10
-15.867066805824702
 20
-12.175228580174412
 30
0.0
 11
-14.142135623730955
 21
-14.142135623730951
 31
0.0
  0
LINE
  5
E9
330
DC
100
AcDbEntity
  8
0
 62
8
370
13
100
AcDbLine
 10
-14.142135623730955
 20
-14.14213562373095
 30
0.0
 11
-13.162301157927562
 21
-15.001427387869605
 31
0.0
  0
LINE
  5
EA
330
DC
100
AcDbEntity
  8
0
 62
8
370
13
100
AcDbLine
 10
-11.18817120149567
 20
-16.526597460658458
 30
0.0
 11
-10.000000000000007
 21
-17.320508075688767
 31
0.0
  0
LINE
  5
EB
330
DC
100
AcDbEntity
  8
0
 62
8
370
13
100
AcDbLine
 10
-10.000000000000009
 20
-17.320508075688767
 30
0.0
 11
-7.694141395567463
 21
-18.457631699539604
 31
0.0
  0
LINE
  5
EC
330
DC
100
AcDbEntity
  8
0
 62
8
370
13
100
AcDbLine
 10
-5.329074987691472
 20
-19.266683868107258
 30
0.0
 11
-5.176380902050413
 21
-19.318516525781366
 31
0.0
  0
LINE
  5
ED
330
DC
100
AcDbEntity
  8
0
 62
8
370
13
100
AcDbLine
 10
-5.176380902050413
 20
-19.318516525781366
 30
0.0
 11
-2.6105238444010324
 21
-19.828897227476208
 31
0.0
  0
LINE
  5
EE
330
DC
100
AcDbEntity
  8
0
 62
8
370
13
100
AcDbLine
 10
-2.6105238444010324
 20
-19.828897227476208
 30
0.0
 11
-1.390518435654279
 21
-19.90886060661879
 31
0.0
  0
LINE
  5
EF
330
DC
100
AcDbEntity
  8
0
 62
8
370
13
100
AcDbLine
 10
1.1041288724422298
 20
-19.927631570305852
 30
0.0
 11
2.610523844401033
 21
-19.828897227476208
 31
0.0
  0
LINE
  5
F0
330
DC
100
AcDbEntity
  8
0
 62
8
370
13
100
AcDbLine
 10
2.610523844401034
 20
-19.828897227476208
 30
0.0
 11
5.053044829676958
 21
-19.34304959592048
 31
0.0
  0
LINE
  5
F1
330
DC
100
AcDbEntity
  8
0
 62
8
370
13
100
AcDbLine
 10
7.424627518840216
 20
-18.555339636736893
 30
0.0
 11
7.653668647301796
 21
-18.477590650225736
 31
0.0
  0
LINE
  5
F2
330
DC
100
AcDbEntity
  8
0
 62
8
370
13
100
AcDbLine
 10
7.653668647301797
 20
-18.477590650225736
 30
0.0
 11
9.999999999999996
 21
-17.320508075688775
 31
0.0
  0
LINE
  5
F3
330
DC
100
AcDbEntity
  8
0
 62
8
370
13
100
AcDbLine
 10
9.999999999999998
 20
-17.320508075688775
 30
0.0
 11
10.949536046218846
 21
-16.68604837367099
 31
0.0
  0
LINE
  5
F4
330
DC
100
AcDbEntity
  8
0
 62
8
370
13
100
AcDbLine
 10
12.94652008000675
 20
-15.190662314365362
 30
0.0
 11
14.142135623730951
 21
-14.14213562373095
 31
0.0
  0
LINE
  5
F5
330
DC
100
AcDbEntity
  8
0
 62
8
370
13
100
AcDbLine
 10
14.142135623730951
 20
-14.14213562373095
 30
0.0
 11
15.730992193496814
 21
-12.330391937539241
 31
0.0
  0
LINE
  5
F6
330
DC
100
AcDbEntity
  8
0
 62
8
370
13
100
AcDbLine
 10
17.141334795426697
 20
-10.268151763755897
 30
0.0
 11
17.32050807568877
 21
-9.999999999999998
 31
0.0
  0
LINE
  5
F7
330
DC
100
AcDbEntity
  8
0
 62
8
370
13
100
AcDbLine
 10
17.32050807568877
 20
-10.0
 30
0.0
 11
18.477590650225736
 21
-7.653668647301796
 31
0.0
  0
LINE
  5
F8
330
DC
100
AcDbEntity
  8
0
 62
8
370
13
100
AcDbLine
 10
18.477590650225736
 20
-7.653668647301796
 30
0.0
 11
18.81875732053454
 21
-6.648624045854858
 31
0.0
  0
LINE
  5
F9
330
DC
100
AcDbEntity
  8
0
 62
8
370
13
100
AcDbLine
 10
19.502924926438336
 20
-4.249297266747864
 30
0.0
 11
19.828897227476208
 21
-2.6105238444010297
 31
0.0
  0
LINE
  5
FA
330
DC
100
AcDbEntity
  8
0
 62
8
370
13
100
AcDbLine
 10
19.828897227476208
 20
-2.6105238444010332
 30
0.0
 11
19.98122903631294
 21
-0.286389563212043
 31
0.0
  0
LINE
  5
FB
330
DC
100
AcDbEntity
  8
0
 62
8
370
13
100
AcDbLine
 10
19.855263140611704
 20
2.2082577448844662
 30
0.0
 11
19.828897227476208
 21
2.610523844401033
 31
0.0
  0
LINE
  5
FC
330
DC
100
AcDbEntity
  8
0
 62
8
370
13
100
AcDbLine
 10
19.828897227476208
 20
2.6105238444010315
 30
0.0
 11
19.318516525781366
 21
5.1763809020504095
 31
0.0
  0
LINE
  5
FD
330
DC
100
AcDbEntity
  8
0
 62
8
370
13
100
AcDbLine
 10
19.318516525781366
 20
5.176380902050415
 30
0.0
 11
19.00326618430961
 21
6.105078460676828
 31
0.0
  0
LINE
  5
FE
330
DC
100
AcDbEntity
  8
0
 62
8
370
13
100
AcDbLine
 10
18.095178812065118
 20
8.429123144037499
 30
0.0
 11
17.320508075688778
 21
9.999999999999995
 31
0.0
  0
LINE
  5
FF
330
DC
100
AcDbEntity
  8
0
 62
8
370
13
100
AcDbLine
 10
17.320508075688775
 20
9.999999999999998
 30
0.0
 11
16.071311038902746
 21
11.86955548395862
 31
0.0
  0
LINE
  5
100
330
DC
100
AcDbEntity
  8
0
 62
8
370
13
100
AcDbLine
 10
14.461097508738154
 20
13.778429300395066
 30
0.0
 11
14.142135623730955
 21
14.142135623730946
 31
0.0
  0
LINE
  5
101
330
DC
100
AcDbEntity
  8
0
 62
8
370
13
100
AcDbLine
 10
14.142135623730951
 20
14.14213562373095
 30
0.0
 11
12.175228580174407
 21
15.867066805824706
 31
0.0
  0
LINE
  5
102
330
DC
100
AcDbEntity
  8
0
 62
8
370
13
100
AcDbLine
 10
12.175228580174412
 20
15.867066805824702
 30
0.0
 11
11.42680635677249
 21
16.36714654764593
 31
0.0
  0
LINE
  5
103
330
DC
100
AcDbEntity
  8
0
 62
8
370
13
100
AcDbLine
 10
9.29685662683037
 20
17.667260014011596
 30
0.0
 11
7.6536686473017905
 21
18.47759065022574
 31
0.0
  0
LINE
  5
104
330
DC
100
AcDbEntity
  8
0
 62
8
370
13
100
AcDbLine
 10
7.653668647301797
 20
18.477590650225736
 30
0.0
 11
5.600847780280483
 21
19.17442943621973
 31
0.0
  0
LINE
  5
105
330
DC
100
AcDbEntity
  8
0
 62
8
370
13
100
AcDbLine
 10
3.1640603454354785
 20
19.718791971624395
 30
0.0
 11
2.6105238444010377
 21
19.828897227476208
 31
0.0
  0
LINE
  5
106
330
DC
100
AcDbEntity
  8
0
 62
8
370
13
100
AcDbLine
 10
2.610523844401034
 20
19.828897227476208
 30
0.0
 11
-5.773159728050814e-15
 21
20.0
 31
0.0
  0
LINE
  5
107
330
DC
100
AcDbEntity
  8
0
 62
8
370
13
100
AcDbLine
 10
0.0
 20
20.0
 30
0.0
 11
-0.8177393092301871
 21
19.946402533992913
 31
0.0
  0
LINE
  5
108
330
DC
100
AcDbEntity
  8
0
 62
8
370
13
100
AcDbLine
 10
-3.3003775506888204
 20
19.691676793612874
 30
0.0
 11
-5.1763809020504095
 21
19.318516525781366
 31
0.0
  0
LINE
  5
109
330
DC
100
AcDbEntity
  8
0
 62
8
370
13
100
AcDbLine
 10
-5.176380902050413
 20
19.318516525781366
 30
0.0
 11
-7.152854726251203
 21
18.647594068624425
 31
0.0
  0
LINE
  5
10A
330
DC
100
AcDbEntity
  8
0
 62
8
370
13
100
AcDbLine
 10
-9.421511011471404
 20
17.605787274391126
 30
0.0
 11
-9.999999999999993
 21
17.320508075688778
 31
0.0
  0
LINE
  5
10B
330
DC
100
AcDbEntity
  8
0
 62
8
370
13
100
AcDbLine
 10
-9.999999999999996
 20
17.320508075688775
 30
0.0
 11
-12.175228580174416
 21
15.8670668058247
 31
0.0
  0
LINE
  5
10C
330
DC
100
AcDbEntity
  8
0
 62
8
370
13
100
AcDbLine
 10
-12.175228580174412
 20
15.867066805824702
 30
0.0
 11
-12.730739002085928
 21
15.379897240861128
 31
0.0
  0
LINE
  5
10D
330
DC
100
AcDbEntity
  8
0
 62
8
370
13
100
AcDbLine
 10
-14.552738544350948
 20
13.673932726678526
 30
0.0
 11
-15.867066805824699
 21
12.17522858017442
 31
0.0
  0
LINE
  5
10E
330
DC
100
AcDbEntity
  8
0
 62
8
370
13
100
AcDbLine
 10
-15.8670668058247
 20
12.175228580174418
 30
0.0
 11
-16.98188388241417
 21
10.506786919032725
 31
0.0
  0
LINE
  5
10F
330
DC
100
AcDbEntity
  8
0
 62
8
370
13
100
AcDbLine
 10
-18.156651551685595
 20
8.304468759396457
 30
0.0
 11
-18.477590650225736
 21
7.653668647301796
 31
0.0
  0
LINE
  5
110
330
DC
100
AcDbEntity
  8
0
 62
8
370
13
100
AcDbLine
 10
-18.477590650225736
 20
7.653668647301798
 30
0.0
 11
-19.318516525781366
 21
5.1763809020504095
 31
0.0
  0
LINE
  5
111
330
DC
100
AcDbEntity
  8
0
 62
8
370
13
100
AcDbLine
 10
-19.318516525781366
 20
5.176380902050411
 30
0.0
 11
-19.446933211770133
 21
4.530786625131158
 31
0.0
  0
LINE
  5
112
330
DC
100
AcDbEntity
  8
0
 62
8
370
13
100
AcDbLine
 10
-19.864353378780663
 20
2.0695675112819822
 30
0.0
 11
-20.0
 21
5.773159728050814e-15
 31
0.0
  0
LWPOLYLINE
  5
113
330
DC
100
AcDbEntity
  8
0
 62
8
370
13
100
AcDbPolyline
 90
8
 70
1
 10
-19.103575831048705
 20
-2.426437731274812
 42
0.41421356237309503
 10
-15.258437538713975
 20
-4.219455163655532
 10
5.414800118576011
 20
3.304987989509179
 42
0.41421356237309503
 10
7.2078175509567295
 20
7.150126281843911
 10
3.1035758310487047
 20
18.426437731274813
 42
0.41421356237309503
 10
-0.7415624612860263
 20
20.21945516365553
 10
-21.41480011857601
 20
12.69501201049082
 42
0.41421356237309503
 10
-23.20781755095673
 20
8.84987371815609
  0
LWPOLYLINE
  5
114
330
DC
100
AcDbEntity
  8
0
 62
8
370
13
100
AcDbPolyline
 90
4
 70
1
 10
3.949201448489193
 20
-18.997680387042998
 10
21.555858261697693
 20
-22.740090821762667
 10
24.05079855151081
 20
-11.002319612956999
 10
6.444141738302305
 20
-7.259909178237331
  0
CIRCLE
  5
115
330
DC
100
AcDbEntity
  8
0
 62
8
370
13
100
AcDbCircle
 10
-13.0
 20
5.0
 30
0.0
 40
3.0
  0
CIRCLE
  5
116
330
DC
100
AcDbEntity
  8
0
 62
8
370
13
100
AcDbCircle
 10
-4.0
 20
10.0
 30
0.0
 40
3.0
  0
LWPOLYLINE
  5
117
330
DC
100
AcDbEntity
  8
0
 62
8
370
13
100
AcDbPolyline
 90
4
 70
1
 10
6.566467153392081
 20
-20.808837182982593
 10
22.478817479284455
 20
-19.13638177070014
 10
21.43353284660792
 20
-9.191162817017405
 10
5.521182520715547
 20
-10.863618229299862
  0
ENDBLK
  5
DE
330
DC
100
AcDbEntity
  8
0
100
AcDbBlockEnd
  0
BLOCK
  5
119
330
118
100
AcDbEntity
  8
0
100
AcDbBlockBegin
  2
PS_PUF_D50
 70
0
 10
0.0
 20
0.0
 30
0.0
  3
PS_PUF_D50
  1

  0
WIPEOUT
  5
11B
330
118
100
AcDbEntity
  8
0
100
AcDbWipeout
 90
0
 10
-25.0
 20
-25.0
 30
0.0
 11
50.0
 21
0.0
 31
0.0
 12
0.0
 22
50.0
 32
0.0
 13
1.0
 23
1.0
340
0
 70
7
280
1
281
50
282
50
283
0
360
0
 71
2
 91
257
 14
0.5
 24
0.0
 14
0.49984940934810207
 24
0.012270614261456148
 14
0.4993977281025862
 24
0.024533837163708994
 14
0.498645228339345
 24
0.03678228179983373
 14
0.49759236333609846
 24
0.049008570164780274
 14
0.49623976729935493
 24
0.061205337599608056
 14
0.49458825498239056
 24
0.07336523722768085
 14
0.49263882119447056
 24
0.08548094438015064
 14
0.4903926402016152
 24
0.09754516100806415
 14
0.48785106501926434
 24
0.10955062007843486
 14
0.48501562659727204
 24
0.12149008995163191
 14
0.48188803289771986
 24
0.13335637873744915
 14
0.4784701678661044
 24
0.1451423386272312
 14
0.47476409029651834
 24
0.15684087019944576
 14
0.47077203259151046
 24
0.16844492669611
 14
0.46649639941736953
 24
0.17994751826749406
 14
0.4619397662556435
 24
0.19134171618254486
 14
0.45710487785176523
 24
0.20262065700249493
 14
0.4519946465617217
 24
0.21377754671514104
 14
0.4466121505977577
 24
0.2248056648273033
 14
0.44096063217417747
 24
0.2356983684129988
 14
0.4350434955543556
 24
0.24644909611489202
 14
0.42886430500013606
 24
0.25705137209661083
 14
0.42242678262485356
 24
0.2674988099435486
 14
0.4157348061512727
 24
0.2777851165098011
 14
0.40879240657579186
 24
0.2879040957089226
 14
0.4016037657403225
 24
0.2978496522462167
 14
0.39417321381330306
 24
0.3076157952903134
 14
0.38650522668136855
 24
0.31719664208182274
 14
0.3786044232532423
 24
0.3265864214768884
 14
0.3704755626774795
 24
0.3357794774235091
 14
0.36212354147573356
 24
0.3447702723685334
 14
0.35355339059327373
 24
0.35355339059327373
 14
0.3447702723685334
 24
0.36212354147573345
 14
0.3357794774235091
 24
0.3704755626774796
 14
0.3265864214768883
 24
0.37860442325324223
 14
0.31719664208182285
 24
0.3865052266813685
 14
0.30761579529031335
 24
0.3941732138133031
 14
0.29784965224621673
 24
0.4016037657403224
 14
0.2879040957089226
 24
0.40879240657579186
 14
0.2777851165098011
 24
0.41573480615127256
 14
0.2674988099435487
 24
0.4224267826248535
 14
0.2570513720966108
 24
0.42886430500013606
 14
0.24644909611489196
 24
0.4350434955543557
 14
0.23569836841299885
 24
0.4409606321741775
 14
0.22480566482730324
 24
0.4466121505977576
 14
0.21377754671514115
 24
0.45199464656172167
 14
0.20262065700249499
 24
0.45710487785176535
 14
0.19134171618254503
 24
0.46193976625564337
 14
0.17994751826749422
 24
0.4664963994173694
 14
0.16844492669611
 24
0.4707720325915104
 14
0.15684087019944581
 24
0.47476409029651834
 14
0.14514233862723114
 24
0.47847016786610447
 14
0.1333563787374492
 24
0.4818880328977199
 14
0.12149008995163202
 24
0.485015626597272
 14
0.10955062007843486
 24
0.4878510650192643
 14
0.0975451610080641
 24
0.49039264020161527
 14
0.08548094438015075
 24
0.4926388211944706
 14
0.07336523722768085
 24
0.4945882549823905
 14
0.06120533759960811
 24
0.496239767299355
 14
0.04900857016478044
 24
0.4975923633360984
 14
0.03678228179983367
 24
0.4986452283393451
 14
0.02453383716370905
 24
0.49939772810258615
 14
0.012270614261456148
 24
0.4998494093481021
 14
0.0
 24
0.5
 14
-0.012270614261456092
 24
0.4998494093481021
 14
-0.024533837163708994
 24
0.49939772810258615
 14
-0.036782281799833616
 24
0.4986452283393451
 14
-0.04900857016478033
 24
0.49759236333609846
 14
-0.061205337599608056
 24
0.496239767299355
 14
-0.07336523722768079
 24
0.4945882549823905
 14
-0.08548094438015064
 24
0.4926388211944706
 14
-0.09754516100806415
 24
0.49039264020161527
 14
-0.1095506200784348
 24
0.4878510650192643
 14
-0.12149008995163191
 24
0.485015626597272
 14
-0.13335637873744915
 24
0.4818880328977199
 14
-0.14514233862723108
 24
0.47847016786610447
 14
-0.1568408701994457
 24
0.47476409029651834
 14
-0.16844492669611
 24
0.4707720325915104
 14
-0.17994751826749406
 24
0.4664963994173694
 14
-0.19134171618254486
 24
0.46193976625564337
 14
-0.20262065700249487
 24
0.45710487785176535
 14
-0.21377754671514093
 24
0.4519946465617217
 14
-0.22480566482730335
 24
0.4466121505977576
 14
-0.23569836841299885
 24
0.4409606321741775
 14
-0.24644909611489202
 24
0.43504349555435573
 14
-0.25705137209661083
 24
0.42886430500013606
 14
-0.2674988099435486
 24
0.4224267826248536
 14
-0.277785116509801
 24
0.41573480615127273
 14
-0.2879040957089226
 24
0.40879240657579186
 14
-0.2978496522462167
 24
0.40160376574032247
 14
-0.30761579529031335
 24
0.39417321381330317
 14
-0.3171966420818227
 24
0.38650522668136855
 14
-0.3265864214768882
 24
0.37860442325324234
 14
-0.3357794774235092
 24
0.3704755626774795
 14
-0.3447702723685334
 24
0.36212354147573345
 14
-0.35355339059327373
 24
0.3535533905932738
 14
-0.36212354147573333
 24
0.3447702723685335
 14
-0.37047556267747944
 24
0.33577947742350933
 14
-0.3786044232532423
 24
0.3265864214768883
 14
-0.3865052266813685
 24
0.31719664208182274
 14
-0.3941732138133031
 24
0.30761579529031347
 14
-0.4016037657403224
 24
0.29784965224621673
 14
-0.4087924065757918
 24
0.2879040957089227
 14
-0.4157348061512727
 24
0.2777851165098011
 14
-0.42242678262485356
 24
0.2674988099435486
 14
-0.42886430500013606
 24
0.2570513720966109
 14
-0.4350434955543557
 24
0.24644909611489207
 14
-0.4409606321741775
 24
0.2356983684129989
 14
-0.4466121505977576
 24
0.2248056648273034
 14
-0.45199464656172167
 24
0.213777546715141
 14
-0.45710487785176535
 24
0.20262065700249499
 14
-0.46193976625564337
 24
0.19134171618254497
 14
-0.4664963994173694
 24
0.17994751826749422
 14
-0.47077203259151035
 24
0.16844492669611016
 14
-0.47476409029651834
 24
0.1568408701994457
 14
-0.4784701678661044
 24
0.1451423386272312
 14
-0.4818880328977199
 24
0.1333563787374492
 14
-0.485015626597272
 24
0.12149008995163202
 14
-0.48785106501926423
 24
0.10955062007843502
 14
-0.49039264020161527
 24
0.09754516100806426
 14
-0.4926388211944706
 24
0.08548094438015064
 14
-0.4945882549823905
 24
0.0733652372276809
 14
-0.496239767299355
 24
0.06120533759960822
 14
-0.4975923633360984
 24
0.04900857016478044
 14
-0.4986452283393451
 24
0.03678228179983384
 14
-0.49939772810258615
 24
0.024533837163708994
 14
-0.4998494093481021
 24
0.012270614261456148
 14
-0.5
 24
0.0
 14
-0.4998494093481021
 24
-0.012270614261456037
 14
-0.49939772810258615
 24
-0.024533837163708827
 14
-0.4986452283393451
 24
-0.03678228179983378
 14
-0.49759236333609846
 24
-0.04900857016478033
 14
-0.496239767299355
 24
-0.06120533759960811
 14
-0.4945882549823905
 24
-0.07336523722768074
 14
-0.49263882119447067
 24
-0.08548094438015053
 14
-0.49039264020161527
 24
-0.09754516100806421
 14
-0.4878510650192643
 24
-0.10955062007843486
 14
-0.485015626597272
 24
-0.12149008995163191
 14
-0.48188803289772
 24
-0.1333563787374491
 14
-0.47847016786610447
 24
-0.14514233862723103
 14
-0.4747640902965184
 24
-0.1568408701994456
 14
-0.4707720325915104
 24
-0.16844492669611
 14
-0.46649639941736953
 24
-0.1799475182674941
 14
-0.46193976625564337
 24
-0.1913417161825448
 14
-0.45710487785176535
 24
-0.20262065700249476
 14
-0.4519946465617217
 24
-0.21377754671514082
 14
-0.4466121505977576
 24
-0.22480566482730324
 14
-0.4409606321741775
 24
-0.23569836841299885
 14
-0.43504349555435573
 24
-0.24644909611489196
 14
-0.42886430500013606
 24
-0.2570513720966108
 14
-0.4224267826248536
 24
-0.26749880994354835
 14
-0.41573480615127273
 24
-0.277785116509801
 14
-0.40879240657579186
 24
-0.2879040957089226
 14
-0.40160376574032247
 24
-0.2978496522462166
 14
-0.39417321381330317
 24
-0.30761579529031335
 14
-0.38650522668136855
 24
-0.31719664208182263
 14
-0.37860442325324245
 24
-0.3265864214768882
 14
-0.3704755626774796
 24
-0.3357794774235091
 14
-0.3621235414757335
 24
-0.3447702723685333
 14
-0.35355339059327384
 24
-0.35355339059327373
 14
-0.3447702723685335
 24
-0.36212354147573333
 14
-0.33577947742350933
 24
-0.3704755626774795
 14
-0.32658642147688854
 24
-0.3786044232532422
 14
-0.31719664208182297
 24
-0.38650522668136833
 14
-0.30761579529031363
 24
-0.39417321381330295
 14
-0.29784965224621657
 24
-0.4016037657403225
 14
-0.2879040957089226
 24
-0.40879240657579186
 14
-0.2777851165098011
 24
-0.4157348061512727
 14
-0.26749880994354863
 24
-0.42242678262485356
 14
-0.2570513720966109
 24
-0.42886430500013606
 14
-0.24644909611489213
 24
-0.4350434955543556
 14
-0.2356983684129989
 24
-0.44096063217417747
 14
-0.22480566482730346
 24
-0.4466121505977577
 14
-0.2137775467151412
 24
-0.4519946465617215
 14
-0.2026206570024952
 24
-0.45710487785176523
 14
-0.19134171618254514
 24
-0.46193976625564315
 14
-0.17994751826749394
 24
-0.46649639941736953
 14
-0.16844492669611
 24
-0.47077203259151046
 14
-0.1568408701994457
 24
-0.47476409029651834
 14
-0.14514233862723125
 24
-0.4784701678661044
 14
-0.13335637873744927
 24
-0.48188803289771986
 14
-0.12149008995163207
 24
-0.48501562659727204
 14
-0.10955062007843508
 24
-0.48785106501926423
 14
-0.09754516100806432
 24
-0.4903926402016151
 14
-0.08548094438015086
 24
-0.49263882119447056
 14
-0.07336523722768112
 24
-0.49458825498239034
 14
-0.061205337599608
 24
-0.49623976729935504
 14
-0.04900857016478022
 24
-0.49759236333609846
 14
-0.03678228179983373
 24
-0.498645228339345
 14
-0.024533837163708994
 24
-0.4993977281025862
 14
-0.012270614261456148
 24
-0.49984940934810207
 14
0.0
 24
-0.5
 14
0.012270614261456037
 24
-0.49984940934810207
 14
0.024533837163708827
 24
-0.4993977281025862
 14
0.03678228179983345
 24
-0.498645228339345
 14
0.04900857016478011
 24
-0.49759236333609846
 14
0.06120533759960778
 24
-0.49623976729935504
 14
0.07336523722768096
 24
-0.49458825498239034
 14
0.08548094438015075
 24
-0.49263882119447056
 14
0.0975451610080641
 24
-0.4903926402016152
 14
0.10955062007843486
 24
-0.48785106501926434
 14
0.12149008995163191
 24
-0.48501562659727204
 14
0.1333563787374491
 24
-0.48188803289772
 14
0.14514233862723103
 24
-0.4784701678661045
 14
0.1568408701994456
 24
-0.47476409029651845
 14
0.1684449266961099
 24
-0.47077203259151046
 14
0.17994751826749378
 24
-0.46649639941736953
 14
0.19134171618254503
 24
-0.46193976625564337
 14
0.2026206570024951
 24
-0.45710487785176523
 14
0.21377754671514115
 24
-0.4519946465617217
 14
0.22480566482730324
 24
-0.4466121505977577
 14
0.23569836841299874
 24
-0.44096063217417747
 14
0.24644909611489196
 24
-0.4350434955543556
 14
0.2570513720966108
 24
-0.42886430500013606
 14
0.26749880994354835
 24
-0.42242678262485356
 14
0.277785116509801
 24
-0.4157348061512727
 14
0.2879040957089225
 24
-0.4087924065757921
 14
0.2978496522462164
 24
-0.4016037657403225
 14
0.30761579529031347
 24
-0.39417321381330306
 14
0.31719664208182285
 24
-0.38650522668136844
 14
0.3265864214768883
 24
-0.3786044232532423
 14
0.3357794774235091
 24
-0.3704755626774795
 14
0.3447702723685333
 24
-0.36212354147573356
 14
0.35355339059327373
 24
-0.35355339059327373
 14
0.36212354147573333
 24
-0.34477027236853364
 14
0.3704755626774795
 24
-0.33577947742350944
 14
0.3786044232532422
 24
-0.32658642147688854
 14
0.38650522668136833
 24
-0.31719664208182297
 14
0.39417321381330295
 24
-0.3076157952903137
 14
0.4016037657403225
 24
-0.2978496522462166
 14
0.40879240657579186
 24
-0.2879040957089226
 14
0.4157348061512727
 24
-0.2777851165098011
 14
0.42242678262485356
 24
-0.2674988099435487
 14
0.42886430500013606
 24
-0.2570513720966109
 14
0.4350434955543556
 24
-0.24644909611489207
 14
0.44096063217417736
 24
-0.23569836841299885
 14
0.4466121505977576
 24
-0.22480566482730358
 14
0.4519946465617215
 24
-0.21377754671514126
 14
0.45710487785176523
 24
-0.2026206570024952
 14
0.46193976625564315
 24
-0.19134171618254525
 14
0.46649639941736953
 24
-0.1799475182674939
 14
0.47077203259151046
 24
-0.16844492669611
 14
0.47476409029651834
 24
-0.1568408701994457
 14
0.4784701678661044
 24
-0.14514233862723136
 14
0.48188803289771986
 24
-0.13335637873744932
 14
0.48501562659727204
 24
-0.12149008995163202
 14
0.48785106501926423
 24
-0.10955062007843508
 14
0.4903926402016151
 24
-0.09754516100806432
 14
0.49263882119447056
 24
-0.08548094438015086
 14
0.49458825498239034
 24
-0.07336523722768118
 14
0.49623976729935493
 24
-0.061205337599608
 14
0.49759236333609846
 24
-0.04900857016478033
 14
0.498645228339345
 24
-0.03678228179983367
 14
0.4993977281025862
 24
-0.02453383716370905
 14
0.49984940934810207
 24
-0.012270614261456259
 14
0.5
 24
0.0
290
0
  0
CIRCLE
  5
11C
330
118
100
AcDbEntity
  8
0
100
AcDbCircle
 10
0.0
 20
0.0
 30
0.0
 40
25.0
  0
CIRCLE
  5
11D
330
118
100
AcDbEntity
  8
0
 62
8
370
13
100
AcDbCircle
 10
0.0
 20
0.0
 30
0.0
 40
22.0
  0
LINE
  5
11E
330
118
100
AcDbEntity
  8
0
 62
8
370
13
100
AcDbLine
 10
3.0
 20
0.0
 30
0.0
 11
11.0
 21
0.0
 31
0.0
  0
LINE
  5
11F
330
118
100
AcDbEntity
  8
0
 62
8
370
13
100
AcDbLine
 10
2.121320343559643
 20
2.1213203435596424
 30
0.0
 11
7.778174593052023
 21
7.778174593052022
 31
0.0
  0
LINE
  5
120
330
118
100
AcDbEntity
  8
0
 62
8
370
13
100
AcDbLine
 10
1.8369701987210297e-16
 20
3.0
 30
0.0
 11
6.735557395310443e-16
 21
11.0
 31
0.0
  0
LINE
  5
121
330
118
100
AcDbEntity
  8
0
 62
8
370
13
100
AcDbLine
 10
-2.1213203435596424
 20
2.121320343559643
 30
0.0
 11
-7.778174593052022
 21
7.778174593052023
 31
0.0
  0
LINE
  5
122
330
118
100
AcDbEntity
  8
0
 62
8
370
13
100
AcDbLine
 10
-3.0
 20
3.6739403974420594e-16
 30
0.0
 11
-11.0
 21
1.3471114790620886e-15
 31
0.0
  0
LINE
  5
123
330
118
100
AcDbEntity
  8
0
 62
8
370
13
100
AcDbLine
 10
-2.121320343559643
 20
-2.1213203435596424
 30
0.0
 11
-7.778174593052024
 21
-7.778174593052022
 31
0.0
  0
LINE
  5
124
330
118
100
AcDbEntity
  8
0
 62
8
370
13
100
AcDbLine
 10
-5.51091059616309e-16
 20
-3.0
 30
0.0
 11
-2.0206672185931327e-15
 21
-11.0
 31
0.0
  0
LINE
  5
125
330
118
100
AcDbEntity
  8
0
 62
8
370
13
100
AcDbLine
 10
2.121320343559642
 20
-2.121320343559643
 30
0.0
 11
7.778174593052021
 21
-7.778174593052024
 31
0.0
  0
CIRCLE
  5
126
330
118
100
AcDbEntity
  8
0
 62
8
370
13
100
AcDbCircle
 10
0.0
 20
0.0
 30
0.0
 40
1.5
  0
ENDBLK
  5
11A
330
118
100
AcDbEntity
  8
0
100
AcDbBlockEnd
  0
BLOCK
  5
128
330
127
100
AcDbEntity
  8
0
100
AcDbBlockBegin
  2
PS_LAMPARA_PIE
 70
0
 10
0.0
 20
0.0
 30
0.0
  3
PS_LAMPARA_PIE
  1

  0
WIPEOUT
  5
12A
330
127
100
AcDbEntity
  8
0
100
AcDbWipeout
 90
0
 10
-15.0
 20
-15.0
 30
0.0
 11
30.0
 21
0.0
 31
0.0
 12
0.0
 22
30.0
 32
0.0
 13
1.0
 23
1.0
340
0
 70
7
280
1
281
50
282
50
283
0
360
0
 71
2
 91
257
 14
0.5
 24
0.0
 14
0.49984940934810207
 24
0.012270614261456148
 14
0.4993977281025862
 24
0.024533837163708994
 14
0.4986452283393451
 24
0.03678228179983373
 14
0.49759236333609846
 24
0.049008570164780274
 14
0.49623976729935504
 24
0.06120533759960811
 14
0.49458825498239056
 24
0.0733652372276809
 14
0.49263882119447056
 24
0.08548094438015058
 14
0.4903926402016151
 24
0.0975451610080641
 14
0.48785106501926423
 24
0.10955062007843491
 14
0.48501562659727204
 24
0.12149008995163191
 14
0.48188803289771986
 24
0.1333563787374492
 14
0.4784701678661044
 24
0.14514233862723114
 14
0.47476409029651834
 24
0.15684087019944576
 14
0.47077203259151046
 24
0.16844492669611005
 14
0.4664963994173694
 24
0.17994751826749406
 14
0.46193976625564337
 24
0.19134171618254486
 14
0.45710487785176535
 24
0.20262065700249487
 14
0.4519946465617217
 24
0.21377754671514104
 14
0.4466121505977577
 24
0.2248056648273033
 14
0.4409606321741776
 24
0.2356983684129988
 14
0.43504349555435573
 24
0.24644909611489202
 14
0.42886430500013606
 24
0.25705137209661083
 14
0.42242678262485356
 24
0.2674988099435486
 14
0.41573480615127256
 24
0.2777851165098011
 14
0.40879240657579186
 24
0.28790409570892267
 14
0.4016037657403224
 24
0.29784965224621673
 14
0.39417321381330317
 24
0.30761579529031335
 14
0.38650522668136844
 24
0.31719664208182274
 14
0.3786044232532423
 24
0.3265864214768883
 14
0.3704755626774795
 24
0.33577947742350917
 14
0.36212354147573356
 24
0.3447702723685334
 14
0.35355339059327373
 24
0.35355339059327373
 14
0.3447702723685334
 24
0.36212354147573345
 14
0.3357794774235091
 24
0.37047556267747955
 14
0.3265864214768883
 24
0.37860442325324223
 14
0.31719664208182274
 24
0.3865052266813685
 14
0.30761579529031335
 24
0.3941732138133031
 14
0.29784965224621684
 24
0.4016037657403224
 14
0.2879040957089226
 24
0.40879240657579186
 14
0.2777851165098011
 24
0.4157348061512726
 14
0.2674988099435486
 24
0.4224267826248535
 14
0.2570513720966108
 24
0.42886430500013606
 14
0.24644909611489207
 24
0.4350434955543556
 14
0.23569836841299885
 24
0.44096063217417747
 14
0.22480566482730324
 24
0.44661215059775766
 14
0.21377754671514115
 24
0.45199464656172167
 14
0.20262065700249487
 24
0.45710487785176535
 14
0.19134171618254503
 24
0.46193976625564337
 14
0.17994751826749422
 24
0.4664963994173694
 14
0.16844492669611
 24
0.4707720325915104
 14
0.15684087019944581
 24
0.47476409029651834
 14
0.14514233862723114
 24
0.47847016786610447
 14
0.1333563787374492
 24
0.4818880328977199
 14
0.12149008995163202
 24
0.485015626597272
 14
0.10955062007843497
 24
0.4878510650192643
 14
0.09754516100806421
 24
0.4903926402016152
 14
0.08548094438015075
 24
0.4926388211944706
 14
0.07336523722768085
 24
0.4945882549823905
 14
0.06120533759960811
 24
0.496239767299355
 14
0.04900857016478033
 24
0.4975923633360984
 14
0.03678228179983378
 24
0.4986452283393451
 14
0.02453383716370905
 24
0.4993977281025862
 14
0.012270614261456148
 24
0.4998494093481021
 14
0.0
 24
0.5
 14
-0.012270614261456037
 24
0.4998494093481021
 14
-0.024533837163708994
 24
0.4993977281025862
 14
-0.03678228179983367
 24
0.4986452283393451
 14
-0.04900857016478033
 24
0.49759236333609846
 14
-0.061205337599608056
 24
0.496239767299355
 14
-0.07336523722768085
 24
0.4945882549823905
 14
-0.08548094438015064
 24
0.4926388211944706
 14
-0.0975451610080641
 24
0.4903926402016152
 14
-0.1095506200784348
 24
0.4878510650192643
 14
-0.12149008995163191
 24
0.485015626597272
 14
-0.1333563787374492
 24
0.4818880328977199
 14
-0.14514233862723108
 24
0.47847016786610447
 14
-0.1568408701994457
 24
0.47476409029651834
 14
-0.16844492669610994
 24
0.4707720325915104
 14
-0.17994751826749406
 24
0.4664963994173694
 14
-0.19134171618254486
 24
0.46193976625564337
 14
-0.20262065700249487
 24
0.45710487785176535
 14
-0.21377754671514093
 24
0.4519946465617217
 14
-0.22480566482730335
 24
0.4466121505977576
 14
-0.23569836841299885
 24
0.4409606321741775
 14
-0.24644909611489196
 24
0.43504349555435573
 14
-0.25705137209661083
 24
0.42886430500013606
 14
-0.2674988099435485
 24
0.4224267826248536
 14
-0.277785116509801
 24
0.41573480615127273
 14
-0.28790409570892267
 24
0.40879240657579186
 14
-0.29784965224621673
 24
0.40160376574032247
 14
-0.30761579529031335
 24
0.39417321381330317
 14
-0.31719664208182274
 24
0.38650522668136855
 14
-0.3265864214768883
 24
0.37860442325324234
 14
-0.3357794774235092
 24
0.3704755626774795
 14
-0.34477027236853347
 24
0.36212354147573345
 14
-0.35355339059327373
 24
0.3535533905932738
 14
-0.36212354147573345
 24
0.3447702723685335
 14
-0.37047556267747944
 24
0.3357794774235093
 14
-0.3786044232532423
 24
0.3265864214768883
 14
-0.3865052266813685
 24
0.31719664208182274
 14
-0.3941732138133031
 24
0.30761579529031347
 14
-0.4016037657403224
 24
0.29784965224621673
 14
-0.4087924065757918
 24
0.2879040957089227
 14
-0.4157348061512727
 24
0.2777851165098011
 14
-0.42242678262485356
 24
0.2674988099435486
 14
-0.428864305000136
 24
0.2570513720966109
 14
-0.4350434955543556
 24
0.24644909611489207
 14
-0.44096063217417747
 24
0.2356983684129989
 14
-0.4466121505977576
 24
0.2248056648273034
 14
-0.45199464656172167
 24
0.21377754671514104
 14
-0.45710487785176535
 24
0.20262065700249493
 14
-0.46193976625564337
 24
0.19134171618254497
 14
-0.4664963994173694
 24
0.17994751826749417
 14
-0.47077203259151035
 24
0.16844492669611016
 14
-0.47476409029651834
 24
0.1568408701994457
 14
-0.4784701678661044
 24
0.1451423386272312
 14
-0.4818880328977199
 24
0.1333563787374492
 14
-0.485015626597272
 24
0.12149008995163207
 14
-0.4878510650192643
 24
0.10955062007843502
 14
-0.4903926402016152
 24
0.09754516100806432
 14
-0.4926388211944706
 24
0.08548094438015058
 14
-0.4945882549823905
 24
0.0733652372276809
 14
-0.496239767299355
 24
0.06120533759960817
 14
-0.4975923633360984
 24
0.049008570164780385
 14
-0.4986452283393451
 24
0.03678228179983384
 14
-0.4993977281025862
 24
0.024533837163708994
 14
-0.4998494093481021
 24
0.012270614261456148
 14
-0.5
 24
0.0
 14
-0.4998494093481021
 24
-0.012270614261456037
 14
-0.4993977281025862
 24
-0.024533837163708827
 14
-0.4986452283393451
 24
-0.03678228179983378
 14
-0.49759236333609846
 24
-0.04900857016478022
 14
-0.496239767299355
 24
-0.061205337599608
 14
-0.4945882549823905
 24
-0.07336523722768074
 14
-0.49263882119447067
 24
-0.08548094438015041
 14
-0.4903926402016152
 24
-0.09754516100806421
 14
-0.4878510650192643
 24
-0.10955062007843497
 14
-0.485015626597272
 24
-0.12149008995163191
 14
-0.48188803289772
 24
-0.1333563787374492
 14
-0.47847016786610447
 24
-0.14514233862723103
 14
-0.4747640902965184
 24
-0.1568408701994456
 14
-0.4707720325915104
 24
-0.16844492669611
 14
-0.4664963994173695
 24
-0.179947518267494
 14
-0.4619397662556435
 24
-0.19134171618254492
 14
-0.45710487785176535
 24
-0.20262065700249487
 14
-0.4519946465617217
 24
-0.21377754671514093
 14
-0.44661215059775766
 24
-0.22480566482730324
 14
-0.4409606321741775
 24
-0.23569836841299885
 14
-0.43504349555435573
 24
-0.24644909611489196
 14
-0.42886430500013606
 24
-0.25705137209661066
 14
-0.4224267826248536
 24
-0.26749880994354847
 14
-0.41573480615127273
 24
-0.277785116509801
 14
-0.40879240657579186
 24
-0.2879040957089226
 14
-0.40160376574032247
 24
-0.2978496522462166
 14
-0.39417321381330317
 24
-0.30761579529031335
 14
-0.38650522668136855
 24
-0.31719664208182274
 14
-0.3786044232532424
 24
-0.3265864214768882
 14
-0.37047556267747955
 24
-0.3357794774235092
 14
-0.36212354147573356
 24
-0.3447702723685334
 14
-0.35355339059327384
 24
-0.35355339059327373
 14
-0.3447702723685335
 24
-0.36212354147573345
 14
-0.33577947742350933
 24
-0.3704755626774794
 14
-0.32658642147688854
 24
-0.37860442325324206
 14
-0.31719664208182297
 24
-0.38650522668136833
 14
-0.30761579529031363
 24
-0.39417321381330295
 14
-0.29784965224621657
 24
-0.4016037657403225
 14
-0.2879040957089226
 24
-0.40879240657579197
 14
-0.2777851165098011
 24
-0.41573480615127256
 14
-0.26749880994354863
 24
-0.42242678262485356
 14
-0.2570513720966109
 24
-0.42886430500013595
 14
-0.24644909611489207
 24
-0.4350434955543556
 14
-0.2356983684129989
 24
-0.44096063217417736
 14
-0.22480566482730346
 24
-0.4466121505977576
 14
-0.21377754671514126
 24
-0.4519946465617216
 14
-0.2026206570024952
 24
-0.45710487785176523
 14
-0.19134171618254514
 24
-0.46193976625564326
 14
-0.17994751826749394
 24
-0.4664963994173694
 14
-0.16844492669610994
 24
-0.47077203259151046
 14
-0.1568408701994457
 24
-0.47476409029651834
 14
-0.14514233862723125
 24
-0.4784701678661044
 14
-0.13335637873744927
 24
-0.48188803289771986
 14
-0.12149008995163207
 24
-0.48501562659727204
 14
-0.10955062007843508
 24
-0.48785106501926423
 14
-0.09754516100806432
 24
-0.4903926402016151
 14
-0.0854809443801508
 24
-0.49263882119447056
 14
-0.07336523722768112
 24
-0.49458825498239045
 14
-0.061205337599608
 24
-0.49623976729935515
 14
-0.04900857016478022
 24
-0.49759236333609846
 14
-0.03678228179983367
 24
-0.4986452283393451
 14
-0.024533837163708994
 24
-0.4993977281025862
 14
-0.012270614261456203
 24
-0.49984940934810207
 14
0.0
 24
-0.5
 14
0.012270614261456037
 24
-0.49984940934810207
 14
0.024533837163708827
 24
-0.4993977281025862
 14
0.03678228179983356
 24
-0.4986452283393451
 14
0.049008570164779997
 24
-0.49759236333609846
 14
0.06120533759960778
 24
-0.49623976729935515
 14
0.07336523722768107
 24
-0.49458825498239045
 14
0.08548094438015075
 24
-0.49263882119447056
 14
0.0975451610080641
 24
-0.4903926402016151
 14
0.10955062007843486
 24
-0.48785106501926423
 14
0.12149008995163191
 24
-0.48501562659727204
 14
0.1333563787374491
 24
-0.48188803289772
 14
0.14514233862723103
 24
-0.4784701678661044
 14
0.1568408701994456
 24
-0.47476409029651845
 14
0.16844492669610978
 24
-0.47077203259151046
 14
0.17994751826749378
 24
-0.46649639941736953
 14
0.19134171618254503
 24
-0.46193976625564326
 14
0.20262065700249499
 24
-0.45710487785176523
 14
0.21377754671514104
 24
-0.4519946465617217
 14
0.22480566482730324
 24
-0.4466121505977577
 14
0.23569836841299885
 24
-0.4409606321741776
 14
0.24644909611489196
 24
-0.43504349555435573
 14
0.25705137209661066
 24
-0.42886430500013617
 14
0.26749880994354847
 24
-0.42242678262485356
 14
0.27778511650980087
 24
-0.4157348061512728
 14
0.2879040957089224
 24
-0.40879240657579197
 14
0.2978496522462165
 24
-0.40160376574032264
 14
0.3076157952903136
 24
-0.39417321381330306
 14
0.31719664208182285
 24
-0.38650522668136844
 14
0.3265864214768883
 24
-0.3786044232532423
 14
0.3357794774235091
 24
-0.3704755626774795
 14
0.3447702723685334
 24
-0.36212354147573356
 14
0.3535533905932736
 24
-0.35355339059327373
 14
0.36212354147573345
 24
-0.34477027236853364
 14
0.3704755626774794
 24
-0.33577947742350933
 14
0.37860442325324206
 24
-0.32658642147688843
 14
0.38650522668136833
 24
-0.31719664208182297
 14
0.39417321381330295
 24
-0.3076157952903137
 14
0.4016037657403225
 24
-0.2978496522462166
 14
0.40879240657579186
 24
-0.2879040957089226
 14
0.41573480615127256
 24
-0.2777851165098011
 14
0.42242678262485356
 24
-0.2674988099435486
 14
0.42886430500013595
 24
-0.2570513720966109
 14
0.4350434955543556
 24
-0.24644909611489207
 14
0.44096063217417736
 24
-0.23569836841299896
 14
0.4466121505977576
 24
-0.22480566482730358
 14
0.4519946465617216
 24
-0.21377754671514126
 14
0.45710487785176523
 24
-0.2026206570024952
 14
0.46193976625564326
 24
-0.19134171618254525
 14
0.4664963994173694
 24
-0.1799475182674939
 14
0.47077203259151046
 24
-0.16844492669611
 14
0.47476409029651834
 24
-0.1568408701994457
 14
0.4784701678661044
 24
-0.14514233862723125
 14
0.48188803289771986
 24
-0.13335637873744932
 14
0.48501562659727204
 24
-0.12149008995163202
 14
0.48785106501926423
 24
-0.10955062007843508
 14
0.4903926402016151
 24
-0.09754516100806432
 14
0.49263882119447056
 24
-0.08548094438015097
 14
0.49458825498239045
 24
-0.07336523722768129
 14
0.49623976729935504
 24
-0.061205337599608
 14
0.49759236333609846
 24
-0.04900857016478022
 14
0.4986452283393451
 24
-0.03678228179983367
 14
0.4993977281025862
 24
-0.02453383716370905
 14
0.49984940934810207
 24
-0.012270614261456259
 14
0.5
 24
0.0
290
0
  0
CIRCLE
  5
12B
330
127
100
AcDbEntity
  8
0
100
AcDbCircle
 10
0.0
 20
0.0
 30
0.0
 40
15.0
  0
CIRCLE
  5
12C
330
127
100
AcDbEntity
  8
0
 62
8
370
13
100
AcDbCircle
 10
0.0
 20
0.0
 30
0.0
 40
13.0
  0
CIRCLE
  5
12D
330
127
100
AcDbEntity
  8
0
100
AcDbCircle
 10
0.0
 20
0.0
 30
0.0
 40
1.5
  0
LINE
  5
12E
330
127
100
AcDbEntity
  8
0
 62
8
370
13
100
AcDbLine
 10
22.0
 20
0.0
 30
0.0
 11
21.894063986788332
 21
2.156377087250333
 31
0.0
  0
LINE
  5
12F
330
127
100
AcDbEntity
  8
0
 62
8
370
13
100
AcDbLine
 10
21.894063986788332
 20
2.156377087250333
 30
0.0
 11
21.623929906884147
 21
3.9774731300049684
 31
0.0
  0
LINE
  5
130
330
127
100
AcDbEntity
  8
0
 62
8
370
13
100
AcDbLine
 10
21.044916351640023
 20
6.407981485986398
 30
0.0
 11
20.325349715248308
 21
8.419035512031975
 31
0.0
  0
LINE
  5
131
330
127
100
AcDbEntity
  8
0
 62
8
370
13
100
AcDbLine
 10
20.325349715248308
 20
8.419035512031975
 30
0.0
 11
19.52834883256834
 21
10.104152297268238
 31
0.0
  0
LINE
  5
132
330
127
100
AcDbEntity
  8
0
 62
8
370
13
100
AcDbLine
 10
18.264849492309054
 20
12.25960028466592
 30
0.0
 11
17.006229973980215
 21
13.9566522516002
 31
0.0
  0
LINE
  5
133
330
127
100
AcDbEntity
  8
0
 62
8
370
13
100
AcDbLine
 10
17.006229973980215
 20
13.9566522516002
 30
0.0
 11
15.738893256714073
 21
15.354942841107594
 31
0.0
  0
LINE
  5
134
330
127
100
AcDbEntity
  8
0
 62
8
370
13
100
AcDbLine
 10
13.901069514248194
 20
17.047452941500627
 30
0.0
 11
12.22254512643125
 21
18.292331470655995
 31
0.0
  0
LINE
  5
135
330
127
100
AcDbEntity
  8
0
 62
8
370
13
100
AcDbLine
 10
12.22254512643125
 20
18.292331470655995
 30
0.0
 11
10.584091954017863
 21
19.274382509118553
 31
0.0
  0
LINE
  5
136
330
127
100
AcDbEntity
  8
0
 62
8
370
13
100
AcDbLine
 10
8.33216116647907
 20
20.356433853122592
 30
0.0
 11
6.3862628995981705
 21
21.052687386108598
 31
0.0
  0
LINE
  5
137
330
127
100
AcDbEntity
  8
0
 62
8
370
13
100
AcDbLine
 10
6.386262899598171
 20
21.052687386108598
 30
0.0
 11
4.510910901925406
 21
21.52243860729434
 31
0.0
  0
LINE
  5
138
330
127
100
AcDbEntity
  8
0
 62
8
370
13
100
AcDbLine
 10
2.0411810693372265
 20
21.899723204254386
 30
0.0
 11
2.6645352591003757e-15
 21
22.0
 31
0.0
  0
LINE
  5
139
330
127
100
AcDbEntity
  8
0
 62
8
370
13
100
AcDbLine
 10
1.3471114790620886e-15
 20
22.0
 30
0.0
 11
-1.9540007554834642
 21
21.90400609843594
 31
0.0
  0
LINE
  5
13A
330
127
100
AcDbEntity
  8
0
 62
8
370
13
100
AcDbLine
 10
-4.426241284561736
 20
21.543647242368326
 30
0.0
 11
-6.386262899598165
 21
21.052687386108598
 31
0.0
  0
LINE
  5
13B
330
127
100
AcDbEntity
  8
0
 62
8
370
13
100
AcDbLine
 10
-6.386262899598168
 20
21.052687386108598
 30
0.0
 11
-8.249978066225815
 21
20.385839436588572
 31
0.0
  0
LINE
  5
13C
330
127
100
AcDbEntity
  8
0
 62
8
370
13
100
AcDbLine
 10
-10.50922472373902
 20
19.319256200036346
 30
0.0
 11
-12.222545126431243
 21
18.292331470656
 31
0.0
  0
LINE
  5
13D
330
127
100
AcDbEntity
  8
0
 62
8
370
13
100
AcDbLine
 10
-12.222545126431243
 20
18.292331470656
 30
0.0
 11
-13.830961181006233
 21
17.099448825147746
 31
0.0
  0
LINE
  5
13E
330
127
100
AcDbEntity
  8
0
 62
8
370
13
100
AcDbLine
 10
-15.680275929120985
 20
15.419617095738436
 30
0.0
 11
-17.00622997398021
 21
13.956652251600202
 31
0.0
  0
LINE
  5
13F
330
127
100
AcDbEntity
  8
0
 62
8
370
13
100
AcDbLine
 10
-17.006229973980215
 20
13.9566522516002
 30
0.0
 11
-18.212853608661938
 21
12.329708617907878
 31
0.0
  0
LINE
  5
140
330
127
100
AcDbEntity
  8
0
 62
8
370
13
100
AcDbLine
 10
-19.49102949255387
 20
10.183057412229783
 30
0.0
 11
-20.325349715248308
 21
8.419035512031979
 31
0.0
  0
LINE
  5
141
330
127
100
AcDbEntity
  8
0
 62
8
370
13
100
AcDbLine
 10
-20.325349715248308
 20
8.419035512031977
 30
0.0
 11
-21.015510768174046
 21
6.490164586239646
 31
0.0
  0
LINE
  5
142
330
127
100
AcDbEntity
  8
0
 62
8
370
13
100
AcDbLine
 10
-21.611122470951738
 20
4.0638138497787
 30
0.0
 11
-21.89406398678833
 21
2.1563770872503323
 31
0.0
  0
LINE
  5
143
330
127
100
AcDbEntity
  8
0
 62
8
370
13
100
AcDbLine
 10
-21.89406398678833
 20
2.156377087250338
 30
0.0
 11
-21.99571710581845
 21
0.08718031385375591
 31
0.0
  0
LINE
  5
144
330
127
100
AcDbEntity
  8
0
 62
8
370
13
100
AcDbLine
 10
-21.8568330544996
 20
-2.407367645284049
 30
0.0
 11
-21.57727616887107
 21
-4.29198708435483
 31
0.0
  0
LINE
  5
145
330
127
100
AcDbEntity
  8
0
 62
8
370
13
100
AcDbLine
 10
-21.57727616887107
 20
-4.291987084354824
 30
0.0
 11
-21.068291200098795
 21
-6.323968982268983
 31
0.0
  0
LINE
  5
146
330
127
100
AcDbEntity
  8
0
 62
8
370
13
100
AcDbLine
 10
-20.20700081272824
 20
-8.669263242621508
 30
0.0
 11
-19.40226781566381
 21
-10.370728210171954
 31
0.0
  0
LINE
  5
147
330
127
100
AcDbEntity
  8
0
 62
8
370
13
100
AcDbLine
 10
-19.402267815663812
 20
-10.370728210171949
 30
0.0
 11
-18.313487557108807
 21
-12.187248328600118
 31
0.0
  0
LINE
  5
148
330
127
100
AcDbEntity
  8
0
 62
8
370
13
100
AcDbLine
 10
-16.80484901657771
 20
-14.178841898444288
 30
0.0
 11
-15.556349186104054
 21
-15.556349186104038
 31
0.0
  0
LINE
  5
149
330
127
100
AcDbEntity
  8
0
 62
8
370
13
100
AcDbLine
 10
-15.556349186104049
 20
-15.556349186104043
 30
0.0
 11
-13.970051972343963
 21
-16.994085175018462
 31
0.0
  0
LINE
  5
14A
330
127
100
AcDbEntity
  8
0
 62
8
370
13
100
AcDbLine
 10
-11.945552099297132
 20
-18.458354701910917
 30
0.0
 11
-10.370728210171954
 21
-19.40226781566381
 31
0.0
  0
LINE
  5
14B
330
127
100
AcDbEntity
  8
0
 62
8
370
13
100
AcDbLine
 10
-10.370728210171952
 20
-19.40226781566381
 30
0.0
 11
-8.419035512031986
 21
-20.325349715248304
 31
0.0
  0
LINE
  5
14C
330
127
100
AcDbEntity
  8
0
 62
8
370
13
100
AcDbLine
 10
-8.419035512031988
 20
-20.325349715248304
 30
0.0
 11
-8.414344266732343
 21
-20.32702826965661
 31
0.0
  0
LINE
  5
14D
330
127
100
AcDbEntity
  8
0
 62
8
370
13
100
AcDbLine
 10
-6.050627399080904
 20
-21.136759702365453
 30
0.0
 11
-4.29198708435483
 21
-21.577276168871066
 31
0.0
  0
LINE
  5
14E
330
127
100
AcDbEntity
  8
0
 62
8
370
13
100
AcDbLine
 10
-4.2919870843548305
 20
-21.577276168871066
 30
0.0
 11
-2.156377087250334
 21
-21.894063986788332
 31
0.0
  0
LINE
  5
14F
330
127
100
AcDbEntity
  8
0
 62
8
370
13
100
AcDbLine
 10
-2.15637708725033
 20
-21.894063986788332
 30
0.0
 11
-2.1283613831910073
 21
-21.89544031007284
 31
0.0
  0
LINE
  5
150
330
127
100
AcDbEntity
  8
0
 62
8
370
13
100
AcDbLine
 10
0.36862725732192236
 20
-21.981890504108616
 30
0.0
 11
2.1563770872503234
 21
-21.894063986788332
 31
0.0
  0
LINE
  5
151
330
127
100
AcDbEntity
  8
0
 62
8
370
13
100
AcDbLine
 10
2.156377087250322
 20
-21.894063986788332
 30
0.0
 11
4.291987084354819
 21
-21.57727616887107
 31
0.0
  0
LINE
  5
152
330
127
100
AcDbEntity
  8
0
 62
8
370
13
100
AcDbLine
 10
4.2919870843548225
 20
-21.57727616887107
 30
0.0
 11
4.341571667198055
 21
-21.564855877442316
 31
0.0
  0
LINE
  5
153
330
127
100
AcDbEntity
  8
0
 62
8
370
13
100
AcDbLine
 10
6.755478868198011
 20
-20.92057980014289
 30
0.0
 11
8.419035512031975
 21
-20.325349715248308
 31
0.0
  0
LINE
  5
154
330
127
100
AcDbEntity
  8
0
 62
8
370
13
100
AcDbLine
 10
8.41903551203198
 20
-20.325349715248304
 30
0.0
 11
10.370728210171949
 21
-19.402267815663812
 31
0.0
  0
LINE
  5
155
330
127
100
AcDbEntity
  8
0
 62
8
370
13
100
AcDbLine
 10
10.370728210171947
 20
-19.402267815663812
 30
0.0
 11
10.434357493460158
 21
-19.364129890954146
 31
0.0
  0
LINE
  5
156
330
127
100
AcDbEntity
  8
0
 62
8
370
13
100
AcDbLine
 10
12.556041550543288
 20
-18.04499366553353
 30
0.0
 11
13.9566522516002
 21
-17.006229973980215
 31
0.0
  0
LINE
  5
157
330
127
100
AcDbEntity
  8
0
 62
8
370
13
100
AcDbLine
 10
13.956652251600204
 20
-17.00622997398021
 30
0.0
 11
15.556349186104043
 21
-15.556349186104047
 31
0.0
  0
LINE
  5
158
330
127
100
AcDbEntity
  8
0
 62
8
370
13
100
AcDbLine
 10
15.556349186104041
 20
-15.556349186104049
 30
0.0
 11
15.621658601527882
 21
-15.484291350369295
 31
0.0
  0
LINE
  5
159
330
127
100
AcDbEntity
  8
0
 62
8
370
13
100
AcDbLine
 10
17.26730876827615
 20
-13.604628248370824
 30
0.0
 11
18.29233147065599
 21
-12.222545126431251
 31
0.0
  0
LINE
  5
15A
330
127
100
AcDbEntity
  8
0
 62
8
370
13
100
AcDbLine
 10
18.292331470655995
 20
-12.222545126431248
 30
0.0
 11
19.402267815663805
 21
-10.370728210171952
 31
0.0
  0
LINE
  5
15B
330
127
100
AcDbEntity
  8
0
 62
8
370
13
100
AcDbLine
 10
19.402267815663805
 20
-10.370728210171954
 30
0.0
 11
19.453710152539394
 21
-10.26196252719135
 31
0.0
  0
LINE
  5
15C
330
127
100
AcDbEntity
  8
0
 62
8
370
13
100
AcDbLine
 10
20.480770404619737
 20
-7.98466378426744
 30
0.0
 11
21.052687386108598
 21
-6.386262899598165
 31
0.0
  0
LINE
  5
15D
330
127
100
AcDbEntity
  8
0
 62
8
370
13
100
AcDbLine
 10
21.052687386108595
 20
-6.386262899598175
 30
0.0
 11
21.577276168871066
 21
-4.29198708435483
 31
0.0
  0
LINE
  5
15E
330
127
100
AcDbEntity
  8
0
 62
8
370
13
100
AcDbLine
 10
21.577276168871066
 20
-4.291987084354832
 30
0.0
 11
21.598315035019322
 21
-4.150154569552471
 31
0.0
  0
LINE
  5
15F
330
127
100
AcDbEntity
  8
0
 62
8
370
13
100
AcDbLine
 10
21.917832700145773
 20
-1.6725538120153087
 30
0.0
 11
22.0
 21
-3.552713678800501e-15
 31
0.0
  0
ENDBLK
  5
129
330
127
100
AcDbEntity
  8
0
100
AcDbBlockEnd
  0
BLOCK
  5
161
330
160
100
AcDbEntity
  8
0
100
AcDbBlockBegin
  2
PS_APLIQUE_PARED
 70
0
 10
0.0
 20
0.0
 30
0.0
  3
PS_APLIQUE_PARED
  1

  0
LWPOLYLINE
  5
163
330
160
100
AcDbEntity
  8
0
100
AcDbPolyline
 90
4
 70
1
 10
0.0
 20
-5.0
 10
1.5
 20
-5.0
 10
1.5
 20
5.0
 10
0.0
 20
5.0
  0
LWPOLYLINE
  5
164
330
160
100
AcDbEntity
  8
0
100
AcDbPolyline
 90
2
 70
0
 10
1.5
 20
0.0
 10
9.480001505963218
 20
0.0
  0
CIRCLE
  5
165
330
160
100
AcDbEntity
  8
0
100
AcDbCircle
 10
15.0
 20
0.0
 30
0.0
 40
5.5
  0
CIRCLE
  5
166
330
160
100
AcDbEntity
  8
0
 62
8
370
13
100
AcDbCircle
 10
15.0
 20
0.0
 30
0.0
 40
2.0
  0
ENDBLK
  5
162
330
160
100
AcDbEntity
  8
0
100
AcDbBlockEnd
  0
BLOCK
  5
168
330
167
100
AcDbEntity
  8
0
100
AcDbBlockBegin
  2
PS_PUERTA_CORREDERA_90
 70
0
 10
0.0
 20
0.0
 30
0.0
  3
PS_PUERTA_CORREDERA_90
  1

  0
LINE
  5
16A
330
167
100
AcDbEntity
  8
0
 62
8
370
13
100
AcDbLine
 10
-5.0
 20
-2.0
 30
0.0
 11
181.0
 21
-2.0
 31
0.0
  0
LINE
  5
16B
330
167
100
AcDbEntity
  8
0
 62
8
370
13
100
AcDbLine
 10
91.22
 20
-8.0
 30
0.0
 11
95.22
 21
-8.0
 31
0.0
  0
LINE
  5
16C
330
167
100
AcDbEntity
  8
0
 62
8
370
13
100
AcDbLine
 10
97.72
 20
-8.0
 30
0.0
 11
101.72
 21
-8.0
 31
0.0
  0
LINE
  5
16D
330
167
100
AcDbEntity
  8
0
 62
8
370
13
100
AcDbLine
 10
104.22
 20
-8.0
 30
0.0
 11
108.22
 21
-8.0
 31
0.0
  0
LINE
  5
16E
330
167
100
AcDbEntity
  8
0
 62
8
370
13
100
AcDbLine
 10
110.72
 20
-8.0
 30
0.0
 11
114.72
 21
-8.0
 31
0.0
  0
LINE
  5
16F
330
167
100
AcDbEntity
  8
0
 62
8
370
13
100
AcDbLine
 10
117.22
 20
-8.0
 30
0.0
 11
121.22
 21
-8.0
 31
0.0
  0
LINE
  5
170
330
167
100
AcDbEntity
  8
0
 62
8
370
13
100
AcDbLine
 10
123.72
 20
-8.0
 30
0.0
 11
127.72
 21
-8.0
 31
0.0
  0
LINE
  5
171
330
167
100
AcDbEntity
  8
0
 62
8
370
13
100
AcDbLine
 10
130.22
 20
-8.0
 30
0.0
 11
134.22
 21
-8.0
 31
0.0
  0
LINE
  5
172
330
167
100
AcDbEntity
  8
0
 62
8
370
13
100
AcDbLine
 10
136.72
 20
-8.0
 30
0.0
 11
140.72
 21
-8.0
 31
0.0
  0
LINE
  5
173
330
167
100
AcDbEntity
  8
0
 62
8
370
13
100
AcDbLine
 10
143.22
 20
-8.0
 30
0.0
 11
147.22
 21
-8.0
 31
0.0
  0
LINE
  5
174
330
167
100
AcDbEntity
  8
0
 62
8
370
13
100
AcDbLine
 10
149.72
 20
-8.0
 30
0.0
 11
153.72
 21
-8.0
 31
0.0
  0
LINE
  5
175
330
167
100
AcDbEntity
  8
0
 62
8
370
13
100
AcDbLine
 10
156.22
 20
-8.0
 30
0.0
 11
160.22
 21
-8.0
 31
0.0
  0
LINE
  5
176
330
167
100
AcDbEntity
  8
0
 62
8
370
13
100
AcDbLine
 10
162.72
 20
-8.0
 30
0.0
 11
166.72
 21
-8.0
 31
0.0
  0
LINE
  5
177
330
167
100
AcDbEntity
  8
0
 62
8
370
13
100
AcDbLine
 10
169.22
 20
-8.0
 30
0.0
 11
173.22
 21
-8.0
 31
0.0
  0
LINE
  5
178
330
167
100
AcDbEntity
  8
0
 62
8
370
13
100
AcDbLine
 10
175.72
 20
-8.0
 30
0.0
 11
179.2
 21
-8.0
 31
0.0
  0
LINE
  5
179
330
167
100
AcDbEntity
  8
0
 62
8
370
13
100
AcDbLine
 10
179.2
 20
-8.0
 30
0.0
 11
179.2
 21
-7.47999999999999
 31
0.0
  0
LINE
  5
17A
330
167
100
AcDbEntity
  8
0
 62
8
370
13
100
AcDbLine
 10
179.2
 20
-4.97999999999999
 30
0.0
 11
179.2
 21
-4.0
 31
0.0
  0
LINE
  5
17B
330
167
100
AcDbEntity
  8
0
 62
8
370
13
100
AcDbLine
 10
179.2
 20
-4.0
 30
0.0
 11
176.17999999999998
 21
-4.0
 31
0.0
  0
LINE
  5
17C
330
167
100
AcDbEntity
  8
0
 62
8
370
13
100
AcDbLine
 10
173.67999999999998
 20
-4.0
 30
0.0
 11
169.67999999999998
 21
-4.0
 31
0.0
  0
LINE
  5
17D
330
167
100
AcDbEntity
  8
0
 62
8
370
13
100
AcDbLine
 10
167.17999999999998
 20
-4.0
 30
0.0
 11
163.17999999999998
 21
-4.0
 31
0.0
  0
LINE
  5
17E
330
167
100
AcDbEntity
  8
0
 62
8
370
13
100
AcDbLine
 10
160.67999999999998
 20
-4.0
 30
0.0
 11
156.67999999999998
 21
-4.0
 31
0.0
  0
LINE
  5
17F
330
167
100
AcDbEntity
  8
0
 62
8
370
13
100
AcDbLine
 10
154.17999999999998
 20
-4.0
 30
0.0
 11
150.17999999999998
 21
-4.0
 31
0.0
  0
LINE
  5
180
330
167
100
AcDbEntity
  8
0
 62
8
370
13
100
AcDbLine
 10
147.67999999999998
 20
-4.0
 30
0.0
 11
143.67999999999998
 21
-4.0
 31
0.0
  0
LINE
  5
181
330
167
100
AcDbEntity
  8
0
 62
8
370
13
100
AcDbLine
 10
141.17999999999998
 20
-4.0
 30
0.0
 11
137.17999999999998
 21
-4.0
 31
0.0
  0
LINE
  5
182
330
167
100
AcDbEntity
  8
0
 62
8
370
13
100
AcDbLine
 10
134.67999999999998
 20
-4.0
 30
0.0
 11
130.67999999999998
 21
-4.0
 31
0.0
  0
LINE
  5
183
330
167
100
AcDbEntity
  8
0
 62
8
370
13
100
AcDbLine
 10
128.17999999999998
 20
-4.0
 30
0.0
 11
124.17999999999998
 21
-4.0
 31
0.0
  0
LINE
  5
184
330
167
100
AcDbEntity
  8
0
 62
8
370
13
100
AcDbLine
 10
121.67999999999998
 20
-4.0
 30
0.0
 11
117.67999999999998
 21
-4.0
 31
0.0
  0
LINE
  5
185
330
167
100
AcDbEntity
  8
0
 62
8
370
13
100
AcDbLine
 10
115.17999999999998
 20
-4.0
 30
0.0
 11
111.17999999999998
 21
-4.0
 31
0.0
  0
LINE
  5
186
330
167
100
AcDbEntity
  8
0
 62
8
370
13
100
AcDbLine
 10
108.67999999999998
 20
-4.0
 30
0.0
 11
104.67999999999998
 21
-4.0
 31
0.0
  0
LINE
  5
187
330
167
100
AcDbEntity
  8
0
 62
8
370
13
100
AcDbLine
 10
102.17999999999998
 20
-4.0
 30
0.0
 11
98.17999999999998
 21
-4.0
 31
0.0
  0
LINE
  5
188
330
167
100
AcDbEntity
  8
0
 62
8
370
13
100
AcDbLine
 10
95.67999999999998
 20
-4.0
 30
0.0
 11
91.67999999999998
 21
-4.0
 31
0.0
  0
LWPOLYLINE
  5
189
330
167
100
AcDbEntity
  8
0
100
AcDbPolyline
 90
4
 70
1
 10
-3.0
 20
-8.0
 10
91.2
 20
-8.0
 10
91.2
 20
-4.0
 10
-3.0
 20
-4.0
  0
CIRCLE
  5
18A
330
167
100
AcDbEntity
  8
0
 62
8
370
13
100
AcDbCircle
 10
4.0
 20
-6.0
 30
0.0
 40
1.1
  0
LWPOLYLINE
  5
18B
330
167
100
AcDbEntity
  8
0
 62
8
370
13
100
AcDbPolyline
 90
2
 70
0
 10
28.0
 20
-14.0
 10
62.0
 20
-14.0
  0
LWPOLYLINE
  5
18C
330
167
100
AcDbEntity
  8
0
 62
8
370
13
100
AcDbPolyline
 90
3
 70
0
 10
57.0
 20
-16.5
 10
62.0
 20
-14.0
 10
57.0
 20
-11.5
  0
ENDBLK
  5
169
330
167
100
AcDbEntity
  8
0
100
AcDbBlockEnd
  0
BLOCK
  5
18E
330
18D
100
AcDbEntity
  8
0
100
AcDbBlockBegin
  2
PS_ALFOMBRA_JUEGO_170x120
 70
0
 10
0.0
 20
0.0
 30
0.0
  3
PS_ALFOMBRA_JUEGO_170x120
  1

  0
LWPOLYLINE
  5
190
330
18D
100
AcDbEntity
  8
0
100
AcDbPolyline
 90
8
 70
1
 10
-85.0
 20
-48.0
 42
0.41421356237309503
 10
-73.0
 20
-60.0
 10
73.0
 20
-60.0
 42
0.41421356237309503
 10
85.0
 20
-48.0
 10
85.0
 20
48.0
 42
0.41421356237309503
 10
73.0
 20
60.0
 10
-73.0
 20
60.0
 42
0.41421356237309503
 10
-85.0
 20
48.0
  0
LWPOLYLINE
  5
191
330
18D
100
AcDbEntity
  8
0
 62
8
370
13
100
AcDbPolyline
 90
8
 70
1
 10
-72.0
 20
-21.0
 42
0.41421356237309503
 10
-46.0
 20
-47.0
 10
46.0
 20
-47.0
 42
0.41421356237309503
 10
72.0
 20
-21.0
 10
72.0
 20
21.0
 42
0.41421356237309503
 10
46.0
 20
47.0
 10
-46.0
 20
47.0
 42
0.41421356237309503
 10
-72.0
 20
21.0
  0
LWPOLYLINE
  5
192
330
18D
100
AcDbEntity
  8
0
 62
8
370
13
100
AcDbPolyline
 90
8
 70
1
 10
-52.0
 20
-17.0
 42
0.41421356237309503
 10
-42.0
 20
-27.0
 10
42.0
 20
-27.0
 42
0.41421356237309503
 10
52.0
 20
-17.0
 10
52.0
 20
17.0
 42
0.41421356237309503
 10
42.0
 20
27.0
 10
-42.0
 20
27.0
 42
0.41421356237309503
 10
-52.0
 20
17.0
  0
LINE
  5
193
330
18D
100
AcDbEntity
  8
0
 62
8
370
13
100
AcDbLine
 10
-62.0
 20
-19.0
 30
0.0
 11
-61.84600750472859
 21
-21.349471459960924
 31
0.0
  0
LINE
  5
194
330
18D
100
AcDbEntity
  8
0
 62
8
370
13
100
AcDbLine
 10
-61.84600750472859
 20
-21.349471459960924
 30
0.0
 11
-61.52498884818944
 21
-22.963341229689405
 31
0.0
  0
LINE
  5
195
330
18D
100
AcDbEntity
  8
0
 62
8
370
13
100
AcDbLine
 10
-60.81097492473282
 20
-25.354670712111076
 30
0.0
 11
-60.62983158520316
 21
-25.888301782571613
 31
0.0
  0
LINE
  5
196
330
18D
100
AcDbEntity
  8
0
 62
8
370
13
100
AcDbLine
 10
-60.62983158520316
 20
-25.888301782571613
 30
0.0
 11
-59.588457268119896
 21
-27.999999999999993
 31
0.0
  0
LINE
  5
197
330
18D
100
AcDbEntity
  8
0
 62
8
370
13
100
AcDbLine
 10
-59.588457268119896
 20
-27.999999999999993
 30
0.0
 11
-58.98735839292472
 21
-28.899608040548838
 31
0.0
  0
LINE
  5
198
330
18D
100
AcDbEntity
  8
0
 62
8
370
13
100
AcDbLine
 10
-57.47105484836323
 20
-30.880541523379257
 30
0.0
 11
-56.72792206135786
 21
-31.727922061357855
 31
0.0
  0
LINE
  5
199
330
18D
100
AcDbEntity
  8
0
 62
8
370
13
100
AcDbLine
 10
-56.72792206135786
 20
-31.727922061357855
 30
0.0
 11
-54.95770572215697
 21
-33.280360125242225
 31
0.0
  0
LINE
  5
19A
330
18D
100
AcDbEntity
  8
0
 62
8
370
13
100
AcDbLine
 10
-54.95770572215697
 20
-33.280360125242225
 30
0.0
 11
-54.526662368112504
 21
-33.56837408643183
 31
0.0
  0
LINE
  5
19B
330
18D
100
AcDbEntity
  8
0
 62
8
370
13
100
AcDbLine
 10
-52.40456727953965
 20
-34.88209219072429
 30
0.0
 11
-50.888301782571624
 21
-35.629831585203156
 31
0.0
  0
LINE
  5
19C
330
18D
100
AcDbEntity
  8
0
 62
8
370
13
100
AcDbLine
 10
-50.888301782571624
 20
-35.629831585203156
 30
0.0
 11
-48.701474475972816
 21
-36.37215942782685
 31
0.0
  0
LINE
  5
19D
330
18D
100
AcDbEntity
  8
0
 62
8
370
13
100
AcDbLine
 10
-46.249325515327456
 20
-36.85257141672677
 30
0.0
 11
-44.0
 21
-37.0
 31
0.0
  0
LINE
  5
19E
330
18D
100
AcDbEntity
  8
0
 62
8
370
13
100
AcDbLine
 10
-44.0
 20
-37.0
 30
0.0
 11
-42.25415182742181
 21
-37.0
 31
0.0
  0
LINE
  5
19F
330
18D
100
AcDbEntity
  8
0
 62
8
370
13
100
AcDbLine
 10
-39.75415182742181
 20
-37.0
 30
0.0
 11
-35.75415182742181
 21
-37.0
 31
0.0
  0
LINE
  5
1A0
330
18D
100
AcDbEntity
  8
0
 62
8
370
13
100
AcDbLine
 10
-33.25415182742181
 20
-37.0
 30
0.0
 11
-29.254151827421804
 21
-37.0
 31
0.0
  0
LINE
  5
1A1
330
18D
100
AcDbEntity
  8
0
 62
8
370
13
100
AcDbLine
 10
-26.754151827421804
 20
-37.0
 30
0.0
 11
-22.754151827421804
 21
-37.0
 31
0.0
  0
LINE
  5
1A2
330
18D
100
AcDbEntity
  8
0
 62
8
370
13
100
AcDbLine
 10
-20.254151827421804
 20
-37.0
 30
0.0
 11
-16.254151827421804
 21
-37.0
 31
0.0
  0
LINE
  5
1A3
330
18D
100
AcDbEntity
  8
0
 62
8
370
13
100
AcDbLine
 10
-13.754151827421808
 20
-37.0
 30
0.0
 11
-9.754151827421808
 21
-37.0
 31
0.0
  0
LINE
  5
1A4
330
18D
100
AcDbEntity
  8
0
 62
8
370
13
100
AcDbLine
 10
-7.254151827421808
 20
-37.0
 30
0.0
 11
-3.2541518274218078
 21
-37.0
 31
0.0
  0
LINE
  5
1A5
330
18D
100
AcDbEntity
  8
0
 62
8
370
13
100
AcDbLine
 10
-0.7541518274218078
 20
-37.0
 30
0.0
 11
3.2458481725781922
 21
-37.0
 31
0.0
  0
LINE
  5
1A6
330
18D
100
AcDbEntity
  8
0
 62
8
370
13
100
AcDbLine
 10
5.745848172578192
 20
-37.0
 30
0.0
 11
9.745848172578192
 21
-37.0
 31
0.0
  0
LINE
  5
1A7
330
18D
100
AcDbEntity
  8
0
 62
8
370
13
100
AcDbLine
 10
12.245848172578192
 20
-37.0
 30
0.0
 11
16.245848172578192
 21
-37.0
 31
0.0
  0
LINE
  5
1A8
330
18D
100
AcDbEntity
  8
0
 62
8
370
13
100
AcDbLine
 10
18.745848172578192
 20
-37.0
 30
0.0
 11
22.745848172578192
 21
-37.0
 31
0.0
  0
LINE
  5
1A9
330
18D
100
AcDbEntity
  8
0
 62
8
370
13
100
AcDbLine
 10
25.245848172578192
 20
-37.0
 30
0.0
 11
29.245848172578192
 21
-37.0
 31
0.0
  0
LINE
  5
1AA
330
18D
100
AcDbEntity
  8
0
 62
8
370
13
100
AcDbLine
 10
31.745848172578192
 20
-37.0
 30
0.0
 11
35.74584817257819
 21
-37.0
 31
0.0
  0
LINE
  5
1AB
330
18D
100
AcDbEntity
  8
0
 62
8
370
13
100
AcDbLine
 10
38.24584817257819
 20
-37.0
 30
0.0
 11
42.24584817257819
 21
-37.0
 31
0.0
  0
LINE
  5
1AC
330
18D
100
AcDbEntity
  8
0
 62
8
370
13
100
AcDbLine
 10
44.74425125438835
 20
-36.9512191955828
 30
0.0
 11
46.34947145996093
 21
-36.84600750472859
 31
0.0
  0
LINE
  5
1AD
330
18D
100
AcDbEntity
  8
0
 62
8
370
13
100
AcDbLine
 10
46.34947145996093
 20
-36.84600750472859
 30
0.0
 11
48.65874281184538
 21
-36.38666487320323
 31
0.0
  0
LINE
  5
1AE
330
18D
100
AcDbEntity
  8
0
 62
8
370
13
100
AcDbLine
 10
48.65874281184537
 20
-36.38666487320323
 30
0.0
 11
48.69361149501646
 21
-36.374828550199844
 31
0.0
  0
LINE
  5
1AF
330
18D
100
AcDbEntity
  8
0
 62
8
370
13
100
AcDbLine
 10
51.05181084555628
 20
-35.549197838677614
 30
0.0
 11
53.0
 21
-34.588457268119896
 31
0.0
  0
LINE
  5
1B0
330
18D
100
AcDbEntity
  8
0
 62
8
370
13
100
AcDbLine
 10
53.0
 20
-34.588457268119896
 30
0.0
 11
54.519758131438984
 21
-33.572987349888216
 31
0.0
  0
LINE
  5
1B1
330
18D
100
AcDbEntity
  8
0
 62
8
370
13
100
AcDbLine
 10
56.44129986985899
 20
-31.979282977073765
 30
0.0
 11
56.72792206135785
 21
-31.727922061357866
 31
0.0
  0
LINE
  5
1B2
330
18D
100
AcDbEntity
  8
0
 62
8
370
13
100
AcDbLine
 10
56.72792206135786
 20
-31.727922061357855
 30
0.0
 11
58.280360125242225
 21
-29.95770572215698
 31
0.0
  0
LINE
  5
1B3
330
18D
100
AcDbEntity
  8
0
 62
8
370
13
100
AcDbLine
 10
58.28036012524223
 20
-29.957705722156973
 30
0.0
 11
58.982745129468356
 21
-28.906512277222337
 31
0.0
  0
LINE
  5
1B4
330
18D
100
AcDbEntity
  8
0
 62
8
370
13
100
AcDbLine
 10
60.21197240207614
 20
-26.7356363842323
 30
0.0
 11
60.629831585203156
 21
-25.888301782571627
 31
0.0
  0
LINE
  5
1B5
330
18D
100
AcDbEntity
  8
0
 62
8
370
13
100
AcDbLine
 10
60.62983158520316
 20
-25.888301782571617
 30
0.0
 11
61.38666487320324
 21
-23.658742811845357
 31
0.0
  0
LINE
  5
1B6
330
18D
100
AcDbEntity
  8
0
 62
8
370
13
100
AcDbLine
 10
61.38666487320323
 20
-23.65874281184537
 30
0.0
 11
61.52336888549208
 21
-22.971485332133568
 31
0.0
  0
LINE
  5
1B7
330
18D
100
AcDbEntity
  8
0
 62
8
370
13
100
AcDbLine
 10
61.901352221143966
 20
-20.505074260939086
 30
0.0
 11
62.0
 21
-18.999999999999986
 31
0.0
  0
LINE
  5
1B8
330
18D
100
AcDbEntity
  8
0
 62
8
370
13
100
AcDbLine
 10
62.0
 20
-19.0
 30
0.0
 11
62.0
 21
-16.508303654843616
 31
0.0
  0
LINE
  5
1B9
330
18D
100
AcDbEntity
  8
0
 62
8
370
13
100
AcDbLine
 10
62.0
 20
-14.008303654843616
 30
0.0
 11
62.0
 21
-10.008303654843616
 31
0.0
  0
LINE
  5
1BA
330
18D
100
AcDbEntity
  8
0
 62
8
370
13
100
AcDbLine
 10
62.0
 20
-7.5083036548436155
 30
0.0
 11
62.0
 21
-3.5083036548436155
 31
0.0
  0
LINE
  5
1BB
330
18D
100
AcDbEntity
  8
0
 62
8
370
13
100
AcDbLine
 10
62.0
 20
-1.0083036548436155
 30
0.0
 11
62.0
 21
2.9916963451563845
 31
0.0
  0
LINE
  5
1BC
330
18D
100
AcDbEntity
  8
0
 62
8
370
13
100
AcDbLine
 10
62.0
 20
5.4916963451563845
 30
0.0
 11
62.0
 21
9.491696345156384
 31
0.0
  0
LINE
  5
1BD
330
18D
100
AcDbEntity
  8
0
 62
8
370
13
100
AcDbLine
 10
62.0
 20
11.991696345156384
 30
0.0
 11
62.0
 21
15.991696345156384
 31
0.0
  0
LINE
  5
1BE
330
18D
100
AcDbEntity
  8
0
 62
8
370
13
100
AcDbLine
 10
62.0
 20
18.491696345156384
 30
0.0
 11
62.0
 21
19.0
 31
0.0
  0
LINE
  5
1BF
330
18D
100
AcDbEntity
  8
0
 62
8
370
13
100
AcDbLine
 10
62.0
 20
19.0
 30
0.0
 11
61.84600750472859
 21
21.349471459960917
 31
0.0
  0
LINE
  5
1C0
330
18D
100
AcDbEntity
  8
0
 62
8
370
13
100
AcDbLine
 10
61.84600750472859
 20
21.349471459960927
 30
0.0
 11
61.62415397189485
 21
22.464804487043633
 31
0.0
  0
LINE
  5
1C1
330
18D
100
AcDbEntity
  8
0
 62
8
370
13
100
AcDbLine
 10
60.97436377975738
 20
24.873342666407197
 30
0.0
 11
60.629831585203156
 21
25.88830178257163
 31
0.0
  0
LINE
  5
1C2
330
18D
100
AcDbEntity
  8
0
 62
8
370
13
100
AcDbLine
 10
60.62983158520316
 20
25.888301782571617
 30
0.0
 11
59.5884572681199
 21
27.99999999999999
 31
0.0
  0
LINE
  5
1C3
330
18D
100
AcDbEntity
  8
0
 62
8
370
13
100
AcDbLine
 10
59.588457268119896
 20
28.0
 30
0.0
 11
59.269756772890894
 21
28.47696899772407
 31
0.0
  0
LINE
  5
1C4
330
18D
100
AcDbEntity
  8
0
 62
8
370
13
100
AcDbLine
 10
57.80620273598443
 20
30.498378601380782
 30
0.0
 11
56.727922061357866
 21
31.727922061357848
 31
0.0
  0
LINE
  5
1C5
330
18D
100
AcDbEntity
  8
0
 62
8
370
13
100
AcDbLine
 10
56.72792206135786
 20
31.727922061357855
 30
0.0
 11
54.95770572215698
 21
33.280360125242225
 31
0.0
  0
LINE
  5
1C6
330
18D
100
AcDbEntity
  8
0
 62
8
370
13
100
AcDbLine
 10
54.95770572215697
 20
33.28036012524223
 30
0.0
 11
54.94930141093727
 21
33.28597570646566
 31
0.0
  0
LINE
  5
1C7
330
18D
100
AcDbEntity
  8
0
 62
8
370
13
100
AcDbLine
 10
52.86045097199032
 20
34.65727523298999
 30
0.0
 11
50.88830178257163
 21
35.629831585203156
 31
0.0
  0
LINE
  5
1C8
330
18D
100
AcDbEntity
  8
0
 62
8
370
13
100
AcDbLine
 10
50.88830178257162
 20
35.62983158520316
 30
0.0
 11
49.182802521676685
 21
36.20877057280229
 31
0.0
  0
LINE
  5
1C9
330
18D
100
AcDbEntity
  8
0
 62
8
370
13
100
AcDbLine
 10
46.7495757828516
 20
36.76642180666357
 30
0.0
 11
46.34947145996094
 21
36.84600750472859
 31
0.0
  0
LINE
  5
1CA
330
18D
100
AcDbEntity
  8
0
 62
8
370
13
100
AcDbLine
 10
46.34947145996093
 20
36.84600750472859
 30
0.0
 11
43.999999999999986
 21
37.0
 31
0.0
  0
LINE
  5
1CB
330
18D
100
AcDbEntity
  8
0
 62
8
370
13
100
AcDbLine
 10
44.0
 20
37.0
 30
0.0
 11
42.76245548226541
 21
37.0
 31
0.0
  0
LINE
  5
1CC
330
18D
100
AcDbEntity
  8
0
 62
8
370
13
100
AcDbLine
 10
40.26245548226541
 20
37.0
 30
0.0
 11
36.26245548226541
 21
37.0
 31
0.0
  0
LINE
  5
1CD
330
18D
100
AcDbEntity
  8
0
 62
8
370
13
100
AcDbLine
 10
33.76245548226541
 20
37.0
 30
0.0
 11
29.76245548226541
 21
37.0
 31
0.0
  0
LINE
  5
1CE
330
18D
100
AcDbEntity
  8
0
 62
8
370
13
100
AcDbLine
 10
27.26245548226541
 20
37.0
 30
0.0
 11
23.26245548226541
 21
37.0
 31
0.0
  0
LINE
  5
1CF
330
18D
100
AcDbEntity
  8
0
 62
8
370
13
100
AcDbLine
 10
20.76245548226541
 20
37.0
 30
0.0
 11
16.762455482265405
 21
37.0
 31
0.0
  0
LINE
  5
1D0
330
18D
100
AcDbEntity
  8
0
 62
8
370
13
100
AcDbLine
 10
14.262455482265409
 20
37.0
 30
0.0
 11
10.262455482265409
 21
37.0
 31
0.0
  0
LINE
  5
1D1
330
18D
100
AcDbEntity
  8
0
 62
8
370
13
100
AcDbLine
 10
7.762455482265409
 20
37.0
 30
0.0
 11
3.762455482265409
 21
37.0
 31
0.0
  0
LINE
  5
1D2
330
18D
100
AcDbEntity
  8
0
 62
8
370
13
100
AcDbLine
 10
1.262455482265409
 20
37.0
 30
0.0
 11
-2.737544517734598
 21
37.0
 31
0.0
  0
LINE
  5
1D3
330
18D
100
AcDbEntity
  8
0
 62
8
370
13
100
AcDbLine
 10
-5.237544517734591
 20
37.0
 30
0.0
 11
-9.237544517734591
 21
37.0
 31
0.0
  0
LINE
  5
1D4
330
18D
100
AcDbEntity
  8
0
 62
8
370
13
100
AcDbLine
 10
-11.737544517734591
 20
37.0
 30
0.0
 11
-15.737544517734591
 21
37.0
 31
0.0
  0
LINE
  5
1D5
330
18D
100
AcDbEntity
  8
0
 62
8
370
13
100
AcDbLine
 10
-18.237544517734584
 20
37.0
 30
0.0
 11
-22.23754451773459
 21
37.0
 31
0.0
  0
LINE
  5
1D6
330
18D
100
AcDbEntity
  8
0
 62
8
370
13
100
AcDbLine
 10
-24.73754451773459
 20
37.0
 30
0.0
 11
-28.73754451773459
 21
37.0
 31
0.0
  0
LINE
  5
1D7
330
18D
100
AcDbEntity
  8
0
 62
8
370
13
100
AcDbLine
 10
-31.23754451773459
 20
37.0
 30
0.0
 11
-35.23754451773459
 21
37.0
 31
0.0
  0
LINE
  5
1D8
330
18D
100
AcDbEntity
  8
0
 62
8
370
13
100
AcDbLine
 10
-37.73754451773459
 20
37.0
 30
0.0
 11
-41.73754451773459
 21
37.0
 31
0.0
  0
LINE
  5
1D9
330
18D
100
AcDbEntity
  8
0
 62
8
370
13
100
AcDbLine
 10
-44.23703591668787
 20
36.984463845208694
 30
0.0
 11
-46.349471459960945
 21
36.84600750472859
 31
0.0
  0
LINE
  5
1DA
330
18D
100
AcDbEntity
  8
0
 62
8
370
13
100
AcDbLine
 10
-46.34947145996093
 20
36.84600750472859
 30
0.0
 11
-48.19632139612396
 21
36.47864621173143
 31
0.0
  0
LINE
  5
1DB
330
18D
100
AcDbEntity
  8
0
 62
8
370
13
100
AcDbLine
 10
-50.57960877305031
 20
35.73461874196652
 30
0.0
 11
-50.88830178257163
 21
35.629831585203156
 31
0.0
  0
LINE
  5
1DC
330
18D
100
AcDbEntity
  8
0
 62
8
370
13
100
AcDbLine
 10
-50.88830178257162
 20
35.62983158520316
 30
0.0
 11
-53.000000000000014
 21
34.58845726811989
 31
0.0
  0
LINE
  5
1DD
330
18D
100
AcDbEntity
  8
0
 62
8
370
13
100
AcDbLine
 10
-53.0
 20
34.588457268119896
 30
0.0
 11
-54.097119088614164
 21
33.855385729854426
 31
0.0
  0
LINE
  5
1DE
330
18D
100
AcDbEntity
  8
0
 62
8
370
13
100
AcDbLine
 10
-56.059136947860466
 20
32.31443086469501
 30
0.0
 11
-56.72792206135787
 21
31.727922061357848
 31
0.0
  0
LINE
  5
1DF
330
18D
100
AcDbEntity
  8
0
 62
8
370
13
100
AcDbLine
 10
-56.72792206135786
 20
31.72792206135786
 30
0.0
 11
-58.28036012524225
 21
29.957705722156962
 31
0.0
  0
LINE
  5
1E0
330
18D
100
AcDbEntity
  8
0
 62
8
370
13
100
AcDbLine
 10
-58.28036012524223
 20
29.957705722156977
 30
0.0
 11
-58.70034674950211
 21
29.329151320047224
 31
0.0
  0
LINE
  5
1E1
330
18D
100
AcDbEntity
  8
0
 62
8
370
13
100
AcDbLine
 10
-59.987155444341774
 20
27.191520076683087
 30
0.0
 11
-60.62983158520317
 21
25.88830178257161
 31
0.0
  0
LINE
  5
1E2
330
18D
100
AcDbEntity
  8
0
 62
8
370
13
100
AcDbLine
 10
-60.62983158520316
 20
25.888301782571617
 30
0.0
 11
-61.38666487320324
 21
23.658742811845357
 31
0.0
  0
LINE
  5
1E3
330
18D
100
AcDbEntity
  8
0
 62
8
370
13
100
AcDbLine
 10
-61.38666487320323
 20
23.65874281184537
 30
0.0
 11
-61.424203761786636
 21
23.47002207477949
 31
0.0
  0
LINE
  5
1E4
330
18D
100
AcDbEntity
  8
0
 62
8
370
13
100
AcDbLine
 10
-61.86810757151807
 20
21.01228959863975
 30
0.0
 11
-62.0
 21
18.999999999999982
 31
0.0
  0
LINE
  5
1E5
330
18D
100
AcDbEntity
  8
0
 62
8
370
13
100
AcDbLine
 10
-62.0
 20
19.0
 30
0.0
 11
-62.0
 21
17.0166073096874
 31
0.0
  0
LINE
  5
1E6
330
18D
100
AcDbEntity
  8
0
 62
8
370
13
100
AcDbLine
 10
-62.0
 20
14.516607309687402
 30
0.0
 11
-62.0
 21
10.516607309687402
 31
0.0
  0
LINE
  5
1E7
330
18D
100
AcDbEntity
  8
0
 62
8
370
13
100
AcDbLine
 10
-62.0
 20
8.016607309687402
 30
0.0
 11
-62.0
 21
4.0166073096874015
 31
0.0
  0
LINE
  5
1E8
330
18D
100
AcDbEntity
  8
0
 62
8
370
13
100
AcDbLine
 10
-62.0
 20
1.5166073096874015
 30
0.0
 11
-62.0
 21
-2.4833926903125985
 31
0.0
  0
LINE
  5
1E9
330
18D
100
AcDbEntity
  8
0
 62
8
370
13
100
AcDbLine
 10
-62.0
 20
-4.983392690312595
 30
0.0
 11
-62.0
 21
-8.983392690312602
 31
0.0
  0
LINE
  5
1EA
330
18D
100
AcDbEntity
  8
0
 62
8
370
13
100
AcDbLine
 10
-62.0
 20
-11.483392690312598
 30
0.0
 11
-62.0
 21
-15.483392690312598
 31
0.0
  0
LINE
  5
1EB
330
18D
100
AcDbEntity
  8
0
 62
8
370
13
100
AcDbLine
 10
-62.0
 20
-17.9833926903126
 30
0.0
 11
-62.0
 21
-19.0
 31
0.0
  0
CIRCLE
  5
1EC
330
18D
100
AcDbEntity
  8
0
 62
8
370
13
100
AcDbCircle
 10
-30.0
 20
0.0
 30
0.0
 40
8.0
  0
CIRCLE
  5
1ED
330
18D
100
AcDbEntity
  8
0
 62
8
370
13
100
AcDbCircle
 10
30.0
 20
0.0
 30
0.0
 40
8.0
  0
LWPOLYLINE
  5
1EE
330
18D
100
AcDbEntity
  8
0
 62
8
370
13
100
AcDbPolyline
 90
4
 70
1
 10
-11.0
 20
-46.0
 10
-8.0
 20
-46.0
 10
-8.0
 20
-28.0
 10
-11.0
 20
-28.0
  0
LWPOLYLINE
  5
1EF
330
18D
100
AcDbEntity
  8
0
 62
8
370
13
100
AcDbPolyline
 90
4
 70
1
 10
-6.0
 20
-46.0
 10
-3.0
 20
-46.0
 10
-3.0
 20
-28.0
 10
-6.0
 20
-28.0
  0
LWPOLYLINE
  5
1F0
330
18D
100
AcDbEntity
  8
0
 62
8
370
13
100
AcDbPolyline
 90
4
 70
1
 10
-1.0
 20
-46.0
 10
2.0
 20
-46.0
 10
2.0
 20
-28.0
 10
-1.0
 20
-28.0
  0
LWPOLYLINE
  5
1F1
330
18D
100
AcDbEntity
  8
0
 62
8
370
13
100
AcDbPolyline
 90
4
 70
1
 10
4.0
 20
-46.0
 10
7.0
 20
-46.0
 10
7.0
 20
-28.0
 10
4.0
 20
-28.0
  0
LWPOLYLINE
  5
1F2
330
18D
100
AcDbEntity
  8
0
 62
8
370
13
100
AcDbPolyline
 90
4
 70
1
 10
9.0
 20
-46.0
 10
12.0
 20
-46.0
 10
12.0
 20
-28.0
 10
9.0
 20
-28.0
  0
ENDBLK
  5
18F
330
18D
100
AcDbEntity
  8
0
100
AcDbBlockEnd
  0
BLOCK
  5
1F4
330
1F3
100
AcDbEntity
  8
0
100
AcDbBlockBegin
  2
PS_LIBRERIA_INFANTIL_256x35
 70
0
 10
0.0
 20
0.0
 30
0.0
  3
PS_LIBRERIA_INFANTIL_256x35
  1

  0
WIPEOUT
  5
1F6
330
1F3
100
AcDbEntity
  8
0
100
AcDbWipeout
 90
0
 10
0.0
 20
-35.0
 30
0.0
 11
256.0
 21
0.0
 31
0.0
 12
0.0
 22
35.0
 32
0.0
 13
1.0
 23
1.0
340
0
 70
7
280
1
281
50
282
50
283
0
360
0
 71
2
 91
5
 14
-0.5
 24
0.5
 14
0.5
 24
0.5
 14
0.5
 24
-0.5
 14
-0.5
 24
-0.5
 14
-0.5
 24
0.5
290
0
  0
LWPOLYLINE
  5
1F7
330
1F3
100
AcDbEntity
  8
0
100
AcDbPolyline
 90
2
 70
0
 10
1.82
 20
-35.0
 10
35.65142857142857
 20
-35.0
  0
LWPOLYLINE
  5
1F8
330
1F3
100
AcDbEntity
  8
0
100
AcDbPolyline
 90
2
 70
0
 10
37.49142857142857
 20
-35.0
 10
72.22285714285714
 20
-35.0
  0
LWPOLYLINE
  5
1F9
330
1F3
100
AcDbEntity
  8
0
100
AcDbPolyline
 90
2
 70
0
 10
74.06285714285714
 20
-35.0
 10
108.7942857142857
 20
-35.0
  0
LWPOLYLINE
  5
1FA
330
1F3
100
AcDbEntity
  8
0
100
AcDbPolyline
 90
2
 70
0
 10
110.63428571428571
 20
-35.0
 10
145.36571428571426
 20
-35.0
  0
LWPOLYLINE
  5
1FB
330
1F3
100
AcDbEntity
  8
0
100
AcDbPolyline
 90
2
 70
0
 10
147.2057142857143
 20
-35.0
 10
181.93714285714282
 20
-35.0
  0
LWPOLYLINE
  5
1FC
330
1F3
100
AcDbEntity
  8
0
100
AcDbPolyline
 90
2
 70
0
 10
183.77714285714285
 20
-35.0
 10
218.5085714285714
 20
-35.0
  0
LWPOLYLINE
  5
1FD
330
1F3
100
AcDbEntity
  8
0
100
AcDbPolyline
 90
2
 70
0
 10
220.34857142857143
 20
-35.0
 10
252.98
 20
-35.0
  0
LWPOLYLINE
  5
1FE
330
1F3
100
AcDbEntity
  8
0
100
AcDbPolyline
 90
2
 70
0
 10
252.98
 20
0.0
 10
220.34857142857143
 20
0.0
  0
LWPOLYLINE
  5
1FF
330
1F3
100
AcDbEntity
  8
0
100
AcDbPolyline
 90
2
 70
0
 10
218.5085714285714
 20
0.0
 10
183.77714285714285
 20
0.0
  0
LWPOLYLINE
  5
200
330
1F3
100
AcDbEntity
  8
0
100
AcDbPolyline
 90
2
 70
0
 10
181.93714285714282
 20
0.0
 10
147.2057142857143
 20
0.0
  0
LWPOLYLINE
  5
201
330
1F3
100
AcDbEntity
  8
0
100
AcDbPolyline
 90
2
 70
0
 10
145.36571428571426
 20
0.0
 10
110.63428571428571
 20
0.0
  0
LWPOLYLINE
  5
202
330
1F3
100
AcDbEntity
  8
0
100
AcDbPolyline
 90
2
 70
0
 10
108.7942857142857
 20
0.0
 10
74.06285714285714
 20
0.0
  0
LWPOLYLINE
  5
203
330
1F3
100
AcDbEntity
  8
0
100
AcDbPolyline
 90
2
 70
0
 10
72.22285714285714
 20
0.0
 10
37.49142857142857
 20
0.0
  0
LWPOLYLINE
  5
204
330
1F3
100
AcDbEntity
  8
0
100
AcDbPolyline
 90
2
 70
0
 10
35.65142857142857
 20
0.0
 10
1.82
 20
0.0
  0
LWPOLYLINE
  5
205
330
1F3
100
AcDbEntity
  8
0
 62
8
370
13
100
AcDbPolyline
 90
2
 70
0
 10
1.82
 20
-0.8
 10
35.65142857142857
 20
-0.8
  0
LWPOLYLINE
  5
206
330
1F3
100
AcDbEntity
  8
0
 62
8
370
13
100
AcDbPolyline
 90
2
 70
0
 10
37.49142857142857
 20
-0.8
 10
72.22285714285714
 20
-0.8
  0
LWPOLYLINE
  5
207
330
1F3
100
AcDbEntity
  8
0
 62
8
370
13
100
AcDbPolyline
 90
2
 70
0
 10
74.06285714285714
 20
-0.8
 10
108.7942857142857
 20
-0.8
  0
LWPOLYLINE
  5
208
330
1F3
100
AcDbEntity
  8
0
 62
8
370
13
100
AcDbPolyline
 90
2
 70
0
 10
110.63428571428571
 20
-0.8
 10
145.36571428571426
 20
-0.8
  0
LWPOLYLINE
  5
209
330
1F3
100
AcDbEntity
  8
0
 62
8
370
13
100
AcDbPolyline
 90
2
 70
0
 10
147.2057142857143
 20
-0.8
 10
181.93714285714282
 20
-0.8
  0
LWPOLYLINE
  5
20A
330
1F3
100
AcDbEntity
  8
0
 62
8
370
13
100
AcDbPolyline
 90
2
 70
0
 10
183.77714285714285
 20
-0.8
 10
218.5085714285714
 20
-0.8
  0
LWPOLYLINE
  5
20B
330
1F3
100
AcDbEntity
  8
0
 62
8
370
13
100
AcDbPolyline
 90
2
 70
0
 10
220.34857142857143
 20
-0.8
 10
252.98
 20
-0.8
  0
LWPOLYLINE
  5
20C
330
1F3
100
AcDbEntity
  8
0
100
AcDbPolyline
 90
4
 70
1
 10
0.0
 20
-35.0
 10
1.8
 20
-35.0
 10
1.8
 20
0.0
 10
0.0
 20
0.0
  0
LWPOLYLINE
  5
20D
330
1F3
100
AcDbEntity
  8
0
100
AcDbPolyline
 90
4
 70
1
 10
35.67142857142857
 20
-35.0
 10
37.47142857142857
 20
-35.0
 10
37.47142857142857
 20
0.0
 10
35.67142857142857
 20
0.0
  0
LWPOLYLINE
  5
20E
330
1F3
100
AcDbEntity
  8
0
100
AcDbPolyline
 90
4
 70
1
 10
72.24285714285713
 20
-35.0
 10
74.04285714285714
 20
-35.0
 10
74.04285714285714
 20
0.0
 10
72.24285714285713
 20
0.0
  0
LWPOLYLINE
  5
20F
330
1F3
100
AcDbEntity
  8
0
100
AcDbPolyline
 90
4
 70
1
 10
108.8142857142857
 20
-35.0
 10
110.61428571428571
 20
-35.0
 10
110.61428571428571
 20
0.0
 10
108.8142857142857
 20
0.0
  0
LWPOLYLINE
  5
210
330
1F3
100
AcDbEntity
  8
0
100
AcDbPolyline
 90
4
 70
1
 10
145.38571428571427
 20
-35.0
 10
147.18571428571428
 20
-35.0
 10
147.18571428571428
 20
0.0
 10
145.38571428571427
 20
0.0
  0
LWPOLYLINE
  5
211
330
1F3
100
AcDbEntity
  8
0
100
AcDbPolyline
 90
4
 70
1
 10
181.95714285714283
 20
-35.0
 10
183.75714285714284
 20
-35.0
 10
183.75714285714284
 20
0.0
 10
181.95714285714283
 20
0.0
  0
LWPOLYLINE
  5
212
330
1F3
100
AcDbEntity
  8
0
100
AcDbPolyline
 90
4
 70
1
 10
218.5285714285714
 20
-35.0
 10
220.32857142857142
 20
-35.0
 10
220.32857142857142
 20
0.0
 10
218.5285714285714
 20
0.0
  0
LWPOLYLINE
  5
213
330
1F3
100
AcDbEntity
  8
0
100
AcDbPolyline
 90
4
 70
1
 10
253.0
 20
-35.0
 10
256.0
 20
-35.0
 10
256.0
 20
0.0
 10
253.0
 20
0.0
  0
LWPOLYLINE
  5
214
330
1F3
100
AcDbEntity
  8
0
 62
8
370
13
100
AcDbPolyline
 90
4
 70
1
 10
2.8
 20
-33.5
 10
5.37719863559959
 20
-33.5
 10
5.37719863559959
 20
-17.444055782528487
 10
2.8
 20
-17.444055782528487
  0
LWPOLYLINE
  5
215
330
1F3
100
AcDbEntity
  8
0
 62
8
370
13
100
AcDbPolyline
 90
4
 70
1
 10
5.62719863559959
 20
-33.5
 10
8.98944137089524
 20
-33.5
 10
8.98944137089524
 20
-17.9929459933272
 10
5.62719863559959
 20
-17.9929459933272
  0
LWPOLYLINE
  5
216
330
1F3
100
AcDbEntity
  8
0
 62
8
370
13
100
AcDbPolyline
 90
4
 70
1
 10
9.23944137089524
 20
-33.5
 10
12.325558181231294
 20
-33.5
 10
12.325558181231294
 20
-15.940177581611902
 10
9.23944137089524
 20
-15.940177581611902
  0
LWPOLYLINE
  5
217
330
1F3
100
AcDbEntity
  8
0
 62
8
370
13
100
AcDbPolyline
 90
4
 70
1
 10
12.575558181231294
 20
-33.5
 10
14.51475560069059
 20
-33.5
 10
14.51475560069059
 20
-14.947949867674058
 10
12.575558181231294
 20
-14.947949867674058
  0
LWPOLYLINE
  5
218
330
1F3
100
AcDbEntity
  8
0
 62
8
370
13
100
AcDbPolyline
 90
4
 70
1
 10
14.764755600690592
 20
-33.5
 10
16.654745180951355
 20
-33.5
 10
16.654745180951355
 20
-15.464480214363299
 10
14.764755600690592
 20
-15.464480214363299
  0
LWPOLYLINE
  5
219
330
1F3
100
AcDbEntity
  8
0
 62
8
370
13
100
AcDbPolyline
 90
4
 70
1
 10
16.904745180951355
 20
-33.5
 10
18.87239819753044
 20
-33.5
 10
18.87239819753044
 20
-17.865008906592944
 10
16.904745180951355
 20
-17.865008906592944
  0
LWPOLYLINE
  5
21A
330
1F3
100
AcDbEntity
  8
0
 62
8
370
13
100
AcDbPolyline
 90
4
 70
1
 10
19.12239819753044
 20
-33.5
 10
21.941244251472476
 20
-33.5
 10
21.941244251472476
 20
-12.712035127295735
 10
19.12239819753044
 20
-12.712035127295735
  0
LWPOLYLINE
  5
21B
330
1F3
100
AcDbEntity
  8
0
 62
8
370
13
100
AcDbPolyline
 90
4
 70
1
 10
22.191244251472476
 20
-33.5
 10
24.288368958231626
 20
-33.5
 10
24.288368958231626
 20
-16.937327247750897
 10
22.191244251472476
 20
-16.937327247750897
  0
LWPOLYLINE
  5
21C
330
1F3
100
AcDbEntity
  8
0
 62
8
370
13
100
AcDbPolyline
 90
4
 70
1
 10
24.538368958231626
 20
-33.5
 10
27.84420869200504
 20
-33.5
 10
27.84420869200504
 20
-11.86603740280096
 10
24.538368958231626
 20
-11.86603740280096
  0
LWPOLYLINE
  5
21D
330
1F3
100
AcDbEntity
  8
0
 62
8
370
13
100
AcDbPolyline
 90
4
 70
1
 10
28.09420869200504
 20
-33.5
 10
31.279255768687037
 20
-33.5
 10
31.279255768687037
 20
-15.72323667744454
 10
28.09420869200504
 20
-15.72323667744454
  0
LWPOLYLINE
  5
21E
330
1F3
100
AcDbEntity
  8
0
 62
8
370
13
100
AcDbPolyline
 90
8
 70
1
 10
38.97142857142857
 20
-30.0
 42
0.41421356237309503
 10
41.97142857142857
 20
-33.0
 10
67.74285714285713
 20
-33.0
 42
0.41421356237309503
 10
70.74285714285713
 20
-30.0
 10
70.74285714285713
 20
-6.0
 42
0.41421356237309503
 10
67.74285714285713
 20
-3.0
 10
41.97142857142857
 20
-3.0
 42
0.41421356237309503
 10
38.97142857142857
 20
-6.0
  0
LWPOLYLINE
  5
21F
330
1F3
100
AcDbEntity
  8
0
 62
8
370
13
100
AcDbPolyline
 90
4
 70
1
 10
76.04285714285714
 20
-30.5
 10
106.8142857142857
 20
-30.5
 10
106.8142857142857
 20
-28.9
 10
76.04285714285714
 20
-28.9
  0
LWPOLYLINE
  5
220
330
1F3
100
AcDbEntity
  8
0
 62
8
370
13
100
AcDbPolyline
 90
4
 70
1
 10
76.04285714285714
 20
-24.5
 10
106.8142857142857
 20
-24.5
 10
106.8142857142857
 20
-22.9
 10
76.04285714285714
 20
-22.9
  0
LWPOLYLINE
  5
221
330
1F3
100
AcDbEntity
  8
0
 62
8
370
13
100
AcDbPolyline
 90
4
 70
1
 10
76.04285714285714
 20
-18.5
 10
106.8142857142857
 20
-18.5
 10
106.8142857142857
 20
-16.9
 10
76.04285714285714
 20
-16.9
  0
CIRCLE
  5
222
330
1F3
100
AcDbEntity
  8
0
 62
8
370
13
100
AcDbCircle
 10
123.0
 20
-17.0
 30
0.0
 40
8.5
  0
LWPOLYLINE
  5
223
330
1F3
100
AcDbEntity
  8
0
 62
8
370
13
100
AcDbPolyline
 90
4
 70
1
 10
135.26510963533835
 20
-31.12557568022706
 10
142.12557568022706
 20
-29.73489036466163
 10
140.73489036466165
 20
-22.87442431977294
 10
133.87442431977294
 20
-24.26510963533837
  0
LWPOLYLINE
  5
224
330
1F3
100
AcDbEntity
  8
0
 62
8
370
13
100
AcDbPolyline
 90
4
 70
1
 10
133.6220015647457
 20
-14.309356988624932
 10
140.30935698862493
 20
-16.37799843525431
 10
142.3779984352543
 20
-9.690643011375068
 10
135.69064301137507
 20
-7.622001564745689
  0
LWPOLYLINE
  5
225
330
1F3
100
AcDbEntity
  8
0
 62
8
370
13
100
AcDbPolyline
 90
8
 70
1
 10
148.68571428571428
 20
-30.0
 42
0.41421356237309503
 10
151.68571428571428
 20
-33.0
 10
177.45714285714283
 20
-33.0
 42
0.41421356237309503
 10
180.45714285714283
 20
-30.0
 10
180.45714285714283
 20
-6.0
 42
0.41421356237309503
 10
177.45714285714283
 20
-3.0
 10
151.68571428571428
 20
-3.0
 42
0.41421356237309503
 10
148.68571428571428
 20
-6.0
  0
LWPOLYLINE
  5
226
330
1F3
100
AcDbEntity
  8
0
 62
8
370
13
100
AcDbPolyline
 90
4
 70
1
 10
184.75714285714284
 20
-33.5
 10
188.61746715885968
 20
-33.5
 10
188.61746715885968
 20
-16.472734995678266
 10
184.75714285714284
 20
-16.472734995678266
  0
LWPOLYLINE
  5
227
330
1F3
100
AcDbEntity
  8
0
 62
8
370
13
100
AcDbPolyline
 90
4
 70
1
 10
188.86746715885968
 20
-33.5
 10
191.01367935891753
 20
-33.5
 10
191.01367935891753
 20
-17.67545433345142
 10
188.86746715885968
 20
-17.67545433345142
  0
LWPOLYLINE
  5
228
330
1F3
100
AcDbEntity
  8
0
 62
8
370
13
100
AcDbPolyline
 90
4
 70
1
 10
191.26367935891753
 20
-33.5
 10
193.80403573676216
 20
-33.5
 10
193.80403573676216
 20
-12.78711548615978
 10
191.26367935891753
 20
-12.78711548615978
  0
LWPOLYLINE
  5
229
330
1F3
100
AcDbEntity
  8
0
 62
8
370
13
100
AcDbPolyline
 90
4
 70
1
 10
194.05403573676216
 20
-33.5
 10
196.2877790485796
 20
-33.5
 10
196.2877790485796
 20
-14.428798854362736
 10
194.05403573676216
 20
-14.428798854362736
  0
LWPOLYLINE
  5
22A
330
1F3
100
AcDbEntity
  8
0
 62
8
370
13
100
AcDbPolyline
 90
4
 70
1
 10
196.5377790485796
 20
-33.5
 10
199.87117137400244
 20
-33.5
 10
199.87117137400244
 20
-15.893217200919882
 10
196.5377790485796
 20
-15.893217200919882
  0
LWPOLYLINE
  5
22B
330
1F3
100
AcDbEntity
  8
0
 62
8
370
13
100
AcDbPolyline
 90
4
 70
1
 10
200.12117137400244
 20
-33.5
 10
203.23575809170538
 20
-33.5
 10
203.23575809170538
 20
-18.06047717518674
 10
200.12117137400244
 20
-18.06047717518674
  0
LWPOLYLINE
  5
22C
330
1F3
100
AcDbEntity
  8
0
 62
8
370
13
100
AcDbPolyline
 90
4
 70
1
 10
203.48575809170538
 20
-33.5
 10
205.42880089962435
 20
-33.5
 10
205.42880089962435
 20
-17.058289010264716
 10
203.48575809170538
 20
-17.058289010264716
  0
LWPOLYLINE
  5
22D
330
1F3
100
AcDbEntity
  8
0
 62
8
370
13
100
AcDbPolyline
 90
4
 70
1
 10
205.67880089962435
 20
-33.5
 10
209.11176083526064
 20
-33.5
 10
209.11176083526064
 20
-15.50685386031418
 10
205.67880089962435
 20
-15.50685386031418
  0
LWPOLYLINE
  5
22E
330
1F3
100
AcDbEntity
  8
0
 62
8
370
13
100
AcDbPolyline
 90
4
 70
1
 10
209.36176083526064
 20
-33.5
 10
211.91571404416493
 20
-33.5
 10
211.91571404416493
 20
-14.401066955446531
 10
209.36176083526064
 20
-14.401066955446531
  0
LWPOLYLINE
  5
22F
330
1F3
100
AcDbEntity
  8
0
 62
8
370
13
100
AcDbPolyline
 90
4
 70
1
 10
212.16571404416493
 20
-33.5
 10
215.0533565474548
 20
-33.5
 10
215.0533565474548
 20
-16.401631021954223
 10
212.16571404416493
 20
-16.401631021954223
  0
LINE
  5
230
330
1F3
100
AcDbEntity
  8
0
 62
8
370
13
100
AcDbLine
 10
220.32857142857142
 20
-33.2
 30
0.0
 11
253.0
 21
-33.2
 31
0.0
  0
LWPOLYLINE
  5
231
330
1F3
100
AcDbEntity
  8
0
 62
8
370
13
100
AcDbPolyline
 90
4
 70
1
 10
232.6642857142857
 20
-34.7
 10
240.6642857142857
 20
-34.7
 10
240.6642857142857
 20
-33.7
 10
232.6642857142857
 20
-33.7
  0
LWPOLYLINE
  5
232
330
1F3
100
AcDbEntity
  8
0
 62
8
370
13
100
AcDbPolyline
 90
8
 70
1
 10
49.85714285714285
 20
-30.6
 42
0.41421356237309503
 10
51.05714285714285
 20
-31.8
 10
58.657142857142844
 20
-31.8
 42
0.41421356237309503
 10
59.85714285714285
 20
-30.6
 10
59.85714285714285
 20
-30.599999999999998
 42
0.41421356237309503
 10
58.657142857142844
 20
-29.4
 10
51.05714285714285
 20
-29.4
 42
0.41421356237309503
 10
49.85714285714285
 20
-30.599999999999998
  0
LWPOLYLINE
  5
233
330
1F3
100
AcDbEntity
  8
0
 62
8
370
13
100
AcDbPolyline
 90
2
 70
0
 10
114.5
 20
-17.0
 42
0.4
 10
131.5
 20
-17.0
  0
LWPOLYLINE
  5
234
330
1F3
100
AcDbEntity
  8
0
 62
8
370
13
100
AcDbPolyline
 90
8
 70
1
 10
159.57142857142856
 20
-30.6
 42
0.41421356237309503
 10
160.77142857142854
 20
-31.8
 10
168.37142857142857
 20
-31.8
 42
0.41421356237309503
 10
169.57142857142856
 20
-30.6
 10
169.57142857142856
 20
-30.599999999999998
 42
0.41421356237309503
 10
168.37142857142857
 20
-29.4
 10
160.77142857142854
 20
-29.4
 42
0.41421356237309503
 10
159.57142857142856
 20
-30.599999999999998
  0
ENDBLK
  5
1F5
330
1F3
100
AcDbEntity
  8
0
100
AcDbBlockEnd
  0
BLOCK
  5
236
330
235
100
AcDbEntity
  8
0
100
AcDbBlockBegin
  2
PS_BANCO_ARCON_110x45
 70
0
 10
0.0
 20
0.0
 30
0.0
  3
PS_BANCO_ARCON_110x45
  1

  0
WIPEOUT
  5
238
330
235
100
AcDbEntity
  8
0
100
AcDbWipeout
 90
0
 10
0.0
 20
0.0
 30
0.0
 11
45.0
 21
0.0
 31
0.0
 12
0.0
 22
110.0
 32
0.0
 13
1.0
 23
1.0
340
0
 70
7
280
1
281
50
282
50
283
0
360
0
 71
2
 91
29
 14
-0.5
 24
0.5
 14
0.4555555555555556
 24
0.5
 14
0.46135671965422453
 24
0.49984445202497835
 14
0.4670586242267787
 24
0.49938046956889215
 14
0.47256370810511517
 24
0.4986159915002052
 14
0.47777777777777775
 24
0.49756409825062614
 14
0.4826116190670542
 24
0.4962427880052952
 14
0.486982523608291
 24
0.4946746687488463
 14
0.49081570401294383
 24
0.4928865714365222
 14
0.49404557350153055
 24
0.4909090909090909
 14
0.49661686811161276
 24
0.488776062406638
 14
0.49848559227951417
 24
0.48652398263822766
 14
0.49961977161661386
 24
0.48419138531309186
 14
0.5
 24
0.4818181818181818
 14
0.5
 24
-0.4818181818181818
 14
0.49961977161661386
 24
-0.4841913853130919
 14
0.49848559227951417
 24
-0.4865239826382276
 14
0.49661686811161276
 24
-0.48877606240663807
 14
0.49404557350153055
 24
-0.49090909090909096
 14
0.49081570401294383
 24
-0.49288657143652226
 14
0.486982523608291
 24
-0.49467466874884625
 14
0.4826116190670542
 24
-0.4962427880052952
 14
0.47777777777777775
 24
-0.4975640982506262
 14
0.47256370810511517
 24
-0.4986159915002052
 14
0.4670586242267787
 24
-0.49938046956889215
 14
0.46135671965422453
 24
-0.4998444520249783
 14
0.4555555555555556
 24
-0.5
 14
-0.5
 24
-0.5
 14
-0.5
 24
0.5
290
0
  0
LWPOLYLINE
  5
239
330
235
100
AcDbEntity
  8
0
100
AcDbPolyline
 90
6
 70
1
 10
0.0
 20
0.0
 10
43.0
 20
0.0
 42
0.41421356237309503
 10
45.0
 20
2.0
 10
45.0
 20
108.0
 42
0.41421356237309503
 10
43.0
 20
110.0
 10
0.0
 20
110.0
  0
LINE
  5
23A
330
235
100
AcDbEntity
  8
0
 62
8
370
13
100
AcDbLine
 10
43.0
 20
1.0
 30
0.0
 11
43.0
 21
109.0
 31
0.0
  0
LWPOLYLINE
  5
23B
330
235
100
AcDbEntity
  8
0
100
AcDbPolyline
 90
8
 70
1
 10
0.5
 20
5.0
 42
0.41421356237309503
 10
3.5
 20
2.0
 10
5.5
 20
2.0
 42
0.41421356237309503
 10
8.5
 20
5.0
 10
8.5
 20
105.0
 42
0.41421356237309503
 10
5.5
 20
108.0
 10
3.5
 20
108.0
 42
0.41421356237309503
 10
0.5
 20
105.0
  0
LWPOLYLINE
  5
23C
330
235
100
AcDbEntity
  8
0
100
AcDbPolyline
 90
27
 70
0
 10
9.5
 20
5.5
 10
9.534220554504758
 20
4.977895231119795
 10
9.636296694843727
 20
4.464723819589917
 10
9.804481869954852
 20
3.9692662705396415
 10
10.035898384862245
 20
3.500000000000001
 10
10.32658663883506
 20
3.0649542839651174
 10
10.671572875253808
 20
2.67157287525381
 10
11.064954283965116
 20
2.3265866388350602
 10
11.499999999999998
 20
2.0358983848622465
 10
11.969266270539638
 20
1.804481869954854
 10
12.464723819589917
 20
1.6362966948437268
 10
12.977895231119794
 20
1.5342205545047585
 10
13.5
 20
1.5
 10
38.0
 20
1.5
 10
38.522104768880205
 20
1.5342205545047585
 10
39.03527618041008
 20
1.6362966948437268
 10
39.53073372946036
 20
1.804481869954853
 10
40.0
 20
2.035898384862245
 10
40.435045716034885
 20
2.3265866388350593
 10
40.82842712474619
 20
2.67157287525381
 10
41.17341336116494
 20
3.0649542839651174
 10
41.46410161513776
 20
3.5
 10
41.695518130045144
 20
3.9692662705396407
 10
41.86370330515627
 20
4.464723819589917
 10
41.965779445495244
 20
4.977895231119794
 10
42.0
 20
5.5
 10
42.0
 20
51.89711484841352
  0
LWPOLYLINE
  5
23D
330
235
100
AcDbEntity
  8
0
100
AcDbPolyline
 90
28
 70
0
 10
42.0
 20
54.250595456341756
 10
42.0
 20
104.5
 10
41.965779445495244
 20
105.02210476888021
 10
41.86370330515627
 20
105.53527618041008
 10
41.695518130045144
 20
106.03073372946037
 10
41.46410161513776
 20
106.5
 10
41.17341336116494
 20
106.93504571603488
 10
40.82842712474619
 20
107.32842712474618
 10
40.435045716034885
 20
107.67341336116495
 10
40.0
 20
107.96410161513775
 10
39.53073372946036
 20
108.19551813004514
 10
39.03527618041008
 20
108.36370330515628
 10
38.522104768880205
 20
108.46577944549524
 10
38.0
 20
108.5
 10
13.5
 20
108.5
 10
12.977895231119794
 20
108.46577944549524
 10
12.464723819589917
 20
108.36370330515628
 10
11.969266270539642
 20
108.19551813004514
 10
11.5
 20
107.96410161513775
 10
11.064954283965118
 20
107.67341336116495
 10
10.67157287525381
 20
107.32842712474618
 10
10.32658663883506
 20
106.93504571603488
 10
10.035898384862247
 20
106.5
 10
9.804481869954852
 20
106.03073372946037
 10
9.636296694843727
 20
105.53527618041008
 10
9.534220554504758
 20
105.02210476888021
 10
9.5
 20
104.5
 10
9.5
 20
95.65186719341735
  0
LWPOLYLINE
  5
23E
330
235
100
AcDbEntity
  8
0
100
AcDbPolyline
 90
2
 70
0
 10
9.5
 20
80.3481328065827
 10
9.5
 20
29.651867193417353
  0
LWPOLYLINE
  5
23F
330
235
100
AcDbEntity
  8
0
100
AcDbPolyline
 90
2
 70
0
 10
9.5
 20
14.348132806582687
 10
9.5
 20
5.5
  0
LWPOLYLINE
  5
240
330
235
100
AcDbEntity
  8
0
 62
8
370
13
100
AcDbPolyline
 90
27
 70
0
 10
11.5
 20
5.5
 10
11.517110277252378
 20
5.238947615559898
 10
11.568148347421863
 20
4.9823619097949585
 10
11.652240934977426
 20
4.734633135269821
 10
11.767949192431121
 20
4.500000000000001
 10
11.91329331941753
 20
4.282477141982559
 10
12.085786437626904
 20
4.085786437626905
 10
12.282477141982557
 20
3.91329331941753
 10
12.5
 20
3.7679491924311233
 10
12.734633135269819
 20
3.652240934977427
 10
12.982361909794959
 20
3.5681483474218636
 10
13.238947615559896
 20
3.517110277252379
 10
13.5
 20
3.5
 10
38.0
 20
3.5
 10
38.261052384440106
 20
3.517110277252379
 10
38.51763809020504
 20
3.5681483474218636
 10
38.76536686473018
 20
3.6522409349774265
 10
39.0
 20
3.7679491924311224
 10
39.21752285801744
 20
3.9132933194175297
 10
39.41421356237309
 20
4.085786437626905
 10
39.58670668058247
 20
4.282477141982559
 10
39.732050807568875
 20
4.5
 10
39.84775906502257
 20
4.734633135269821
 10
39.93185165257814
 20
4.9823619097949585
 10
39.98288972274762
 20
5.238947615559897
 10
40.0
 20
5.5
 10
40.0
 20
51.16917437988112
  0
LWPOLYLINE
  5
241
330
235
100
AcDbEntity
  8
0
 62
8
370
13
100
AcDbPolyline
 90
28
 70
0
 10
40.0
 20
59.74555029525101
 10
40.0
 20
104.5
 10
39.98288972274762
 20
104.7610523844401
 10
39.93185165257814
 20
105.01763809020504
 10
39.84775906502257
 20
105.26536686473018
 10
39.732050807568875
 20
105.5
 10
39.58670668058247
 20
105.71752285801745
 10
39.41421356237309
 20
105.91421356237309
 10
39.21752285801744
 20
106.08670668058247
 10
39.0
 20
106.23205080756888
 10
38.76536686473018
 20
106.34775906502257
 10
38.51763809020504
 20
106.43185165257813
 10
38.261052384440106
 20
106.48288972274761
 10
38.0
 20
106.5
 10
13.5
 20
106.5
 10
13.238947615559896
 20
106.48288972274761
 10
12.982361909794959
 20
106.43185165257813
 10
12.73463313526982
 20
106.34775906502257
 10
12.5
 20
106.23205080756888
 10
12.28247714198256
 20
106.08670668058247
 10
12.085786437626904
 20
105.91421356237309
 10
11.91329331941753
 20
105.71752285801745
 10
11.767949192431123
 20
105.5
 10
11.652240934977426
 20
105.26536686473018
 10
11.568148347421863
 20
105.01763809020504
 10
11.51711027725238
 20
104.7610523844401
 10
11.5
 20
104.5
 10
11.5
 20
103.97655581523613
  0
LWPOLYLINE
  5
242
330
235
100
AcDbEntity
  8
0
 62
8
370
13
100
AcDbPolyline
 90
2
 70
0
 10
11.5
 20
72.02344418476387
 10
11.5
 20
37.97655581523611
  0
LWPOLYLINE
  5
243
330
235
100
AcDbEntity
  8
0
 62
8
370
13
100
AcDbPolyline
 90
2
 70
0
 10
11.5
 20
6.023444184763888
 10
11.5
 20
5.5
  0
LWPOLYLINE
  5
244
330
235
100
AcDbEntity
  8
0
100
AcDbPolyline
 90
8
 70
1
 10
22.5
 20
74.5
 42
0.1111111111111111
 10
22.5
 20
101.5
 42
0.41421356237309503
 10
19.0
 20
105.0
 10
14.0
 20
105.0
 42
0.41421356237309503
 10
10.5
 20
101.5
 42
0.1111111111111111
 10
10.5
 20
74.5
 42
0.41421356237309503
 10
14.0
 20
71.0
 10
19.0
 20
71.0
 42
0.41421356237309503
  0
LWPOLYLINE
  5
245
330
235
100
AcDbEntity
  8
0
100
AcDbPolyline
 90
8
 70
1
 10
22.5
 20
8.5
 42
0.1111111111111111
 10
22.5
 20
35.5
 42
0.41421356237309503
 10
19.0
 20
39.0
 10
14.0
 20
39.0
 42
0.41421356237309503
 10
10.5
 20
35.5
 42
0.1111111111111111
 10
10.5
 20
8.5
 42
0.41421356237309503
 10
14.0
 20
5.0
 10
19.0
 20
5.0
 42
0.41421356237309503
  0
LWPOLYLINE
  5
246
330
235
100
AcDbEntity
  8
0
 62
8
370
13
100
AcDbPolyline
 90
2
 70
0
 10
11.7
 20
103.8
 10
13.1
 20
101.2
  0
LWPOLYLINE
  5
247
330
235
100
AcDbEntity
  8
0
 62
8
370
13
100
AcDbPolyline
 90
2
 70
0
 10
21.3
 20
103.8
 10
19.9
 20
101.2
  0
LWPOLYLINE
  5
248
330
235
100
AcDbEntity
  8
0
 62
8
370
13
100
AcDbPolyline
 90
2
 70
0
 10
11.7
 20
72.2
 10
13.1
 20
74.8
  0
LWPOLYLINE
  5
249
330
235
100
AcDbEntity
  8
0
 62
8
370
13
100
AcDbPolyline
 90
2
 70
0
 10
21.3
 20
72.2
 10
19.9
 20
74.8
  0
LWPOLYLINE
  5
24A
330
235
100
AcDbEntity
  8
0
 62
8
370
13
100
AcDbPolyline
 90
2
 70
0
 10
16.5
 20
76.0
 10
16.5
 20
100.0
  0
LWPOLYLINE
  5
24B
330
235
100
AcDbEntity
  8
0
 62
8
370
13
100
AcDbPolyline
 90
2
 70
0
 10
11.7
 20
37.8
 10
13.1
 20
35.2
  0
LWPOLYLINE
  5
24C
330
235
100
AcDbEntity
  8
0
 62
8
370
13
100
AcDbPolyline
 90
2
 70
0
 10
21.3
 20
37.8
 10
19.9
 20
35.2
  0
LWPOLYLINE
  5
24D
330
235
100
AcDbEntity
  8
0
 62
8
370
13
100
AcDbPolyline
 90
2
 70
0
 10
11.7
 20
6.199999999999999
 10
13.1
 20
8.8
  0
LWPOLYLINE
  5
24E
330
235
100
AcDbEntity
  8
0
 62
8
370
13
100
AcDbPolyline
 90
2
 70
0
 10
21.3
 20
6.199999999999999
 10
19.9
 20
8.8
  0
LWPOLYLINE
  5
24F
330
235
100
AcDbEntity
  8
0
 62
8
370
13
100
AcDbPolyline
 90
2
 70
0
 10
16.5
 20
10.0
 10
16.5
 20
34.0
  0
LWPOLYLINE
  5
250
330
235
100
AcDbEntity
  8
0
 62
8
370
13
100
AcDbPolyline
 90
4
 70
1
 10
32.39414100327968
 20
48.42215165449864
 10
42.73075983192467
 20
52.184373231081
 10
37.942477825365316
 20
65.34006992208371
 10
27.60585899672032
 20
61.57784834550136
  0
LWPOLYLINE
  5
251
330
235
100
AcDbEntity
  8
0
 62
8
370
13
100
AcDbPolyline
 90
4
 70
1
 10
22.057522174634688
 20
44.659930077916286
 10
32.39414100327968
 20
48.42215165449864
 10
27.60585899672032
 20
61.57784834550136
 10
17.269240168075324
 20
57.815626768919
  0
LWPOLYLINE
  5
252
330
235
100
AcDbEntity
  8
0
 62
8
370
13
100
AcDbPolyline
 90
2
 70
0
 10
32.39414100327968
 20
48.42215165449864
 10
27.60585899672032
 20
61.57784834550136
  0
ENDBLK
  5
237
330
235
100
AcDbEntity
  8
0
100
AcDbBlockEnd
  0
BLOCK
  5
254
330
253
100
AcDbEntity
  8
0
100
AcDbBlockBegin
  2
PS_MESA_INFANTIL_D60
 70
0
 10
0.0
 20
0.0
 30
0.0
  3
PS_MESA_INFANTIL_D60
  1

  0
WIPEOUT
  5
256
330
253
100
AcDbEntity
  8
0
100
AcDbWipeout
 90
0
 10
-30.0
 20
-30.0
 30
0.0
 11
60.0
 21
0.0
 31
0.0
 12
0.0
 22
60.0
 32
0.0
 13
1.0
 23
1.0
340
0
 70
7
280
1
281
50
282
50
283
0
360
0
 71
2
 91
257
 14
0.5
 24
0.0
 14
0.49984940934810207
 24
0.012270614261456148
 14
0.4993977281025862
 24
0.024533837163708994
 14
0.4986452283393451
 24
0.03678228179983373
 14
0.49759236333609846
 24
0.049008570164780274
 14
0.49623976729935504
 24
0.06120533759960811
 14
0.49458825498239056
 24
0.0733652372276809
 14
0.49263882119447056
 24
0.08548094438015058
 14
0.4903926402016151
 24
0.0975451610080641
 14
0.48785106501926423
 24
0.10955062007843491
 14
0.48501562659727204
 24
0.12149008995163191
 14
0.48188803289771986
 24
0.1333563787374492
 14
0.4784701678661044
 24
0.14514233862723114
 14
0.47476409029651834
 24
0.15684087019944576
 14
0.47077203259151046
 24
0.16844492669611005
 14
0.4664963994173694
 24
0.17994751826749406
 14
0.46193976625564337
 24
0.19134171618254486
 14
0.45710487785176535
 24
0.20262065700249487
 14
0.4519946465617217
 24
0.21377754671514104
 14
0.4466121505977577
 24
0.2248056648273033
 14
0.4409606321741776
 24
0.2356983684129988
 14
0.43504349555435573
 24
0.24644909611489202
 14
0.42886430500013606
 24
0.25705137209661083
 14
0.42242678262485356
 24
0.2674988099435486
 14
0.41573480615127256
 24
0.2777851165098011
 14
0.40879240657579186
 24
0.28790409570892267
 14
0.4016037657403224
 24
0.29784965224621673
 14
0.39417321381330317
 24
0.30761579529031335
 14
0.38650522668136844
 24
0.31719664208182274
 14
0.3786044232532423
 24
0.3265864214768883
 14
0.3704755626774795
 24
0.33577947742350917
 14
0.36212354147573356
 24
0.3447702723685334
 14
0.35355339059327373
 24
0.35355339059327373
 14
0.3447702723685334
 24
0.36212354147573345
 14
0.3357794774235091
 24
0.37047556267747955
 14
0.3265864214768883
 24
0.37860442325324223
 14
0.31719664208182274
 24
0.3865052266813685
 14
0.30761579529031335
 24
0.3941732138133031
 14
0.29784965224621684
 24
0.4016037657403224
 14
0.2879040957089226
 24
0.40879240657579186
 14
0.2777851165098011
 24
0.4157348061512726
 14
0.2674988099435486
 24
0.4224267826248535
 14
0.2570513720966108
 24
0.42886430500013606
 14
0.24644909611489207
 24
0.4350434955543556
 14
0.23569836841299885
 24
0.44096063217417747
 14
0.22480566482730324
 24
0.44661215059775766
 14
0.21377754671514115
 24
0.45199464656172167
 14
0.20262065700249487
 24
0.45710487785176535
 14
0.19134171618254503
 24
0.46193976625564337
 14
0.17994751826749422
 24
0.4664963994173694
 14
0.16844492669611
 24
0.4707720325915104
 14
0.15684087019944581
 24
0.47476409029651834
 14
0.14514233862723114
 24
0.47847016786610447
 14
0.1333563787374492
 24
0.4818880328977199
 14
0.12149008995163202
 24
0.485015626597272
 14
0.10955062007843497
 24
0.4878510650192643
 14
0.09754516100806421
 24
0.4903926402016152
 14
0.08548094438015075
 24
0.4926388211944706
 14
0.07336523722768085
 24
0.4945882549823905
 14
0.06120533759960811
 24
0.496239767299355
 14
0.04900857016478033
 24
0.4975923633360984
 14
0.03678228179983378
 24
0.4986452283393451
 14
0.02453383716370905
 24
0.4993977281025862
 14
0.012270614261456148
 24
0.4998494093481021
 14
0.0
 24
0.5
 14
-0.012270614261456037
 24
0.4998494093481021
 14
-0.024533837163708994
 24
0.4993977281025862
 14
-0.03678228179983367
 24
0.4986452283393451
 14
-0.04900857016478033
 24
0.49759236333609846
 14
-0.061205337599608056
 24
0.496239767299355
 14
-0.07336523722768085
 24
0.4945882549823905
 14
-0.08548094438015064
 24
0.4926388211944706
 14
-0.0975451610080641
 24
0.4903926402016152
 14
-0.1095506200784348
 24
0.4878510650192643
 14
-0.12149008995163191
 24
0.485015626597272
 14
-0.1333563787374492
 24
0.4818880328977199
 14
-0.14514233862723108
 24
0.47847016786610447
 14
-0.1568408701994457
 24
0.47476409029651834
 14
-0.16844492669610994
 24
0.4707720325915104
 14
-0.17994751826749406
 24
0.4664963994173694
 14
-0.19134171618254486
 24
0.46193976625564337
 14
-0.20262065700249487
 24
0.45710487785176535
 14
-0.21377754671514093
 24
0.4519946465617217
 14
-0.22480566482730335
 24
0.4466121505977576
 14
-0.23569836841299885
 24
0.4409606321741775
 14
-0.24644909611489196
 24
0.43504349555435573
 14
-0.25705137209661083
 24
0.42886430500013606
 14
-0.2674988099435485
 24
0.4224267826248536
 14
-0.277785116509801
 24
0.41573480615127273
 14
-0.28790409570892267
 24
0.40879240657579186
 14
-0.29784965224621673
 24
0.40160376574032247
 14
-0.30761579529031335
 24
0.39417321381330317
 14
-0.31719664208182274
 24
0.38650522668136855
 14
-0.3265864214768883
 24
0.37860442325324234
 14
-0.3357794774235092
 24
0.3704755626774795
 14
-0.34477027236853347
 24
0.36212354147573345
 14
-0.35355339059327373
 24
0.3535533905932738
 14
-0.36212354147573345
 24
0.3447702723685335
 14
-0.37047556267747944
 24
0.3357794774235093
 14
-0.3786044232532423
 24
0.3265864214768883
 14
-0.3865052266813685
 24
0.31719664208182274
 14
-0.3941732138133031
 24
0.30761579529031347
 14
-0.4016037657403224
 24
0.29784965224621673
 14
-0.4087924065757918
 24
0.2879040957089227
 14
-0.4157348061512727
 24
0.2777851165098011
 14
-0.42242678262485356
 24
0.2674988099435486
 14
-0.428864305000136
 24
0.2570513720966109
 14
-0.4350434955543556
 24
0.24644909611489207
 14
-0.44096063217417747
 24
0.2356983684129989
 14
-0.4466121505977576
 24
0.2248056648273034
 14
-0.45199464656172167
 24
0.21377754671514104
 14
-0.45710487785176535
 24
0.20262065700249493
 14
-0.46193976625564337
 24
0.19134171618254497
 14
-0.4664963994173694
 24
0.17994751826749417
 14
-0.47077203259151035
 24
0.16844492669611016
 14
-0.47476409029651834
 24
0.1568408701994457
 14
-0.4784701678661044
 24
0.1451423386272312
 14
-0.4818880328977199
 24
0.1333563787374492
 14
-0.485015626597272
 24
0.12149008995163207
 14
-0.4878510650192643
 24
0.10955062007843502
 14
-0.4903926402016152
 24
0.09754516100806432
 14
-0.4926388211944706
 24
0.08548094438015058
 14
-0.4945882549823905
 24
0.0733652372276809
 14
-0.496239767299355
 24
0.06120533759960817
 14
-0.4975923633360984
 24
0.049008570164780385
 14
-0.4986452283393451
 24
0.03678228179983384
 14
-0.4993977281025862
 24
0.024533837163708994
 14
-0.4998494093481021
 24
0.012270614261456148
 14
-0.5
 24
0.0
 14
-0.4998494093481021
 24
-0.012270614261456037
 14
-0.4993977281025862
 24
-0.024533837163708827
 14
-0.4986452283393451
 24
-0.03678228179983378
 14
-0.49759236333609846
 24
-0.04900857016478022
 14
-0.496239767299355
 24
-0.061205337599608
 14
-0.4945882549823905
 24
-0.07336523722768074
 14
-0.49263882119447067
 24
-0.08548094438015041
 14
-0.4903926402016152
 24
-0.09754516100806421
 14
-0.4878510650192643
 24
-0.10955062007843497
 14
-0.485015626597272
 24
-0.12149008995163191
 14
-0.48188803289772
 24
-0.1333563787374492
 14
-0.47847016786610447
 24
-0.14514233862723103
 14
-0.4747640902965184
 24
-0.1568408701994456
 14
-0.4707720325915104
 24
-0.16844492669611
 14
-0.4664963994173695
 24
-0.179947518267494
 14
-0.4619397662556435
 24
-0.19134171618254492
 14
-0.45710487785176535
 24
-0.20262065700249487
 14
-0.4519946465617217
 24
-0.21377754671514093
 14
-0.44661215059775766
 24
-0.22480566482730324
 14
-0.4409606321741775
 24
-0.23569836841299885
 14
-0.43504349555435573
 24
-0.24644909611489196
 14
-0.42886430500013606
 24
-0.25705137209661066
 14
-0.4224267826248536
 24
-0.26749880994354847
 14
-0.41573480615127273
 24
-0.277785116509801
 14
-0.40879240657579186
 24
-0.2879040957089226
 14
-0.40160376574032247
 24
-0.2978496522462166
 14
-0.39417321381330317
 24
-0.30761579529031335
 14
-0.38650522668136855
 24
-0.31719664208182274
 14
-0.3786044232532424
 24
-0.3265864214768882
 14
-0.37047556267747955
 24
-0.3357794774235092
 14
-0.36212354147573356
 24
-0.3447702723685334
 14
-0.35355339059327384
 24
-0.35355339059327373
 14
-0.3447702723685335
 24
-0.36212354147573345
 14
-0.33577947742350933
 24
-0.3704755626774794
 14
-0.32658642147688854
 24
-0.37860442325324206
 14
-0.31719664208182297
 24
-0.38650522668136833
 14
-0.30761579529031363
 24
-0.39417321381330295
 14
-0.29784965224621657
 24
-0.4016037657403225
 14
-0.2879040957089226
 24
-0.40879240657579197
 14
-0.2777851165098011
 24
-0.41573480615127256
 14
-0.26749880994354863
 24
-0.42242678262485356
 14
-0.2570513720966109
 24
-0.42886430500013595
 14
-0.24644909611489207
 24
-0.4350434955543556
 14
-0.2356983684129989
 24
-0.44096063217417736
 14
-0.22480566482730346
 24
-0.4466121505977576
 14
-0.21377754671514126
 24
-0.4519946465617216
 14
-0.2026206570024952
 24
-0.45710487785176523
 14
-0.19134171618254514
 24
-0.46193976625564326
 14
-0.17994751826749394
 24
-0.4664963994173694
 14
-0.16844492669610994
 24
-0.47077203259151046
 14
-0.1568408701994457
 24
-0.47476409029651834
 14
-0.14514233862723125
 24
-0.4784701678661044
 14
-0.13335637873744927
 24
-0.48188803289771986
 14
-0.12149008995163207
 24
-0.48501562659727204
 14
-0.10955062007843508
 24
-0.48785106501926423
 14
-0.09754516100806432
 24
-0.4903926402016151
 14
-0.0854809443801508
 24
-0.49263882119447056
 14
-0.07336523722768112
 24
-0.49458825498239045
 14
-0.061205337599608
 24
-0.49623976729935515
 14
-0.04900857016478022
 24
-0.49759236333609846
 14
-0.03678228179983367
 24
-0.4986452283393451
 14
-0.024533837163708994
 24
-0.4993977281025862
 14
-0.012270614261456203
 24
-0.49984940934810207
 14
0.0
 24
-0.5
 14
0.012270614261456037
 24
-0.49984940934810207
 14
0.024533837163708827
 24
-0.4993977281025862
 14
0.03678228179983356
 24
-0.4986452283393451
 14
0.049008570164779997
 24
-0.49759236333609846
 14
0.06120533759960778
 24
-0.49623976729935515
 14
0.07336523722768107
 24
-0.49458825498239045
 14
0.08548094438015075
 24
-0.49263882119447056
 14
0.0975451610080641
 24
-0.4903926402016151
 14
0.10955062007843486
 24
-0.48785106501926423
 14
0.12149008995163191
 24
-0.48501562659727204
 14
0.1333563787374491
 24
-0.48188803289772
 14
0.14514233862723103
 24
-0.4784701678661044
 14
0.1568408701994456
 24
-0.47476409029651845
 14
0.16844492669610978
 24
-0.47077203259151046
 14
0.17994751826749378
 24
-0.46649639941736953
 14
0.19134171618254503
 24
-0.46193976625564326
 14
0.20262065700249499
 24
-0.45710487785176523
 14
0.21377754671514104
 24
-0.4519946465617217
 14
0.22480566482730324
 24
-0.4466121505977577
 14
0.23569836841299885
 24
-0.4409606321741776
 14
0.24644909611489196
 24
-0.43504349555435573
 14
0.25705137209661066
 24
-0.42886430500013617
 14
0.26749880994354847
 24
-0.42242678262485356
 14
0.27778511650980087
 24
-0.4157348061512728
 14
0.2879040957089224
 24
-0.40879240657579197
 14
0.2978496522462165
 24
-0.40160376574032264
 14
0.3076157952903136
 24
-0.39417321381330306
 14
0.31719664208182285
 24
-0.38650522668136844
 14
0.3265864214768883
 24
-0.3786044232532423
 14
0.3357794774235091
 24
-0.3704755626774795
 14
0.3447702723685334
 24
-0.36212354147573356
 14
0.3535533905932736
 24
-0.35355339059327373
 14
0.36212354147573345
 24
-0.34477027236853364
 14
0.3704755626774794
 24
-0.33577947742350933
 14
0.37860442325324206
 24
-0.32658642147688843
 14
0.38650522668136833
 24
-0.31719664208182297
 14
0.39417321381330295
 24
-0.3076157952903137
 14
0.4016037657403225
 24
-0.2978496522462166
 14
0.40879240657579186
 24
-0.2879040957089226
 14
0.41573480615127256
 24
-0.2777851165098011
 14
0.42242678262485356
 24
-0.2674988099435486
 14
0.42886430500013595
 24
-0.2570513720966109
 14
0.4350434955543556
 24
-0.24644909611489207
 14
0.44096063217417736
 24
-0.23569836841299896
 14
0.4466121505977576
 24
-0.22480566482730358
 14
0.4519946465617216
 24
-0.21377754671514126
 14
0.45710487785176523
 24
-0.2026206570024952
 14
0.46193976625564326
 24
-0.19134171618254525
 14
0.4664963994173694
 24
-0.1799475182674939
 14
0.47077203259151046
 24
-0.16844492669611
 14
0.47476409029651834
 24
-0.1568408701994457
 14
0.4784701678661044
 24
-0.14514233862723125
 14
0.48188803289771986
 24
-0.13335637873744932
 14
0.48501562659727204
 24
-0.12149008995163202
 14
0.48785106501926423
 24
-0.10955062007843508
 14
0.4903926402016151
 24
-0.09754516100806432
 14
0.49263882119447056
 24
-0.08548094438015097
 14
0.49458825498239045
 24
-0.07336523722768129
 14
0.49623976729935504
 24
-0.061205337599608
 14
0.49759236333609846
 24
-0.04900857016478022
 14
0.4986452283393451
 24
-0.03678228179983367
 14
0.4993977281025862
 24
-0.02453383716370905
 14
0.49984940934810207
 24
-0.012270614261456259
 14
0.5
 24
0.0
290
0
  0
CIRCLE
  5
257
330
253
100
AcDbEntity
  8
0
100
AcDbCircle
 10
0.0
 20
0.0
 30
0.0
 40
30.0
  0
CIRCLE
  5
258
330
253
100
AcDbEntity
  8
0
 62
8
370
13
100
AcDbCircle
 10
0.0
 20
0.0
 30
0.0
 40
27.5
  0
LWPOLYLINE
  5
259
330
253
100
AcDbEntity
  8
0
 62
8
370
13
100
AcDbPolyline
 90
4
 70
1
 10
-13.554631728359585
 20
-5.574416106440275
 10
7.695736449999917
 20
0.11960288581518164
 10
3.5546317283595847
 20
15.574416106440275
 10
-17.695736449999917
 20
9.880397114184818
  0
CIRCLE
  5
25A
330
253
100
AcDbEntity
  8
0
 62
8
370
13
100
AcDbCircle
 10
14.0
 20
-12.0
 30
0.0
 40
4.0
  0
LINE
  5
25B
330
253
100
AcDbEntity
  8
0
 62
8
370
13
100
AcDbLine
 10
12.5
 20
-12.0
 30
0.0
 11
10.0
 21
-18.0
 31
0.0
  0
LINE
  5
25C
330
253
100
AcDbEntity
  8
0
 62
8
370
13
100
AcDbLine
 10
15.0
 20
-11.0
 30
0.0
 11
17.0
 21
-18.5
 31
0.0
  0
LINE
  5
25D
330
253
100
AcDbEntity
  8
0
 62
8
370
13
100
AcDbLine
 10
14.0
 20
-13.5
 30
0.0
 11
14.5
 21
-19.5
 31
0.0
  0
ENDBLK
  5
255
330
253
100
AcDbEntity
  8
0
100
AcDbBlockEnd
  0
BLOCK
  5
25F
330
25E
100
AcDbEntity
  8
0
100
AcDbBlockBegin
  2
PS_TABURETE_D30
 70
0
 10
0.0
 20
0.0
 30
0.0
  3
PS_TABURETE_D30
  1

  0
WIPEOUT
  5
261
330
25E
100
AcDbEntity
  8
0
100
AcDbWipeout
 90
0
 10
-15.0
 20
-15.0
 30
0.0
 11
30.0
 21
0.0
 31
0.0
 12
0.0
 22
30.0
 32
0.0
 13
1.0
 23
1.0
340
0
 70
7
280
1
281
50
282
50
283
0
360
0
 71
2
 91
257
 14
0.5
 24
0.0
 14
0.49984940934810207
 24
0.012270614261456148
 14
0.4993977281025862
 24
0.024533837163708994
 14
0.4986452283393451
 24
0.03678228179983373
 14
0.49759236333609846
 24
0.049008570164780274
 14
0.49623976729935504
 24
0.06120533759960811
 14
0.49458825498239056
 24
0.0733652372276809
 14
0.49263882119447056
 24
0.08548094438015058
 14
0.4903926402016151
 24
0.0975451610080641
 14
0.48785106501926423
 24
0.10955062007843491
 14
0.48501562659727204
 24
0.12149008995163191
 14
0.48188803289771986
 24
0.1333563787374492
 14
0.4784701678661044
 24
0.14514233862723114
 14
0.47476409029651834
 24
0.15684087019944576
 14
0.47077203259151046
 24
0.16844492669611005
 14
0.4664963994173694
 24
0.17994751826749406
 14
0.46193976625564337
 24
0.19134171618254486
 14
0.45710487785176535
 24
0.20262065700249487
 14
0.4519946465617217
 24
0.21377754671514104
 14
0.4466121505977577
 24
0.2248056648273033
 14
0.4409606321741776
 24
0.2356983684129988
 14
0.43504349555435573
 24
0.24644909611489202
 14
0.42886430500013606
 24
0.25705137209661083
 14
0.42242678262485356
 24
0.2674988099435486
 14
0.41573480615127256
 24
0.2777851165098011
 14
0.40879240657579186
 24
0.28790409570892267
 14
0.4016037657403224
 24
0.29784965224621673
 14
0.39417321381330317
 24
0.30761579529031335
 14
0.38650522668136844
 24
0.31719664208182274
 14
0.3786044232532423
 24
0.3265864214768883
 14
0.3704755626774795
 24
0.33577947742350917
 14
0.36212354147573356
 24
0.3447702723685334
 14
0.35355339059327373
 24
0.35355339059327373
 14
0.3447702723685334
 24
0.36212354147573345
 14
0.3357794774235091
 24
0.37047556267747955
 14
0.3265864214768883
 24
0.37860442325324223
 14
0.31719664208182274
 24
0.3865052266813685
 14
0.30761579529031335
 24
0.3941732138133031
 14
0.29784965224621684
 24
0.4016037657403224
 14
0.2879040957089226
 24
0.40879240657579186
 14
0.2777851165098011
 24
0.4157348061512726
 14
0.2674988099435486
 24
0.4224267826248535
 14
0.2570513720966108
 24
0.42886430500013606
 14
0.24644909611489207
 24
0.4350434955543556
 14
0.23569836841299885
 24
0.44096063217417747
 14
0.22480566482730324
 24
0.44661215059775766
 14
0.21377754671514115
 24
0.45199464656172167
 14
0.20262065700249487
 24
0.45710487785176535
 14
0.19134171618254503
 24
0.46193976625564337
 14
0.17994751826749422
 24
0.4664963994173694
 14
0.16844492669611
 24
0.4707720325915104
 14
0.15684087019944581
 24
0.47476409029651834
 14
0.14514233862723114
 24
0.47847016786610447
 14
0.1333563787374492
 24
0.4818880328977199
 14
0.12149008995163202
 24
0.485015626597272
 14
0.10955062007843497
 24
0.4878510650192643
 14
0.09754516100806421
 24
0.4903926402016152
 14
0.08548094438015075
 24
0.4926388211944706
 14
0.07336523722768085
 24
0.4945882549823905
 14
0.06120533759960811
 24
0.496239767299355
 14
0.04900857016478033
 24
0.4975923633360984
 14
0.03678228179983378
 24
0.4986452283393451
 14
0.02453383716370905
 24
0.4993977281025862
 14
0.012270614261456148
 24
0.4998494093481021
 14
0.0
 24
0.5
 14
-0.012270614261456037
 24
0.4998494093481021
 14
-0.024533837163708994
 24
0.4993977281025862
 14
-0.03678228179983367
 24
0.4986452283393451
 14
-0.04900857016478033
 24
0.49759236333609846
 14
-0.061205337599608056
 24
0.496239767299355
 14
-0.07336523722768085
 24
0.4945882549823905
 14
-0.08548094438015064
 24
0.4926388211944706
 14
-0.0975451610080641
 24
0.4903926402016152
 14
-0.1095506200784348
 24
0.4878510650192643
 14
-0.12149008995163191
 24
0.485015626597272
 14
-0.1333563787374492
 24
0.4818880328977199
 14
-0.14514233862723108
 24
0.47847016786610447
 14
-0.1568408701994457
 24
0.47476409029651834
 14
-0.16844492669610994
 24
0.4707720325915104
 14
-0.17994751826749406
 24
0.4664963994173694
 14
-0.19134171618254486
 24
0.46193976625564337
 14
-0.20262065700249487
 24
0.45710487785176535
 14
-0.21377754671514093
 24
0.4519946465617217
 14
-0.22480566482730335
 24
0.4466121505977576
 14
-0.23569836841299885
 24
0.4409606321741775
 14
-0.24644909611489196
 24
0.43504349555435573
 14
-0.25705137209661083
 24
0.42886430500013606
 14
-0.2674988099435485
 24
0.4224267826248536
 14
-0.277785116509801
 24
0.41573480615127273
 14
-0.28790409570892267
 24
0.40879240657579186
 14
-0.29784965224621673
 24
0.40160376574032247
 14
-0.30761579529031335
 24
0.39417321381330317
 14
-0.31719664208182274
 24
0.38650522668136855
 14
-0.3265864214768883
 24
0.37860442325324234
 14
-0.3357794774235092
 24
0.3704755626774795
 14
-0.34477027236853347
 24
0.36212354147573345
 14
-0.35355339059327373
 24
0.3535533905932738
 14
-0.36212354147573345
 24
0.3447702723685335
 14
-0.37047556267747944
 24
0.3357794774235093
 14
-0.3786044232532423
 24
0.3265864214768883
 14
-0.3865052266813685
 24
0.31719664208182274
 14
-0.3941732138133031
 24
0.30761579529031347
 14
-0.4016037657403224
 24
0.29784965224621673
 14
-0.4087924065757918
 24
0.2879040957089227
 14
-0.4157348061512727
 24
0.2777851165098011
 14
-0.42242678262485356
 24
0.2674988099435486
 14
-0.428864305000136
 24
0.2570513720966109
 14
-0.4350434955543556
 24
0.24644909611489207
 14
-0.44096063217417747
 24
0.2356983684129989
 14
-0.4466121505977576
 24
0.2248056648273034
 14
-0.45199464656172167
 24
0.21377754671514104
 14
-0.45710487785176535
 24
0.20262065700249493
 14
-0.46193976625564337
 24
0.19134171618254497
 14
-0.4664963994173694
 24
0.17994751826749417
 14
-0.47077203259151035
 24
0.16844492669611016
 14
-0.47476409029651834
 24
0.1568408701994457
 14
-0.4784701678661044
 24
0.1451423386272312
 14
-0.4818880328977199
 24
0.1333563787374492
 14
-0.485015626597272
 24
0.12149008995163207
 14
-0.4878510650192643
 24
0.10955062007843502
 14
-0.4903926402016152
 24
0.09754516100806432
 14
-0.4926388211944706
 24
0.08548094438015058
 14
-0.4945882549823905
 24
0.0733652372276809
 14
-0.496239767299355
 24
0.06120533759960817
 14
-0.4975923633360984
 24
0.049008570164780385
 14
-0.4986452283393451
 24
0.03678228179983384
 14
-0.4993977281025862
 24
0.024533837163708994
 14
-0.4998494093481021
 24
0.012270614261456148
 14
-0.5
 24
0.0
 14
-0.4998494093481021
 24
-0.012270614261456037
 14
-0.4993977281025862
 24
-0.024533837163708827
 14
-0.4986452283393451
 24
-0.03678228179983378
 14
-0.49759236333609846
 24
-0.04900857016478022
 14
-0.496239767299355
 24
-0.061205337599608
 14
-0.4945882549823905
 24
-0.07336523722768074
 14
-0.49263882119447067
 24
-0.08548094438015041
 14
-0.4903926402016152
 24
-0.09754516100806421
 14
-0.4878510650192643
 24
-0.10955062007843497
 14
-0.485015626597272
 24
-0.12149008995163191
 14
-0.48188803289772
 24
-0.1333563787374492
 14
-0.47847016786610447
 24
-0.14514233862723103
 14
-0.4747640902965184
 24
-0.1568408701994456
 14
-0.4707720325915104
 24
-0.16844492669611
 14
-0.4664963994173695
 24
-0.179947518267494
 14
-0.4619397662556435
 24
-0.19134171618254492
 14
-0.45710487785176535
 24
-0.20262065700249487
 14
-0.4519946465617217
 24
-0.21377754671514093
 14
-0.44661215059775766
 24
-0.22480566482730324
 14
-0.4409606321741775
 24
-0.23569836841299885
 14
-0.43504349555435573
 24
-0.24644909611489196
 14
-0.42886430500013606
 24
-0.25705137209661066
 14
-0.4224267826248536
 24
-0.26749880994354847
 14
-0.41573480615127273
 24
-0.277785116509801
 14
-0.40879240657579186
 24
-0.2879040957089226
 14
-0.40160376574032247
 24
-0.2978496522462166
 14
-0.39417321381330317
 24
-0.30761579529031335
 14
-0.38650522668136855
 24
-0.31719664208182274
 14
-0.3786044232532424
 24
-0.3265864214768882
 14
-0.37047556267747955
 24
-0.3357794774235092
 14
-0.36212354147573356
 24
-0.3447702723685334
 14
-0.35355339059327384
 24
-0.35355339059327373
 14
-0.3447702723685335
 24
-0.36212354147573345
 14
-0.33577947742350933
 24
-0.3704755626774794
 14
-0.32658642147688854
 24
-0.37860442325324206
 14
-0.31719664208182297
 24
-0.38650522668136833
 14
-0.30761579529031363
 24
-0.39417321381330295
 14
-0.29784965224621657
 24
-0.4016037657403225
 14
-0.2879040957089226
 24
-0.40879240657579197
 14
-0.2777851165098011
 24
-0.41573480615127256
 14
-0.26749880994354863
 24
-0.42242678262485356
 14
-0.2570513720966109
 24
-0.42886430500013595
 14
-0.24644909611489207
 24
-0.4350434955543556
 14
-0.2356983684129989
 24
-0.44096063217417736
 14
-0.22480566482730346
 24
-0.4466121505977576
 14
-0.21377754671514126
 24
-0.4519946465617216
 14
-0.2026206570024952
 24
-0.45710487785176523
 14
-0.19134171618254514
 24
-0.46193976625564326
 14
-0.17994751826749394
 24
-0.4664963994173694
 14
-0.16844492669610994
 24
-0.47077203259151046
 14
-0.1568408701994457
 24
-0.47476409029651834
 14
-0.14514233862723125
 24
-0.4784701678661044
 14
-0.13335637873744927
 24
-0.48188803289771986
 14
-0.12149008995163207
 24
-0.48501562659727204
 14
-0.10955062007843508
 24
-0.48785106501926423
 14
-0.09754516100806432
 24
-0.4903926402016151
 14
-0.0854809443801508
 24
-0.49263882119447056
 14
-0.07336523722768112
 24
-0.49458825498239045
 14
-0.061205337599608
 24
-0.49623976729935515
 14
-0.04900857016478022
 24
-0.49759236333609846
 14
-0.03678228179983367
 24
-0.4986452283393451
 14
-0.024533837163708994
 24
-0.4993977281025862
 14
-0.012270614261456203
 24
-0.49984940934810207
 14
0.0
 24
-0.5
 14
0.012270614261456037
 24
-0.49984940934810207
 14
0.024533837163708827
 24
-0.4993977281025862
 14
0.03678228179983356
 24
-0.4986452283393451
 14
0.049008570164779997
 24
-0.49759236333609846
 14
0.06120533759960778
 24
-0.49623976729935515
 14
0.07336523722768107
 24
-0.49458825498239045
 14
0.08548094438015075
 24
-0.49263882119447056
 14
0.0975451610080641
 24
-0.4903926402016151
 14
0.10955062007843486
 24
-0.48785106501926423
 14
0.12149008995163191
 24
-0.48501562659727204
 14
0.1333563787374491
 24
-0.48188803289772
 14
0.14514233862723103
 24
-0.4784701678661044
 14
0.1568408701994456
 24
-0.47476409029651845
 14
0.16844492669610978
 24
-0.47077203259151046
 14
0.17994751826749378
 24
-0.46649639941736953
 14
0.19134171618254503
 24
-0.46193976625564326
 14
0.20262065700249499
 24
-0.45710487785176523
 14
0.21377754671514104
 24
-0.4519946465617217
 14
0.22480566482730324
 24
-0.4466121505977577
 14
0.23569836841299885
 24
-0.4409606321741776
 14
0.24644909611489196
 24
-0.43504349555435573
 14
0.25705137209661066
 24
-0.42886430500013617
 14
0.26749880994354847
 24
-0.42242678262485356
 14
0.27778511650980087
 24
-0.4157348061512728
 14
0.2879040957089224
 24
-0.40879240657579197
 14
0.2978496522462165
 24
-0.40160376574032264
 14
0.3076157952903136
 24
-0.39417321381330306
 14
0.31719664208182285
 24
-0.38650522668136844
 14
0.3265864214768883
 24
-0.3786044232532423
 14
0.3357794774235091
 24
-0.3704755626774795
 14
0.3447702723685334
 24
-0.36212354147573356
 14
0.3535533905932736
 24
-0.35355339059327373
 14
0.36212354147573345
 24
-0.34477027236853364
 14
0.3704755626774794
 24
-0.33577947742350933
 14
0.37860442325324206
 24
-0.32658642147688843
 14
0.38650522668136833
 24
-0.31719664208182297
 14
0.39417321381330295
 24
-0.3076157952903137
 14
0.4016037657403225
 24
-0.2978496522462166
 14
0.40879240657579186
 24
-0.2879040957089226
 14
0.41573480615127256
 24
-0.2777851165098011
 14
0.42242678262485356
 24
-0.2674988099435486
 14
0.42886430500013595
 24
-0.2570513720966109
 14
0.4350434955543556
 24
-0.24644909611489207
 14
0.44096063217417736
 24
-0.23569836841299896
 14
0.4466121505977576
 24
-0.22480566482730358
 14
0.4519946465617216
 24
-0.21377754671514126
 14
0.45710487785176523
 24
-0.2026206570024952
 14
0.46193976625564326
 24
-0.19134171618254525
 14
0.4664963994173694
 24
-0.1799475182674939
 14
0.47077203259151046
 24
-0.16844492669611
 14
0.47476409029651834
 24
-0.1568408701994457
 14
0.4784701678661044
 24
-0.14514233862723125
 14
0.48188803289771986
 24
-0.13335637873744932
 14
0.48501562659727204
 24
-0.12149008995163202
 14
0.48785106501926423
 24
-0.10955062007843508
 14
0.4903926402016151
 24
-0.09754516100806432
 14
0.49263882119447056
 24
-0.08548094438015097
 14
0.49458825498239045
 24
-0.07336523722768129
 14
0.49623976729935504
 24
-0.061205337599608
 14
0.49759236333609846
 24
-0.04900857016478022
 14
0.4986452283393451
 24
-0.03678228179983367
 14
0.4993977281025862
 24
-0.02453383716370905
 14
0.49984940934810207
 24
-0.012270614261456259
 14
0.5
 24
0.0
290
0
  0
CIRCLE
  5
262
330
25E
100
AcDbEntity
  8
0
100
AcDbCircle
 10
0.0
 20
0.0
 30
0.0
 40
15.0
  0
CIRCLE
  5
263
330
25E
100
AcDbEntity
  8
0
 62
8
370
13
100
AcDbCircle
 10
0.0
 20
0.0
 30
0.0
 40
12.5
  0
ENDBLK
  5
260
330
25E
100
AcDbEntity
  8
0
100
AcDbBlockEnd
  0
BLOCK
  5
265
330
264
100
AcDbEntity
  8
0
100
AcDbBlockBegin
  2
PS_PUF_PERA
 70
0
 10
0.0
 20
0.0
 30
0.0
  3
PS_PUF_PERA
  1

  0
WIPEOUT
  5
267
330
264
100
AcDbEntity
  8
0
100
AcDbWipeout
 90
0
 10
-35.432972467871515
 20
-32.99870235698626
 30
0.0
 11
73.54957034333685
 21
0.0
 31
0.0
 12
0.0
 22
62.108610516718215
 32
0.0
 13
1.0
 23
1.0
340
0
 70
7
280
1
281
50
282
50
283
0
360
0
 71
2
 91
37
 14
0.49924862031702477
 24
-0.031306401519057725
 14
0.5
 24
-0.12449017240429194
 14
0.4712583929678055
 24
-0.2129867263252001
 14
0.42196318047890435
 24
-0.2904757700142765
 14
0.36196422311506626
 24
-0.3566349361149894
 14
0.2958658510711708
 24
-0.4130353219573629
 14
0.22348900351371448
 24
-0.4582627430805545
 14
0.14476068421934485
 24
-0.4879956704257532
 14
0.06280023787341538
 24
-0.5
 14
-0.01824365115300053
 24
-0.49825128084794335
 14
-0.09769784905568962
 24
-0.49080648692698026
 14
-0.17926019376790714
 24
-0.48242647118292925
 14
-0.26597680617012665
 24
-0.468861028532234
 14
-0.35366432419829663
 24
-0.43893422082295186
 14
-0.4298128732543739
 24
-0.383469575858325
 14
-0.4804764442206783
 24
-0.3034434345428967
 14
-0.5
 24
-0.21011188555569504
 14
-0.4951379628065424
 24
-0.11705527692684436
 14
-0.47968299905065737
 24
-0.031306401519057836
 14
-0.464059448422089
 24
0.048854343368632314
 14
-0.4486364260060049
 24
0.12843531982544593
 14
-0.425816470461347
 24
0.20864987040969518
 14
-0.3879409040950092
 24
0.28502861856778594
 14
-0.33337926458875494
 24
0.35166952457260625
 14
-0.265976806170127
 24
0.4062482254941186
 14
-0.19005364854281875
 24
0.4500536918771405
 14
-0.1071894538903197
 24
0.4830856008334216
 14
-0.01824365115300064
 24
0.5
 14
0.07229184270804523
 24
0.49227911390644147
 14
0.15555413899425663
 24
0.4556228911199645
 14
0.22348900351371404
 24
0.39564994004243936
 14
0.27558079146162906
 24
0.3257706257070176
 14
0.3200922539557015
 24
0.25819397882445105
 14
0.36730320671957306
 24
0.19568220588107493
 14
0.41989481897381065
 24
0.13131016059495104
 14
0.4689214856155468
 24
0.05628923884608006
 14
0.49924862031702477
 24
-0.031306401519057725
290
0
  0
LWPOLYLINE
  5
268
330
264
100
AcDbEntity
  8
0
100
AcDbPolyline
 90
36
 70
1
 10
38.0613342226178
 20
0.0
 10
38.116597875465345
 20
5.78751453239012
 10
36.00266502727041
 20
11.283912531935552
 10
32.377023328728235
 20
16.096649365733363
 10
27.96412579356976
 20
20.205703245193412
 10
23.102618929347216
 20
23.70865284247002
 10
17.779332888691105
 20
26.517665125685916
 10
11.98889883073719
 20
28.36433592969074
 10
5.960743216845965
 20
29.10990815973196
 10
2.062239464301472e-15
 20
29.00129764301374
 10
-5.843822117717239
 20
28.538911836999414
 10
-11.842697527495968
 20
28.018440703028187
 10
-18.220667111308888
 20
27.17590990894928
 10
-24.670046386754397
 20
25.317197464924753
 10
-30.270739452097388
 20
21.87236543336868
 10
-33.99702332872823
 20
16.902052991252905
 10
-35.432972467871515
 20
11.105360166284779
 10
-35.07537172129938
 20
5.325743504948821
 10
-33.9386657773822
 20
3.579025640999141e-15
 10
-32.789560341413626
 20
-4.97867248295955
 10
-31.655203669314986
 20
-9.921336354255907
 10
-29.97680574375135
 20
-14.903350634266639
 10
-27.191074110996663
 20
-19.647128555372007
 10
-23.178088968083628
 20
-23.78610263090662
 10
-18.220667111308916
 20
-27.175909908949276
 10
-12.636551488710955
 20
-29.89660655903558
 10
-6.541925575173022
 20
-31.948172527024937
 10
-7.0394670378869995e-15
 20
-32.99870235698626
 10
6.6588466743017305
 20
-32.519168849757484
 10
12.782752791952182
 20
-30.242501785698135
 10
17.77933288869108
 20
-26.51766512568593
 10
21.610661510676444
 20
-22.177558008451896
 10
24.884460452469018
 20
-17.980466367196772
 10
28.35680574375135
 20
-14.097947008747097
 10
32.224896228713895
 20
-10.099888719906684
 10
35.830786495579595
 20
-5.4404435104008595
  0
LWPOLYLINE
  5
269
330
264
100
AcDbEntity
  8
0
 62
8
370
13
100
AcDbPolyline
 90
36
 70
1
 10
14.0
 20
2.0
 10
13.711347307231954
 20
4.604722665003955
 10
12.854159794932261
 20
7.130302149885031
 10
11.454482671904337
 20
9.5
 10
9.554844419260583
 20
11.641814145298088
 10
7.212964584044247
 20
13.49066664678467
 10
4.500000000000002
 20
14.990381056766578
 10
1.4983827231877074
 20
16.095389311788622
 10
-1.7006846243283222
 20
16.77211629518312
 10
-4.999999999999999
 20
17.0
 10
-8.299315375671675
 20
16.77211629518312
 10
-11.498382723187701
 20
16.095389311788626
 10
-14.499999999999996
 20
14.99038105676658
 10
-17.212964584044247
 20
13.49066664678467
 10
-19.55484441926058
 20
11.641814145298092
 10
-21.45448267190433
 20
9.500000000000005
 10
-22.854159794932258
 20
7.130302149885033
 10
-23.711347307231954
 20
4.604722665003955
 10
-24.0
 20
2.0000000000000018
 10
-23.711347307231954
 20
-0.6047226650039503
 10
-22.85415979493226
 20
-3.13030214988503
 10
-21.454482671904334
 20
-5.500000000000002
 10
-19.55484441926059
 20
-7.641814145298083
 10
-17.21296458404425
 20
-9.490666646784668
 10
-14.500000000000009
 20
-10.990381056766577
 10
-11.498382723187703
 20
-12.095389311788626
 10
-8.299315375671677
 20
-12.772116295183121
 10
-5.0000000000000036
 20
-13.0
 10
-1.7006846243283307
 20
-12.772116295183121
 10
1.498382723187711
 20
-12.095389311788624
 10
4.499999999999988
 20
-10.990381056766585
 10
7.212964584044245
 20
-9.490666646784671
 10
9.554844419260577
 20
-7.641814145298094
 10
11.454482671904337
 20
-5.499999999999995
 10
12.854159794932261
 20
-3.130302149885029
 10
13.711347307231954
 20
-0.6047226650039557
  0
LWPOLYLINE
  5
26A
330
264
100
AcDbEntity
  8
0
 62
8
370
13
100
AcDbPolyline
 90
2
 70
0
 10
20.0
 20
-24.0
 42
0.12
 10
30.0
 20
-8.0
  0
LWPOLYLINE
  5
26B
330
264
100
AcDbEntity
  8
0
 62
8
370
13
100
AcDbPolyline
 90
2
 70
0
 10
-26.0
 20
16.0
 42
0.12
 10
-14.0
 20
27.0
  0
ENDBLK
  5
266
330
264
100
AcDbEntity
  8
0
100
AcDbBlockEnd
  0
BLOCK
  5
26D
330
26C
100
AcDbEntity
  8
0
100
AcDbBlockBegin
  2
PS_LAMPARA_TECHO
 70
0
 10
0.0
 20
0.0
 30
0.0
  3
PS_LAMPARA_TECHO
  1

  0
CIRCLE
  5
26F
330
26C
100
AcDbEntity
  8
0
100
AcDbCircle
 10
0.0
 20
0.0
 30
0.0
 40
20.0
  0
CIRCLE
  5
270
330
26C
100
AcDbEntity
  8
0
 62
8
370
13
100
AcDbCircle
 10
0.0
 20
0.0
 30
0.0
 40
17.0
  0
CIRCLE
  5
271
330
26C
100
AcDbEntity
  8
0
100
AcDbCircle
 10
0.0
 20
0.0
 30
0.0
 40
1.5
  0
LINE
  5
272
330
26C
100
AcDbEntity
  8
0
100
AcDbLine
 10
-3.5
 20
-3.5
 30
0.0
 11
3.5
 21
3.5
 31
0.0
  0
LINE
  5
273
330
26C
100
AcDbEntity
  8
0
100
AcDbLine
 10
-3.5
 20
3.5
 30
0.0
 11
3.5
 21
-3.5
 31
0.0
  0
ENDBLK
  5
26E
330
26C
100
AcDbEntity
  8
0
100
AcDbBlockEnd
  0
BLOCK
  5
275
330
274
100
AcDbEntity
  8
0
100
AcDbBlockBegin
  2
PS_PUERTA_SEGURIDAD
 70
0
 10
0.0
 20
0.0
 30
0.0
  3
PS_PUERTA_SEGURIDAD
  1

  0
LWPOLYLINE
  5
277
330
274
100
AcDbEntity
  8
0
100
AcDbPolyline
 90
4
 70
1
 10
0.0
 20
-3.0
 10
3.0
 20
-3.0
 10
3.0
 20
3.0
 10
0.0
 20
3.0
  0
LWPOLYLINE
  5
278
330
274
100
AcDbEntity
  8
0
100
AcDbPolyline
 90
4
 70
1
 10
106.5
 20
-3.0
 10
109.5
 20
-3.0
 10
109.5
 20
3.0
 10
106.5
 20
3.0
  0
LWPOLYLINE
  5
279
330
274
100
AcDbEntity
  8
0
100
AcDbPolyline
 90
4
 70
1
 10
3.0
 20
-1.0
 10
106.5
 20
-1.0
 10
106.5
 20
1.0
 10
3.0
 20
1.0
  0
LINE
  5
27A
330
274
100
AcDbEntity
  8
0
 62
8
370
13
100
AcDbLine
 10
36.5
 20
8.572527594031473e-15
 30
0.0
 11
36.674477549461336
 21
-3.996192886327423
 31
0.0
  0
LINE
  5
27B
330
274
100
AcDbEntity
  8
0
 62
8
370
13
100
AcDbLine
 10
36.81770522744052
 20
-6.490823146916779
 30
0.0
 11
37.339809996320724
 21
-10.456602592412022
 31
0.0
  0
LINE
  5
27C
330
274
100
AcDbEntity
  8
0
 62
8
370
13
100
AcDbLine
 10
37.7337025291012
 20
-12.923299088261592
 30
0.0
 11
38.599460984853614
 21
-16.828483116741324
 31
0.0
  0
LINE
  5
27D
330
274
100
AcDbEntity
  8
0
 62
8
370
13
100
AcDbLine
 10
39.239982094434964
 20
-19.242583069905795
 30
0.0
 11
40.44280529245206
 21
-23.057450872898702
 31
0.0
  0
LINE
  5
27E
330
274
100
AcDbEntity
  8
0
 62
8
370
13
100
AcDbLine
 10
41.323532336686384
 20
-25.394804721881663
 30
0.0
 11
42.85426606614674
 21
-29.09032285192681
 31
0.0
  0
LINE
  5
27F
330
274
100
AcDbEntity
  8
0
 62
8
370
13
100
AcDbLine
 10
43.96645069929914
 20
-31.327522009385962
 30
0.0
 11
45.813445152239275
 21
-34.87556534209885
 31
0.0
  0
LINE
  5
280
330
274
100
AcDbEntity
  8
0
 62
8
370
13
100
AcDbLine
 10
47.14609547252774
 20
-36.99016311926318
 30
0.0
 11
49.15935689977057
 21
-40.15035054457323
 31
0.0
  0
LINE
  5
281
330
274
100
AcDbEntity
  8
0
 62
8
370
13
100
AcDbLine
 10
49.15935689977057
 20
-40.15035054457323
 30
0.0
 11
49.31337377383882
 21
-40.351069242704654
 31
0.0
  0
LINE
  5
282
330
274
100
AcDbEntity
  8
0
 62
8
370
13
100
AcDbLine
 10
50.83527734636062
 20
-42.33445259343274
 30
0.0
 11
52.87688898167154
 21
-44.99513267805775
 31
0.0
  0
LINE
  5
283
330
274
100
AcDbEntity
  8
0
 62
8
370
13
100
AcDbLine
 10
52.87688898167154
 20
-44.99513267805775
 30
0.0
 11
53.31351357648563
 21
-45.471624810154296
 31
0.0
  0
LINE
  5
284
330
274
100
AcDbEntity
  8
0
 62
8
370
13
100
AcDbLine
 10
55.00248909552478
 20
-47.31481815217961
 30
0.0
 11
57.002525316941664
 21
-49.49747468305832
 31
0.0
  0
LINE
  5
285
330
274
100
AcDbEntity
  8
0
 62
8
370
13
100
AcDbLine
 10
57.002525316941664
 20
-49.49747468305832
 30
0.0
 11
57.76897813330345
 21
-50.199799292104075
 31
0.0
  0
LINE
  5
286
330
274
100
AcDbEntity
  8
0
 62
8
370
13
100
AcDbLine
 10
59.612171475328765
 20
-51.88877481114323
 30
0.0
 11
61.504867321942235
 21
-53.62311101832845
 31
0.0
  0
LINE
  5
287
330
274
100
AcDbEntity
  8
0
 62
8
370
13
100
AcDbLine
 10
61.504867321942235
 20
-53.62311101832845
 30
0.0
 11
62.64162975529918
 21
-54.49537951236387
 31
0.0
  0
LINE
  5
288
330
274
100
AcDbEntity
  8
0
 62
8
370
13
100
AcDbLine
 10
64.62501310602727
 20
-56.017283084885676
 30
0.0
 11
66.34964945542674
 21
-57.34064310022941
 31
0.0
  0
LINE
  5
289
330
274
100
AcDbEntity
  8
0
 62
8
370
13
100
AcDbLine
 10
66.34964945542674
 20
-57.34064310022941
 30
0.0
 11
67.88980322621039
 21
-58.321829264666185
 31
0.0
  0
LINE
  5
28A
330
274
100
AcDbEntity
  8
0
 62
8
370
13
100
AcDbLine
 10
69.99828184074259
 20
-59.66507828553324
 30
0.0
 11
71.49999999999997
 21
-60.62177826491069
 31
0.0
  0
LINE
  5
28B
330
274
100
AcDbEntity
  8
0
 62
8
370
13
100
AcDbLine
 10
71.49999999999997
 20
-60.62177826491069
 30
0.0
 11
73.46865776714326
 21
-61.646596632298255
 31
0.0
  0
LINE
  5
28C
330
274
100
AcDbEntity
  8
0
 62
8
370
13
100
AcDbLine
 10
75.68618485008882
 20
-62.80096816538584
 30
0.0
 11
76.91672167815106
 21
-63.441545092565505
 31
0.0
  0
LINE
  5
28D
330
274
100
AcDbEntity
  8
0
 62
8
370
13
100
AcDbLine
 10
76.91672167815106
 20
-63.441545092565505
 30
0.0
 11
79.33055558639862
 21
-64.44138783467768
 31
0.0
  0
LINE
  5
28E
330
274
100
AcDbEntity
  8
0
 62
8
370
13
100
AcDbLine
 10
81.64025441767683
 20
-65.39809641559042
 30
0.0
 11
82.5585899672032
 21
-65.77848345501359
 31
0.0
  0
LINE
  5
28F
330
274
100
AcDbEntity
  8
0
 62
8
370
13
100
AcDbLine
 10
82.5585899672032
 20
-65.77848345501359
 30
0.0
 11
85.42546384973626
 21
-66.68240531804504
 31
0.0
  0
LINE
  5
290
330
274
100
AcDbEntity
  8
0
 62
8
370
13
100
AcDbLine
 10
87.80975622660684
 20
-67.43416981680573
 30
0.0
 11
88.38266684282355
 21
-67.61480784023477
 31
0.0
  0
LINE
  5
291
330
274
100
AcDbEntity
  8
0
 62
8
370
13
100
AcDbLine
 10
88.38266684282355
 20
-67.61480784023477
 30
0.0
 11
91.70137671184729
 21
-68.3505481050578
 31
0.0
  0
LINE
  5
292
330
274
100
AcDbEntity
  8
0
 62
8
370
13
100
AcDbLine
 10
94.14211672964713
 20
-68.89164713990306
 30
0.0
 11
94.34462756331487
 21
-68.93654271085457
 31
0.0
  0
LINE
  5
293
330
274
100
AcDbEntity
  8
0
 62
8
370
13
100
AcDbLine
 10
94.34462756331487
 20
-68.93654271085457
 30
0.0
 11
98.1047538831718
 21
-69.43157273210784
 31
0.0
  0
LINE
  5
294
330
274
100
AcDbEntity
  8
0
 62
8
370
13
100
AcDbLine
 10
100.58477918246392
 20
-69.74173588159432
 30
0.0
 11
104.58097206879134
 21
-69.91621343105567
 31
0.0
  0
LINE
  5
295
330
274
100
AcDbEntity
  8
0
 62
8
370
13
100
AcDbLine
 10
106.5
 20
0.0
 30
0.0
 11
106.5
 21
-4.0
 31
0.0
  0
LINE
  5
296
330
274
100
AcDbEntity
  8
0
 62
8
370
13
100
AcDbLine
 10
106.5
 20
-6.5
 30
0.0
 11
106.5
 21
-10.5
 31
0.0
  0
LINE
  5
297
330
274
100
AcDbEntity
  8
0
 62
8
370
13
100
AcDbLine
 10
106.5
 20
-13.0
 30
0.0
 11
106.5
 21
-17.0
 31
0.0
  0
LINE
  5
298
330
274
100
AcDbEntity
  8
0
 62
8
370
13
100
AcDbLine
 10
106.5
 20
-19.5
 30
0.0
 11
106.5
 21
-23.499999999999996
 31
0.0
  0
LINE
  5
299
330
274
100
AcDbEntity
  8
0
 62
8
370
13
100
AcDbLine
 10
106.5
 20
-26.0
 30
0.0
 11
106.5
 21
-30.0
 31
0.0
  0
LINE
  5
29A
330
274
100
AcDbEntity
  8
0
 62
8
370
13
100
AcDbLine
 10
106.5
 20
-32.5
 30
0.0
 11
106.5
 21
-36.5
 31
0.0
  0
LINE
  5
29B
330
274
100
AcDbEntity
  8
0
 62
8
370
13
100
AcDbLine
 10
106.5
 20
-39.0
 30
0.0
 11
106.5
 21
-43.0
 31
0.0
  0
LINE
  5
29C
330
274
100
AcDbEntity
  8
0
 62
8
370
13
100
AcDbLine
 10
106.5
 20
-45.5
 30
0.0
 11
106.5
 21
-49.5
 31
0.0
  0
LINE
  5
29D
330
274
100
AcDbEntity
  8
0
 62
8
370
13
100
AcDbLine
 10
106.5
 20
-52.0
 30
0.0
 11
106.5
 21
-56.0
 31
0.0
  0
LINE
  5
29E
330
274
100
AcDbEntity
  8
0
 62
8
370
13
100
AcDbLine
 10
106.5
 20
-58.5
 30
0.0
 11
106.5
 21
-62.5
 31
0.0
  0
LINE
  5
29F
330
274
100
AcDbEntity
  8
0
 62
8
370
13
100
AcDbLine
 10
106.5
 20
-65.0
 30
0.0
 11
106.5
 21
-69.0
 31
0.0
  0
ENDBLK
  5
276
330
274
100
AcDbEntity
  8
0
100
AcDbBlockEnd
  0
BLOCK
  5
2EA
330
2E9
100
AcDbEntity
  8
0
100
AcDbBlockBegin
  2
_DOTSMALL
 70
0
 10
0.0
 20
0.0
 30
0.0
  3
_DOTSMALL
  1

  0
LWPOLYLINE
  5
2EC
330
2E9
100
AcDbEntity
  8
0
  6
BYBLOCK
 62
0
100
AcDbPolyline
 90
2
 70
1
 43
0.125
 10
-0.0625
 20
0.0
 42
1.0
 10
0.0625
 20
0.0
 42
1.0
  0
ENDBLK
  5
2EB
330
2E9
100
AcDbEntity
  8
0
100
AcDbBlockEnd
  0
BLOCK
  5
2EF
330
2EE
100
AcDbEntity
  8
0
100
AcDbBlockBegin
  2
*D1
 70
1
 10
0.0
 20
0.0
 30
0.0
  3
*D1
  1

  0
LINE
  5
2F1
330
2EE
100
AcDbEntity
  8
0
 62
1
100
AcDbLine
 10
40.5
 20
-114.5
 30
0.0
 11
40.5
 21
-114.0
 31
0.0
  0
LINE
  5
2F2
330
2EE
100
AcDbEntity
  8
0
 62
1
100
AcDbLine
 10
190.5
 20
-114.5
 30
0.0
 11
190.5
 21
-114.0
 31
0.0
  0
INSERT
  5
2F3
330
2EE
100
AcDbEntity
  8
PS-COTAS
 62
1
100
AcDbBlockReference
  2
_ARCHTICK
 10
40.5
 20
-116.5
 30
0.0
 41
2.5
 42
2.5
 50
180.0
  0
INSERT
  5
2F5
330
2EE
100
AcDbEntity
  8
PS-COTAS
 62
1
100
AcDbBlockReference
  2
_ARCHTICK
 10
190.5
 20
-116.5
 30
0.0
 41
2.5
 42
2.5
  0
LINE
  5
2F7
330
2EE
100
AcDbEntity
  8
0
 62
1
100
AcDbLine
 10
40.5
 20
-116.5
 30
0.0
 11
190.5
 21
-116.5
 31
0.0
  0
MTEXT
  5
2F8
330
2EE
100
AcDbEntity
  8
PS-COTAS
 62
1
100
AcDbMText
 10
115.5
 20
-111.5
 30
0.0
 40
7.0
 71
5
  1
paso 150
  7
PS
 45
1.1
 90
3
 63
1
  0
POINT
  5
2F9
330
2EE
100
AcDbEntity
  8
Defpoints
100
AcDbPoint
 10
40.5
 20
-116.5
 30
0.0
  0
POINT
  5
2FA
330
2EE
100
AcDbEntity
  8
Defpoints
100
AcDbPoint
 10
40.5
 20
-116.5
 30
0.0
  0
POINT
  5
2FB
330
2EE
100
AcDbEntity
  8
Defpoints
100
AcDbPoint
 10
190.5
 20
-116.5
 30
0.0
  0
ENDBLK
  5
2F0
330
2EE
100
AcDbEntity
  8
0
100
AcDbBlockEnd
  0
BLOCK
  5
2FE
330
2FD
100
AcDbEntity
  8
0
100
AcDbBlockBegin
  2
*D2
 70
1
 10
0.0
 20
0.0
 30
0.0
  3
*D2
  1

  0
LINE
  5
300
330
2FD
100
AcDbEntity
  8
0
 62
1
100
AcDbLine
 10
7.5
 20
-160.5
 30
0.0
 11
7.5
 21
-160.0
 31
0.0
  0
LINE
  5
301
330
2FD
100
AcDbEntity
  8
0
 62
1
100
AcDbLine
 10
307.5
 20
-160.5
 30
0.0
 11
307.5
 21
-160.0
 31
0.0
  0
INSERT
  5
302
330
2FD
100
AcDbEntity
  8
PS-COTAS
 62
1
100
AcDbBlockReference
  2
_ARCHTICK
 10
7.5
 20
-162.5
 30
0.0
 41
2.5
 42
2.5
 50
180.0
  0
INSERT
  5
304
330
2FD
100
AcDbEntity
  8
PS-COTAS
 62
1
100
AcDbBlockReference
  2
_ARCHTICK
 10
307.5
 20
-162.5
 30
0.0
 41
2.5
 42
2.5
  0
LINE
  5
306
330
2FD
100
AcDbEntity
  8
0
 62
1
100
AcDbLine
 10
7.5
 20
-162.5
 30
0.0
 11
307.5
 21
-162.5
 31
0.0
  0
MTEXT
  5
307
330
2FD
100
AcDbEntity
  8
PS-COTAS
 62
1
100
AcDbMText
 10
157.5
 20
-157.5
 30
0.0
 40
7.0
 71
5
  1
TV-sofá 300
  7
PS
 45
1.1
 90
3
 63
1
  0
POINT
  5
308
330
2FD
100
AcDbEntity
  8
Defpoints
100
AcDbPoint
 10
7.5
 20
-162.5
 30
0.0
  0
POINT
  5
309
330
2FD
100
AcDbEntity
  8
Defpoints
100
AcDbPoint
 10
7.5
 20
-162.5
 30
0.0
  0
POINT
  5
30A
330
2FD
100
AcDbEntity
  8
Defpoints
100
AcDbPoint
 10
307.5
 20
-162.5
 30
0.0
  0
ENDBLK
  5
2FF
330
2FD
100
AcDbEntity
  8
0
100
AcDbBlockEnd
  0
BLOCK
  5
30D
330
30C
100
AcDbEntity
  8
0
100
AcDbBlockBegin
  2
*D3
 70
1
 10
0.0
 20
0.0
 30
0.0
  3
*D3
  1

  0
LINE
  5
30F
330
30C
100
AcDbEntity
  8
0
 62
1
100
AcDbLine
 10
508.5
 20
257.5
 30
0.0
 11
508.5
 21
258.0
 31
0.0
  0
LINE
  5
310
330
30C
100
AcDbEntity
  8
0
 62
1
100
AcDbLine
 10
574.0
 20
257.5
 30
0.0
 11
574.0
 21
258.0
 31
0.0
  0
INSERT
  5
311
330
30C
100
AcDbEntity
  8
PS-COTAS
 62
1
100
AcDbBlockReference
  2
_ARCHTICK
 10
508.5
 20
255.5
 30
0.0
 41
2.5
 42
2.5
 50
180.0
  0
INSERT
  5
313
330
30C
100
AcDbEntity
  8
PS-COTAS
 62
1
100
AcDbBlockReference
  2
_ARCHTICK
 10
574.0
 20
255.5
 30
0.0
 41
2.5
 42
2.5
  0
LINE
  5
315
330
30C
100
AcDbEntity
  8
0
 62
1
100
AcDbLine
 10
508.5
 20
255.5
 30
0.0
 11
574.0
 21
255.5
 31
0.0
  0
MTEXT
  5
316
330
30C
100
AcDbEntity
  8
PS-COTAS
 62
1
100
AcDbMText
 10
541.25
 20
260.5
 30
0.0
 40
7.0
 71
5
  1
libre 66
  7
PS
 45
1.1
 90
3
 63
1
  0
POINT
  5
317
330
30C
100
AcDbEntity
  8
Defpoints
100
AcDbPoint
 10
508.5
 20
255.5
 30
0.0
  0
POINT
  5
318
330
30C
100
AcDbEntity
  8
Defpoints
100
AcDbPoint
 10
508.5
 20
255.5
 30
0.0
  0
POINT
  5
319
330
30C
100
AcDbEntity
  8
Defpoints
100
AcDbPoint
 10
574.0
 20
255.5
 30
0.0
  0
ENDBLK
  5
30E
330
30C
100
AcDbEntity
  8
0
100
AcDbBlockEnd
  0
BLOCK
  5
31C
330
31B
100
AcDbEntity
  8
0
100
AcDbBlockBegin
  2
*D4
 70
1
 10
0.0
 20
0.0
 30
0.0
  3
*D4
  1

  0
LINE
  5
31E
330
31B
100
AcDbEntity
  8
0
 62
1
100
AcDbLine
 10
498.0
 20
6.600000000000023
 30
0.0
 11
497.5
 21
6.600000000000023
 31
0.0
  0
LINE
  5
31F
330
31B
100
AcDbEntity
  8
0
 62
1
100
AcDbLine
 10
498.0
 20
107.39999999999998
 30
0.0
 11
497.5
 21
107.39999999999998
 31
0.0
  0
INSERT
  5
320
330
31B
100
AcDbEntity
  8
PS-COTAS
 62
1
100
AcDbBlockReference
  2
_ARCHTICK
 10
500.0
 20
6.600000000000023
 30
0.0
 41
2.5
 42
2.5
 50
270.0
  0
INSERT
  5
322
330
31B
100
AcDbEntity
  8
PS-COTAS
 62
1
100
AcDbBlockReference
  2
_ARCHTICK
 10
500.0
 20
107.39999999999998
 30
0.0
 41
2.5
 42
2.5
 50
90.0
  0
LINE
  5
324
330
31B
100
AcDbEntity
  8
0
 62
1
100
AcDbLine
 10
500.0
 20
6.600000000000023
 30
0.0
 11
500.0
 21
107.39999999999998
 31
0.0
  0
MTEXT
  5
325
330
31B
100
AcDbEntity
  8
PS-COTAS
 62
1
100
AcDbMText
 10
495.0
 20
57.0
 30
0.0
 40
7.0
 71
5
  1
paso 101
  7
PS
 50
90.0
 45
1.1
 90
3
 63
1
  0
POINT
  5
326
330
31B
100
AcDbEntity
  8
Defpoints
100
AcDbPoint
 10
500.0
 20
6.600000000000023
 30
0.0
  0
POINT
  5
327
330
31B
100
AcDbEntity
  8
Defpoints
100
AcDbPoint
 10
500.0
 20
6.600000000000023
 30
0.0
  0
POINT
  5
328
330
31B
100
AcDbEntity
  8
Defpoints
100
AcDbPoint
 10
500.0
 20
107.39999999999998
 30
0.0
  0
ENDBLK
  5
31D
330
31B
100
AcDbEntity
  8
0
100
AcDbBlockEnd
  0
ENDSEC
  0
SECTION
  2
ENTITIES
  0
LWPOLYLINE
  5
2A0
330
17
100
AcDbEntity
  8
PS-REF-PLANO
100
AcDbPolyline
 90
4
 70
1
 10
-6.6
 20
-275.8
 10
0.0
 20
-275.8
 10
0.0
 20
6.600000000000023
 10
-6.6
 20
6.600000000000023
  0
LWPOLYLINE
  5
2A1
330
17
100
AcDbEntity
  8
PS-REF-PLANO
100
AcDbPolyline
 90
4
 70
1
 10
403.0
 20
-275.8
 10
409.6
 20
-275.8
 10
409.6
 20
6.600000000000023
 10
403.0
 20
6.600000000000023
  0
LWPOLYLINE
  5
2A2
330
17
100
AcDbEntity
  8
PS-REF-PLANO
100
AcDbPolyline
 90
4
 70
1
 10
-6.6
 20
0.0
 10
126.6
 20
0.0
 10
126.6
 20
6.600000000000023
 10
-6.6
 20
6.600000000000023
  0
LWPOLYLINE
  5
2A3
330
17
100
AcDbEntity
  8
PS-REF-PLANO
100
AcDbPolyline
 90
4
 70
1
 10
214.8
 20
0.0
 10
409.6
 20
0.0
 10
409.6
 20
6.600000000000023
 10
214.8
 20
6.600000000000023
  0
LWPOLYLINE
  5
2A4
330
17
100
AcDbEntity
  8
PS-REF-PLANO
100
AcDbPolyline
 90
4
 70
1
 10
0.0
 20
-275.8
 10
172.6
 20
-275.8
 10
172.6
 20
-246.6
 10
0.0
 20
-246.6
  0
LWPOLYLINE
  5
2A5
330
17
100
AcDbEntity
  8
PS-REF-PLANO
100
AcDbPolyline
 90
4
 70
1
 10
172.6
 20
-275.8
 10
720.0
 20
-275.8
 10
720.0
 20
-266.5
 10
172.6
 20
-266.5
  0
LWPOLYLINE
  5
2A6
330
17
100
AcDbEntity
  8
PS-REF-PLANO
100
AcDbPolyline
 90
4
 70
1
 10
-110.0
 20
-295.7
 10
720.0
 20
-295.7
 10
720.0
 20
-275.8
 10
-110.0
 20
-275.8
  0
LWPOLYLINE
  5
2A7
330
17
100
AcDbEntity
  8
PS-REF-PLANO
100
AcDbPolyline
 90
4
 70
1
 10
245.8
 20
107.39999999999998
 10
252.5
 20
107.39999999999998
 10
252.5
 20
273.1
 10
245.8
 20
273.1
  0
LWPOLYLINE
  5
2A8
330
17
100
AcDbEntity
  8
PS-REF-PLANO
100
AcDbPolyline
 90
4
 70
1
 10
-101.4
 20
107.39999999999998
 10
-27.2
 20
107.39999999999998
 10
-27.2
 20
114.0
 10
-101.4
 20
114.0
  0
LWPOLYLINE
  5
2A9
330
17
100
AcDbEntity
  8
PS-REF-PLANO
100
AcDbPolyline
 90
4
 70
1
 10
101.4
 20
107.39999999999998
 10
252.5
 20
107.39999999999998
 10
252.5
 20
114.0
 10
101.4
 20
114.0
  0
LWPOLYLINE
  5
2AA
330
17
100
AcDbEntity
  8
PS-REF-PLANO
100
AcDbPolyline
 90
4
 70
1
 10
-110.0
 20
273.1
 10
720.0
 20
273.1
 10
720.0
 20
302.5
 10
-110.0
 20
302.5
  0
LWPOLYLINE
  5
2AB
330
17
100
AcDbEntity
  8
PS-REF-PLANO
100
AcDbPolyline
 90
4
 70
1
 10
-101.4
 20
-275.8
 10
-94.8
 20
-275.8
 10
-94.8
 20
-92.5
 10
-101.4
 20
-92.5
  0
LWPOLYLINE
  5
2AC
330
17
100
AcDbEntity
  8
PS-REF-PLANO
100
AcDbPolyline
 90
4
 70
1
 10
-101.4
 20
99.5
 10
-94.8
 20
99.5
 10
-94.8
 20
273.1
 10
-101.4
 20
273.1
  0
LWPOLYLINE
  5
2AD
330
17
100
AcDbEntity
  8
PS-REF-PLANO
100
AcDbPolyline
 90
4
 70
1
 10
574.0
 20
273.1
 10
581.3
 20
273.1
 10
587.3
 20
-131.9
 10
580.0
 20
-131.9
  0
LWPOLYLINE
  5
2AE
330
17
100
AcDbEntity
  8
PS-REF-PLANO
100
AcDbPolyline
 90
4
 70
1
 10
688.1
 20
273.1
 10
694.7
 20
273.1
 10
702.6
 20
-86.5
 10
695.3
 20
-86.5
  0
LWPOLYLINE
  5
2AF
330
17
100
AcDbEntity
  8
PS-REF-PLANO
100
AcDbPolyline
 90
4
 70
1
 10
713.0
 20
-275.8
 10
722.0
 20
-275.8
 10
722.0
 20
-211.5
 10
713.0
 20
-211.5
  0
LWPOLYLINE
  5
2B0
330
17
100
AcDbEntity
  8
PS-REF-PLANO
100
AcDbPolyline
 90
4
 70
1
 10
713.0
 20
-126.5
 10
722.0
 20
-126.5
 10
722.0
 20
273.1
 10
713.0
 20
273.1
  0
LWPOLYLINE
  5
2B1
330
17
100
AcDbEntity
  8
PS-REF-PLANO
100
AcDbPolyline
 90
2
 70
0
 10
582.8511111111111
 20
168.39999999999998
 10
696.7422962962963
 20
168.39999999999998
  0
LWPOLYLINE
  5
2B2
330
17
100
AcDbEntity
  8
PS-REF-PLANO
100
AcDbPolyline
 90
2
 70
0
 10
583.2985185185184
 20
138.2
 10
697.3313827160495
 20
138.2
  0
LWPOLYLINE
  5
2B3
330
17
100
AcDbEntity
  8
PS-REF-PLANO
100
AcDbPolyline
 90
2
 70
0
 10
583.7681481481482
 20
106.5
 10
697.9497283950618
 20
106.5
  0
LWPOLYLINE
  5
2B4
330
17
100
AcDbEntity
  8
PS-REF-PLANO
100
AcDbPolyline
 90
2
 70
0
 10
584.1948148148148
 20
77.69999999999999
 10
698.5115061728395
 20
77.69999999999999
  0
LWPOLYLINE
  5
2B5
330
17
100
AcDbEntity
  8
PS-REF-PLANO
100
AcDbPolyline
 90
2
 70
0
 10
584.6333333333333
 20
48.10000000000002
 10
699.088888888889
 20
48.10000000000002
  0
LWPOLYLINE
  5
2B6
330
17
100
AcDbEntity
  8
PS-REF-PLANO
100
AcDbPolyline
 90
2
 70
0
 10
585.0792592592592
 20
18.0
 10
699.6760246913581
 20
18.0
  0
LWPOLYLINE
  5
2B7
330
17
100
AcDbEntity
  8
PS-REF-PLANO
100
AcDbPolyline
 90
2
 70
0
 10
585.5237037037036
 20
-12.0
 10
700.2612098765433
 20
-12.0
  0
LWPOLYLINE
  5
2B8
330
17
100
AcDbEntity
  8
PS-REF-PLANO
100
AcDbPolyline
 90
2
 70
0
 10
585.9637037037037
 20
-41.69999999999999
 10
700.8405432098766
 20
-41.69999999999999
  0
LWPOLYLINE
  5
2B9
330
17
100
AcDbEntity
  8
PS-REF-PLANO
100
AcDbPolyline
 90
2
 70
0
 10
586.3992592592592
 20
-71.1
 10
701.4140246913581
 20
-71.1
  0
LWPOLYLINE
  5
2BA
330
17
100
AcDbEntity
  8
PS-REF-PLANO
100
AcDbPolyline
 90
2
 70
0
 10
581.3
 20
168.39999999999998
 10
603.0
 20
273.1
  0
LWPOLYLINE
  5
2BB
330
17
100
AcDbEntity
  8
PS-REF-PLANO
100
AcDbPolyline
 90
2
 70
0
 10
581.3
 20
168.39999999999998
 10
640.0
 20
273.1
  0
LWPOLYLINE
  5
2BC
330
17
100
AcDbEntity
  8
PS-REF-PLANO
100
AcDbPolyline
 90
2
 70
0
 10
581.3
 20
168.39999999999998
 10
694.7
 20
225.5
  0
LWPOLYLINE
  5
2BD
330
17
100
AcDbEntity
  8
PS-REF-PLANO
100
AcDbPolyline
 90
4
 70
1
 10
3.3
 20
-276.4
 10
163.7
 20
-276.4
 10
163.7
 20
-255.9
 10
3.3
 20
-255.9
  0
INSERT
  5
2BE
330
17
100
AcDbEntity
  8
PS-ALFOMBRAS
100
AcDbBlockReference
  2
PS_ALFOMBRA_SALON_200x200
 10
225.0
 20
-123.5
 30
0.0
  0
INSERT
  5
2C0
330
17
100
AcDbEntity
  8
PS-ALFOMBRAS
100
AcDbBlockReference
  2
PS_ALFOMBRA_JUEGO_170x120
 10
390.0
 20
173.5
 30
0.0
  0
INSERT
  5
2C2
330
17
100
AcDbEntity
  8
PS-MOBILIARIO
100
AcDbBlockReference
  2
PS_SOFA_CHAISE_240x160
 10
402.5
 20
-265.5
 30
0.0
  0
INSERT
  5
2C4
330
17
100
AcDbEntity
  8
PS-MOBILIARIO
100
AcDbBlockReference
  2
PS_MUEBLE_TV_200x40
 10
0.5
 20
-223.5
 30
0.0
  0
INSERT
  5
2C6
330
17
100
AcDbEntity
  8
PS-MOBILIARIO
100
AcDbBlockReference
  2
PS_MESA_CENTRO_D75
 10
228.0
 20
-116.5
 30
0.0
  0
INSERT
  5
2C8
330
17
100
AcDbEntity
  8
PS-MOBILIARIO
100
AcDbBlockReference
  2
PS_PUF_D50
 10
97.0
 20
-198.5
 30
0.0
  0
INSERT
  5
2CA
330
17
100
AcDbEntity
  8
PS-ILUMINACION
100
AcDbBlockReference
  2
PS_LAMPARA_PIE
 10
225.0
 20
-242.5
 30
0.0
  0
INSERT
  5
2CC
330
17
100
AcDbEntity
  8
PS-ILUMINACION
100
AcDbBlockReference
  2
PS_APLIQUE_PARED
 10
403.0
 20
-216.5
 30
0.0
 50
180.0
  0
INSERT
  5
2CE
330
17
100
AcDbEntity
  8
PS-ILUMINACION
100
AcDbBlockReference
  2
PS_APLIQUE_PARED
 10
403.0
 20
-106.5
 30
0.0
 50
180.0
  0
INSERT
  5
2D0
330
17
100
AcDbEntity
  8
PS-CARPINTERIA
100
AcDbBlockReference
  2
PS_PUERTA_CORREDERA_90
 10
126.6
 20
0.0
 30
0.0
  0
INSERT
  5
2D2
330
17
100
AcDbEntity
  8
PS-MOBILIARIO
100
AcDbBlockReference
  2
PS_LIBRERIA_INFANTIL_256x35
 10
252.5
 20
273.1
 30
0.0
  0
INSERT
  5
2D4
330
17
100
AcDbEntity
  8
PS-MOBILIARIO
100
AcDbBlockReference
  2
PS_BANCO_ARCON_110x45
 10
252.5
 20
123.5
 30
0.0
  0
INSERT
  5
2D6
330
17
100
AcDbEntity
  8
PS-MOBILIARIO
100
AcDbBlockReference
  2
PS_PUF_PERA
 10
345.0
 20
173.5
 30
0.0
  0
INSERT
  5
2D8
330
17
100
AcDbEntity
  8
PS-MOBILIARIO
100
AcDbBlockReference
  2
PS_MESA_INFANTIL_D60
 10
437.0
 20
173.5
 30
0.0
  0
INSERT
  5
2DA
330
17
100
AcDbEntity
  8
PS-MOBILIARIO
100
AcDbBlockReference
  2
PS_TABURETE_D30
 10
437.0
 20
127.5
 30
0.0
  0
INSERT
  5
2DC
330
17
100
AcDbEntity
  8
PS-MOBILIARIO
100
AcDbBlockReference
  2
PS_TABURETE_D30
 10
437.0
 20
219.5
 30
0.0
  0
INSERT
  5
2DE
330
17
100
AcDbEntity
  8
PS-ILUMINACION
100
AcDbBlockReference
  2
PS_LAMPARA_TECHO
 10
437.0
 20
173.5
 30
0.0
  0
INSERT
  5
2E0
330
17
100
AcDbEntity
  8
PS-ILUMINACION
100
AcDbBlockReference
  2
PS_APLIQUE_PARED
 10
252.5
 20
211.5
 30
0.0
  0
INSERT
  5
2E2
330
17
100
AcDbEntity
  8
PS-SEGURIDAD
100
AcDbBlockReference
  2
PS_PUERTA_SEGURIDAD
 10
586.5
 20
-76.5
 30
0.0
  0
MTEXT
  5
2E4
330
17
100
AcDbEntity
  8
PS-TEXTOS
100
AcDbMText
 10
225.0
 20
-53.5
 30
0.0
 40
10.0
 71
5
  1
SALA DE ESTAR\P\H0.7x;S = 10,40 m²
  7
PS
 45
1.25
 90
3
 63
0
  0
MTEXT
  5
2E5
330
17
100
AcDbEntity
  8
PS-TEXTOS
100
AcDbMText
 10
380.0
 20
78.5
 30
0.0
 40
9.0
 71
5
  1
ZONA DE JUEGO Y LECTURA\P\H0.7x;S = 5,3 m² (sin contar el paso)
  7
PS
 45
1.25
 90
3
 63
0
  0
MTEXT
  5
2E6
330
17
100
AcDbEntity
  8
PS-SEGURIDAD
100
AcDbMText
 10
492.0
 20
-38.5
 30
0.0
 40
6.5
 71
5
  1
BARANDILLA: h ≥ 1,10 m,\Psin huecos > 10 cm\Py no escalable
  7
PS
 45
1.25
 90
3
 63
0
  0
MTEXT
  5
2E7
330
17
100
AcDbEntity
  8
PS-SEGURIDAD
100
AcDbMText
 10
641.0
 20
-98.5
 30
0.0
 40
6.5
 71
5
  1
PUERTA DE\PSEGURIDAD
  7
PS
 45
1.25
 90
3
 63
0
  0
LEADER
  5
2E8
330
17
100
AcDbEntity
  8
PS-SEGURIDAD
100
AcDbLeader
  3
PS
 73
3
 76
2
 10
579.0
 20
-4.5
 30
0.0
 10
522.0
 20
-20.5
 30
0.0
1001
ACAD
1000
DSTYLE
1002
{
1070
41
1040
4.0
1070
176
1070
256
1070
341
1005
2E9
1002
}
  0
DIMENSION
  5
2ED
330
17
100
AcDbEntity
  8
PS-COTAS
100
AcDbDimension
280
0
  2
*D1
  3
PS
 10
40.5
 20
-116.5
 30
0.0
 11
115.5
 21
-111.5
 31
0.0
 70
32
 71
5
  1
paso <>
100
AcDbAlignedDimension
 13
40.5
 23
-116.5
 33
0.0
 14
190.5
 24
-116.5
 34
0.0
 50
0.0
100
AcDbRotatedDimension
  0
DIMENSION
  5
2FC
330
17
100
AcDbEntity
  8
PS-COTAS
100
AcDbDimension
280
0
  2
*D2
  3
PS
 10
7.5
 20
-162.5
 30
0.0
 11
157.5
 21
-157.5
 31
0.0
 70
32
 71
5
  1
TV-sofá <>
100
AcDbAlignedDimension
 13
7.5
 23
-162.5
 33
0.0
 14
307.5
 24
-162.5
 34
0.0
 50
0.0
100
AcDbRotatedDimension
  0
DIMENSION
  5
30B
330
17
100
AcDbEntity
  8
PS-COTAS
100
AcDbDimension
280
0
  2
*D3
  3
PS
 10
508.5
 20
255.5
 30
0.0
 11
541.25
 21
260.5
 31
0.0
 70
32
 71
5
  1
libre <>
100
AcDbAlignedDimension
 13
508.5
 23
255.5
 33
0.0
 14
574.0
 24
255.5
 34
0.0
 50
0.0
100
AcDbRotatedDimension
  0
DIMENSION
  5
31A
330
17
100
AcDbEntity
  8
PS-COTAS
100
AcDbDimension
280
0
  2
*D4
  3
PS
 10
500.0
 20
6.600000000000023
 30
0.0
 11
495.0
 21
57.0
 31
0.0
 70
32
 71
5
  1
paso <>
100
AcDbAlignedDimension
 13
500.0
 23
6.600000000000023
 33
0.0
 14
500.0
 24
107.39999999999998
 34
0.0
 50
90.0
100
AcDbRotatedDimension
  0
ENDSEC
  0
SECTION
  2
OBJECTS
  0
DICTIONARY
  5
A
330
0
100
AcDbDictionary
281
1
  3
ACAD_COLOR
350
B
  3
ACAD_GROUP
350
C
  3
ACAD_LAYOUT
350
D
  3
ACAD_MATERIAL
350
E
  3
ACAD_MLEADERSTYLE
350
F
  3
ACAD_MLINESTYLE
350
10
  3
ACAD_PLOTSETTINGS
350
11
  3
ACAD_PLOTSTYLENAME
350
12
  3
ACAD_SCALELIST
350
14
  3
ACAD_TABLESTYLE
350
15
  3
ACAD_VISUALSTYLE
350
16
  3
EZDXF_META
350
2D
  3
ACAD_WIPEOUT_VARS
350
8A
  3
AcDbVariableDictionary
350
8B
  0
DICTIONARY
  5
B
330
A
100
AcDbDictionary
281
1
  0
DICTIONARY
  5
C
330
A
100
AcDbDictionary
281
1
  0
DICTIONARY
  5
D
330
A
100
AcDbDictionary
281
1
  3
Model
350
1A
  3
Layout1
350
1E
  0
DICTIONARY
  5
E
330
A
100
AcDbDictionary
281
1
  3
ByBlock
350
1F
  3
ByLayer
350
20
  3
Global
350
21
  0
DICTIONARY
  5
F
330
A
100
AcDbDictionary
281
1
  3
Standard
350
2C
  0
DICTIONARY
  5
10
330
A
100
AcDbDictionary
281
1
  3
Standard
350
22
  0
DICTIONARY
  5
11
330
A
100
AcDbDictionary
281
1
  0
ACDBDICTIONARYWDFLT
  5
12
330
A
100
AcDbDictionary
281
1
  3
Normal
350
13
100
AcDbDictionaryWithDefault
340
13
  0
ACDBPLACEHOLDER
  5
13
330
12
  0
DICTIONARY
  5
14
330
A
100
AcDbDictionary
281
1
  0
DICTIONARY
  5
15
330
A
100
AcDbDictionary
281
1
  0
DICTIONARY
  5
16
330
A
100
AcDbDictionary
281
1
  3
2dWireframe
350
5A
  3
Basic
350
5B
  3
Brighten
350
5C
  3
ColorChange
350
5D
  3
Conceptual
350
5E
  3
Dim
350
5F
  3
EdgeColorOff
350
60
  3
Facepattern
350
61
  3
Flat
350
62
  3
FlatWithEdges
350
63
  3
Gouraud
350
64
  3
GouraudWithEdges
350
65
  3
Hidden
350
66
  3
JitterOff
350
67
  3
Linepattern
350
68
  3
Modeling
350
69
  3
OverhangOff
350
6A
  3
Realistic
350
6B
  3
Shaded
350
6C
  3
Shaded with edges
350
6D
  3
Shades of Gray
350
6E
  3
Sketchy
350
6F
  3
Thicken
350
70
  3
Wireframe
350
71
  3
X-Ray
350
72
  0
LAYOUT
  5
1A
330
D
100
AcDbPlotSettings
  1

  4
A3
  6

 40
7.5
 41
20.0
 42
7.5
 43
20.0
 44
420.0
 45
297.0
 46
0.0
 47
0.0
 48
0.0
 49
0.0
140
0.0
141
0.0
142
1.0
143
1.0
 70
1024
 72
1
 73
0
 74
5
  7

 75
16
 76
0
 77
2
 78
300
147
1.0
148
0.0
149
0.0
100
AcDbLayout
  1
Model
 70
1
 71
0
 10
0.0
 20
0.0
 11
420.0
 21
297.0
 12
0.0
 22
0.0
 32
0.0
 14
1e+20
 24
1e+20
 34
1e+20
 15
-1e+20
 25
-1e+20
 35
-1e+20
146
0.0
 13
0.0
 23
0.0
 33
0.0
 16
1.0
 26
0.0
 36
0.0
 17
0.0
 27
1.0
 37
0.0
 76
1
330
17
  0
LAYOUT
  5
1E
330
D
100
AcDbPlotSettings
  1

  4
A3
  6

 40
7.5
 41
20.0
 42
7.5
 43
20.0
 44
420.0
 45
297.0
 46
0.0
 47
0.0
 48
0.0
 49
0.0
140
0.0
141
0.0
142
1.0
143
1.0
 70
0
 72
1
 73
0
 74
5
  7

 75
16
 76
0
 77
2
 78
300
147
1.0
148
0.0
149
0.0
100
AcDbLayout
  1
Layout1
 70
1
 71
1
 10
0.0
 20
0.0
 11
420.0
 21
297.0
 12
0.0
 22
0.0
 32
0.0
 14
1e+20
 24
1e+20
 34
1e+20
 15
-1e+20
 25
-1e+20
 35
-1e+20
146
0.0
 13
0.0
 23
0.0
 33
0.0
 16
1.0
 26
0.0
 36
0.0
 17
0.0
 27
1.0
 37
0.0
 76
1
330
1B
  0
MATERIAL
  5
1F
102
{ACAD_REACTORS
330
E
102
}
330
E
100
AcDbMaterial
  1
ByBlock
  2

 70
0
 40
1.0
 71
1
 41
1.0
 91
-1023410177
 42
1.0
 72
1
  3

 73
1
 74
1
 75
1
 44
0.5
 73
0
 45
1.0
 46
1.0
 77
1
  4

 78
1
 79
1
170
1
 48
1.0
171
1
  6

172
1
173
1
174
1
140
1.0
141
1.0
175
1
  7

176
1
177
1
178
1
143
1.0
179
1
  8

270
1
271
1
272
1
145
1.0
146
1.0
273
1
  9

274
1
275
1
276
1
 42
1.0
 72
1
  3

 73
1
 74
1
 75
1
 94
63
  0
MATERIAL
  5
20
102
{ACAD_REACTORS
330
E
102
}
330
E
100
AcDbMaterial
  1
ByLayer
  2

 70
0
 40
1.0
 71
1
 41
1.0
 91
-1023410177
 42
1.0
 72
1
  3

 73
1
 74
1
 75
1
 44
0.5
 73
0
 45
1.0
 46
1.0
 77
1
  4

 78
1
 79
1
170
1
 48
1.0
171
1
  6

172
1
173
1
174
1
140
1.0
141
1.0
175
1
  7

176
1
177
1
178
1
143
1.0
179
1
  8

270
1
271
1
272
1
145
1.0
146
1.0
273
1
  9

274
1
275
1
276
1
 42
1.0
 72
1
  3

 73
1
 74
1
 75
1
 94
63
  0
MATERIAL
  5
21
102
{ACAD_REACTORS
330
E
102
}
330
E
100
AcDbMaterial
  1
Global
  2

 70
0
 40
1.0
 71
1
 41
1.0
 91
-1023410177
 42
1.0
 72
1
  3

 73
1
 74
1
 75
1
 44
0.5
 73
0
 45
1.0
 46
1.0
 77
1
  4

 78
1
 79
1
170
1
 48
1.0
171
1
  6

172
1
173
1
174
1
140
1.0
141
1.0
175
1
  7

176
1
177
1
178
1
143
1.0
179
1
  8

270
1
271
1
272
1
145
1.0
146
1.0
273
1
  9

274
1
275
1
276
1
 42
1.0
 72
1
  3

 73
1
 74
1
 75
1
 94
63
  0
MLINESTYLE
  5
22
102
{ACAD_REACTORS
330
10
102
}
330
10
100
AcDbMlineStyle
  2
Standard
 70
0
  3

 62
256
 51
90.0
 52
90.0
 71
2
 49
0.5
 62
256
  6
BYLAYER
 49
-0.5
 62
256
  6
BYLAYER
  0
MLEADERSTYLE
  5
2C
102
{ACAD_REACTORS
330
F
102
}
330
F
100
AcDbMLeaderStyle
179
2
170
2
171
1
172
0
 90
2
 40
0.0
 41
0.0
173
1
 91
-1056964608
 92
-2
290
1
 42
2.0
291
1
 43
8.0
  3
Standard
 44
4.0
300

342
29
174
1
175
1
176
0
178
1
 93
-1056964608
 45
4.0
292
0
297
0
 46
4.0
 94
-1056964608
 47
1.0
 49
1.0
140
1.0
294
1
141
0.0
177
0
142
1.0
295
0
296
0
143
3.75
271
0
272
9
273
9
  0
DICTIONARY
  5
2D
330
A
100
AcDbDictionary
280
1
281
1
  3
CREATED_BY_EZDXF
350
2E
  3
WRITTEN_BY_EZDXF
350
32B
  0
DICTIONARYVAR
  5
2E
330
2D
100
DictionaryVariables
280
0
  1
1.4.4 @ 2026-09-29T15:46:39.377705+00:00
  0
VISUALSTYLE
  5
5A
102
{ACAD_REACTORS
330
16
102
}
330
16
100
AcDbVisualStyle
  2
2dWireframe
 70
4
177
3
291
0
 70
58
 90
2
176
1
 90
2
176
1
 90
0
176
1
 90
0
176
1
 40
0.6
176
1
 40
30.0
176
1
 62
7
420
16777215
176
1
 90
1
176
1
 90
4
176
1
 62
7
176
1
 62
257
176
1
 90
1
176
1
 90
1
176
1
 40
1.0
176
1
 90
8
176
1
 62
7
176
1
 40
1.0
176
1
 90
1
176
1
 90
6
176
1
 90
2
176
1
 62
7
176
1
 90
5
176
1
 90
0
176
1
 90
0
176
1
290
0
176
1
 90
1
176
1
 40
0.0
176
1
 90
0
176
1
290
1
176
1
290
1
176
1
290
0
176
1
290
0
176
1
290
0
176
1
290
0
176
1
290
0
176
1
290
0
176
1
290
0
176
1
 90
50
176
1
 40
0.0
176
1
 40
1.0
176
1
 90
0
176
1
 62
18
420
0
176
1
 90
50
176
1
 90
3
176
1
 62
5
420
255
176
1
290
0
176
1
 90
50
176
1
 90
50
176
1
 90
50
176
1
290
0
176
1
 90
50
176
1
 62
256
176
0
 40
1.0
176
0
 90
2
176
1
  1
strokes_ogs.tif
176
1
290
0
176
1
 40
1.0
176
1
 40
1.0
176
1
  0
VISUALSTYLE
  5
5B
102
{ACAD_REACTORS
330
16
102
}
330
16
100
AcDbVisualStyle
  2
Basic
 70
7
177
3
291
1
 70
58
 90
2
176
1
 90
2
176
1
 90
0
176
1
 90
1
176
1
 40
0.6
176
1
 40
30.0
176
1
 62
7
420
16777215
176
1
 90
1
176
1
 90
4
176
1
 62
7
176
1
 62
257
176
1
 90
1
176
1
 90
1
176
1
 40
1.0
176
1
 90
8
176
1
 62
7
176
1
 40
1.0
176
1
 90
1
176
1
 90
6
176
1
 90
2
176
1
 62
7
176
1
 90
5
176
1
 90
0
176
1
 90
0
176
1
290
0
176
1
 90
1
176
1
 40
0.0
176
1
 90
0
176
1
290
0
176
1
290
1
176
1
290
1
176
1
290
0
176
1
290
0
176
1
290
0
176
1
290
0
176
1
290
0
176
1
290
0
176
1
 90
50
176
1
 40
0.0
176
1
 40
1.0
176
1
 90
0
176
1
 62
18
420
0
176
1
 90
50
176
1
 90
3
176
1
 62
5
420
255
176
1
290
0
176
1
 90
50
176
1
 90
50
176
1
 90
50
176
1
290
0
176
1
 90
50
176
1
 62
256
176
0
 40
1.0
176
0
 90
2
176
1
  1
strokes_ogs.tif
176
1
290
0
176
1
 40
1.0
176
1
 40
1.0
176
1
  0
VISUALSTYLE
  5
5C
102
{ACAD_REACTORS
330
16
102
}
330
16
100
AcDbVisualStyle
  2
Brighten
 70
12
177
3
291
1
 70
58
 90
2
176
1
 90
2
176
1
 90
0
176
1
 90
2
176
1
 40
0.6
176
1
 40
30.0
176
1
 62
7
420
16777215
176
1
 90
1
176
1
 90
4
176
1
 62
7
176
1
 62
257
176
1
 90
1
176
1
 90
1
176
1
 40
1.0
176
1
 90
8
176
1
 62
7
176
1
 40
1.0
176
1
 90
1
176
1
 90
6
176
1
 90
2
176
1
 62
7
176
1
 90
5
176
1
 90
0
176
1
 90
0
176
1
290
0
176
1
 90
1
176
1
 40
0.0
176
1
 90
0
176
1
290
0
176
1
290
1
176
1
290
1
176
1
290
0
176
1
290
0
176
1
290
0
176
1
290
0
176
1
290
0
176
1
290
0
176
1
 90
50
176
1
 40
0.0
176
1
 40
1.0
176
1
 90
0
176
1
 62
18
420
0
176
1
 90
50
176
1
 90
3
176
1
 62
5
420
255
176
1
290
0
176
1
 90
50
176
1
 90
50
176
1
 90
50
176
1
290
0
176
1
 90
50
176
1
 62
256
176
0
 40
1.0
176
0
 90
2
176
1
  1
strokes_ogs.tif
176
1
290
0
176
1
 40
1.0
176
1
 40
1.0
176
1
  0
VISUALSTYLE
  5
5D
102
{ACAD_REACTORS
330
16
102
}
330
16
100
AcDbVisualStyle
  2
ColorChange
 70
16
177
3
291
1
 70
58
 90
2
176
1
 90
2
176
1
 90
0
176
1
 90
2
176
1
 40
0.6
176
1
 40
30.0
176
1
 62
7
420
16777215
176
1
 90
1
176
1
 90
4
176
1
 62
7
176
1
 62
257
176
1
 90
1
176
1
 90
1
176
1
 40
1.0
176
1
 90
8
176
1
 62
7
176
1
 40
1.0
176
1
 90
1
176
1
 90
6
176
1
 90
2
176
1
 62
7
176
1
 90
5
176
1
 90
0
176
1
 90
0
176
1
290
0
176
1
 90
1
176
1
 40
0.0
176
1
 90
0
176
1
290
0
176
1
290
1
176
1
290
1
176
1
290
0
176
1
290
0
176
1
290
0
176
1
290
0
176
1
290
0
176
1
290
0
176
1
 90
50
176
1
 40
0.0
176
1
 40
1.0
176
1
 90
0
176
1
 62
18
420
0
176
1
 90
50
176
1
 90
3
176
1
 62
5
420
255
176
1
290
0
176
1
 90
50
176
1
 90
50
176
1
 90
50
176
1
290
0
176
1
 90
50
176
1
 62
256
176
0
 40
1.0
176
0
 90
2
176
1
  1
strokes_ogs.tif
176
1
290
0
176
1
 40
1.0
176
1
 40
1.0
176
1
  0
VISUALSTYLE
  5
5E
102
{ACAD_REACTORS
330
16
102
}
330
16
100
AcDbVisualStyle
  2
Conceptual
 70
9
177
3
291
0
 70
58
 90
2
176
1
 90
2
176
1
 90
0
176
1
 90
3
176
1
 40
0.6
176
1
 40
30.0
176
1
 62
7
420
16777215
176
1
 90
1
176
1
 90
4
176
1
 62
7
176
1
 62
257
176
1
 90
1
176
1
 90
1
176
1
 40
1.0
176
1
 90
8
176
1
 62
7
176
1
 40
1.0
176
1
 90
1
176
1
 90
6
176
1
 90
2
176
1
 62
7
176
1
 90
5
176
1
 90
0
176
1
 90
0
176
1
290
0
176
1
 90
1
176
1
 40
0.0
176
1
 90
0
176
1
290
0
176
1
290
1
176
1
290
1
176
1
290
0
176
1
290
0
176
1
290
0
176
1
290
0
176
1
290
0
176
1
290
0
176
1
 90
50
176
1
 40
0.0
176
1
 40
1.0
176
1
 90
0
176
1
 62
18
420
0
176
1
 90
50
176
1
 90
3
176
1
 62
5
420
255
176
1
290
0
176
1
 90
50
176
1
 90
50
176
1
 90
50
176
1
290
0
176
1
 90
50
176
1
 62
256
176
0
 40
1.0
176
0
 90
2
176
1
  1
strokes_ogs.tif
176
1
290
0
176
1
 40
1.0
176
1
 40
1.0
176
1
  0
VISUALSTYLE
  5
5F
102
{ACAD_REACTORS
330
16
102
}
330
16
100
AcDbVisualStyle
  2
Dim
 70
11
177
3
291
1
 70
58
 90
2
176
1
 90
2
176
1
 90
0
176
1
 90
2
176
1
 40
0.6
176
1
 40
30.0
176
1
 62
7
420
16777215
176
1
 90
1
176
1
 90
4
176
1
 62
7
176
1
 62
257
176
1
 90
1
176
1
 90
1
176
1
 40
1.0
176
1
 90
8
176
1
 62
7
176
1
 40
1.0
176
1
 90
1
176
1
 90
6
176
1
 90
2
176
1
 62
7
176
1
 90
5
176
1
 90
0
176
1
 90
0
176
1
290
0
176
1
 90
1
176
1
 40
0.0
176
1
 90
0
176
1
290
0
176
1
290
1
176
1
290
1
176
1
290
0
176
1
290
0
176
1
290
0
176
1
290
0
176
1
290
0
176
1
290
0
176
1
 90
50
176
1
 40
0.0
176
1
 40
1.0
176
1
 90
0
176
1
 62
18
420
0
176
1
 90
50
176
1
 90
3
176
1
 62
5
420
255
176
1
290
0
176
1
 90
50
176
1
 90
50
176
1
 90
50
176
1
290
0
176
1
 90
50
176
1
 62
256
176
0
 40
1.0
176
0
 90
2
176
1
  1
strokes_ogs.tif
176
1
290
0
176
1
 40
1.0
176
1
 40
1.0
176
1
  0
VISUALSTYLE
  5
60
102
{ACAD_REACTORS
330
16
102
}
330
16
100
AcDbVisualStyle
  2
EdgeColorOff
 70
22
177
3
291
1
 70
58
 90
2
176
1
 90
2
176
1
 90
0
176
1
 90
2
176
1
 40
0.6
176
1
 40
30.0
176
1
 62
7
420
16777215
176
1
 90
1
176
1
 90
4
176
1
 62
7
176
1
 62
257
176
1
 90
1
176
1
 90
1
176
1
 40
1.0
176
1
 90
8
176
1
 62
7
176
1
 40
1.0
176
1
 90
1
176
1
 90
6
176
1
 90
2
176
1
 62
7
176
1
 90
5
176
1
 90
0
176
1
 90
0
176
1
290
0
176
1
 90
1
176
1
 40
0.0
176
1
 90
0
176
1
290
0
176
1
290
1
176
1
290
1
176
1
290
0
176
1
290
0
176
1
290
0
176
1
290
0
176
1
290
0
176
1
290
0
176
1
 90
50
176
1
 40
0.0
176
1
 40
1.0
176
1
 90
0
176
1
 62
18
420
0
176
1
 90
50
176
1
 90
3
176
1
 62
5
420
255
176
1
290
0
176
1
 90
50
176
1
 90
50
176
1
 90
50
176
1
290
0
176
1
 90
50
176
1
 62
256
176
0
 40
1.0
176
0
 90
2
176
1
  1
strokes_ogs.tif
176
1
290
0
176
1
 40
1.0
176
1
 40
1.0
176
1
  0
VISUALSTYLE
  5
61
102
{ACAD_REACTORS
330
16
102
}
330
16
100
AcDbVisualStyle
  2
Facepattern
 70
15
177
3
291
1
 70
58
 90
2
176
1
 90
2
176
1
 90
0
176
1
 90
2
176
1
 40
0.6
176
1
 40
30.0
176
1
 62
7
420
16777215
176
1
 90
1
176
1
 90
4
176
1
 62
7
176
1
 62
257
176
1
 90
1
176
1
 90
1
176
1
 40
1.0
176
1
 90
8
176
1
 62
7
176
1
 40
1.0
176
1
 90
1
176
1
 90
6
176
1
 90
2
176
1
 62
7
176
1
 90
5
176
1
 90
0
176
1
 90
0
176
1
290
0
176
1
 90
1
176
1
 40
0.0
176
1
 90
0
176
1
290
0
176
1
290
1
176
1
290
1
176
1
290
0
176
1
290
0
176
1
290
0
176
1
290
0
176
1
290
0
176
1
290
0
176
1
 90
50
176
1
 40
0.0
176
1
 40
1.0
176
1
 90
0
176
1
 62
18
420
0
176
1
 90
50
176
1
 90
3
176
1
 62
5
420
255
176
1
290
0
176
1
 90
50
176
1
 90
50
176
1
 90
50
176
1
290
0
176
1
 90
50
176
1
 62
256
176
0
 40
1.0
176
0
 90
2
176
1
  1
strokes_ogs.tif
176
1
290
0
176
1
 40
1.0
176
1
 40
1.0
176
1
  0
VISUALSTYLE
  5
62
102
{ACAD_REACTORS
330
16
102
}
330
16
100
AcDbVisualStyle
  2
Flat
 70
0
177
3
291
1
 70
58
 90
2
176
1
 90
2
176
1
 90
0
176
1
 90
2
176
1
 40
0.6
176
1
 40
30.0
176
1
 62
7
420
16777215
176
1
 90
1
176
1
 90
4
176
1
 62
7
176
1
 62
257
176
1
 90
1
176
1
 90
1
176
1
 40
1.0
176
1
 90
8
176
1
 62
7
176
1
 40
1.0
176
1
 90
1
176
1
 90
6
176
1
 90
2
176
1
 62
7
176
1
 90
5
176
1
 90
0
176
1
 90
0
176
1
290
0
176
1
 90
1
176
1
 40
0.0
176
1
 90
0
176
1
290
0
176
1
290
1
176
1
290
1
176
1
290
0
176
1
290
0
176
1
290
0
176
1
290
0
176
1
290
0
176
1
290
0
176
1
 90
50
176
1
 40
0.0
176
1
 40
1.0
176
1
 90
0
176
1
 62
18
420
0
176
1
 90
50
176
1
 90
3
176
1
 62
5
420
255
176
1
290
0
176
1
 90
50
176
1
 90
50
176
1
 90
50
176
1
290
0
176
1
 90
50
176
1
 62
256
176
0
 40
1.0
176
0
 90
2
176
1
  1
strokes_ogs.tif
176
1
290
0
176
1
 40
1.0
176
1
 40
1.0
176
1
  0
VISUALSTYLE
  5
63
102
{ACAD_REACTORS
330
16
102
}
330
16
100
AcDbVisualStyle
  2
FlatWithEdges
 70
1
177
3
291
1
 70
58
 90
2
176
1
 90
2
176
1
 90
0
176
1
 90
2
176
1
 40
0.6
176
1
 40
30.0
176
1
 62
7
420
16777215
176
1
 90
1
176
1
 90
4
176
1
 62
7
176
1
 62
257
176
1
 90
1
176
1
 90
1
176
1
 40
1.0
176
1
 90
8
176
1
 62
7
176
1
 40
1.0
176
1
 90
1
176
1
 90
6
176
1
 90
2
176
1
 62
7
176
1
 90
5
176
1
 90
0
176
1
 90
0
176
1
290
0
176
1
 90
1
176
1
 40
0.0
176
1
 90
0
176
1
290
0
176
1
290
1
176
1
290
1
176
1
290
0
176
1
290
0
176
1
290
0
176
1
290
0
176
1
290
0
176
1
290
0
176
1
 90
50
176
1
 40
0.0
176
1
 40
1.0
176
1
 90
0
176
1
 62
18
420
0
176
1
 90
50
176
1
 90
3
176
1
 62
5
420
255
176
1
290
0
176
1
 90
50
176
1
 90
50
176
1
 90
50
176
1
290
0
176
1
 90
50
176
1
 62
256
176
0
 40
1.0
176
0
 90
2
176
1
  1
strokes_ogs.tif
176
1
290
0
176
1
 40
1.0
176
1
 40
1.0
176
1
  0
VISUALSTYLE
  5
64
102
{ACAD_REACTORS
330
16
102
}
330
16
100
AcDbVisualStyle
  2
Gouraud
 70
2
177
3
291
1
 70
58
 90
2
176
1
 90
2
176
1
 90
0
176
1
 90
2
176
1
 40
0.6
176
1
 40
30.0
176
1
 62
7
420
16777215
176
1
 90
1
176
1
 90
4
176
1
 62
7
176
1
 62
257
176
1
 90
1
176
1
 90
1
176
1
 40
1.0
176
1
 90
8
176
1
 62
7
176
1
 40
1.0
176
1
 90
1
176
1
 90
6
176
1
 90
2
176
1
 62
7
176
1
 90
5
176
1
 90
0
176
1
 90
0
176
1
290
0
176
1
 90
1
176
1
 40
0.0
176
1
 90
0
176
1
290
0
176
1
290
1
176
1
290
1
176
1
290
0
176
1
290
0
176
1
290
0
176
1
290
0
176
1
290
0
176
1
290
0
176
1
 90
50
176
1
 40
0.0
176
1
 40
1.0
176
1
 90
0
176
1
 62
18
420
0
176
1
 90
50
176
1
 90
3
176
1
 62
5
420
255
176
1
290
0
176
1
 90
50
176
1
 90
50
176
1
 90
50
176
1
290
0
176
1
 90
50
176
1
 62
256
176
0
 40
1.0
176
0
 90
2
176
1
  1
strokes_ogs.tif
176
1
290
0
176
1
 40
1.0
176
1
 40
1.0
176
1
  0
VISUALSTYLE
  5
65
102
{ACAD_REACTORS
330
16
102
}
330
16
100
AcDbVisualStyle
  2
GouraudWithEdges
 70
3
177
3
291
1
 70
58
 90
2
176
1
 90
2
176
1
 90
0
176
1
 90
2
176
1
 40
0.6
176
1
 40
30.0
176
1
 62
7
420
16777215
176
1
 90
1
176
1
 90
4
176
1
 62
7
176
1
 62
257
176
1
 90
1
176
1
 90
1
176
1
 40
1.0
176
1
 90
8
176
1
 62
7
176
1
 40
1.0
176
1
 90
1
176
1
 90
6
176
1
 90
2
176
1
 62
7
176
1
 90
5
176
1
 90
0
176
1
 90
0
176
1
290
0
176
1
 90
1
176
1
 40
0.0
176
1
 90
0
176
1
290
0
176
1
290
1
176
1
290
1
176
1
290
0
176
1
290
0
176
1
290
0
176
1
290
0
176
1
290
0
176
1
290
0
176
1
 90
50
176
1
 40
0.0
176
1
 40
1.0
176
1
 90
0
176
1
 62
18
420
0
176
1
 90
50
176
1
 90
3
176
1
 62
5
420
255
176
1
290
0
176
1
 90
50
176
1
 90
50
176
1
 90
50
176
1
290
0
176
1
 90
50
176
1
 62
256
176
0
 40
1.0
176
0
 90
2
176
1
  1
strokes_ogs.tif
176
1
290
0
176
1
 40
1.0
176
1
 40
1.0
176
1
  0
VISUALSTYLE
  5
66
102
{ACAD_REACTORS
330
16
102
}
330
16
100
AcDbVisualStyle
  2
Hidden
 70
6
177
3
291
0
 70
58
 90
2
176
1
 90
2
176
1
 90
0
176
1
 90
1
176
1
 40
0.6
176
1
 40
30.0
176
1
 62
7
420
16777215
176
1
 90
1
176
1
 90
4
176
1
 62
7
176
1
 62
257
176
1
 90
1
176
1
 90
1
176
1
 40
1.0
176
1
 90
8
176
1
 62
7
176
1
 40
1.0
176
1
 90
1
176
1
 90
6
176
1
 90
2
176
1
 62
7
176
1
 90
5
176
1
 90
0
176
1
 90
0
176
1
290
0
176
1
 90
1
176
1
 40
0.0
176
1
 90
0
176
1
290
0
176
1
290
1
176
1
290
1
176
1
290
0
176
1
290
0
176
1
290
0
176
1
290
0
176
1
290
0
176
1
290
0
176
1
 90
50
176
1
 40
0.0
176
1
 40
1.0
176
1
 90
0
176
1
 62
18
420
0
176
1
 90
50
176
1
 90
3
176
1
 62
5
420
255
176
1
290
0
176
1
 90
50
176
1
 90
50
176
1
 90
50
176
1
290
0
176
1
 90
50
176
1
 62
256
176
0
 40
1.0
176
0
 90
2
176
1
  1
strokes_ogs.tif
176
1
290
0
176
1
 40
1.0
176
1
 40
1.0
176
1
  0
VISUALSTYLE
  5
67
102
{ACAD_REACTORS
330
16
102
}
330
16
100
AcDbVisualStyle
  2
JitterOff
 70
20
177
3
291
1
 70
58
 90
2
176
1
 90
2
176
1
 90
0
176
1
 90
2
176
1
 40
0.6
176
1
 40
30.0
176
1
 62
7
420
16777215
176
1
 90
1
176
1
 90
4
176
1
 62
7
176
1
 62
257
176
1
 90
1
176
1
 90
1
176
1
 40
1.0
176
1
 90
8
176
1
 62
7
176
1
 40
1.0
176
1
 90
1
176
1
 90
6
176
1
 90
2
176
1
 62
7
176
1
 90
5
176
1
 90
0
176
1
 90
0
176
1
290
0
176
1
 90
1
176
1
 40
0.0
176
1
 90
0
176
1
290
0
176
1
290
1
176
1
290
1
176
1
290
0
176
1
290
0
176
1
290
0
176
1
290
0
176
1
290
0
176
1
290
0
176
1
 90
50
176
1
 40
0.0
176
1
 40
1.0
176
1
 90
0
176
1
 62
18
420
0
176
1
 90
50
176
1
 90
3
176
1
 62
5
420
255
176
1
290
0
176
1
 90
50
176
1
 90
50
176
1
 90
50
176
1
290
0
176
1
 90
50
176
1
 62
256
176
0
 40
1.0
176
0
 90
2
176
1
  1
strokes_ogs.tif
176
1
290
0
176
1
 40
1.0
176
1
 40
1.0
176
1
  0
VISUALSTYLE
  5
68
102
{ACAD_REACTORS
330
16
102
}
330
16
100
AcDbVisualStyle
  2
Linepattern
 70
14
177
3
291
1
 70
58
 90
2
176
1
 90
2
176
1
 90
0
176
1
 90
2
176
1
 40
0.6
176
1
 40
30.0
176
1
 62
7
420
16777215
176
1
 90
1
176
1
 90
4
176
1
 62
7
176
1
 62
257
176
1
 90
1
176
1
 90
1
176
1
 40
1.0
176
1
 90
8
176
1
 62
7
176
1
 40
1.0
176
1
 90
1
176
1
 90
6
176
1
 90
2
176
1
 62
7
176
1
 90
5
176
1
 90
0
176
1
 90
0
176
1
290
0
176
1
 90
1
176
1
 40
0.0
176
1
 90
0
176
1
290
0
176
1
290
1
176
1
290
1
176
1
290
0
176
1
290
0
176
1
290
0
176
1
290
0
176
1
290
0
176
1
290
0
176
1
 90
50
176
1
 40
0.0
176
1
 40
1.0
176
1
 90
0
176
1
 62
18
420
0
176
1
 90
50
176
1
 90
3
176
1
 62
5
420
255
176
1
290
0
176
1
 90
50
176
1
 90
50
176
1
 90
50
176
1
290
0
176
1
 90
50
176
1
 62
256
176
0
 40
1.0
176
0
 90
2
176
1
  1
strokes_ogs.tif
176
1
290
0
176
1
 40
1.0
176
1
 40
1.0
176
1
  0
VISUALSTYLE
  5
69
102
{ACAD_REACTORS
330
16
102
}
330
16
100
AcDbVisualStyle
  2
Modeling
 70
10
177
3
291
0
 70
58
 90
2
176
1
 90
2
176
1
 90
0
176
1
 90
2
176
1
 40
0.6
176
1
 40
30.0
176
1
 62
7
420
16777215
176
1
 90
1
176
1
 90
4
176
1
 62
7
176
1
 62
257
176
1
 90
1
176
1
 90
1
176
1
 40
1.0
176
1
 90
8
176
1
 62
7
176
1
 40
1.0
176
1
 90
1
176
1
 90
6
176
1
 90
2
176
1
 62
7
176
1
 90
5
176
1
 90
0
176
1
 90
0
176
1
290
0
176
1
 90
1
176
1
 40
0.0
176
1
 90
0
176
1
290
0
176
1
290
1
176
1
290
1
176
1
290
0
176
1
290
0
176
1
290
0
176
1
290
0
176
1
290
0
176
1
290
0
176
1
 90
50
176
1
 40
0.0
176
1
 40
1.0
176
1
 90
0
176
1
 62
18
420
0
176
1
 90
50
176
1
 90
3
176
1
 62
5
420
255
176
1
290
0
176
1
 90
50
176
1
 90
50
176
1
 90
50
176
1
290
0
176
1
 90
50
176
1
 62
256
176
0
 40
1.0
176
0
 90
2
176
1
  1
strokes_ogs.tif
176
1
290
0
176
1
 40
1.0
176
1
 40
1.0
176
1
  0
VISUALSTYLE
  5
6A
102
{ACAD_REACTORS
330
16
102
}
330
16
100
AcDbVisualStyle
  2
OverhangOff
 70
21
177
3
291
1
 70
58
 90
2
176
1
 90
2
176
1
 90
0
176
1
 90
2
176
1
 40
0.6
176
1
 40
30.0
176
1
 62
7
420
16777215
176
1
 90
1
176
1
 90
4
176
1
 62
7
176
1
 62
257
176
1
 90
1
176
1
 90
1
176
1
 40
1.0
176
1
 90
8
176
1
 62
7
176
1
 40
1.0
176
1
 90
1
176
1
 90
6
176
1
 90
2
176
1
 62
7
176
1
 90
5
176
1
 90
0
176
1
 90
0
176
1
290
0
176
1
 90
1
176
1
 40
0.0
176
1
 90
0
176
1
290
0
176
1
290
1
176
1
290
1
176
1
290
0
176
1
290
0
176
1
290
0
176
1
290
0
176
1
290
0
176
1
290
0
176
1
 90
50
176
1
 40
0.0
176
1
 40
1.0
176
1
 90
0
176
1
 62
18
420
0
176
1
 90
50
176
1
 90
3
176
1
 62
5
420
255
176
1
290
0
176
1
 90
50
176
1
 90
50
176
1
 90
50
176
1
290
0
176
1
 90
50
176
1
 62
256
176
0
 40
1.0
176
0
 90
2
176
1
  1
strokes_ogs.tif
176
1
290
0
176
1
 40
1.0
176
1
 40
1.0
176
1
  0
VISUALSTYLE
  5
6B
102
{ACAD_REACTORS
330
16
102
}
330
16
100
AcDbVisualStyle
  2
Realistic
 70
8
177
3
291
0
 70
58
 90
2
176
1
 90
2
176
1
 90
0
176
1
 90
2
176
1
 40
0.6
176
1
 40
30.0
176
1
 62
7
420
16777215
176
1
 90
1
176
1
 90
4
176
1
 62
7
176
1
 62
257
176
1
 90
1
176
1
 90
1
176
1
 40
1.0
176
1
 90
8
176
1
 62
7
176
1
 40
1.0
176
1
 90
1
176
1
 90
6
176
1
 90
2
176
1
 62
7
176
1
 90
5
176
1
 90
0
176
1
 90
0
176
1
290
0
176
1
 90
1
176
1
 40
0.0
176
1
 90
0
176
1
290
0
176
1
290
1
176
1
290
1
176
1
290
0
176
1
290
0
176
1
290
0
176
1
290
0
176
1
290
0
176
1
290
0
176
1
 90
50
176
1
 40
0.0
176
1
 40
1.0
176
1
 90
0
176
1
 62
18
420
0
176
1
 90
50
176
1
 90
3
176
1
 62
5
420
255
176
1
290
0
176
1
 90
50
176
1
 90
50
176
1
 90
50
176
1
290
0
176
1
 90
50
176
1
 62
256
176
0
 40
1.0
176
0
 90
2
176
1
  1
strokes_ogs.tif
176
1
290
0
176
1
 40
1.0
176
1
 40
1.0
176
1
  0
VISUALSTYLE
  5
6C
102
{ACAD_REACTORS
330
16
102
}
330
16
100
AcDbVisualStyle
  2
Shaded
 70
27
177
3
291
0
 70
58
 90
2
176
1
 90
2
176
1
 90
0
176
1
 90
2
176
1
 40
0.6
176
1
 40
30.0
176
1
 62
7
420
16777215
176
1
 90
1
176
1
 90
4
176
1
 62
7
176
1
 62
257
176
1
 90
1
176
1
 90
1
176
1
 40
1.0
176
1
 90
8
176
1
 62
7
176
1
 40
1.0
176
1
 90
1
176
1
 90
6
176
1
 90
2
176
1
 62
7
176
1
 90
5
176
1
 90
0
176
1
 90
0
176
1
290
0
176
1
 90
1
176
1
 40
0.0
176
1
 90
0
176
1
290
0
176
1
290
1
176
1
290
1
176
1
290
0
176
1
290
0
176
1
290
0
176
1
290
0
176
1
290
0
176
1
290
0
176
1
 90
50
176
1
 40
0.0
176
1
 40
1.0
176
1
 90
0
176
1
 62
18
420
0
176
1
 90
50
176
1
 90
3
176
1
 62
5
420
255
176
1
290
0
176
1
 90
50
176
1
 90
50
176
1
 90
50
176
1
290
0
176
1
 90
50
176
1
 62
256
176
0
 40
1.0
176
0
 90
2
176
1
  1
strokes_ogs.tif
176
1
290
0
176
1
 40
1.0
176
1
 40
1.0
176
1
  0
VISUALSTYLE
  5
6D
102
{ACAD_REACTORS
330
16
102
}
330
16
100
AcDbVisualStyle
  2
Shaded with edges
 70
26
177
3
291
0
 70
58
 90
2
176
1
 90
2
176
1
 90
0
176
1
 90
2
176
1
 40
0.6
176
1
 40
30.0
176
1
 62
7
420
16777215
176
1
 90
1
176
1
 90
4
176
1
 62
7
176
1
 62
257
176
1
 90
1
176
1
 90
1
176
1
 40
1.0
176
1
 90
8
176
1
 62
7
176
1
 40
1.0
176
1
 90
1
176
1
 90
6
176
1
 90
2
176
1
 62
7
176
1
 90
5
176
1
 90
0
176
1
 90
0
176
1
290
0
176
1
 90
1
176
1
 40
0.0
176
1
 90
0
176
1
290
0
176
1
290
1
176
1
290
1
176
1
290
0
176
1
290
0
176
1
290
0
176
1
290
0
176
1
290
0
176
1
290
0
176
1
 90
50
176
1
 40
0.0
176
1
 40
1.0
176
1
 90
0
176
1
 62
18
420
0
176
1
 90
50
176
1
 90
3
176
1
 62
5
420
255
176
1
290
0
176
1
 90
50
176
1
 90
50
176
1
 90
50
176
1
290
0
176
1
 90
50
176
1
 62
256
176
0
 40
1.0
176
0
 90
2
176
1
  1
strokes_ogs.tif
176
1
290
0
176
1
 40
1.0
176
1
 40
1.0
176
1
  0
VISUALSTYLE
  5
6E
102
{ACAD_REACTORS
330
16
102
}
330
16
100
AcDbVisualStyle
  2
Shades of Gray
 70
23
177
3
291
0
 70
58
 90
2
176
1
 90
2
176
1
 90
0
176
1
 90
2
176
1
 40
0.6
176
1
 40
30.0
176
1
 62
7
420
16777215
176
1
 90
1
176
1
 90
4
176
1
 62
7
176
1
 62
257
176
1
 90
1
176
1
 90
1
176
1
 40
1.0
176
1
 90
8
176
1
 62
7
176
1
 40
1.0
176
1
 90
1
176
1
 90
6
176
1
 90
2
176
1
 62
7
176
1
 90
5
176
1
 90
0
176
1
 90
0
176
1
290
0
176
1
 90
1
176
1
 40
0.0
176
1
 90
0
176
1
290
0
176
1
290
1
176
1
290
1
176
1
290
0
176
1
290
0
176
1
290
0
176
1
290
0
176
1
290
0
176
1
290
0
176
1
 90
50
176
1
 40
0.0
176
1
 40
1.0
176
1
 90
0
176
1
 62
18
420
0
176
1
 90
50
176
1
 90
3
176
1
 62
5
420
255
176
1
290
0
176
1
 90
50
176
1
 90
50
176
1
 90
50
176
1
290
0
176
1
 90
50
176
1
 62
256
176
0
 40
1.0
176
0
 90
2
176
1
  1
strokes_ogs.tif
176
1
290
0
176
1
 40
1.0
176
1
 40
1.0
176
1
  0
VISUALSTYLE
  5
6F
102
{ACAD_REACTORS
330
16
102
}
330
16
100
AcDbVisualStyle
  2
Sketchy
 70
24
177
3
291
0
 70
58
 90
2
176
1
 90
2
176
1
 90
0
176
1
 90
1
176
1
 40
0.6
176
1
 40
30.0
176
1
 62
7
420
16777215
176
1
 90
1
176
1
 90
4
176
1
 62
7
176
1
 62
257
176
1
 90
1
176
1
 90
1
176
1
 40
1.0
176
1
 90
8
176
1
 62
7
176
1
 40
1.0
176
1
 90
1
176
1
 90
6
176
1
 90
2
176
1
 62
7
176
1
 90
5
176
1
 90
0
176
1
 90
0
176
1
290
0
176
1
 90
1
176
1
 40
0.0
176
1
 90
0
176
1
290
0
176
1
290
1
176
1
290
1
176
1
290
0
176
1
290
0
176
1
290
0
176
1
290
0
176
1
290
0
176
1
290
0
176
1
 90
50
176
1
 40
0.0
176
1
 40
1.0
176
1
 90
0
176
1
 62
18
420
0
176
1
 90
50
176
1
 90
3
176
1
 62
5
420
255
176
1
290
0
176
1
 90
50
176
1
 90
50
176
1
 90
50
176
1
290
0
176
1
 90
50
176
1
 62
256
176
0
 40
1.0
176
0
 90
2
176
1
  1
strokes_ogs.tif
176
1
290
0
176
1
 40
1.0
176
1
 40
1.0
176
1
  0
VISUALSTYLE
  5
70
102
{ACAD_REACTORS
330
16
102
}
330
16
100
AcDbVisualStyle
  2
Thicken
 70
13
177
3
291
1
 70
58
 90
2
176
1
 90
2
176
1
 90
0
176
1
 90
2
176
1
 40
0.6
176
1
 40
30.0
176
1
 62
7
420
16777215
176
1
 90
1
176
1
 90
4
176
1
 62
7
176
1
 62
257
176
1
 90
1
176
1
 90
1
176
1
 40
1.0
176
1
 90
8
176
1
 62
7
176
1
 40
1.0
176
1
 90
1
176
1
 90
6
176
1
 90
2
176
1
 62
7
176
1
 90
5
176
1
 90
0
176
1
 90
0
176
1
290
0
176
1
 90
1
176
1
 40
0.0
176
1
 90
0
176
1
290
0
176
1
290
1
176
1
290
1
176
1
290
0
176
1
290
0
176
1
290
0
176
1
290
0
176
1
290
0
176
1
290
0
176
1
 90
50
176
1
 40
0.0
176
1
 40
1.0
176
1
 90
0
176
1
 62
18
420
0
176
1
 90
50
176
1
 90
3
176
1
 62
5
420
255
176
1
290
0
176
1
 90
50
176
1
 90
50
176
1
 90
50
176
1
290
0
176
1
 90
50
176
1
 62
256
176
0
 40
1.0
176
0
 90
2
176
1
  1
strokes_ogs.tif
176
1
290
0
176
1
 40
1.0
176
1
 40
1.0
176
1
  0
VISUALSTYLE
  5
71
102
{ACAD_REACTORS
330
16
102
}
330
16
100
AcDbVisualStyle
  2
Wireframe
 70
5
177
3
291
0
 70
58
 90
2
176
1
 90
2
176
1
 90
0
176
1
 90
0
176
1
 40
0.6
176
1
 40
30.0
176
1
 62
7
420
16777215
176
1
 90
1
176
1
 90
4
176
1
 62
7
176
1
 62
257
176
1
 90
1
176
1
 90
1
176
1
 40
1.0
176
1
 90
8
176
1
 62
7
176
1
 40
1.0
176
1
 90
1
176
1
 90
6
176
1
 90
2
176
1
 62
7
176
1
 90
5
176
1
 90
0
176
1
 90
0
176
1
290
0
176
1
 90
1
176
1
 40
0.0
176
1
 90
0
176
1
290
0
176
1
290
1
176
1
290
1
176
1
290
0
176
1
290
0
176
1
290
0
176
1
290
0
176
1
290
0
176
1
290
0
176
1
 90
50
176
1
 40
0.0
176
1
 40
1.0
176
1
 90
0
176
1
 62
18
420
0
176
1
 90
50
176
1
 90
3
176
1
 62
5
420
255
176
1
290
0
176
1
 90
50
176
1
 90
50
176
1
 90
50
176
1
290
0
176
1
 90
50
176
1
 62
256
176
0
 40
1.0
176
0
 90
2
176
1
  1
strokes_ogs.tif
176
1
290
0
176
1
 40
1.0
176
1
 40
1.0
176
1
  0
VISUALSTYLE
  5
72
102
{ACAD_REACTORS
330
16
102
}
330
16
100
AcDbVisualStyle
  2
X-Ray
 70
25
177
3
291
0
 70
58
 90
2
176
1
 90
2
176
1
 90
0
176
1
 90
2
176
1
 40
0.5
176
1
 40
30.0
176
1
 62
7
420
16777215
176
1
 90
1
176
1
 90
4
176
1
 62
7
176
1
 62
257
176
1
 90
1
176
1
 90
1
176
1
 40
1.0
176
1
 90
8
176
1
 62
7
176
1
 40
1.0
176
1
 90
1
176
1
 90
6
176
1
 90
2
176
1
 62
7
176
1
 90
5
176
1
 90
0
176
1
 90
0
176
1
290
0
176
1
 90
1
176
1
 40
0.0
176
1
 90
0
176
1
290
0
176
1
290
1
176
1
290
1
176
1
290
0
176
1
290
0
176
1
290
0
176
1
290
0
176
1
290
0
176
1
290
0
176
1
 90
50
176
1
 40
0.0
176
1
 40
1.0
176
1
 90
0
176
1
 62
18
420
0
176
1
 90
50
176
1
 90
3
176
1
 62
5
420
255
176
1
290
0
176
1
 90
50
176
1
 90
50
176
1
 90
50
176
1
290
0
176
1
 90
50
176
1
 62
256
176
0
 40
1.0
176
0
 90
2
176
1
  1
strokes_ogs.tif
176
1
290
0
176
1
 40
1.0
176
1
 40
1.0
176
1
  0
WIPEOUTVARIABLES
  5
8A
102
{ACAD_REACTORS
330
A
102
}
330
A
100
AcDbWipeoutVariables
 70
0
  0
DICTIONARY
  5
8B
330
A
100
AcDbDictionary
281
1
  3
WIPEOUTFRAME
350
8C
  0
DICTIONARYVAR
  5
8C
330
8B
100
DictionaryVariables
280
0
  1
0
  0
DICTIONARYVAR
  5
32B
330
2D
100
DictionaryVariables
280
0
  1
1.4.4 @ 2026-09-29T15:46:39.440587+00:00
  0
ENDSEC
  0
EOF
