  0
SECTION
  2
HEADER
  9
$ACADVER
  1
AC1027
  9
$ACADMAINTVER
 70
105
  9
$DWGCODEPAGE
  3
ANSI_1252
  9
$LASTSAVEDBY
  1
ezdxf
  9
$REQUIREDVERSIONS
160
0
  9
$INSBASE
 10
0.0
 20
0.0
 30
0.0
  9
$EXTMIN
 10
1e+20
 20
1e+20
 30
1e+20
  9
$EXTMAX
 10
-1e+20
 20
-1e+20
 30
-1e+20
  9
$LIMMIN
 10
0.0
 20
0.0
  9
$LIMMAX
 10
420.0
 20
297.0
  9
$ORTHOMODE
 70
0
  9
$REGENMODE
 70
1
  9
$FILLMODE
 70
1
  9
$QTEXTMODE
 70
0
  9
$MIRRTEXT
 70
1
  9
$LTSCALE
 40
1.0
  9
$ATTMODE
 70
1
  9
$TEXTSIZE
 40
2.5
  9
$TRACEWID
 40
1.0
  9
$TEXTSTYLE
  7
OpenSans
  9
$CLAYER
  8
0
  9
$CELTYPE
  6
ByLayer
  9
$CECOLOR
 62
256
  9
$CELTSCALE
 40
1.0
  9
$DISPSILH
 70
0
  9
$DIMSCALE
 40
1.0
  9
$DIMASZ
 40
0.175
  9
$DIMEXO
 40
0.125
  9
$DIMDLI
 40
3.75
  9
$DIMRND
 40
0.0
  9
$DIMDLE
 40
0.0
  9
$DIMEXE
 40
0.375
  9
$DIMTP
 40
0.0
  9
$DIMTM
 40
0.0
  9
$DIMTXT
 40
0.25
  9
$DIMCEN
 40
2.5
  9
$DIMTSZ
 40
0.0
  9
$DIMTOL
 70
0
  9
$DIMLIM
 70
0
  9
$DIMTIH
 70
0
  9
$DIMTOH
 70
0
  9
$DIMSE1
 70
0
  9
$DIMSE2
 70
0
  9
$DIMTAD
 70
1
  9
$DIMZIN
 70
12
  9
$DIMBLK
  1
ARCHTICK
  9
$DIMASO
 70
1
  9
$DIMSHO
 70
1
  9
$DIMPOST
  1

  9
$DIMAPOST
  1

  9
$DIMALT
 70
0
  9
$DIMALTD
 70
3
  9
$DIMALTF
 40
0.03937007874
  9
$DIMLFAC
 40
100.0
  9
$DIMTOFL
 70
1
  9
$DIMTVP
 40
0.0
  9
$DIMTIX
 70
0
  9
$DIMSOXD
 70
0
  9
$DIMSAH
 70
0
  9
$DIMBLK1
  1

  9
$DIMBLK2
  1

  9
$DIMSTYLE
  2
EZDXF
  9
$DIMCLRD
 70
0
  9
$DIMCLRE
 70
0
  9
$DIMCLRT
 70
0
  9
$DIMTFAC
 40
0.5
  9
$DIMGAP
 40
0.1
  9
$DIMJUST
 70
0
  9
$DIMSD1
 70
0
  9
$DIMSD2
 70
0
  9
$DIMTOLJ
 70
0
  9
$DIMTZIN
 70
8
  9
$DIMALTZ
 70
0
  9
$DIMALTTZ
 70
0
  9
$DIMUPT
 70
1
  9
$DIMDEC
 70
2
  9
$DIMTDEC
 70
2
  9
$DIMALTU
 70
2
  9
$DIMALTTD
 70
3
  9
$DIMTXSTY
  7
OpenSansCondensed-Light
  9
$DIMAUNIT
 70
0
  9
$DIMADEC
 70
2
  9
$DIMALTRND
 40
0.0
  9
$DIMAZIN
 70
3
  9
$DIMDSEP
 70
46
  9
$DIMATFIT
 70
3
  9
$DIMFRAC
 70
0
  9
$DIMLDRBLK
  1

  9
$DIMLUNIT
 70
2
  9
$DIMLWD
 70
-2
  9
$DIMLWE
 70
-2
  9
$DIMTMOVE
 70
2
  9
$DIMFXL
 40
1.0
  9
$DIMFXLON
 70
0
  9
$DIMJOGANG
 40
0.785398163397
  9
$DIMTFILL
 70
0
  9
$DIMTFILLCLR
 70
0
  9
$DIMARCSYM
 70
0
  9
$DIMLTYPE
  6

  9
$DIMLTEX1
  6

  9
$DIMLTEX2
  6

  9
$DIMTXTDIRECTION
 70
0
  9
$LUNITS
 70
2
  9
$LUPREC
 70
4
  9
$SKETCHINC
 40
1.0
  9
$FILLETRAD
 40
10.0
  9
$AUNITS
 70
0
  9
$AUPREC
 70
2
  9
$MENU
  1
.
  9
$ELEVATION
 40
0.0
  9
$PELEVATION
 40
0.0
  9
$THICKNESS
 40
0.0
  9
$LIMCHECK
 70
0
  9
$CHAMFERA
 40
0.0
  9
$CHAMFERB
 40
0.0
  9
$CHAMFERC
 40
0.0
  9
$CHAMFERD
 40
0.0
  9
$SKPOLY
 70
0
  9
$TDCREATE
 40
2461313.657395833
  9
$TDUCREATE
 40
2458532.153996898
  9
$TDUPDATE
 40
2461313.657395833
  9
$TDUUPDATE
 40
2458532.1544311
  9
$TDINDWG
 40
0.0
  9
$TDUSRTIMER
 40
0.0
  9
$USRTIMER
 70
1
  9
$ANGBASE
 50
0.0
  9
$ANGDIR
 70
0
  9
$PDMODE
 70
0
  9
$PDSIZE
 40
0.0
  9
$PLINEWID
 40
0.0
  9
$SPLFRAME
 70
0
  9
$SPLINETYPE
 70
6
  9
$SPLINESEGS
 70
8
  9
$HANDSEED
  5
32C
  9
$SURFTAB1
 70
6
  9
$SURFTAB2
 70
6
  9
$SURFTYPE
 70
6
  9
$SURFU
 70
6
  9
$SURFV
 70
6
  9
$UCSBASE
  2

  9
$UCSNAME
  2

  9
$UCSORG
 10
0.0
 20
0.0
 30
0.0
  9
$UCSXDIR
 10
1.0
 20
0.0
 30
0.0
  9
$UCSYDIR
 10
0.0
 20
1.0
 30
0.0
  9
$UCSORTHOREF
  2

  9
$UCSORTHOVIEW
 70
0
  9
$UCSORGTOP
 10
0.0
 20
0.0
 30
0.0
  9
$UCSORGBOTTOM
 10
0.0
 20
0.0
 30
0.0
  9
$UCSORGLEFT
 10
0.0
 20
0.0
 30
0.0
  9
$UCSORGRIGHT
 10
0.0
 20
0.0
 30
0.0
  9
$UCSORGFRONT
 10
0.0
 20
0.0
 30
0.0
  9
$UCSORGBACK
 10
0.0
 20
0.0
 30
0.0
  9
$PUCSBASE
  2

  9
$PUCSNAME
  2

  9
$PUCSORG
 10
0.0
 20
0.0
 30
0.0
  9
$PUCSXDIR
 10
1.0
 20
0.0
 30
0.0
  9
$PUCSYDIR
 10
0.0
 20
1.0
 30
0.0
  9
$PUCSORTHOREF
  2

  9
$PUCSORTHOVIEW
 70
0
  9
$PUCSORGTOP
 10
0.0
 20
0.0
 30
0.0
  9
$PUCSORGBOTTOM
 10
0.0
 20
0.0
 30
0.0
  9
$PUCSORGLEFT
 10
0.0
 20
0.0
 30
0.0
  9
$PUCSORGRIGHT
 10
0.0
 20
0.0
 30
0.0
  9
$PUCSORGFRONT
 10
0.0
 20
0.0
 30
0.0
  9
$PUCSORGBACK
 10
0.0
 20
0.0
 30
0.0
  9
$USERI1
 70
0
  9
$USERI2
 70
0
  9
$USERI3
 70
0
  9
$USERI4
 70
0
  9
$USERI5
 70
0
  9
$USERR1
 40
0.0
  9
$USERR2
 40
0.0
  9
$USERR3
 40
0.0
  9
$USERR4
 40
0.0
  9
$USERR5
 40
0.0
  9
$WORLDVIEW
 70
1
  9
$SHADEDGE
 70
3
  9
$SHADEDIF
 70
70
  9
$TILEMODE
 70
1
  9
$MAXACTVP
 70
64
  9
$PINSBASE
 10
0.0
 20
0.0
 30
0.0
  9
$PLIMCHECK
 70
0
  9
$PEXTMIN
 10
1e+20
 20
1e+20
 30
1e+20
  9
$PEXTMAX
 10
-1e+20
 20
-1e+20
 30
-1e+20
  9
$PLIMMIN
 10
0.0
 20
0.0
  9
$PLIMMAX
 10
420.0
 20
297.0
  9
$UNITMODE
 70
0
  9
$VISRETAIN
 70
1
  9
$PLINEGEN
 70
0
  9
$PSLTSCALE
 70
1
  9
$TREEDEPTH
 70
3020
  9
$CMLSTYLE
  2
Standard
  9
$CMLJUST
 70
0
  9
$CMLSCALE
 40
20.0
  9
$PROXYGRAPHICS
 70
1
  9
$MEASUREMENT
 70
1
  9
$CELWEIGHT
370
-1
  9
$ENDCAPS
280
0
  9
$JOINSTYLE
280
0
  9
$LWDISPLAY
290
1
  9
$INSUNITS
 70
6
  9
$HYPERLINKBASE
  1

  9
$STYLESHEET
  1

  9
$XEDIT
290
1
  9
$CEPSNTYPE
380
0
  9
$PSTYLEMODE
290
1
  9
$FINGERPRINTGUID
  2
{7F7E0E86-5327-40B3-9621-A372655C0D11}
  9
$VERSIONGUID
  2
{948DAAA4-5CD7-459B-B112-BECD6166A489}
  9
$EXTNAMES
290
1
  9
$PSVPSCALE
 40
0.0
  9
$OLESTARTUP
290
0
  9
$SORTENTS
280
127
  9
$INDEXCTL
280
0
  9
$HIDETEXT
280
1
  9
$XCLIPFRAME
280
1
  9
$HALOGAP
280
0
  9
$OBSCOLOR
 70
257
  9
$OBSLTYPE
280
0
  9
$INTERSECTIONDISPLAY
280
0
  9
$INTERSECTIONCOLOR
 70
257
  9
$DIMASSOC
280
2
  9
$PROJECTNAME
  1

  9
$CAMERADISPLAY
290
0
  9
$LENSLENGTH
 40
50.0
  9
$CAMERAHEIGHT
 40
0.0
  9
$STEPSPERSEC
 40
24.0
  9
$STEPSIZE
 40
100.0
  9
$3DDWFPREC
 40
2.0
  9
$PSOLWIDTH
 40
0.005
  9
$PSOLHEIGHT
 40
0.08
  9
$LOFTANG1
 40
1.570796326795
  9
$LOFTANG2
 40
1.570796326795
  9
$LOFTMAG1
 40
0.0
  9
$LOFTMAG2
 40
0.0
  9
$LOFTPARAM
 70
7
  9
$LOFTNORMALS
280
1
  9
$LATITUDE
 40
37.795
  9
$LONGITUDE
 40
-122.394
  9
$NORTHDIRECTION
 40
0.0
  9
$TIMEZONE
 70
-8000
  9
$LIGHTGLYPHDISPLAY
280
1
  9
$TILEMODELIGHTSYNCH
280
1
  9
$CMATERIAL
347
20
  9
$SOLIDHIST
280
0
  9
$SHOWHIST
280
1
  9
$DWFFRAME
280
2
  9
$DGNFRAME
280
2
  9
$REALWORLDSCALE
290
1
  9
$INTERFERECOLOR
 62
256
  9
$CSHADOW
280
0
  9
$SHADOWPLANELOCATION
 40
0.0
  0
ENDSEC
  0
SECTION
  2
CLASSES
  0
CLASS
  1
ACDBDICTIONARYWDFLT
  2
AcDbDictionaryWithDefault
  3
ObjectDBX Classes
 90
0
 91
0
280
0
281
0
  0
CLASS
  1
SUN
  2
AcDbSun
  3
SCENEOE
 90
1153
 91
0
280
0
281
0
  0
CLASS
  1
VISUALSTYLE
  2
AcDbVisualStyle
  3
ObjectDBX Classes
 90
4095
 91
0
280
0
281
0
  0
CLASS
  1
MATERIAL
  2
AcDbMaterial
  3
ObjectDBX Classes
 90
1153
 91
0
280
0
281
0
  0
CLASS
  1
SCALE
  2
AcDbScale
  3
ObjectDBX Classes
 90
1153
 91
0
280
0
281
0
  0
CLASS
  1
TABLESTYLE
  2
AcDbTableStyle
  3
ObjectDBX Classes
 90
4095
 91
0
280
0
281
0
  0
CLASS
  1
MLEADERSTYLE
  2
AcDbMLeaderStyle
  3
ACDB_MLEADERSTYLE_CLASS
 90
4095
 91
0
280
0
281
0
  0
CLASS
  1
DICTIONARYVAR
  2
AcDbDictionaryVar
  3
ObjectDBX Classes
 90
0
 91
0
280
0
281
0
  0
CLASS
  1
CELLSTYLEMAP
  2
AcDbCellStyleMap
  3
ObjectDBX Classes
 90
1152
 91
0
280
0
281
0
  0
CLASS
  1
MENTALRAYRENDERSETTINGS
  2
AcDbMentalRayRenderSettings
  3
SCENEOE
 90
1024
 91
0
280
0
281
0
  0
CLASS
  1
ACDBDETAILVIEWSTYLE
  2
AcDbDetailViewStyle
  3
ObjectDBX Classes
 90
1025
 91
0
280
0
281
0
  0
CLASS
  1
ACDBSECTIONVIEWSTYLE
  2
AcDbSectionViewStyle
  3
ObjectDBX Classes
 90
1025
 91
0
280
0
281
0
  0
CLASS
  1
RASTERVARIABLES
  2
AcDbRasterVariables
  3
ISM
 90
0
 91
0
280
0
281
0
  0
CLASS
  1
ACDBPLACEHOLDER
  2
AcDbPlaceHolder
  3
ObjectDBX Classes
 90
0
 91
0
280
0
281
0
  0
CLASS
  1
WIPEOUTVARIABLES
  2
AcDbWipeoutVariables
  3
WipeOut
 90
0
 91
0
280
0
281
0
  0
CLASS
  1
WIPEOUT
  2
AcDbWipeout
  3
WipeOut
 90
127
 91
0
280
0
281
1
  0
CLASS
  1
LAYOUT
  2
AcDbLayout
  3
ObjectDBX Classes
 90
0
 91
0
280
0
281
0
  0
ENDSEC
  0
SECTION
  2
TABLES
  0
TABLE
  2
VPORT
  5
8
330
0
100
AcDbSymbolTable
 70
1
  0
VPORT
  5
23
330
8
100
AcDbSymbolTableRecord
100
AcDbViewportTableRecord
  2
*Active
 70
0
 10
0.0
 20
0.0
 11
1.0
 21
1.0
 12
0.0
 22
0.0
 13
0.0
 23
0.0
 14
0.5
 24
0.5
 15
0.5
 25
0.5
 16
0.0
 26
0.0
 36
1.0
 17
0.0
 27
0.0
 37
0.0
 40
1000.0
 41
1.34
 42
50.0
 43
0.0
 44
0.0
 50
0.0
 51
0.0
 71
0
 72
1000
 73
1
 74
3
 75
0
 76
0
 77
0
 78
0
281
0
 65
0
146
0.0
  0
ENDTAB
  0
TABLE
  2
LTYPE
  5
2
330
0
100
AcDbSymbolTable
 70
21
  0
LTYPE
  5
24
330
2
100
AcDbSymbolTableRecord
100
AcDbLinetypeTableRecord
  2
ByBlock
 70
0
  3

 72
65
 73
0
 40
0.0
  0
LTYPE
  5
25
330
2
100
AcDbSymbolTableRecord
100
AcDbLinetypeTableRecord
  2
ByLayer
 70
0
  3

 72
65
 73
0
 40
0.0
  0
LTYPE
  5
26
330
2
100
AcDbSymbolTableRecord
100
AcDbLinetypeTableRecord
  2
Continuous
 70
0
  3

 72
65
 73
0
 40
0.0
  0
LTYPE
  5
2F
330
2
100
AcDbSymbolTableRecord
100
AcDbLinetypeTableRecord
  2
CENTER
 70
0
  3
Center ____ _ ____ _ ____ _ ____ _ ____ _ ____
 72
65
 73
4
 40
5.08
 49
3.175
 74
0
 49
-0.635
 74
0
 49
0.635
 74
0
 49
-0.635
 74
0
  0
LTYPE
  5
30
330
2
100
AcDbSymbolTableRecord
100
AcDbLinetypeTableRecord
  2
CENTERX2
 70
0
  3
Center (2x) ________  __  ________  __  ________
 72
65
 73
4
 40
8.89
 49
6.35
 74
0
 49
-0.635
 74
0
 49
1.27
 74
0
 49
-0.635
 74
0
  0
LTYPE
  5
31
330
2
100
AcDbSymbolTableRecord
100
AcDbLinetypeTableRecord
  2
CENTER2
 70
0
  3
Center (.5x) ____ _ ____ _ ____ _ ____ _ ____
 72
65
 73
4
 40
2.54
 49
1.587
 74
0
 49
-0.318
 74
0
 49
0.318
 74
0
 49
-0.318
 74
0
  0
LTYPE
  5
32
330
2
100
AcDbSymbolTableRecord
100
AcDbLinetypeTableRecord
  2
DASHED
 70
0
  3
Dashed __ __ __ __ __ __ __ __ __ __ __ __ __ _
 72
65
 73
2
 40
1.524
 49
1.27
 74
0
 49
-0.254
 74
0
  0
LTYPE
  5
33
330
2
100
AcDbSymbolTableRecord
100
AcDbLinetypeTableRecord
  2
DASHEDX2
 70
0
  3
Dashed (2x) ____  ____  ____  ____  ____  ____
 72
65
 73
2
 40
3.048
 49
2.54
 74
0
 49
-0.508
 74
0
  0
LTYPE
  5
34
330
2
100
AcDbSymbolTableRecord
100
AcDbLinetypeTableRecord
  2
DASHED2
 70
0
  3
Dashed (.5x) _ _ _ _ _ _ _ _ _ _ _ _ _ _
 72
65
 73
2
 40
0.762
 49
0.635
 74
0
 49
-0.127
 74
0
  0
LTYPE
  5
35
330
2
100
AcDbSymbolTableRecord
100
AcDbLinetypeTableRecord
  2
PHANTOM
 70
0
  3
Phantom ______  __  __  ______  __  __  ______
 72
65
 73
6
 40
6.35
 49
3.175
 74
0
 49
-0.635
 74
0
 49
0.635
 74
0
 49
-0.635
 74
0
 49
0.635
 74
0
 49
-0.635
 74
0
  0
LTYPE
  5
36
330
2
100
AcDbSymbolTableRecord
100
AcDbLinetypeTableRecord
  2
PHANTOMX2
 70
0
  3
Phantom (2x)____________    ____    ____    ____________
 72
65
 73
6
 40
10.795
 49
6.35
 74
0
 49
-0.635
 74
0
 49
1.27
 74
0
 49
-0.635
 74
0
 49
1.27
 74
0
 49
-0.635
 74
0
  0
LTYPE
  5
37
330
2
100
AcDbSymbolTableRecord
100
AcDbLinetypeTableRecord
  2
PHANTOM2
 70
0
  3
Phantom (.5x) ___ _ _ ___ _ _ ___ _ _ ___ _ _ ___
 72
65
 73
6
 40
3.175
 49
1.587
 74
0
 49
-0.318
 74
0
 49
0.318
 74
0
 49
-0.318
 74
0
 49
0.318
 74
0
 49
-0.318
 74
0
  0
LTYPE
  5
38
330
2
100
AcDbSymbolTableRecord
100
AcDbLinetypeTableRecord
  2
DASHDOT
 70
0
  3
Dash dot __ . __ . __ . __ . __ . __ . __ . __
 72
65
 73
4
 40
3.556
 49
2.54
 74
0
 49
-0.508
 74
0
 49
0.0
 74
0
 49
-0.508
 74
0
  0
LTYPE
  5
39
330
2
100
AcDbSymbolTableRecord
100
AcDbLinetypeTableRecord
  2
DASHDOTX2
 70
0
  3
Dash dot (2x) ____  .  ____  .  ____  .  ____
 72
65
 73
4
 40
6.096
 49
5.08
 74
0
 49
-0.508
 74
0
 49
0.0
 74
0
 49
-0.508
 74
0
  0
LTYPE
  5
3A
330
2
100
AcDbSymbolTableRecord
100
AcDbLinetypeTableRecord
  2
DASHDOT2
 70
0
  3
Dash dot (.5x) _ . _ . _ . _ . _ . _ . _ . _
 72
65
 73
4
 40
1.778
 49
1.27
 74
0
 49
-0.254
 74
0
 49
0.0
 74
0
 49
-0.254
 74
0
  0
LTYPE
  5
3B
330
2
100
AcDbSymbolTableRecord
100
AcDbLinetypeTableRecord
  2
DOT
 70
0
  3
Dot .  .  .  .  .  .  .  .  .  .  .  .  .  .  .  .
 72
65
 73
2
 40
0.508
 49
0.0
 74
0
 49
-0.508
 74
0
  0
LTYPE
  5
3C
330
2
100
AcDbSymbolTableRecord
100
AcDbLinetypeTableRecord
  2
DOTX2
 70
0
  3
Dot (2x) .    .    .    .    .    .    .    . 
 72
65
 73
2
 40
1.016
 49
0.0
 74
0
 49
-1.016
 74
0
  0
LTYPE
  5
3D
330
2
100
AcDbSymbolTableRecord
100
AcDbLinetypeTableRecord
  2
DOT2
 70
0
  3
Dot (.5) . . . . . . . . . . . . . . . . . . . 
 72
65
 73
2
 40
0.254
 49
0.0
 74
0
 49
-0.254
 74
0
  0
LTYPE
  5
3E
330
2
100
AcDbSymbolTableRecord
100
AcDbLinetypeTableRecord
  2
DIVIDE
 70
0
  3
Divide __ . . __ . . __ . . __ . . __ . . __
 72
65
 73
6
 40
4.064
 49
2.54
 74
0
 49
-0.508
 74
0
 49
0.0
 74
0
 49
-0.508
 74
0
 49
0.0
 74
0
 49
-0.508
 74
0
  0
LTYPE
  5
3F
330
2
100
AcDbSymbolTableRecord
100
AcDbLinetypeTableRecord
  2
DIVIDEX2
 70
0
  3
Divide (2x) ____  . .  ____  . .  ____  . .  ____
 72
65
 73
6
 40
6.604
 49
5.08
 74
0
 49
-0.508
 74
0
 49
0.0
 74
0
 49
-0.508
 74
0
 49
0.0
 74
0
 49
-0.508
 74
0
  0
LTYPE
  5
40
330
2
100
AcDbSymbolTableRecord
100
AcDbLinetypeTableRecord
  2
DIVIDE2
 70
0
  3
Divide(.5x) _ . _ . _ . _ . _ . _ . _ . _
 72
65
 73
6
 40
2.032
 49
1.27
 74
0
 49
-0.254
 74
0
 49
0.0
 74
0
 49
-0.254
 74
0
 49
0.0
 74
0
 49
-0.254
 74
0
  0
ENDTAB
  0
TABLE
  2
LAYER
  5
1
330
0
100
AcDbSymbolTable
 70
10
  0
LAYER
  5
27
330
1
100
AcDbSymbolTableRecord
100
AcDbLayerTableRecord
  2
0
 70
0
 62
7
  6
Continuous
370
-3
390
13
347
21
  0
LAYER
  5
28
330
1
100
AcDbSymbolTableRecord
100
AcDbLayerTableRecord
  2
Defpoints
 70
0
 62
7
  6
Continuous
290
0
370
-3
390
13
347
21
  0
LAYER
  5
8E
330
1
100
AcDbSymbolTableRecord
100
AcDbLayerTableRecord
  2
PS-MOBILIARIO
 70
0
 62
3
  6
Continuous
370
-3
390
13
347
21
  0
LAYER
  5
8F
330
1
100
AcDbSymbolTableRecord
100
AcDbLayerTableRecord
  2
PS-ALFOMBRAS
 70
0
 62
42
  6
Continuous
370
-3
390
13
347
21
  0
LAYER
  5
90
330
1
100
AcDbSymbolTableRecord
100
AcDbLayerTableRecord
  2
PS-ILUMINACION
 70
0
 62
6
  6
Continuous
370
-3
390
13
347
21
  0
LAYER
  5
91
330
1
100
AcDbSymbolTableRecord
100
AcDbLayerTableRecord
  2
PS-CARPINTERIA
 70
0
 62
4
  6
Continuous
370
-3
390
13
347
21
  0
LAYER
  5
92
330
1
100
AcDbSymbolTableRecord
100
AcDbLayerTableRecord
  2
PS-SEGURIDAD
 70
0
 62
30
  6
Continuous
370
-3
390
13
347
21
  0
LAYER
  5
93
330
1
100
AcDbSymbolTableRecord
100
AcDbLayerTableRecord
  2
PS-TEXTOS
 70
0
 62
7
  6
Continuous
370
-3
390
13
347
21
  0
LAYER
  5
94
330
1
100
AcDbSymbolTableRecord
100
AcDbLayerTableRecord
  2
PS-COTAS
 70
0
 62
1
  6
Continuous
370
-3
390
13
347
21
  0
LAYER
  5
95
330
1
100
AcDbSymbolTableRecord
100
AcDbLayerTableRecord
  2
PS-REF-PLANO
 70
1
 62
9
  6
Continuous
370
-3
390
13
347
21
  0
ENDTAB
  0
TABLE
  2
STYLE
  5
5
330
0
100
AcDbSymbolTable
 70
27
  0
STYLE
  5
29
330
5
100
AcDbSymbolTableRecord
100
AcDbTextStyleTableRecord
  2
Standard
 70
0
 40
0.0
 41
1.0
 50
0.0
 71
0
 42
2.5
  3
txt
  4

  0
STYLE
  5
41
330
5
100
AcDbSymbolTableRecord
100
AcDbTextStyleTableRecord
  2
OpenSans-Light
 70
0
 40
0.0
 41
1.0
 50
0.0
 71
0
 42
2.5
  3
OpenSans-Light.ttf
  4

  0
STYLE
  5
42
330
5
100
AcDbSymbolTableRecord
100
AcDbTextStyleTableRecord
  2
OpenSans-Light-Italic
 70
0
 40
0.0
 41
1.0
 50
0.0
 71
0
 42
2.5
  3
OpenSans-LightItalic.ttf
  4

  0
STYLE
  5
43
330
5
100
AcDbSymbolTableRecord
100
AcDbTextStyleTableRecord
  2
OpenSans
 70
0
 40
0.0
 41
1.0
 50
0.0
 71
0
 42
2.5
  3
OpenSans-Regular.ttf
  4

  0
STYLE
  5
44
330
5
100
AcDbSymbolTableRecord
100
AcDbTextStyleTableRecord
  2
OpenSans-Italic
 70
0
 40
0.0
 41
1.0
 50
0.0
 71
0
 42
2.5
  3
OpenSans-Italic.ttf
  4

  0
STYLE
  5
45
330
5
100
AcDbSymbolTableRecord
100
AcDbTextStyleTableRecord
  2
OpenSans-SemiBold
 70
0
 40
0.0
 41
1.0
 50
0.0
 71
0
 42
2.5
  3
OpenSans-SemiBold.ttf
  4

  0
STYLE
  5
46
330
5
100
AcDbSymbolTableRecord
100
AcDbTextStyleTableRecord
  2
OpenSans-SemiBoldItalic
 70
0
 40
0.0
 41
1.0
 50
0.0
 71
0
 42
2.5
  3
OpenSans-SemiBoldItalic.ttf
  4

  0
STYLE
  5
47
330
5
100
AcDbSymbolTableRecord
100
AcDbTextStyleTableRecord
  2
OpenSans-Bold
 70
0
 40
0.0
 41
1.0
 50
0.0
 71
0
 42
2.5
  3
OpenSans-Bold.ttf
  4

  0
STYLE
  5
48
330
5
100
AcDbSymbolTableRecord
100
AcDbTextStyleTableRecord
  2
OpenSans-BoldItalic
 70
0
 40
0.0
 41
1.0
 50
0.0
 71
0
 42
2.5
  3
OpenSans-BoldItalic.ttf
  4

  0
STYLE
  5
49
330
5
100
AcDbSymbolTableRecord
100
AcDbTextStyleTableRecord
  2
OpenSans-ExtraBold
 70
0
 40
0.0
 41
1.0
 50
0.0
 71
0
 42
2.5
  3
OpenSans-ExtraBold.ttf
  4

  0
STYLE
  5
4A
330
5
100
AcDbSymbolTableRecord
100
AcDbTextStyleTableRecord
  2
OpenSans-ExtraBoldItalic
 70
0
 40
0.0
 41
1.0
 50
0.0
 71
0
 42
2.5
  3
OpenSans-ExtraBoldItalic.ttf
  4

  0
STYLE
  5
4B
330
5
100
AcDbSymbolTableRecord
100
AcDbTextStyleTableRecord
  2
OpenSansCondensed-Bold
 70
0
 40
0.0
 41
1.0
 50
0.0
 71
0
 42
2.5
  3
OpenSansCondensed-Bold.ttf
  4

  0
STYLE
  5
4C
330
5
100
AcDbSymbolTableRecord
100
AcDbTextStyleTableRecord
  2
OpenSansCondensed-Light
 70
0
 40
0.0
 41
1.0
 50
0.0
 71
0
 42
2.5
  3
OpenSansCondensed-Light.ttf
  4

  0
STYLE
  5
4D
330
5
100
AcDbSymbolTableRecord
100
AcDbTextStyleTableRecord
  2
OpenSansCondensed-Italic
 70
0
 40
0.0
 41
1.0
 50
0.0
 71
0
 42
2.5
  3
OpenSansCondensed-LightItalic.ttf
  4

  0
STYLE
  5
4E
330
5
100
AcDbSymbolTableRecord
100
AcDbTextStyleTableRecord
  2
LiberationSans
 70
0
 40
0.0
 41
1.0
 50
0.0
 71
0
 42
2.5
  3
LiberationSans-Regular.ttf
  4

  0
STYLE
  5
4F
330
5
100
AcDbSymbolTableRecord
100
AcDbTextStyleTableRecord
  2
LiberationSans-Bold
 70
0
 40
0.0
 41
1.0
 50
0.0
 71
0
 42
2.5
  3
LiberationSans-Bold.ttf
  4

  0
STYLE
  5
50
330
5
100
AcDbSymbolTableRecord
100
AcDbTextStyleTableRecord
  2
LiberationSans-BoldItalic
 70
0
 40
0.0
 41
1.0
 50
0.0
 71
0
 42
2.5
  3
LiberationSans-BoldItalic.ttf
  4

  0
STYLE
  5
51
330
5
100
AcDbSymbolTableRecord
100
AcDbTextStyleTableRecord
  2
LiberationSans-Italic
 70
0
 40
0.0
 41
1.0
 50
0.0
 71
0
 42
2.5
  3
LiberationSans-Italic.ttf
  4

  0
STYLE
  5
52
330
5
100
AcDbSymbolTableRecord
100
AcDbTextStyleTableRecord
  2
LiberationSerif
 70
0
 40
0.0
 41
1.0
 50
0.0
 71
0
 42
2.5
  3
LiberationSerif-Regular.ttf
  4

  0
STYLE
  5
53
330
5
100
AcDbSymbolTableRecord
100
AcDbTextStyleTableRecord
  2
LiberationSerif-Bold
 70
0
 40
0.0
 41
1.0
 50
0.0
 71
0
 42
2.5
  3
LiberationSerif-Bold.ttf
  4

  0
STYLE
  5
54
330
5
100
AcDbSymbolTableRecord
100
AcDbTextStyleTableRecord
  2
LiberationSerif-BoldItalic
 70
0
 40
0.0
 41
1.0
 50
0.0
 71
0
 42
2.5
  3
LiberationSerif-BoldItalic.ttf
  4

  0
STYLE
  5
55
330
5
100
AcDbSymbolTableRecord
100
AcDbTextStyleTableRecord
  2
LiberationSerif-Italic
 70
0
 40
0.0
 41
1.0
 50
0.0
 71
0
 42
2.5
  3
LiberationSerif-Italic.ttf
  4

  0
STYLE
  5
56
330
5
100
AcDbSymbolTableRecord
100
AcDbTextStyleTableRecord
  2
LiberationMono
 70
0
 40
0.0
 41
1.0
 50
0.0
 71
0
 42
2.5
  3
LiberationMono-Regular.ttf
  4

  0
STYLE
  5
57
330
5
100
AcDbSymbolTableRecord
100
AcDbTextStyleTableRecord
  2
LiberationMono-Bold
 70
0
 40
0.0
 41
1.0
 50
0.0
 71
0
 42
2.5
  3
LiberationMono-Bold.ttf
  4

  0
STYLE
  5
58
330
5
100
AcDbSymbolTableRecord
100
AcDbTextStyleTableRecord
  2
LiberationMono-BoldItalic
 70
0
 40
0.0
 41
1.0
 50
0.0
 71
0
 42
2.5
  3
LiberationMono-BoldItalic.ttf
  4

  0
STYLE
  5
59
330
5
100
AcDbSymbolTableRecord
100
AcDbTextStyleTableRecord
  2
LiberationMono-Italic
 70
0
 40
0.0
 41
1.0
 50
0.0
 71
0
 42
2.5
  3
LiberationMono-Italic.ttf
  4

  0
STYLE
  5
8D
330
5
100
AcDbSymbolTableRecord
100
AcDbTextStyleTableRecord
  2
PS
 70
0
 40
0.0
 41
1.0
 50
0.0
 71
0
 42
2.5
  3
arial.ttf
  4

  0
ENDTAB
  0
TABLE
  2
VIEW
  5
7
330
0
100
AcDbSymbolTable
 70
0
  0
ENDTAB
  0
TABLE
  2
UCS
  5
6
330
0
100
AcDbSymbolTable
 70
0
  0
ENDTAB
  0
TABLE
  2
APPID
  5
3
330
0
100
AcDbSymbolTable
 70
3
  0
APPID
  5
2A
330
3
100
AcDbSymbolTableRecord
100
AcDbRegAppTableRecord
  2
ACAD
 70
0
  0
APPID
  5
329
330
3
100
AcDbSymbolTableRecord
100
AcDbRegAppTableRecord
  2
HATCHBACKGROUNDCOLOR
 70
0
  0
APPID
  5
32A
330
3
100
AcDbSymbolTableRecord
100
AcDbRegAppTableRecord
  2
EZDXF
 70
0
  0
ENDTAB
  0
TABLE
  2
DIMSTYLE
  5
4
330
0
100
AcDbSymbolTable
 70
13
100
AcDbDimStyleTable
  0
DIMSTYLE
105
2B
330
4
100
AcDbSymbolTableRecord
100
AcDbDimStyleTableRecord
  2
Standard
 70
0
 40
1.0
 41
2.5
 42
0.625
 43
3.75
 44
1.25
 45
0.0
 46
0.0
 47
0.0
 48
0.0
 49
2.5
140
2.5
141
2.5
142
0.0
143
0.03937007874
144
1.0
145
0.0
146
1.0
147
0.625
148
0.0
 69
0
 70
0
 71
0
 72
0
 73
0
 74
0
 75
0
 76
0
 77
1
 78
8
 79
3
170
0
171
3
172
1
173
0
174
0
175
0
176
0
177
0
178
0
179
2
271
2
272
2
273
2
274
3
275
0
276
0
277
2
278
44
279
0
280
0
281
0
282
0
283
0
284
8
285
0
286
0
288
0
289
3
290
0
371
-2
372
-2
  0
DIMSTYLE
105
73
330
4
100
AcDbSymbolTableRecord
100
AcDbDimStyleTableRecord
  2
EZDXF
 70
0
 40
1.0
 41
0.175
 42
0.125
 43
3.75
 44
0.375
 45
0.0
 46
0.0
 47
0.0
 48
0.0
 49
2.5
140
0.25
141
2.5
142
0.0
143
0.03937007874
144
100.0
145
0.0
146
0.5
147
0.1
148
0.0
 69
0
 70
0
 71
0
 72
0
 73
0
 74
0
 75
0
 76
0
 77
1
 78
12
 79
3
170
0
171
3
172
1
173
0
174
0
175
0
176
0
177
0
178
0
179
2
271
2
272
2
273
2
274
3
275
0
276
0
277
2
278
46
279
2
280
0
281
0
282
0
283
0
284
8
285
0
286
0
288
1
289
3
290
0
340
4C
342
74
371
-2
372
-2
  0
DIMSTYLE
105
7C
330
4
100
AcDbSymbolTableRecord
100
AcDbDimStyleTableRecord
  2
EZ_M_100_H25_CM
 70
0
 40
1.0
 41
0.25
 42
0.125
 43
3.75
 44
0.375
 45
0.0
 46
0.0
 47
0.0
 48
0.0
 49
2.5
140
0.25
141
2.5
142
0.125
143
0.03937007874
144
100.0
145
0.0
146
0.5
147
0.1
148
0.0
 69
0
 70
0
 71
0
 72
0
 73
0
 74
0
 75
0
 76
0
 77
1
 78
12
 79
3
170
0
171
3
172
1
173
0
174
0
175
0
176
0
177
0
178
0
179
2
271
2
272
2
273
2
274
3
275
0
276
0
277
2
278
46
279
2
280
0
281
0
282
0
283
0
284
8
285
0
286
0
288
1
289
3
290
0
340
4C
371
-2
372
-2
  0
DIMSTYLE
105
7D
330
4
100
AcDbSymbolTableRecord
100
AcDbDimStyleTableRecord
  2
EZ_M_50_H25_CM
 70
0
 40
1.0
 41
0.125
 42
0.0625
 43
3.75
 44
0.1875
 45
0.0
 46
0.0
 47
0.0
 48
0.0
 49
2.5
140
0.125
141
2.5
142
0.0625
143
0.03937007874
144
100.0
145
0.0
146
0.5
147
0.05
148
0.0
 69
0
 70
0
 71
0
 72
0
 73
0
 74
0
 75
0
 76
0
 77
1
 78
12
 79
3
170
0
171
3
172
1
173
0
174
0
175
0
176
0
177
0
178
0
179
2
271
2
272
2
273
2
274
3
275
0
276
0
277
2
278
46
279
2
280
0
281
0
282
0
283
0
284
8
285
0
286
0
288
1
289
3
290
0
340
4C
371
-2
372
-2
  0
DIMSTYLE
105
7E
330
4
100
AcDbSymbolTableRecord
100
AcDbDimStyleTableRecord
  2
EZ_M_25_H25_CM
 70
0
 40
1.0
 41
0.0625
 42
0.03125
 43
3.75
 44
0.09375
 45
0.0
 46
0.0
 47
0.0
 48
0.0
 49
2.5
140
0.0625
141
2.5
142
0.03125
143
0.03937007874
144
100.0
145
0.0
146
0.5
147
0.025
148
0.0
 69
0
 70
0
 71
0
 72
0
 73
0
 74
0
 75
0
 76
0
 77
1
 78
12
 79
3
170
0
171
3
172
1
173
0
174
0
175
0
176
0
177
0
178
0
179
2
271
2
272
2
273
2
274
3
275
0
276
0
277
2
278
46
279
2
280
0
281
0
282
0
283
0
284
8
285
0
286
0
288
1
289
3
290
0
340
4C
371
-2
372
-2
  0
DIMSTYLE
105
7F
330
4
100
AcDbSymbolTableRecord
100
AcDbDimStyleTableRecord
  2
EZ_M_20_H25_CM
 70
0
 40
1.0
 41
0.05
 42
0.025
 43
3.75
 44
0.07500000000000001
 45
0.0
 46
0.0
 47
0.0
 48
0.0
 49
2.5
140
0.05
141
2.5
142
0.025
143
0.03937007874
144
100.0
145
0.0
146
0.5
147
0.020000000000000004
148
0.0
 69
0
 70
0
 71
0
 72
0
 73
0
 74
0
 75
0
 76
0
 77
1
 78
12
 79
3
170
0
171
3
172
1
173
0
174
0
175
0
176
0
177
0
178
0
179
2
271
2
272
2
273
2
274
3
275
0
276
0
277
2
278
46
279
2
280
0
281
0
282
0
283
0
284
8
285
0
286
0
288
1
289
3
290
0
340
4C
371
-2
372
-2
  0
DIMSTYLE
105
80
330
4
100
AcDbSymbolTableRecord
100
AcDbDimStyleTableRecord
  2
EZ_M_10_H25_CM
 70
0
 40
1.0
 41
0.025
 42
0.0125
 43
3.75
 44
0.037500000000000006
 45
0.0
 46
0.0
 47
0.0
 48
0.0
 49
2.5
140
0.025
141
2.5
142
0.0125
143
0.03937007874
144
100.0
145
0.0
146
0.5
147
0.010000000000000002
148
0.0
 69
0
 70
0
 71
0
 72
0
 73
0
 74
0
 75
0
 76
0
 77
1
 78
12
 79
3
170
0
171
3
172
1
173
0
174
0
175
0
176
0
177
0
178
0
179
2
271
2
272
2
273
2
274
3
275
0
276
0
277
2
278
46
279
2
280
0
281
0
282
0
283
0
284
8
285
0
286
0
288
1
289
3
290
0
340
4C
371
-2
372
-2
  0
DIMSTYLE
105
81
330
4
100
AcDbSymbolTableRecord
100
AcDbDimStyleTableRecord
  2
EZ_M_5_H25_CM
 70
0
 40
1.0
 41
0.0125
 42
0.00625
 43
3.75
 44
0.018750000000000003
 45
0.0
 46
0.0
 47
0.0
 48
0.0
 49
2.5
140
0.0125
141
2.5
142
0.00625
143
0.03937007874
144
100.0
145
0.0
146
0.5
147
0.005000000000000001
148
0.0
 69
0
 70
0
 71
0
 72
0
 73
0
 74
0
 75
0
 76
0
 77
1
 78
12
 79
3
170
0
171
3
172
1
173
0
174
0
175
0
176
0
177
0
178
0
179
2
271
2
272
2
273
2
274
3
275
0
276
0
277
2
278
46
279
2
280
0
281
0
282
0
283
0
284
8
285
0
286
0
288
1
289
3
290
0
340
4C
371
-2
372
-2
  0
DIMSTYLE
105
82
330
4
100
AcDbSymbolTableRecord
100
AcDbDimStyleTableRecord
  2
EZ_M_1_H25_CM
 70
0
 40
1.0
 41
0.0025
 42
0.00125
 43
3.75
 44
0.00375
 45
0.0
 46
0.0
 47
0.0
 48
0.0
 49
2.5
140
0.0025
141
2.5
142
0.00125
143
0.03937007874
144
100.0
145
0.0
146
0.5
147
0.001
148
0.0
 69
0
 70
0
 71
0
 72
0
 73
0
 74
0
 75
0
 76
0
 77
1
 78
12
 79
3
170
0
171
3
172
1
173
0
174
0
175
0
176
0
177
0
178
0
179
2
271
2
272
2
273
2
274
3
275
0
276
0
277
2
278
46
279
2
280
0
281
0
282
0
283
0
284
8
285
0
286
0
288
1
289
3
290
0
340
4C
371
-2
372
-2
  0
DIMSTYLE
105
83
330
4
100
AcDbSymbolTableRecord
100
AcDbDimStyleTableRecord
  2
EZ_RADIUS
 70
0
 40
1.0
 41
0.25
 42
0.125
 43
3.75
 44
0.375
 45
0.0
 46
0.0
 47
0.0
 48
0.0
 49
2.5
140
0.25
141
0.0
142
0.0
143
0.03937007874
144
100.0
145
0.0
146
0.5
147
0.1
148
0.0
 69
0
 70
0
 71
0
 72
0
 73
0
 74
0
 75
0
 76
0
 77
1
 78
12
 79
3
170
0
171
3
172
0
173
0
174
0
175
0
176
0
177
0
178
0
179
2
271
2
272
2
273
2
274
3
275
0
276
0
277
2
278
46
279
1
280
0
281
0
282
0
283
0
284
8
285
0
286
0
288
1
289
3
290
0
340
4C
342
84
371
-2
372
-2
  0
DIMSTYLE
105
88
330
4
100
AcDbSymbolTableRecord
100
AcDbDimStyleTableRecord
  2
EZ_RADIUS_INSIDE
 70
0
 40
1.0
 41
0.25
 42
0.125
 43
3.75
 44
0.375
 45
0.0
 46
0.0
 47
0.0
 48
0.0
 49
2.5
140
0.25
141
0.0
142
0.0
143
0.03937007874
144
100.0
145
0.0
146
0.5
147
0.1
148
0.0
 69
0
 70
0
 71
0
 72
0
 73
0
 74
0
 75
0
 76
0
 77
0
 78
12
 79
3
170
0
171
3
172
0
173
0
174
1
175
0
176
0
177
0
178
0
179
2
271
2
272
2
273
2
274
3
275
0
276
0
277
2
278
46
279
0
280
0
281
0
282
0
283
0
284
8
285
0
286
0
288
1
289
0
290
0
340
4C
342
84
371
-2
372
-2
  0
DIMSTYLE
105
89
330
4
100
AcDbSymbolTableRecord
100
AcDbDimStyleTableRecord
  2
EZ_CURVED
 70
0
 40
1.0
 41
0.25
 42
0.125
 43
3.75
 44
0.375
 45
0.0
 46
0.0
 47
0.0
 48
0.0
 49
2.5
140
0.25
141
2.5
142
0.0
143
0.03937007874
144
100.0
145
0.0
146
0.5
147
0.1
148
0.0
 69
0
 70
0
 71
0
 72
0
 73
0
 74
0
 75
0
 76
0
 77
1
 78
12
 79
2
 90
2
170
0
171
3
172
1
173
0
174
0
175
0
176
0
177
0
178
0
179
2
271
2
272
2
273
2
274
3
275
0
276
0
277
2
278
46
279
2
280
0
281
0
282
0
283
0
284
8
285
0
286
0
288
1
289
3
290
0
340
4C
371
-2
372
-2
  0
DIMSTYLE
105
96
330
4
100
AcDbSymbolTableRecord
100
AcDbDimStyleTableRecord
  2
PS
 70
0
 40
1.0
 41
0.025
 42
0.02
 43
0.08
 44
0.025
 45
0.0
 46
0.0
 47
0.0
 48
0.0
 49
2.5
140
0.07
141
0.0
142
0.0
143
0.03937007874
144
1.0
145
0.0
146
1.0
147
0.015
148
0.0
 69
1
 70
0
 71
0
 72
0
 73
0
 74
0
 75
0
 76
0
 77
1
 78
0
 79
3
170
0
171
3
172
1
173
0
174
0
175
0
176
1
177
1
178
1
179
2
271
2
272
2
273
2
274
3
275
0
276
0
277
2
278
44
279
0
280
0
281
0
282
0
283
0
284
8
285
0
286
0
288
0
289
3
290
0
340
8D
342
74
371
-2
372
-2
  0
ENDTAB
  0
TABLE
  2
BLOCK_RECORD
  5
9
330
0
100
AcDbSymbolTable
 70
26
  0
BLOCK_RECORD
  5
17
330
9
100
AcDbSymbolTableRecord
100
AcDbBlockTableRecord
  2
*Model_Space
340
1A
 70
0
280
1
281
0
  0
BLOCK_RECORD
  5
1B
330
9
100
AcDbSymbolTableRecord
100
AcDbBlockTableRecord
  2
*Paper_Space
340
1E
 70
0
280
1
281
0
  0
BLOCK_RECORD
  5
74
330
9
100
AcDbSymbolTableRecord
100
AcDbBlockTableRecord
  2
_ARCHTICK
340
0
 70
0
280
1
281
0
  0
BLOCK_RECORD
  5
78
330
9
100
AcDbSymbolTableRecord
100
AcDbBlockTableRecord
  2
_CLOSEDFILLED
340
0
 70
0
280
1
281
0
  0
BLOCK_RECORD
  5
84
330
9
100
AcDbSymbolTableRecord
100
AcDbBlockTableRecord
  2
_CLOSEDBLANK
340
0
 70
0
280
1
281
0
  0
BLOCK_RECORD
  5
97
330
9
100
AcDbSymbolTableRecord
100
AcDbBlockTableRecord
  2
PS_ALFOMBRA_SALON_200x200
340
0
 70
0
280
1
281
0
  0
BLOCK_RECORD
  5
A3
330
9
100
AcDbSymbolTableRecord
100
AcDbBlockTableRecord
  2
PS_SOFA_CHAISE_240x160
340
0
 70
0
280
1
281
0
  0
BLOCK_RECORD
  5
C7
330
9
100
AcDbSymbolTableRecord
100
AcDbBlockTableRecord
  2
PS_MUEBLE_TV_200x40
340
0
 70
0
280
1
281
0
  0
BLOCK_RECORD
  5
DC
330
9
100
AcDbSymbolTableRecord
100
AcDbBlockTableRecord
  2
PS_MESA_CENTRO_D75
340
0
 70
0
280
1
281
0
  0
BLOCK_RECORD
  5
118
330
9
100
AcDbSymbolTableRecord
100
AcDbBlockTableRecord
  2
PS_PUF_D50
340
0
 70
0
280
1
281
0
  0
BLOCK_RECORD
  5
127
330
9
100
AcDbSymbolTableRecord
100
AcDbBlockTableRecord
  2
PS_LAMPARA_PIE
340
0
 70
0
280
1
281
0
  0
BLOCK_RECORD
  5
160
330
9
100
AcDbSymbolTableRecord
100
AcDbBlockTableRecord
  2
PS_APLIQUE_PARED
340
0
 70
0
280
1
281
0
  0
BLOCK_RECORD
  5
167
330
9
100
AcDbSymbolTableRecord
100
AcDbBlockTableRecord
  2
PS_PUERTA_CORREDERA_90
340
0
 70
0
280
1
281
0
  0
BLOCK_RECORD
  5
18D
330
9
100
AcDbSymbolTableRecord
100
AcDbBlockTableRecord
  2
PS_ALFOMBRA_JUEGO_170x120
340
0
 70
0
280
1
281
0
  0
BLOCK_RECORD
  5
1F3
330
9
100
AcDbSymbolTableRecord
100
AcDbBlockTableRecord
  2
PS_LIBRERIA_INFANTIL_256x35
340
0
 70
0
280
1
281
0
  0
BLOCK_RECORD
  5
235
330
9
100
AcDbSymbolTableRecord
100
AcDbBlockTableRecord
  2
PS_BANCO_ARCON_110x45
340
0
 70
0
280
1
281
0
  0
BLOCK_RECORD
  5
253
330
9
100
AcDbSymbolTableRecord
100
AcDbBlockTableRecord
  2
PS_MESA_INFANTIL_D60
340
0
 70
0
280
1
281
0
  0
BLOCK_RECORD
  5
25E
330
9
100
AcDbSymbolTableRecord
100
AcDbBlockTableRecord
  2
PS_TABURETE_D30
340
0
 70
0
280
1
281
0
  0
BLOCK_RECORD
  5
264
330
9
100
AcDbSymbolTableRecord
100
AcDbBlockTableRecord
  2
PS_PUF_PERA
340
0
 70
0
280
1
281
0
  0
BLOCK_RECORD
  5
26C
330
9
100
AcDbSymbolTableRecord
100
AcDbBlockTableRecord
  2
PS_LAMPARA_TECHO
340
0
 70
0
280
1
281
0
  0
BLOCK_RECORD
  5
274
330
9
100
AcDbSymbolTableRecord
100
AcDbBlockTableRecord
  2
PS_PUERTA_SEGURIDAD
340
0
 70
0
280
1
281
0
  0
BLOCK_RECORD
  5
2E9
330
9
100
AcDbSymbolTableRecord
100
AcDbBlockTableRecord
  2
_DOTSMALL
340
0
 70
0
280
1
281
0
  0
BLOCK_RECORD
  5
2EE
330
9
100
AcDbSymbolTableRecord
100
AcDbBlockTableRecord
  2
*D1
340
0
 70
0
280
1
281
0
  0
BLOCK_RECORD
  5
2FD
330
9
100
AcDbSymbolTableRecord
100
AcDbBlockTableRecord
  2
*D2
340
0
 70
0
280
1
281
0
  0
BLOCK_RECORD
  5
30C
330
9
100
AcDbSymbolTableRecord
100
AcDbBlockTableRecord
  2
*D3
340
0
 70
0
280
1
281
0
  0
BLOCK_RECORD
  5
31B
330
9
100
AcDbSymbolTableRecord
100
AcDbBlockTableRecord
  2
*D4
340
0
 70
0
280
1
281
0
  0
ENDTAB
  0
ENDSEC
  0
SECTION
  2
BLOCKS
  0
BLOCK
  5
18
330
17
100
AcDbEntity
  8
0
100
AcDbBlockBegin
  2
*Model_Space
 70
0
 10
0.0
 20
0.0
 30
0.0
  3
*Model_Space
  1

  0
ENDBLK
  5
19
330
17
100
AcDbEntity
  8
0
100
AcDbBlockEnd
  0
BLOCK
  5
1C
330
1B
100
AcDbEntity
  8
0
100
AcDbBlockBegin
  2
*Paper_Space
 70
0
 10
0.0
 20
0.0
 30
0.0
  3
*Paper_Space
  1

  0
ENDBLK
  5
1D
330
1B
100
AcDbEntity
  8
0
100
AcDbBlockEnd
  0
BLOCK
  5
75
330
74
100
AcDbEntity
  8
0
100
AcDbBlockBegin
  2
_ARCHTICK
 70
0
 10
0.0
 20
0.0
 30
0.0
  3
_ARCHTICK
  1

  0
LWPOLYLINE
  5
77
330
74
100
AcDbEntity
  8
0
  6
BYBLOCK
 62
0
100
AcDbPolyline
 90
2
 70
0
 43
0.15
 10
-0.5
 20
-0.5
 10
0.5
 20
0.5
  0
ENDBLK
  5
76
330
74
100
AcDbEntity
  8
0
100
AcDbBlockEnd
  0
BLOCK
  5
79
330
78
100
AcDbEntity
  8
0
100
AcDbBlockBegin
  2
_CLOSEDFILLED
 70
0
 10
0.0
 20
0.0
 30
0.0
  3
_CLOSEDFILLED
  1

  0
SOLID
  5
7B
330
78
100
AcDbEntity
  8
0
  6
BYBLOCK
 62
0
100
AcDbTrace
 10
-1.0
 20
0.16439898372402537
 30
0.0
 11
0.0
 21
0.0
 31
0.0
 12
-1.0
 22
-0.16439898372402537
 32
0.0
 13
-1.0
 23
-0.16439898372402537
 33
0.0
  0
ENDBLK
  5
7A
330
78
100
AcDbEntity
  8
0
100
AcDbBlockEnd
  0
BLOCK
  5
85
330
84
100
AcDbEntity
  8
0
100
AcDbBlockBegin
  2
_CLOSEDBLANK
 70
0
 10
0.0
 20
0.0
 30
0.0
  3
_CLOSEDBLANK
  1

  0
LWPOLYLINE
  5
87
330
84
100
AcDbEntity
  8
0
  6
BYBLOCK
 62
0
100
AcDbPolyline
 90
3
 70
1
 10
-1.0
 20
0.16439898372402537
 10
0.0
 20
0.0
 10
-1.0
 20
-0.16439898372402537
  0
ENDBLK
  5
86
330
84
100
AcDbEntity
  8
0
100
AcDbBlockEnd
  0
BLOCK
  5
98
330
97
100
AcDbEntity
  8
0
100
AcDbBlockBegin
  2
PS_ALFOMBRA_SALON_200x200
 70
0
 10
0.0
 20
0.0
 30
0.0
  3
PS_ALFOMBRA_SALON_200x200
  1

  0
LWPOLYLINE
  5
9A
330
97
100
AcDbEntity
  8
0
100
AcDbPolyline
 90
8
 70
1
 10
-1.0
 20
-0.98
 42
0.41421356237309503
 10
-0.98
 20
-1.0
 10
0.98
 20
-1.0
 42
0.41421356237309503
 10
1.0
 20
-0.98
 10
1.0
 20
0.98
 42
0.41421356237309503
 10
0.98
 20
1.0
 10
-0.98
 20
1.0
 42
0.41421356237309503
 10
-1.0
 20
0.98
  0
LWPOLYLINE
  5
9B
330
97
100
AcDbEntity
  8
0
 62
8
370
13
100
AcDbPolyline
 90
8
 70
1
 10
-0.92
 20
-0.91
 42
0.41421356237309503
 10
-0.91
 20
-0.92
 10
0.91
 20
-0.92
 42
0.41421356237309503
 10
0.92
 20
-0.91
 10
0.92
 20
0.91
 42
0.41421356237309503
 10
0.91
 20
0.92
 10
-0.91
 20
0.92
 42
0.41421356237309503
 10
-0.92
 20
0.91
  0
LWPOLYLINE
  5
9C
330
97
100
AcDbEntity
  8
0
 62
8
370
13
100
AcDbPolyline
 90
8
 70
1
 10
-0.88
 20
-0.87
 42
0.41421356237309503
 10
-0.87
 20
-0.88
 10
0.87
 20
-0.88
 42
0.41421356237309503
 10
0.88
 20
-0.87
 10
0.88
 20
0.87
 42
0.41421356237309503
 10
0.87
 20
0.88
 10
-0.87
 20
0.88
 42
0.41421356237309503
 10
-0.88
 20
0.87
  0
LWPOLYLINE
  5
9D
330
97
100
AcDbEntity
  8
0
 62
8
370
13
100
AcDbPolyline
 90
4
 70
1
 10
0.0
 20
-0.5
 10
0.5
 20
0.0
 10
0.0
 20
0.5
 10
-0.5
 20
0.0
  0
LWPOLYLINE
  5
9E
330
97
100
AcDbEntity
  8
0
 62
8
370
13
100
AcDbPolyline
 90
4
 70
1
 10
0.0
 20
-0.41000000000000003
 10
0.41000000000000003
 20
0.0
 10
0.0
 20
0.41000000000000003
 10
-0.41000000000000003
 20
0.0
  0
LWPOLYLINE
  5
9F
330
97
100
AcDbEntity
  8
0
 62
8
370
13
100
AcDbPolyline
 90
3
 70
0
 10
0.88
 20
0.78
 10
0.78
 20
0.78
 10
0.78
 20
0.88
  0
LWPOLYLINE
  5
A0
330
97
100
AcDbEntity
  8
0
 62
8
370
13
100
AcDbPolyline
 90
3
 70
0
 10
-0.78
 20
0.88
 10
-0.78
 20
0.78
 10
-0.88
 20
0.78
  0
LWPOLYLINE
  5
A1
330
97
100
AcDbEntity
  8
0
 62
8
370
13
100
AcDbPolyline
 90
3
 70
0
 10
-0.8800000000000001
 20
-0.7799999999999999
 10
-0.7800000000000001
 20
-0.7799999999999999
 10
-0.7800000000000001
 20
-0.8799999999999999
  0
LWPOLYLINE
  5
A2
330
97
100
AcDbEntity
  8
0
 62
8
370
13
100
AcDbPolyline
 90
3
 70
0
 10
0.7799999999999999
 20
-0.8800000000000001
 10
0.7799999999999999
 20
-0.7800000000000001
 10
0.8799999999999999
 20
-0.7800000000000001
  0
ENDBLK
  5
99
330
97
100
AcDbEntity
  8
0
100
AcDbBlockEnd
  0
BLOCK
  5
A4
330
A3
100
AcDbEntity
  8
0
100
AcDbBlockBegin
  2
PS_SOFA_CHAISE_240x160
 70
0
 10
0.0
 20
0.0
 30
0.0
  3
PS_SOFA_CHAISE_240x160
  1

  0
WIPEOUT
  5
A6
330
A3
100
AcDbEntity
  8
0
100
AcDbWipeout
 90
0
 10
-1.6
 20
0.0
 30
0.0
 11
1.6
 21
0.0
 31
0.0
 12
0.0
 22
2.4
 32
0.0
 13
1.0
 23
1.0
340
0
 70
7
280
1
281
50
282
50
283
0
360
0
 71
2
 91
43
 14
0.5
 24
0.5
 14
0.5
 24
-0.5
 14
-0.06874999999999998
 24
-0.5
 14
-0.07201315480550124
 24
-0.4998574143562302
 14
-0.075220476127563
 24
-0.49943209710481784
 14
-0.07831708580912727
 24
-0.49873132554185495
 14
-0.08124999999999999
 24
-0.49776709006307407
 14
-0.08396903572521797
 24
-0.4965558890048539
 14
-0.08642766952966363
 24
-0.4951184463531092
 14
-0.08858383350728088
 24
-0.49347935715014546
 14
-0.09040063509461094
 24
-0.4916666666666667
 14
-0.0918469883127821
 24
-0.48971139053941826
 14
-0.0928981456572267
 24
-0.48764698408504203
 14
-0.09353612153434526
 24
-0.4855087698703343
 14
-0.09375
 24
-0.4833333333333333
 14
-0.09375
 24
0.10416666666666663
 14
-0.46249999999999997
 24
0.10416666666666663
 14
-0.4673947322082519
 24
0.10438054513232142
 14
-0.4722057141913445
 24
0.10501852100943998
 14
-0.4768506287136909
 24
0.10606967835388448
 14
-0.48124999999999996
 24
0.10751603157205569
 14
-0.48532855358782695
 24
0.10933283315938574
 14
-0.4890165042944955
 24
0.11148899713700294
 14
-0.4922507502609212
 24
0.11394763094144861
 14
-0.4949759526419164
 24
0.11666666666666664
 14
-0.4971454824691733
 24
0.11959958085753941
 14
-0.49872221848584
 24
0.12269619053910363
 14
-0.499679182301518
 24
0.12590351186116538
 14
-0.5
 24
0.12916666666666665
 14
-0.5
 24
0.48333333333333334
 14
-0.4997861215343452
 24
0.4855087698703342
 14
-0.49914814565722665
 24
0.48764698408504203
 14
-0.4980969883127821
 24
0.48971139053941815
 14
-0.49665063509461105
 24
0.49166666666666664
 14
-0.4948338335072807
 24
0.49347935715014535
 14
-0.49267766952966363
 24
0.49511844635310914
 14
-0.4902190357252181
 24
0.4965558890048539
 14
-0.4875
 24
0.49776709006307396
 14
-0.4845670858091272
 24
0.4987313255418548
 14
-0.481470476127563
 24
0.4994320971048178
 14
-0.4782631548055013
 24
0.49985741435623016
 14
-0.475
 24
0.5
 14
0.5
 24
0.5
290
0
  0
LWPOLYLINE
  5
A7
330
A3
100
AcDbEntity
  8
0
100
AcDbPolyline
 90
9
 70
1
 10
0.0
 20
0.0
 10
0.0
 20
2.4
 10
-0.91
 20
2.4
 42
0.41421356237309503
 10
-0.9500000000000001
 20
2.36
 10
-0.9500000000000001
 20
0.9500000000000001
 10
-1.54
 20
0.9500000000000001
 42
0.41421356237309503
 10
-1.6
 20
0.89
 10
-1.6
 20
0.04
 42
0.41421356237309503
 10
-1.56
 20
0.0
  0
LINE
  5
A8
330
A3
100
AcDbEntity
  8
0
100
AcDbLine
 10
-0.18
 20
0.0
 30
0.0
 11
-0.18
 21
2.25
 31
0.0
  0
LWPOLYLINE
  5
A9
330
A3
100
AcDbEntity
  8
0
100
AcDbPolyline
 90
2
 70
0
 10
-0.9500000000000001
 20
2.25
 10
-0.44951440653576724
 20
2.25
  0
LWPOLYLINE
  5
AA
330
A3
100
AcDbEntity
  8
0
100
AcDbPolyline
 90
2
 70
0
 10
-0.37689906296784004
 20
2.25
 10
-0.18
 20
2.25
  0
LWPOLYLINE
  5
AB
330
A3
100
AcDbEntity
  8
0
100
AcDbPolyline
 90
8
 70
1
 10
-0.34
 20
0.05
 42
0.41421356237309503
 10
-0.3
 20
0.01
 10
-0.225
 20
0.01
 42
0.41421356237309503
 10
-0.185
 20
0.05
 10
-0.185
 20
0.9
 42
0.41421356237309503
 10
-0.225
 20
0.9400000000000001
 10
-0.3
 20
0.9400000000000001
 42
0.41421356237309503
 10
-0.34
 20
0.9
  0
LWPOLYLINE
  5
AC
330
A3
100
AcDbEntity
  8
0
100
AcDbPolyline
 90
49
 70
0
 10
-0.33174826930826534
 20
0.9756706984046659
 10
-0.3317341336116494
 20
0.9756495428396512
 10
-0.3282842712474619
 20
0.9717157287525382
 10
-0.3243504571603489
 20
0.9682658663883507
 10
-0.32
 20
0.9653589838486225
 10
-0.31530733729460364
 20
0.9630448186995486
 10
-0.3103527618041008
 20
0.9613629669484373
 10
-0.3052210476888021
 20
0.9603422055450476
 10
-0.3
 20
0.96
 10
-0.225
 20
0.96
 10
-0.21977895231119793
 20
0.9603422055450476
 10
-0.21464723819589918
 20
0.9613629669484373
 10
-0.2096926627053964
 20
0.9630448186995486
 10
-0.20500000000000002
 20
0.9653589838486225
 10
-0.2006495428396512
 20
0.9682658663883505
 10
-0.1967157287525381
 20
0.9717157287525382
 10
-0.1932658663883506
 20
0.9756495428396512
 10
-0.19035898384862246
 20
0.98
 10
-0.18804481869954853
 20
0.9846926627053963
 10
-0.18636296694843726
 20
0.9896472381958993
 10
-0.1853422055450476
 20
0.994778952311198
 10
-0.185
 20
1.0
 10
-0.185
 20
1.555
 10
-0.1853422055450476
 20
1.560221047688802
 10
-0.18636296694843726
 20
1.5653527618041008
 10
-0.18804481869954853
 20
1.5703073372946037
 10
-0.19035898384862246
 20
1.575
 10
-0.1932658663883506
 20
1.579350457160349
 10
-0.1967157287525381
 20
1.583284271247462
 10
-0.2006495428396512
 20
1.5867341336116494
 10
-0.20500000000000002
 20
1.5896410161513777
 10
-0.2096926627053964
 20
1.5919551813004515
 10
-0.21464723819589918
 20
1.5936370330515626
 10
-0.21977895231119793
 20
1.5946577944549523
 10
-0.225
 20
1.595
 10
-0.3
 20
1.595
 10
-0.3052210476888021
 20
1.5946577944549523
 10
-0.3103527618041008
 20
1.5936370330515626
 10
-0.3153073372946036
 20
1.5919551813004515
 10
-0.32
 20
1.5896410161513777
 10
-0.3243504571603489
 20
1.5867341336116494
 10
-0.3282842712474619
 20
1.583284271247462
 10
-0.3317341336116494
 20
1.579350457160349
 10
-0.3346410161513776
 20
1.575
 10
-0.33695518130045143
 20
1.5703073372946037
 10
-0.33863703305156273
 20
1.5653527618041008
 10
-0.3396577944549524
 20
1.560221047688802
 10
-0.34
 20
1.555
 10
-0.34
 20
1.0416182681239372
  0
LWPOLYLINE
  5
AD
330
A3
100
AcDbEntity
  8
0
100
AcDbPolyline
 90
47
 70
0
 10
-0.34
 20
1.645
 10
-0.3396577944549524
 20
1.6397789523111979
 10
-0.33863703305156273
 20
1.6346472381958992
 10
-0.33695518130045143
 20
1.6296926627053965
 10
-0.3346410161513776
 20
1.625
 10
-0.3317341336116494
 20
1.620649542839651
 10
-0.3282842712474619
 20
1.6167157287525382
 10
-0.3243504571603489
 20
1.6132658663883508
 10
-0.32
 20
1.6103589838486223
 10
-0.31530733729460364
 20
1.6080448186995486
 10
-0.3103527618041008
 20
1.6063629669484374
 10
-0.3052210476888021
 20
1.6053422055450477
 10
-0.3
 20
1.605
 10
-0.225
 20
1.605
 10
-0.21977895231119793
 20
1.6053422055450477
 10
-0.21464723819589918
 20
1.6063629669484374
 10
-0.2096926627053964
 20
1.6080448186995486
 10
-0.20500000000000002
 20
1.6103589838486223
 10
-0.2006495428396512
 20
1.6132658663883508
 10
-0.1967157287525381
 20
1.6167157287525382
 10
-0.1932658663883506
 20
1.620649542839651
 10
-0.19035898384862246
 20
1.625
 10
-0.18804481869954853
 20
1.6296926627053965
 10
-0.18636296694843726
 20
1.6346472381958992
 10
-0.1853422055450476
 20
1.6397789523111979
 10
-0.185
 20
1.645
 10
-0.185
 20
2.2
 10
-0.1853422055450476
 20
2.205221047688802
 10
-0.18636296694843726
 20
2.210352761804101
 10
-0.18804481869954853
 20
2.2153073372946035
 10
-0.19035898384862246
 20
2.22
 10
-0.1932658663883506
 20
2.224350457160349
 10
-0.1967157287525381
 20
2.2282842712474618
 10
-0.2006495428396512
 20
2.231734133611649
 10
-0.20500000000000002
 20
2.234641016151378
 10
-0.2096926627053964
 20
2.2369551813004516
 10
-0.21464723819589918
 20
2.2386370330515626
 10
-0.21977895231119793
 20
2.2396577944549523
 10
-0.225
 20
2.24
 10
-0.3
 20
2.24
 10
-0.3052210476888021
 20
2.2396577944549523
 10
-0.3103527618041008
 20
2.2386370330515626
 10
-0.3153073372946036
 20
2.2369551813004516
 10
-0.32
 20
2.234641016151378
 10
-0.3243504571603489
 20
2.231734133611649
 10
-0.3282842712474619
 20
2.2282842712474618
 10
-0.32838721842384916
 20
2.228166882491057
  0
LWPOLYLINE
  5
AE
330
A3
100
AcDbEntity
  8
0
100
AcDbPolyline
 90
2
 70
0
 10
-0.34
 20
2.1045241328115454
 10
-0.34
 20
1.645
  0
LWPOLYLINE
  5
AF
330
A3
100
AcDbEntity
  8
0
100
AcDbPolyline
 90
35
 70
0
 10
-1.59
 20
0.06
 10
-1.5895722430686905
 20
0.053473690388997436
 10
-1.5882962913144534
 20
0.04705904774487396
 10
-1.5861939766255642
 20
0.04086582838174552
 10
-1.583301270189222
 20
0.03500000000000002
 10
-1.5796676670145617
 20
0.02956192854956397
 10
-1.5753553390593273
 20
0.02464466094067263
 10
-1.5704380714504362
 20
0.020332332985438253
 10
-1.565
 20
0.016698729810778083
 10
-1.5591341716182547
 20
0.01380602337443568
 10
-1.5529409522551259
 20
0.011703708685546585
 10
-1.5465263096110027
 20
0.01042775693130948
 10
-1.54
 20
0.01
 10
-0.395
 20
0.01
 10
-0.38847369038899743
 20
0.01042775693130948
 10
-0.3820590477448739
 20
0.011703708685546585
 10
-0.37586582838174554
 20
0.013806023374435662
 10
-0.37
 20
0.016698729810778065
 10
-0.364561928549564
 20
0.020332332985438243
 10
-0.35964466094067266
 20
0.02464466094067263
 10
-0.35533233298543826
 20
0.02956192854956397
 10
-0.3516987298107781
 20
0.035
 10
-0.3488060233744356
 20
0.04086582838174551
 10
-0.34670370868554656
 20
0.04705904774487396
 10
-0.3454277569313095
 20
0.053473690388997415
 10
-0.34500000000000003
 20
0.06
 10
-0.34500000000000003
 20
0.89
 10
-0.3454277569313095
 20
0.8965263096110025
 10
-0.34670370868554656
 20
0.902940952255126
 10
-0.3488060233744356
 20
0.9091341716182545
 10
-0.3516987298107781
 20
0.915
 10
-0.35533233298543826
 20
0.920438071450436
 10
-0.35964466094067266
 20
0.9253553390593274
 10
-0.364561928549564
 20
0.9296676670145618
 10
-0.36762709228541424
 20
0.9317157439445819
  0
LWPOLYLINE
  5
B0
330
A3
100
AcDbEntity
  8
0
100
AcDbPolyline
 90
15
 70
0
 10
-0.467263945446168
 20
0.9400000000000001
 10
-1.54
 20
0.9400000000000001
 10
-1.5465263096110027
 20
0.9395722430686906
 10
-1.5529409522551259
 20
0.9382962913144535
 10
-1.5591341716182543
 20
0.9361939766255644
 10
-1.565
 20
0.933301270189222
 10
-1.5704380714504362
 20
0.9296676670145618
 10
-1.5753553390593273
 20
0.9253553390593274
 10
-1.5796676670145617
 20
0.920438071450436
 10
-1.583301270189222
 20
0.915
 10
-1.5861939766255642
 20
0.9091341716182545
 10
-1.5882962913144534
 20
0.902940952255126
 10
-1.5895722430686905
 20
0.8965263096110025
 10
-1.59
 20
0.89
 10
-1.59
 20
0.06
  0
LWPOLYLINE
  5
B1
330
A3
100
AcDbEntity
  8
0
100
AcDbPolyline
 90
14
 70
0
 10
-0.9400000000000001
 20
1.0
 10
-0.9396577944549525
 20
0.994778952311198
 10
-0.9386370330515628
 20
0.9896472381958993
 10
-0.9369551813004514
 20
0.9846926627053963
 10
-0.9346410161513775
 20
0.98
 10
-0.9317341336116495
 20
0.9756495428396512
 10
-0.9282842712474618
 20
0.9717157287525382
 10
-0.9243504571603488
 20
0.9682658663883507
 10
-0.92
 20
0.9653589838486225
 10
-0.9153073372946037
 20
0.9630448186995486
 10
-0.9103527618041009
 20
0.9613629669484373
 10
-0.9052210476888022
 20
0.9603422055450476
 10
-0.9
 20
0.96
 10
-0.47473093206238853
 20
0.96
  0
LWPOLYLINE
  5
B2
330
A3
100
AcDbEntity
  8
0
100
AcDbPolyline
 90
28
 70
0
 10
-0.34500000000000003
 20
1.0819091799633553
 10
-0.34500000000000003
 20
1.555
 10
-0.3453422055450476
 20
1.560221047688802
 10
-0.3463629669484373
 20
1.5653527618041008
 10
-0.34804481869954856
 20
1.5703073372946037
 10
-0.35035898384862246
 20
1.575
 10
-0.3532658663883506
 20
1.579350457160349
 10
-0.3567157287525381
 20
1.583284271247462
 10
-0.36064954283965117
 20
1.5867341336116494
 10
-0.365
 20
1.5896410161513777
 10
-0.3696926627053964
 20
1.5919551813004515
 10
-0.37464723819589923
 20
1.5936370330515626
 10
-0.37977895231119796
 20
1.5946577944549523
 10
-0.385
 20
1.595
 10
-0.9
 20
1.595
 10
-0.9052210476888022
 20
1.5946577944549523
 10
-0.9103527618041009
 20
1.5936370330515626
 10
-0.9153073372946037
 20
1.5919551813004515
 10
-0.92
 20
1.5896410161513777
 10
-0.9243504571603488
 20
1.5867341336116494
 10
-0.9282842712474618
 20
1.583284271247462
 10
-0.9317341336116495
 20
1.579350457160349
 10
-0.9346410161513775
 20
1.575
 10
-0.9369551813004514
 20
1.5703073372946037
 10
-0.9386370330515628
 20
1.5653527618041008
 10
-0.9396577944549525
 20
1.560221047688802
 10
-0.9400000000000001
 20
1.555
 10
-0.9400000000000001
 20
1.0
  0
LWPOLYLINE
  5
B3
330
A3
100
AcDbEntity
  8
0
100
AcDbPolyline
 90
27
 70
0
 10
-0.9400000000000001
 20
1.645
 10
-0.9396577944549525
 20
1.6397789523111979
 10
-0.9386370330515628
 20
1.6346472381958992
 10
-0.9369551813004514
 20
1.6296926627053965
 10
-0.9346410161513775
 20
1.625
 10
-0.9317341336116495
 20
1.620649542839651
 10
-0.9282842712474618
 20
1.6167157287525382
 10
-0.9243504571603488
 20
1.6132658663883508
 10
-0.92
 20
1.6103589838486223
 10
-0.9153073372946037
 20
1.6080448186995486
 10
-0.9103527618041009
 20
1.6063629669484374
 10
-0.9052210476888022
 20
1.6053422055450477
 10
-0.9
 20
1.605
 10
-0.385
 20
1.605
 10
-0.37977895231119796
 20
1.6053422055450477
 10
-0.37464723819589923
 20
1.6063629669484374
 10
-0.3696926627053964
 20
1.6080448186995486
 10
-0.365
 20
1.6103589838486223
 10
-0.36064954283965117
 20
1.6132658663883508
 10
-0.3567157287525381
 20
1.6167157287525382
 10
-0.3532658663883506
 20
1.620649542839651
 10
-0.35035898384862246
 20
1.625
 10
-0.34804481869954856
 20
1.6296926627053965
 10
-0.3463629669484373
 20
1.6346472381958992
 10
-0.3453422055450476
 20
1.6397789523111979
 10
-0.34500000000000003
 20
1.645
 10
-0.34500000000000003
 20
2.0820735457795045
  0
LWPOLYLINE
  5
B4
330
A3
100
AcDbEntity
  8
0
100
AcDbPolyline
 90
15
 70
0
 10
-0.4552251903032003
 20
2.24
 10
-0.9
 20
2.24
 10
-0.9052210476888022
 20
2.2396577944549523
 10
-0.9103527618041009
 20
2.2386370330515626
 10
-0.9153073372946037
 20
2.2369551813004516
 10
-0.92
 20
2.234641016151378
 10
-0.9243504571603488
 20
2.231734133611649
 10
-0.9282842712474618
 20
2.2282842712474618
 10
-0.9317341336116495
 20
2.224350457160349
 10
-0.9346410161513775
 20
2.22
 10
-0.9369551813004514
 20
2.2153073372946035
 10
-0.9386370330515628
 20
2.210352761804101
 10
-0.9396577944549525
 20
2.205221047688802
 10
-0.9400000000000001
 20
2.2
 10
-0.9400000000000001
 20
1.645
  0
LWPOLYLINE
  5
B5
330
A3
100
AcDbEntity
  8
0
 62
8
370
13
100
AcDbPolyline
 90
40
 70
0
 10
-1.57
 20
0.06
 10
-1.5697433458412144
 20
0.05608421423339846
 10
-1.568977774788672
 20
0.052235428646924376
 10
-1.5677163859753387
 20
0.048519497029047315
 10
-1.565980762113533
 20
0.04500000000000001
 10
-1.5638006002087372
 20
0.04173715712973838
 10
-1.5612132034355963
 20
0.03878679656440358
 10
-1.5582628428702616
 20
0.03619939979126295
 10
-1.555
 20
0.03401923788646685
 10
-1.5514805029709526
 20
0.03228361402466141
 10
-1.5477645713530757
 20
0.03102222521132795
 10
-1.5439157857666015
 20
0.03025665415878569
 10
-1.54
 20
0.03
 10
-0.395
 20
0.03
 10
-0.3910842142333985
 20
0.03025665415878569
 10
-0.3872354286469244
 20
0.03102222521132795
 10
-0.38351949702904736
 20
0.0322836140246614
 10
-0.38
 20
0.03401923788646684
 10
-0.3767371571297384
 20
0.036199399791262944
 10
-0.37378679656440356
 20
0.03878679656440358
 10
-0.37119939979126293
 20
0.04173715712973838
 10
-0.36901923788646684
 20
0.045
 10
-0.3672836140246614
 20
0.048519497029047315
 10
-0.36602222521132793
 20
0.052235428646924376
 10
-0.3652566541587857
 20
0.05608421423339845
 10
-0.365
 20
0.06
 10
-0.365
 20
0.89
 10
-0.3652566541587857
 20
0.8939157857666016
 10
-0.36602222521132793
 20
0.8977645713530756
 10
-0.3672836140246614
 20
0.9014805029709527
 10
-0.36901923788646684
 20
0.905
 10
-0.37119939979126293
 20
0.9082628428702616
 10
-0.37378679656440356
 20
0.9112132034355964
 10
-0.3767371571297384
 20
0.913800600208737
 10
-0.38
 20
0.9159807621135332
 10
-0.38351949702904736
 20
0.9177163859753387
 10
-0.3872354286469244
 20
0.918977774788672
 10
-0.3910842142333985
 20
0.9197433458412144
 10
-0.395
 20
0.92
 10
-0.4146163747205312
 20
0.92
  0
LWPOLYLINE
  5
B6
330
A3
100
AcDbEntity
  8
0
 62
8
370
13
100
AcDbPolyline
 90
15
 70
0
 10
-0.44972386858421537
 20
0.92
 10
-1.54
 20
0.92
 10
-1.5439157857666015
 20
0.9197433458412144
 10
-1.5477645713530757
 20
0.918977774788672
 10
-1.5514805029709526
 20
0.9177163859753387
 10
-1.555
 20
0.9159807621135332
 10
-1.5582628428702616
 20
0.913800600208737
 10
-1.5612132034355963
 20
0.9112132034355964
 10
-1.5638006002087372
 20
0.9082628428702617
 10
-1.565980762113533
 20
0.905
 10
-1.5677163859753387
 20
0.9014805029709527
 10
-1.568977774788672
 20
0.8977645713530756
 10
-1.5697433458412144
 20
0.8939157857666016
 10
-1.57
 20
0.89
 10
-1.57
 20
0.06
  0
LWPOLYLINE
  5
B7
330
A3
100
AcDbEntity
  8
0
 62
8
370
13
100
AcDbPolyline
 90
14
 70
0
 10
-0.92
 20
1.0
 10
-0.9198288972274762
 20
0.9973894761555989
 10
-0.9193185165257813
 20
0.9948236190979496
 10
-0.9184775906502257
 20
0.9923463313526982
 10
-0.9173205080756889
 20
0.99
 10
-0.9158670668058246
 20
0.9878247714198256
 10
-0.9141421356237309
 20
0.9858578643762691
 10
-0.9121752285801745
 20
0.9841329331941754
 10
-0.91
 20
0.9826794919243113
 10
-0.9076536686473018
 20
0.9815224093497743
 10
-0.9051763809020504
 20
0.9806814834742187
 10
-0.9026105238444011
 20
0.9801711027725238
 10
-0.9
 20
0.98
 10
-0.48237855241361555
 20
0.98
  0
LWPOLYLINE
  5
B8
330
A3
100
AcDbEntity
  8
0
 62
8
370
13
100
AcDbPolyline
 90
28
 70
0
 10
-0.365
 20
1.164465131106448
 10
-0.365
 20
1.555
 10
-0.3651711027725238
 20
1.557610523844401
 10
-0.36568148347421864
 20
1.5601763809020506
 10
-0.36652240934977426
 20
1.5626536686473018
 10
-0.36767949192431126
 20
1.565
 10
-0.3691329331941753
 20
1.5671752285801746
 10
-0.3708578643762691
 20
1.5691421356237312
 10
-0.3728247714198256
 20
1.5708670668058247
 10
-0.375
 20
1.5723205080756888
 10
-0.3773463313526982
 20
1.5734775906502259
 10
-0.3798236190979496
 20
1.5743185165257814
 10
-0.38238947615559893
 20
1.5748288972274762
 10
-0.385
 20
1.575
 10
-0.9
 20
1.575
 10
-0.9026105238444011
 20
1.5748288972274762
 10
-0.9051763809020504
 20
1.5743185165257814
 10
-0.9076536686473018
 20
1.5734775906502259
 10
-0.91
 20
1.5723205080756888
 10
-0.9121752285801745
 20
1.5708670668058247
 10
-0.9141421356237309
 20
1.5691421356237312
 10
-0.9158670668058246
 20
1.5671752285801746
 10
-0.9173205080756889
 20
1.565
 10
-0.9184775906502257
 20
1.5626536686473018
 10
-0.9193185165257813
 20
1.5601763809020506
 10
-0.9198288972274762
 20
1.557610523844401
 10
-0.92
 20
1.555
 10
-0.92
 20
1.0
  0
LWPOLYLINE
  5
B9
330
A3
100
AcDbEntity
  8
0
 62
8
370
13
100
AcDbPolyline
 90
27
 70
0
 10
-0.92
 20
1.645
 10
-0.9198288972274762
 20
1.642389476155599
 10
-0.9193185165257813
 20
1.6398236190979496
 10
-0.9184775906502257
 20
1.6373463313526984
 10
-0.9173205080756889
 20
1.635
 10
-0.9158670668058246
 20
1.6328247714198256
 10
-0.9141421356237309
 20
1.630857864376269
 10
-0.9121752285801745
 20
1.6291329331941753
 10
-0.91
 20
1.6276794919243114
 10
-0.9076536686473018
 20
1.626522409349774
 10
-0.9051763809020504
 20
1.6256814834742188
 10
-0.9026105238444011
 20
1.625171102772524
 10
-0.9
 20
1.625
 10
-0.385
 20
1.625
 10
-0.38238947615559893
 20
1.625171102772524
 10
-0.3798236190979496
 20
1.6256814834742188
 10
-0.3773463313526982
 20
1.626522409349774
 10
-0.375
 20
1.6276794919243114
 10
-0.3728247714198256
 20
1.6291329331941753
 10
-0.3708578643762691
 20
1.630857864376269
 10
-0.3691329331941753
 20
1.6328247714198256
 10
-0.36767949192431126
 20
1.635
 10
-0.36652240934977426
 20
1.6373463313526984
 10
-0.36568148347421864
 20
1.6398236190979496
 10
-0.3651711027725238
 20
1.642389476155599
 10
-0.365
 20
1.645
 10
-0.365
 20
2.0205198750359994
  0
LWPOLYLINE
  5
BA
330
A3
100
AcDbEntity
  8
0
 62
8
370
13
100
AcDbPolyline
 90
15
 70
0
 10
-0.46443007737940656
 20
2.22
 10
-0.9
 20
2.22
 10
-0.9026105238444011
 20
2.219828897227476
 10
-0.9051763809020504
 20
2.219318516525781
 10
-0.9076536686473018
 20
2.218477590650226
 10
-0.91
 20
2.2173205080756886
 10
-0.9121752285801745
 20
2.2158670668058247
 10
-0.9141421356237309
 20
2.214142135623731
 10
-0.9158670668058246
 20
2.2121752285801746
 10
-0.9173205080756889
 20
2.21
 10
-0.9184775906502257
 20
2.2076536686473016
 10
-0.9193185165257813
 20
2.2051763809020506
 10
-0.9198288972274762
 20
2.202610523844401
 10
-0.92
 20
2.2
 10
-0.92
 20
1.645
  0
LWPOLYLINE
  5
BB
330
A3
100
AcDbEntity
  8
0
100
AcDbPolyline
 90
8
 70
1
 10
-0.42441384793120557
 20
1.8814444852050534
 42
0.09090909090909091
 10
-0.32243823978747294
 20
2.1952931355824536
 42
0.41421356237309503
 10
-0.34490962305468015
 20
2.2393957084559077
 10
-0.41148357919534095
 20
2.2610268980621537
 42
0.41421356237309503
 10
-0.45558615206879444
 20
2.2385555147949465
 42
0.09090909090909091
 10
-0.5575617602125271
 20
1.9247068644175462
 42
0.41421356237309503
 10
-0.5350903769453198
 20
1.8806042915440924
 10
-0.4685164208046591
 20
1.8589731019378462
 42
0.41421356237309503
  0
LWPOLYLINE
  5
BC
330
A3
100
AcDbEntity
  8
0
100
AcDbPolyline
 90
8
 70
1
 10
-0.3321621863867351
 20
0.9768357378564373
 42
0.09090909090909091
 10
-0.4119964119346254
 20
1.297033327527516
 42
0.41421356237309503
 10
-0.45442402870027365
 20
1.3225264116011877
 10
-0.5223447295395934
 20
1.305591878909211
 42
0.41421356237309503
 10
-0.5478378136132649
 20
1.2631642621435626
 42
0.09090909090909091
 10
-0.4680035880653746
 20
0.9429666724724838
 42
0.41421356237309503
 10
-0.42557597129972635
 20
0.9174735883988123
 10
-0.3576552704604066
 20
0.9344081210907891
 42
0.41421356237309503
  0
LWPOLYLINE
  5
BD
330
A3
100
AcDbEntity
  8
0
 62
8
370
13
100
AcDbPolyline
 90
2
 70
0
 10
-0.4370660830026288
 20
2.256721610737236
 10
-0.4317857336282453
 20
2.2276679033923124
  0
LWPOLYLINE
  5
BE
330
A3
100
AcDbEntity
  8
0
 62
8
370
13
100
AcDbPolyline
 90
2
 70
0
 10
-0.326743527112391
 20
2.220875639389742
 10
-0.3480927601942718
 20
2.200474407887317
  0
LWPOLYLINE
  5
BF
330
A3
100
AcDbEntity
  8
0
 62
8
370
13
100
AcDbPolyline
 90
2
 70
0
 10
-0.553256472887609
 20
1.8991243606102581
 10
-0.5319072398057282
 20
1.919525592112683
  0
LWPOLYLINE
  5
C0
330
A3
100
AcDbEntity
  8
0
 62
8
370
13
100
AcDbPolyline
 90
2
 70
0
 10
-0.4429339169973712
 20
1.863278389262764
 10
-0.4482142663717547
 20
1.8923320966076875
  0
LWPOLYLINE
  5
C1
330
A3
100
AcDbEntity
  8
0
 62
8
370
13
100
AcDbPolyline
 90
2
 70
0
 10
-0.4863525491562421
 20
1.917341522555727
 10
-0.3936474508437579
 20
2.202658477444273
  0
LWPOLYLINE
  5
C2
330
A3
100
AcDbEntity
  8
0
 62
8
370
13
100
AcDbPolyline
 90
2
 70
0
 10
-0.5417584684967454
 20
1.2883841265951066
 10
-0.52188435904329
 20
1.266543344250326
  0
LWPOLYLINE
  5
C3
330
A3
100
AcDbEntity
  8
0
 62
8
370
13
100
AcDbPolyline
 90
2
 70
0
 10
-0.42920416424872976
 20
1.3164470664846681
 10
-0.43649833513100234
 20
1.2878324710630968
  0
LWPOLYLINE
  5
C4
330
A3
100
AcDbEntity
  8
0
 62
8
370
13
100
AcDbPolyline
 90
2
 70
0
 10
-0.45079583575127025
 20
0.923552933515332
 10
-0.44350166486899767
 20
0.9521675289369032
  0
LWPOLYLINE
  5
C5
330
A3
100
AcDbEntity
  8
0
 62
8
370
13
100
AcDbPolyline
 90
2
 70
0
 10
-0.33824153150325464
 20
0.9516158734048935
 10
-0.35811564095671006
 20
0.973456655749674
  0
LWPOLYLINE
  5
C6
330
A3
100
AcDbEntity
  8
0
 62
8
370
13
100
AcDbPolyline
 90
2
 70
0
 10
-0.4037117156600498
 20
0.9744556410586006
 10
-0.4762882843399502
 20
1.2655443589413995
  0
ENDBLK
  5
A5
330
A3
100
AcDbEntity
  8
0
100
AcDbBlockEnd
  0
BLOCK
  5
C8
330
C7
100
AcDbEntity
  8
0
100
AcDbBlockBegin
  2
PS_MUEBLE_TV_200x40
 70
0
 10
0.0
 20
0.0
 30
0.0
  3
PS_MUEBLE_TV_200x40
  1

  0
WIPEOUT
  5
CA
330
C7
100
AcDbEntity
  8
0
100
AcDbWipeout
 90
0
 10
0.0
 20
0.0
 30
0.0
 11
0.4
 21
0.0
 31
0.0
 12
0.0
 22
2.0
 32
0.0
 13
1.0
 23
1.0
340
0
 70
7
280
1
281
50
282
50
283
0
360
0
 71
2
 91
29
 14
-0.5
 24
0.5
 14
0.4625
 24
0.5
 14
0.4673947322082519
 24
0.4999358364603036
 14
0.4722057141913445
 24
0.49974444369716803
 14
0.4768506287136909
 24
0.49942909649383466
 14
0.48124999999999996
 24
0.4989951905283833
 14
0.485328553587827
 24
0.49845015005218424
 14
0.4890165042944955
 24
0.4978033008588991
 14
0.49225075026092124
 24
0.4970657107175654
 14
0.4949759526419164
 24
0.49625
 14
0.49714548246917334
 24
0.4953701257427382
 14
0.49872221848584
 24
0.4944411428382689
 14
0.499679182301518
 24
0.4934789464416504
 14
0.5
 24
0.4925
 14
0.5
 24
-0.49250000000000005
 14
0.499679182301518
 24
-0.49347894644165036
 14
0.49872221848584
 24
-0.4944411428382689
 14
0.49714548246917334
 24
-0.4953701257427382
 14
0.4949759526419164
 24
-0.49624999999999997
 14
0.49225075026092124
 24
-0.49706571071756545
 14
0.4890165042944955
 24
-0.4978033008588991
 14
0.485328553587827
 24
-0.4984501500521843
 14
0.48124999999999996
 24
-0.49899519052838326
 14
0.4768506287136909
 24
-0.4994290964938347
 14
0.4722057141913445
 24
-0.4997444436971681
 14
0.4673947322082519
 24
-0.4999358364603036
 14
0.4625
 24
-0.5
 14
-0.5
 24
-0.5
 14
-0.5
 24
0.5
290
0
  0
LWPOLYLINE
  5
CB
330
C7
100
AcDbEntity
  8
0
100
AcDbPolyline
 90
6
 70
1
 10
0.0
 20
0.0
 10
0.385
 20
0.0
 42
0.41421356237309503
 10
0.4
 20
0.015
 10
0.4
 20
1.985
 42
0.41421356237309503
 10
0.385
 20
2.0
 10
0.0
 20
2.0
  0
LINE
  5
CC
330
C7
100
AcDbEntity
  8
0
 62
8
370
13
100
AcDbLine
 10
0.385
 20
0.01
 30
0.0
 11
0.385
 21
1.99
 31
0.0
  0
LINE
  5
CD
330
C7
100
AcDbEntity
  8
0
 62
8
370
13
100
AcDbLine
 10
0.385
 20
0.5
 30
0.0
 11
0.4
 21
0.5
 31
0.0
  0
LINE
  5
CE
330
C7
100
AcDbEntity
  8
0
 62
8
370
13
100
AcDbLine
 10
0.385
 20
1.0
 30
0.0
 11
0.4
 21
1.0
 31
0.0
  0
LINE
  5
CF
330
C7
100
AcDbEntity
  8
0
 62
8
370
13
100
AcDbLine
 10
0.385
 20
1.5
 30
0.0
 11
0.4
 21
1.5
 31
0.0
  0
LWPOLYLINE
  5
D0
330
C7
100
AcDbEntity
  8
0
100
AcDbPolyline
 90
4
 70
1
 10
0.015
 20
0.275
 10
0.075
 20
0.275
 10
0.075
 20
1.725
 10
0.015
 20
1.725
  0
LWPOLYLINE
  5
D1
330
C7
100
AcDbEntity
  8
0
100
AcDbPolyline
 90
8
 70
1
 10
0.24
 20
0.595
 42
0.41421356237309503
 10
0.26
 20
0.5750000000000001
 10
0.29
 20
0.5750000000000001
 42
0.41421356237309503
 10
0.31
 20
0.595
 10
0.31
 20
1.405
 42
0.41421356237309503
 10
0.29
 20
1.425
 10
0.26
 20
1.425
 42
0.41421356237309503
 10
0.24
 20
1.405
  0
CIRCLE
  5
D2
330
C7
100
AcDbEntity
  8
0
 62
8
370
13
100
AcDbCircle
 10
0.2
 20
1.84
 30
0.0
 40
0.07
  0
LWPOLYLINE
  5
D3
330
C7
100
AcDbEntity
  8
0
 62
8
370
13
100
AcDbPolyline
 90
4
 70
1
 10
0.09637955354403445
 20
0.05576147133282006
 10
0.31423852866717994
 20
0.08637955354403445
 10
0.28362044645596557
 20
0.30423852866717993
 10
0.06576147133282007
 20
0.27362044645596556
  0
LWPOLYLINE
  5
D4
330
C7
100
AcDbEntity
  8
0
 62
8
370
13
100
AcDbPolyline
 90
4
 70
1
 10
0.0
 20
0.92
 10
0.015
 20
0.92
 10
0.015
 20
1.08
 10
0.0
 20
1.08
  0
LWPOLYLINE
  5
D5
330
C7
100
AcDbEntity
  8
0
 62
8
370
13
100
AcDbPolyline
 90
2
 70
1
 10
0.21910672978251214
 20
1.8459104041332268
 42
0.38
 10
0.3053099074268447
 20
1.8975310646325045
 42
0.38
  0
LWPOLYLINE
  5
D6
330
C7
100
AcDbEntity
  8
0
 62
8
370
13
100
AcDbPolyline
 90
2
 70
1
 10
0.2044348047652491
 20
1.8595021154415137
 42
0.38
 10
0.20283159023490915
 20
1.9599665874180872
 42
0.38
  0
LWPOLYLINE
  5
D7
330
C7
100
AcDbEntity
  8
0
 62
8
370
13
100
AcDbPolyline
 90
2
 70
1
 10
0.185328074982737
 20
1.853591711308287
 42
0.38
 10
0.09752168280806445
 20
1.902435522785583
 42
0.38
  0
LWPOLYLINE
  5
D8
330
C7
100
AcDbEntity
  8
0
 62
8
370
13
100
AcDbPolyline
 90
2
 70
1
 10
0.18089327021748788
 20
1.8340895958667733
 42
0.38
 10
0.09469009257315528
 20
1.7824689353674956
 42
0.38
  0
LWPOLYLINE
  5
D9
330
C7
100
AcDbEntity
  8
0
 62
8
370
13
100
AcDbPolyline
 90
2
 70
1
 10
0.19556519523475088
 20
1.8204978845584865
 42
0.38
 10
0.19716840976509079
 20
1.7200334125819128
 42
0.38
  0
LWPOLYLINE
  5
DA
330
C7
100
AcDbEntity
  8
0
 62
8
370
13
100
AcDbPolyline
 90
2
 70
1
 10
0.21467192501726304
 20
1.8264082886917132
 42
0.38
 10
0.3024783171919356
 20
1.777564477214417
 42
0.38
  0
LWPOLYLINE
  5
DB
330
C7
100
AcDbEntity
  8
0
 62
8
370
13
100
AcDbPolyline
 90
4
 70
1
 10
0.09108546772276659
 20
0.09990059111094424
 10
0.2700994088890558
 20
0.08108546772276659
 10
0.28891453227723346
 20
0.26009940888905575
 10
0.10990059111094423
 20
0.2789145322772334
  0
ENDBLK
  5
C9
330
C7
100
AcDbEntity
  8
0
100
AcDbBlockEnd
  0
BLOCK
  5
DD
330
DC
100
AcDbEntity
  8
0
100
AcDbBlockBegin
  2
PS_MESA_CENTRO_D75
 70
0
 10
0.0
 20
0.0
 30
0.0
  3
PS_MESA_CENTRO_D75
  1

  0
WIPEOUT
  5
DF
330
DC
100
AcDbEntity
  8
0
100
AcDbWipeout
 90
0
 10
-0.375
 20
-0.375
 30
0.0
 11
0.75
 21
0.0
 31
0.0
 12
0.0
 22
0.75
 32
0.0
 13
1.0
 23
1.0
340
0
 70
7
280
1
281
50
282
50
283
0
360
0
 71
2
 91
257
 14
0.5
 24
0.0
 14
0.4998494093481022
 24
0.012270614261456148
 14
0.4993977281025863
 24
0.024533837163708994
 14
0.4986452283393451
 24
0.03678228179983373
 14
0.49759236333609846
 24
0.049008570164780274
 14
0.49623976729935515
 24
0.061205337599608056
 14
0.49458825498239045
 24
0.0733652372276809
 14
0.49263882119447067
 24
0.08548094438015058
 14
0.4903926402016152
 24
0.09754516100806415
 14
0.48785106501926434
 24
0.10955062007843486
 14
0.48501562659727193
 24
0.12149008995163196
 14
0.48188803289771986
 24
0.13335637873744915
 14
0.4784701678661044
 24
0.1451423386272312
 14
0.47476409029651834
 24
0.15684087019944576
 14
0.47077203259151046
 24
0.16844492669611005
 14
0.46649639941736953
 24
0.17994751826749406
 14
0.46193976625564337
 24
0.19134171618254486
 14
0.45710487785176535
 24
0.20262065700249493
 14
0.4519946465617216
 24
0.213777546715141
 14
0.4466121505977577
 24
0.22480566482730324
 14
0.44096063217417747
 24
0.23569836841299885
 14
0.43504349555435573
 24
0.24644909611489202
 14
0.42886430500013606
 24
0.2570513720966109
 14
0.42242678262485356
 24
0.2674988099435486
 14
0.41573480615127256
 24
0.2777851165098011
 14
0.40879240657579174
 24
0.2879040957089226
 14
0.4016037657403224
 24
0.29784965224621673
 14
0.39417321381330306
 24
0.30761579529031347
 14
0.38650522668136844
 24
0.31719664208182274
 14
0.3786044232532424
 24
0.32658642147688843
 14
0.3704755626774796
 24
0.3357794774235091
 14
0.36212354147573345
 24
0.3447702723685334
 14
0.35355339059327384
 24
0.35355339059327373
 14
0.3447702723685335
 24
0.36212354147573345
 14
0.3357794774235092
 24
0.3704755626774795
 14
0.32658642147688843
 24
0.37860442325324223
 14
0.31719664208182274
 24
0.3865052266813685
 14
0.30761579529031347
 24
0.3941732138133031
 14
0.29784965224621673
 24
0.4016037657403224
 14
0.2879040957089227
 24
0.4087924065757918
 14
0.2777851165098012
 24
0.4157348061512726
 14
0.2674988099435486
 24
0.4224267826248535
 14
0.2570513720966109
 24
0.428864305000136
 14
0.24644909611489207
 24
0.4350434955543557
 14
0.23569836841299896
 24
0.44096063217417747
 14
0.22480566482730335
 24
0.44661215059775766
 14
0.21377754671514104
 24
0.45199464656172167
 14
0.20262065700249499
 24
0.4571048778517654
 14
0.19134171618254492
 24
0.4619397662556434
 14
0.1799475182674941
 24
0.4664963994173694
 14
0.1684449266961101
 24
0.4707720325915104
 14
0.15684087019944581
 24
0.4747640902965184
 14
0.14514233862723114
 24
0.47847016786610447
 14
0.1333563787374492
 24
0.4818880328977199
 14
0.12149008995163202
 24
0.485015626597272
 14
0.10955062007843486
 24
0.4878510650192643
 14
0.0975451610080641
 24
0.4903926402016152
 14
0.08548094438015064
 24
0.4926388211944706
 14
0.07336523722768085
 24
0.4945882549823905
 14
0.06120533759960811
 24
0.49623976729935504
 14
0.04900857016478033
 24
0.4975923633360984
 14
0.03678228179983367
 24
0.49864522833934516
 14
0.02453383716370905
 24
0.49939772810258626
 14
0.012270614261456148
 24
0.4998494093481021
 14
0.0
 24
0.5
 14
-0.012270614261456092
 24
0.4998494093481021
 14
-0.024533837163708994
 24
0.49939772810258626
 14
-0.036782281799833616
 24
0.49864522833934516
 14
-0.049008570164780274
 24
0.4975923633360984
 14
-0.061205337599608056
 24
0.49623976729935504
 14
-0.07336523722768079
 24
0.4945882549823905
 14
-0.08548094438015058
 24
0.4926388211944706
 14
-0.09754516100806415
 24
0.4903926402016152
 14
-0.10955062007843486
 24
0.4878510650192643
 14
-0.12149008995163196
 24
0.485015626597272
 14
-0.13335637873744915
 24
0.4818880328977199
 14
-0.14514233862723108
 24
0.47847016786610447
 14
-0.1568408701994457
 24
0.4747640902965184
 14
-0.16844492669611
 24
0.4707720325915104
 14
-0.17994751826749406
 24
0.4664963994173694
 14
-0.19134171618254486
 24
0.4619397662556434
 14
-0.20262065700249487
 24
0.4571048778517654
 14
-0.21377754671514093
 24
0.4519946465617217
 14
-0.22480566482730335
 24
0.4466121505977576
 14
-0.23569836841299885
 24
0.4409606321741775
 14
-0.24644909611489196
 24
0.4350434955543558
 14
-0.2570513720966109
 24
0.428864305000136
 14
-0.2674988099435486
 24
0.4224267826248536
 14
-0.277785116509801
 24
0.41573480615127273
 14
-0.2879040957089226
 24
0.4087924065757918
 14
-0.29784965224621673
 24
0.40160376574032247
 14
-0.30761579529031335
 24
0.39417321381330317
 14
-0.31719664208182274
 24
0.3865052266813685
 14
-0.3265864214768883
 24
0.37860442325324234
 14
-0.3357794774235092
 24
0.3704755626774795
 14
-0.3447702723685334
 24
0.36212354147573345
 14
-0.35355339059327373
 24
0.35355339059327384
 14
-0.36212354147573345
 24
0.3447702723685335
 14
-0.3704755626774795
 24
0.33577947742350933
 14
-0.37860442325324234
 24
0.3265864214768883
 14
-0.3865052266813685
 24
0.31719664208182274
 14
-0.3941732138133031
 24
0.30761579529031347
 14
-0.4016037657403224
 24
0.29784965224621673
 14
-0.4087924065757918
 24
0.2879040957089227
 14
-0.4157348061512727
 24
0.2777851165098011
 14
-0.42242678262485356
 24
0.2674988099435486
 14
-0.428864305000136
 24
0.2570513720966109
 14
-0.4350434955543557
 24
0.24644909611489207
 14
-0.44096063217417747
 24
0.2356983684129989
 14
-0.4466121505977576
 24
0.2248056648273034
 14
-0.45199464656172167
 24
0.213777546715141
 14
-0.4571048778517654
 24
0.20262065700249493
 14
-0.4619397662556434
 24
0.19134171618254497
 14
-0.4664963994173694
 24
0.17994751826749417
 14
-0.4707720325915104
 24
0.16844492669611016
 14
-0.4747640902965184
 24
0.1568408701994457
 14
-0.47847016786610447
 24
0.1451423386272312
 14
-0.4818880328977199
 24
0.13335637873744927
 14
-0.485015626597272
 24
0.12149008995163202
 14
-0.4878510650192643
 24
0.10955062007843502
 14
-0.4903926402016152
 24
0.09754516100806426
 14
-0.4926388211944706
 24
0.08548094438015058
 14
-0.4945882549823905
 24
0.0733652372276809
 14
-0.49623976729935504
 24
0.06120533759960817
 14
-0.4975923633360984
 24
0.04900857016478044
 14
-0.49864522833934516
 24
0.03678228179983384
 14
-0.49939772810258626
 24
0.024533837163708994
 14
-0.4998494093481021
 24
0.012270614261456148
 14
-0.5
 24
0.0
 14
-0.4998494093481021
 24
-0.012270614261456037
 14
-0.49939772810258626
 24
-0.024533837163708827
 14
-0.49864522833934516
 24
-0.03678228179983378
 14
-0.4975923633360984
 24
-0.04900857016478033
 14
-0.49623976729935504
 24
-0.06120533759960811
 14
-0.4945882549823905
 24
-0.07336523722768085
 14
-0.4926388211944707
 24
-0.08548094438015053
 14
-0.4903926402016152
 24
-0.0975451610080641
 14
-0.4878510650192643
 24
-0.10955062007843486
 14
-0.485015626597272
 24
-0.12149008995163191
 14
-0.48188803289772003
 24
-0.1333563787374491
 14
-0.47847016786610447
 24
-0.14514233862723103
 14
-0.4747640902965184
 24
-0.1568408701994456
 14
-0.4707720325915104
 24
-0.1684449266961101
 14
-0.4664963994173695
 24
-0.1799475182674941
 14
-0.4619397662556435
 24
-0.1913417161825448
 14
-0.4571048778517654
 24
-0.20262065700249476
 14
-0.4519946465617217
 24
-0.21377754671514093
 14
-0.44661215059775766
 24
-0.22480566482730335
 14
-0.4409606321741775
 24
-0.23569836841299885
 14
-0.4350434955543558
 24
-0.24644909611489185
 14
-0.428864305000136
 24
-0.2570513720966109
 14
-0.4224267826248536
 24
-0.26749880994354847
 14
-0.41573480615127273
 24
-0.277785116509801
 14
-0.4087924065757918
 24
-0.2879040957089227
 14
-0.40160376574032247
 24
-0.29784965224621673
 14
-0.39417321381330317
 24
-0.30761579529031335
 14
-0.3865052266813685
 24
-0.31719664208182274
 14
-0.3786044232532424
 24
-0.3265864214768883
 14
-0.3704755626774795
 24
-0.3357794774235092
 14
-0.36212354147573345
 24
-0.3447702723685334
 14
-0.35355339059327384
 24
-0.3535533905932736
 14
-0.3447702723685335
 24
-0.36212354147573345
 14
-0.33577947742350933
 24
-0.3704755626774795
 14
-0.32658642147688854
 24
-0.37860442325324206
 14
-0.31719664208182297
 24
-0.38650522668136844
 14
-0.3076157952903136
 24
-0.39417321381330295
 14
-0.2978496522462166
 24
-0.4016037657403224
 14
-0.2879040957089226
 24
-0.4087924065757921
 14
-0.2777851165098011
 24
-0.41573480615127256
 14
-0.2674988099435487
 24
-0.42242678262485356
 14
-0.2570513720966109
 24
-0.42886430500013606
 14
-0.24644909611489213
 24
-0.43504349555435573
 14
-0.2356983684129989
 24
-0.44096063217417747
 14
-0.22480566482730352
 24
-0.4466121505977577
 14
-0.21377754671514126
 24
-0.4519946465617215
 14
-0.20262065700249515
 24
-0.45710487785176523
 14
-0.1913417161825452
 24
-0.46193976625564337
 14
-0.179947518267494
 24
-0.46649639941736953
 14
-0.16844492669611
 24
-0.47077203259151046
 14
-0.1568408701994457
 24
-0.47476409029651834
 14
-0.1451423386272312
 24
-0.4784701678661044
 14
-0.13335637873744927
 24
-0.48188803289771986
 14
-0.12149008995163207
 24
-0.48501562659727193
 14
-0.10955062007843502
 24
-0.48785106501926434
 14
-0.09754516100806437
 24
-0.4903926402016152
 14
-0.0854809443801508
 24
-0.49263882119447056
 14
-0.07336523722768118
 24
-0.49458825498239045
 14
-0.061205337599608
 24
-0.49623976729935515
 14
-0.04900857016478022
 24
-0.49759236333609846
 14
-0.03678228179983373
 24
-0.4986452283393451
 14
-0.024533837163708994
 24
-0.4993977281025863
 14
-0.012270614261456203
 24
-0.4998494093481022
 14
0.0
 24
-0.5
 14
0.012270614261456037
 24
-0.4998494093481022
 14
0.024533837163708827
 24
-0.4993977281025863
 14
0.03678228179983345
 24
-0.4986452283393451
 14
0.04900857016478011
 24
-0.49759236333609846
 14
0.06120533759960778
 24
-0.49623976729935515
 14
0.07336523722768096
 24
-0.49458825498239045
 14
0.08548094438015064
 24
-0.49263882119447067
 14
0.0975451610080641
 24
-0.4903926402016152
 14
0.10955062007843486
 24
-0.48785106501926434
 14
0.12149008995163191
 24
-0.48501562659727193
 14
0.1333563787374491
 24
-0.4818880328977201
 14
0.14514233862723103
 24
-0.4784701678661044
 14
0.1568408701994456
 24
-0.47476409029651834
 14
0.16844492669610978
 24
-0.47077203259151046
 14
0.17994751826749378
 24
-0.46649639941736953
 14
0.19134171618254514
 24
-0.46193976625564337
 14
0.20262065700249499
 24
-0.45710487785176523
 14
0.21377754671514104
 24
-0.4519946465617216
 14
0.22480566482730335
 24
-0.4466121505977577
 14
0.23569836841299885
 24
-0.44096063217417747
 14
0.24644909611489185
 24
-0.43504349555435573
 14
0.2570513720966109
 24
-0.42886430500013617
 14
0.26749880994354847
 24
-0.42242678262485356
 14
0.277785116509801
 24
-0.4157348061512728
 14
0.2879040957089224
 24
-0.4087924065757921
 14
0.2978496522462164
 24
-0.40160376574032275
 14
0.30761579529031347
 24
-0.39417321381330306
 14
0.31719664208182285
 24
-0.38650522668136844
 14
0.32658642147688843
 24
-0.3786044232532424
 14
0.3357794774235092
 24
-0.3704755626774796
 14
0.3447702723685334
 24
-0.36212354147573345
 14
0.3535533905932736
 24
-0.35355339059327384
 14
0.36212354147573345
 24
-0.3447702723685335
 14
0.3704755626774795
 24
-0.33577947742350933
 14
0.37860442325324206
 24
-0.32658642147688866
 14
0.38650522668136844
 24
-0.31719664208182297
 14
0.39417321381330295
 24
-0.3076157952903138
 14
0.4016037657403224
 24
-0.29784965224621673
 14
0.40879240657579174
 24
-0.2879040957089226
 14
0.41573480615127256
 24
-0.2777851165098011
 14
0.42242678262485356
 24
-0.2674988099435486
 14
0.42886430500013606
 24
-0.257051372096611
 14
0.43504349555435573
 24
-0.24644909611489219
 14
0.44096063217417747
 24
-0.23569836841299896
 14
0.4466121505977575
 24
-0.22480566482730346
 14
0.4519946465617215
 24
-0.21377754671514138
 14
0.45710487785176523
 24
-0.2026206570024952
 14
0.46193976625564337
 24
-0.19134171618254525
 14
0.46649639941736953
 24
-0.179947518267494
 14
0.47077203259151046
 24
-0.16844492669611
 14
0.47476409029651834
 24
-0.15684087019944581
 14
0.4784701678661044
 24
-0.14514233862723125
 14
0.48188803289771986
 24
-0.13335637873744932
 14
0.48501562659727193
 24
-0.12149008995163213
 14
0.48785106501926434
 24
-0.10955062007843508
 14
0.4903926402016152
 24
-0.09754516100806432
 14
0.49263882119447056
 24
-0.08548094438015086
 14
0.49458825498239045
 24
-0.07336523722768118
 14
0.49623976729935515
 24
-0.061205337599608
 14
0.49759236333609846
 24
-0.04900857016478033
 14
0.4986452283393451
 24
-0.03678228179983367
 14
0.4993977281025863
 24
-0.02453383716370905
 14
0.4998494093481022
 24
-0.012270614261456259
 14
0.5
 24
0.0
290
0
  0
CIRCLE
  5
E0
330
DC
100
AcDbEntity
  8
0
100
AcDbCircle
 10
0.0
 20
0.0
 30
0.0
 40
0.375
  0
CIRCLE
  5
E1
330
DC
100
AcDbEntity
  8
0
 62
8
370
13
100
AcDbCircle
 10
0.0
 20
0.0
 30
0.0
 40
0.34500000000000003
  0
LINE
  5
E2
330
DC
100
AcDbEntity
  8
0
 62
8
370
13
100
AcDbLine
 10
-0.2
 20
0.0
 30
0.0
 11
-0.1982889722747621
 21
-0.026105238444010265
 31
0.0
  0
LINE
  5
E3
330
DC
100
AcDbEntity
  8
0
 62
8
370
13
100
AcDbLine
 10
-0.1982889722747621
 20
-0.026105238444010265
 30
0.0
 11
-0.19558916641106538
 21
-0.039678079083645706
 31
0.0
  0
LINE
  5
E4
330
DC
100
AcDbEntity
  8
0
 62
8
370
13
100
AcDbLine
 10
-0.18911011752422077
 20
-0.06376851253265842
 30
0.0
 11
-0.18477590650225736
 21
-0.07653668647301794
 31
0.0
  0
LINE
  5
E5
330
DC
100
AcDbEntity
  8
0
 62
8
370
13
100
AcDbLine
 10
-0.18477590650225736
 20
-0.07653668647301794
 30
0.0
 11
-0.17320508075688779
 21
-0.09999999999999995
 31
0.0
  0
LINE
  5
E6
330
DC
100
AcDbEntity
  8
0
 62
8
370
13
100
AcDbLine
 10
-0.17320508075688779
 20
-0.09999999999999995
 30
0.0
 11
-0.17300785708439229
 21
-0.10029516608479075
 31
0.0
  0
LINE
  5
E7
330
DC
100
AcDbEntity
  8
0
 62
8
370
13
100
AcDbLine
 10
-0.15911860125890223
 20
-0.12108190639235437
 30
0.0
 11
-0.15867066805824703
 21
-0.12175228580174413
 31
0.0
  0
LINE
  5
E8
330
DC
100
AcDbEntity
  8
0
 62
8
370
13
100
AcDbLine
 10
-0.15867066805824703
 20
-0.12175228580174413
 30
0.0
 11
-0.14142135623730956
 21
-0.1414213562373095
 31
0.0
  0
LINE
  5
E9
330
DC
100
AcDbEntity
  8
0
 62
8
370
13
100
AcDbLine
 10
-0.14142135623730956
 20
-0.1414213562373095
 30
0.0
 11
-0.1316230115792756
 21
-0.15001427387869604
 31
0.0
  0
LINE
  5
EA
330
DC
100
AcDbEntity
  8
0
 62
8
370
13
100
AcDbLine
 10
-0.11188171201495671
 20
-0.16526597460658457
 30
0.0
 11
-0.10000000000000007
 21
-0.17320508075688767
 31
0.0
  0
LINE
  5
EB
330
DC
100
AcDbEntity
  8
0
 62
8
370
13
100
AcDbLine
 10
-0.10000000000000009
 20
-0.17320508075688767
 30
0.0
 11
-0.07694141395567464
 21
-0.18457631699539603
 31
0.0
  0
LINE
  5
EC
330
DC
100
AcDbEntity
  8
0
 62
8
370
13
100
AcDbLine
 10
-0.05329074987691472
 20
-0.1926668386810726
 30
0.0
 11
-0.051763809020504134
 21
-0.19318516525781365
 31
0.0
  0
LINE
  5
ED
330
DC
100
AcDbEntity
  8
0
 62
8
370
13
100
AcDbLine
 10
-0.051763809020504134
 20
-0.19318516525781365
 30
0.0
 11
-0.026105238444010324
 21
-0.19828897227476208
 31
0.0
  0
LINE
  5
EE
330
DC
100
AcDbEntity
  8
0
 62
8
370
13
100
AcDbLine
 10
-0.026105238444010324
 20
-0.19828897227476208
 30
0.0
 11
-0.013905184356542791
 21
-0.19908860606618792
 31
0.0
  0
LINE
  5
EF
330
DC
100
AcDbEntity
  8
0
 62
8
370
13
100
AcDbLine
 10
0.011041288724422298
 20
-0.19927631570305854
 30
0.0
 11
0.026105238444010328
 21
-0.19828897227476208
 31
0.0
  0
LINE
  5
F0
330
DC
100
AcDbEntity
  8
0
 62
8
370
13
100
AcDbLine
 10
0.026105238444010342
 20
-0.19828897227476208
 30
0.0
 11
0.05053044829676958
 21
-0.1934304959592048
 31
0.0
  0
LINE
  5
F1
330
DC
100
AcDbEntity
  8
0
 62
8
370
13
100
AcDbLine
 10
0.07424627518840217
 20
-0.18555339636736892
 30
0.0
 11
0.07653668647301796
 21
-0.18477590650225736
 31
0.0
  0
LINE
  5
F2
330
DC
100
AcDbEntity
  8
0
 62
8
370
13
100
AcDbLine
 10
0.07653668647301796
 20
-0.18477590650225736
 30
0.0
 11
0.09999999999999996
 21
-0.17320508075688776
 31
0.0
  0
LINE
  5
F3
330
DC
100
AcDbEntity
  8
0
 62
8
370
13
100
AcDbLine
 10
0.09999999999999998
 20
-0.17320508075688776
 30
0.0
 11
0.10949536046218845
 21
-0.1668604837367099
 31
0.0
  0
LINE
  5
F4
330
DC
100
AcDbEntity
  8
0
 62
8
370
13
100
AcDbLine
 10
0.1294652008000675
 20
-0.15190662314365364
 30
0.0
 11
0.1414213562373095
 21
-0.1414213562373095
 31
0.0
  0
LINE
  5
F5
330
DC
100
AcDbEntity
  8
0
 62
8
370
13
100
AcDbLine
 10
0.1414213562373095
 20
-0.1414213562373095
 30
0.0
 11
0.15730992193496815
 21
-0.12330391937539242
 31
0.0
  0
LINE
  5
F6
330
DC
100
AcDbEntity
  8
0
 62
8
370
13
100
AcDbLine
 10
0.17141334795426696
 20
-0.10268151763755898
 30
0.0
 11
0.1732050807568877
 21
-0.09999999999999998
 31
0.0
  0
LINE
  5
F7
330
DC
100
AcDbEntity
  8
0
 62
8
370
13
100
AcDbLine
 10
0.1732050807568877
 20
-0.1
 30
0.0
 11
0.18477590650225736
 21
-0.07653668647301796
 31
0.0
  0
LINE
  5
F8
330
DC
100
AcDbEntity
  8
0
 62
8
370
13
100
AcDbLine
 10
0.18477590650225736
 20
-0.07653668647301796
 30
0.0
 11
0.1881875732053454
 21
-0.06648624045854858
 31
0.0
  0
LINE
  5
F9
330
DC
100
AcDbEntity
  8
0
 62
8
370
13
100
AcDbLine
 10
0.19502924926438336
 20
-0.04249297266747864
 30
0.0
 11
0.19828897227476208
 21
-0.026105238444010297
 31
0.0
  0
LINE
  5
FA
330
DC
100
AcDbEntity
  8
0
 62
8
370
13
100
AcDbLine
 10
0.19828897227476208
 20
-0.02610523844401033
 30
0.0
 11
0.1998122903631294
 21
-0.00286389563212043
 31
0.0
  0
LINE
  5
FB
330
DC
100
AcDbEntity
  8
0
 62
8
370
13
100
AcDbLine
 10
0.19855263140611704
 20
0.022082577448844662
 30
0.0
 11
0.19828897227476208
 21
0.026105238444010328
 31
0.0
  0
LINE
  5
FC
330
DC
100
AcDbEntity
  8
0
 62
8
370
13
100
AcDbLine
 10
0.19828897227476208
 20
0.026105238444010314
 30
0.0
 11
0.19318516525781365
 21
0.05176380902050409
 31
0.0
  0
LINE
  5
FD
330
DC
100
AcDbEntity
  8
0
 62
8
370
13
100
AcDbLine
 10
0.19318516525781365
 20
0.05176380902050415
 30
0.0
 11
0.19003266184309608
 21
0.06105078460676828
 31
0.0
  0
LINE
  5
FE
330
DC
100
AcDbEntity
  8
0
 62
8
370
13
100
AcDbLine
 10
0.18095178812065119
 20
0.084291231440375
 30
0.0
 11
0.17320508075688779
 21
0.09999999999999995
 31
0.0
  0
LINE
  5
FF
330
DC
100
AcDbEntity
  8
0
 62
8
370
13
100
AcDbLine
 10
0.17320508075688776
 20
0.09999999999999998
 30
0.0
 11
0.16071311038902747
 21
0.11869555483958621
 31
0.0
  0
LINE
  5
100
330
DC
100
AcDbEntity
  8
0
 62
8
370
13
100
AcDbLine
 10
0.14461097508738155
 20
0.13778429300395068
 30
0.0
 11
0.14142135623730956
 21
0.14142135623730945
 31
0.0
  0
LINE
  5
101
330
DC
100
AcDbEntity
  8
0
 62
8
370
13
100
AcDbLine
 10
0.1414213562373095
 20
0.1414213562373095
 30
0.0
 11
0.12175228580174408
 21
0.15867066805824706
 31
0.0
  0
LINE
  5
102
330
DC
100
AcDbEntity
  8
0
 62
8
370
13
100
AcDbLine
 10
0.12175228580174413
 20
0.15867066805824703
 30
0.0
 11
0.1142680635677249
 21
0.1636714654764593
 31
0.0
  0
LINE
  5
103
330
DC
100
AcDbEntity
  8
0
 62
8
370
13
100
AcDbLine
 10
0.09296856626830372
 20
0.17667260014011596
 30
0.0
 11
0.07653668647301791
 21
0.1847759065022574
 31
0.0
  0
LINE
  5
104
330
DC
100
AcDbEntity
  8
0
 62
8
370
13
100
AcDbLine
 10
0.07653668647301796
 20
0.18477590650225736
 30
0.0
 11
0.05600847780280483
 21
0.19174429436219728
 31
0.0
  0
LINE
  5
105
330
DC
100
AcDbEntity
  8
0
 62
8
370
13
100
AcDbLine
 10
0.031640603454354786
 20
0.19718791971624394
 30
0.0
 11
0.026105238444010376
 21
0.19828897227476208
 31
0.0
  0
LINE
  5
106
330
DC
100
AcDbEntity
  8
0
 62
8
370
13
100
AcDbLine
 10
0.026105238444010342
 20
0.19828897227476208
 30
0.0
 11
-5.773159728050814e-17
 21
0.2
 31
0.0
  0
LINE
  5
107
330
DC
100
AcDbEntity
  8
0
 62
8
370
13
100
AcDbLine
 10
0.0
 20
0.2
 30
0.0
 11
-0.00817739309230187
 21
0.19946402533992913
 31
0.0
  0
LINE
  5
108
330
DC
100
AcDbEntity
  8
0
 62
8
370
13
100
AcDbLine
 10
-0.033003775506888204
 20
0.19691676793612875
 30
0.0
 11
-0.05176380902050409
 21
0.19318516525781365
 31
0.0
  0
LINE
  5
109
330
DC
100
AcDbEntity
  8
0
 62
8
370
13
100
AcDbLine
 10
-0.051763809020504134
 20
0.19318516525781365
 30
0.0
 11
-0.07152854726251202
 21
0.18647594068624426
 31
0.0
  0
LINE
  5
10A
330
DC
100
AcDbEntity
  8
0
 62
8
370
13
100
AcDbLine
 10
-0.09421511011471405
 20
0.17605787274391127
 30
0.0
 11
-0.09999999999999994
 21
0.17320508075688779
 31
0.0
  0
LINE
  5
10B
330
DC
100
AcDbEntity
  8
0
 62
8
370
13
100
AcDbLine
 10
-0.09999999999999996
 20
0.17320508075688776
 30
0.0
 11
-0.12175228580174416
 21
0.158670668058247
 31
0.0
  0
LINE
  5
10C
330
DC
100
AcDbEntity
  8
0
 62
8
370
13
100
AcDbLine
 10
-0.12175228580174413
 20
0.15867066805824703
 30
0.0
 11
-0.12730739002085928
 21
0.1537989724086113
 31
0.0
  0
LINE
  5
10D
330
DC
100
AcDbEntity
  8
0
 62
8
370
13
100
AcDbLine
 10
-0.1455273854435095
 20
0.13673932726678525
 30
0.0
 11
-0.158670668058247
 21
0.1217522858017442
 31
0.0
  0
LINE
  5
10E
330
DC
100
AcDbEntity
  8
0
 62
8
370
13
100
AcDbLine
 10
-0.158670668058247
 20
0.12175228580174417
 30
0.0
 11
-0.1698188388241417
 21
0.10506786919032726
 31
0.0
  0
LINE
  5
10F
330
DC
100
AcDbEntity
  8
0
 62
8
370
13
100
AcDbLine
 10
-0.18156651551685596
 20
0.08304468759396456
 30
0.0
 11
-0.18477590650225736
 21
0.07653668647301796
 31
0.0
  0
LINE
  5
110
330
DC
100
AcDbEntity
  8
0
 62
8
370
13
100
AcDbLine
 10
-0.18477590650225736
 20
0.07653668647301798
 30
0.0
 11
-0.19318516525781365
 21
0.05176380902050409
 31
0.0
  0
LINE
  5
111
330
DC
100
AcDbEntity
  8
0
 62
8
370
13
100
AcDbLine
 10
-0.19318516525781365
 20
0.05176380902050411
 30
0.0
 11
-0.19446933211770134
 21
0.045307866251311585
 31
0.0
  0
LINE
  5
112
330
DC
100
AcDbEntity
  8
0
 62
8
370
13
100
AcDbLine
 10
-0.19864353378780664
 20
0.020695675112819823
 30
0.0
 11
-0.2
 21
5.773159728050814e-17
 31
0.0
  0
LWPOLYLINE
  5
113
330
DC
100
AcDbEntity
  8
0
 62
8
370
13
100
AcDbPolyline
 90
8
 70
1
 10
-0.19103575831048705
 20
-0.024264377312748123
 42
0.41421356237309503
 10
-0.15258437538713976
 20
-0.04219455163655532
 10
0.05414800118576011
 20
0.03304987989509179
 42
0.41421356237309503
 10
0.0720781755095673
 20
0.07150126281843912
 10
0.03103575831048705
 20
0.18426437731274814
 42
0.41421356237309503
 10
-0.007415624612860263
 20
0.2021945516365553
 10
-0.2141480011857601
 20
0.12695012010490822
 42
0.41421356237309503
 10
-0.2320781755095673
 20
0.0884987371815609
  0
LWPOLYLINE
  5
114
330
DC
100
AcDbEntity
  8
0
 62
8
370
13
100
AcDbPolyline
 90
4
 70
1
 10
0.03949201448489193
 20
-0.18997680387042998
 10
0.21555858261697694
 20
-0.22740090821762668
 10
0.2405079855151081
 20
-0.11002319612957
 10
0.06444141738302304
 20
-0.07259909178237331
  0
CIRCLE
  5
115
330
DC
100
AcDbEntity
  8
0
 62
8
370
13
100
AcDbCircle
 10
-0.13
 20
0.05
 30
0.0
 40
0.03
  0
CIRCLE
  5
116
330
DC
100
AcDbEntity
  8
0
 62
8
370
13
100
AcDbCircle
 10
-0.04
 20
0.1
 30
0.0
 40
0.03
  0
LWPOLYLINE
  5
117
330
DC
100
AcDbEntity
  8
0
 62
8
370
13
100
AcDbPolyline
 90
4
 70
1
 10
0.0656646715339208
 20
-0.20808837182982592
 10
0.22478817479284455
 20
-0.1913638177070014
 10
0.21433532846607922
 20
-0.09191162817017405
 10
0.055211825207155465
 20
-0.10863618229299862
  0
ENDBLK
  5
DE
330
DC
100
AcDbEntity
  8
0
100
AcDbBlockEnd
  0
BLOCK
  5
119
330
118
100
AcDbEntity
  8
0
100
AcDbBlockBegin
  2
PS_PUF_D50
 70
0
 10
0.0
 20
0.0
 30
0.0
  3
PS_PUF_D50
  1

  0
WIPEOUT
  5
11B
330
118
100
AcDbEntity
  8
0
100
AcDbWipeout
 90
0
 10
-0.25
 20
-0.25
 30
0.0
 11
0.5
 21
0.0
 31
0.0
 12
0.0
 22
0.5
 32
0.0
 13
1.0
 23
1.0
340
0
 70
7
280
1
281
50
282
50
283
0
360
0
 71
2
 91
257
 14
0.5
 24
0.0
 14
0.49984940934810207
 24
0.012270614261456148
 14
0.4993977281025862
 24
0.024533837163708994
 14
0.4986452283393451
 24
0.03678228179983373
 14
0.4975923633360986
 24
0.04900857016478033
 14
0.49623976729935504
 24
0.06120533759960811
 14
0.49458825498239056
 24
0.07336523722768085
 14
0.49263882119447056
 24
0.08548094438015064
 14
0.4903926402016152
 24
0.0975451610080641
 14
0.48785106501926423
 24
0.10955062007843491
 14
0.48501562659727204
 24
0.12149008995163191
 14
0.48188803289772
 24
0.1333563787374492
 14
0.4784701678661044
 24
0.14514233862723114
 14
0.47476409029651834
 24
0.15684087019944576
 14
0.47077203259151035
 24
0.16844492669611005
 14
0.46649639941736953
 24
0.17994751826749406
 14
0.4619397662556435
 24
0.19134171618254492
 14
0.45710487785176535
 24
0.20262065700249493
 14
0.4519946465617217
 24
0.21377754671514104
 14
0.4466121505977576
 24
0.2248056648273033
 14
0.44096063217417747
 24
0.23569836841299885
 14
0.43504349555435573
 24
0.24644909611489202
 14
0.42886430500013606
 24
0.25705137209661083
 14
0.42242678262485356
 24
0.2674988099435486
 14
0.4157348061512727
 24
0.2777851165098011
 14
0.40879240657579197
 24
0.28790409570892267
 14
0.4016037657403224
 24
0.2978496522462167
 14
0.39417321381330317
 24
0.3076157952903134
 14
0.38650522668136844
 24
0.31719664208182274
 14
0.3786044232532423
 24
0.3265864214768884
 14
0.3704755626774796
 24
0.33577947742350917
 14
0.36212354147573356
 24
0.3447702723685334
 14
0.35355339059327373
 24
0.35355339059327373
 14
0.3447702723685335
 24
0.36212354147573345
 14
0.3357794774235092
 24
0.37047556267747955
 14
0.3265864214768883
 24
0.37860442325324223
 14
0.31719664208182274
 24
0.3865052266813685
 14
0.30761579529031335
 24
0.3941732138133031
 14
0.29784965224621673
 24
0.4016037657403224
 14
0.2879040957089227
 24
0.4087924065757919
 14
0.2777851165098011
 24
0.4157348061512726
 14
0.2674988099435487
 24
0.4224267826248535
 14
0.2570513720966108
 24
0.42886430500013606
 14
0.24644909611489207
 24
0.4350434955543557
 14
0.23569836841299896
 24
0.4409606321741775
 14
0.22480566482730335
 24
0.44661215059775766
 14
0.21377754671514115
 24
0.45199464656172167
 14
0.20262065700249487
 24
0.45710487785176535
 14
0.19134171618254492
 24
0.4619397662556434
 14
0.1799475182674941
 24
0.4664963994173694
 14
0.1684449266961101
 24
0.4707720325915104
 14
0.15684087019944581
 24
0.47476409029651834
 14
0.14514233862723114
 24
0.47847016786610447
 14
0.1333563787374492
 24
0.4818880328977199
 14
0.12149008995163202
 24
0.485015626597272
 14
0.10955062007843486
 24
0.4878510650192643
 14
0.09754516100806421
 24
0.49039264020161527
 14
0.08548094438015075
 24
0.4926388211944706
 14
0.07336523722768085
 24
0.4945882549823905
 14
0.06120533759960811
 24
0.496239767299355
 14
0.04900857016478044
 24
0.4975923633360984
 14
0.03678228179983378
 24
0.4986452283393451
 14
0.02453383716370905
 24
0.4993977281025862
 14
0.012270614261456148
 24
0.4998494093481021
 14
0.0
 24
0.5
 14
-0.012270614261456092
 24
0.4998494093481021
 14
-0.024533837163708994
 24
0.4993977281025862
 14
-0.03678228179983367
 24
0.4986452283393451
 14
-0.04900857016478033
 24
0.4975923633360985
 14
-0.06120533759960811
 24
0.496239767299355
 14
-0.07336523722768085
 24
0.4945882549823905
 14
-0.08548094438015064
 24
0.4926388211944706
 14
-0.0975451610080641
 24
0.49039264020161527
 14
-0.10955062007843486
 24
0.4878510650192643
 14
-0.12149008995163191
 24
0.485015626597272
 14
-0.13335637873744915
 24
0.4818880328977199
 14
-0.14514233862723108
 24
0.47847016786610447
 14
-0.1568408701994457
 24
0.47476409029651834
 14
-0.16844492669611
 24
0.4707720325915104
 14
-0.1799475182674941
 24
0.4664963994173694
 14
-0.19134171618254492
 24
0.4619397662556434
 14
-0.20262065700249487
 24
0.45710487785176535
 14
-0.21377754671514093
 24
0.4519946465617218
 14
-0.22480566482730335
 24
0.44661215059775766
 14
-0.23569836841299885
 24
0.4409606321741775
 14
-0.24644909611489202
 24
0.43504349555435573
 14
-0.25705137209661083
 24
0.42886430500013606
 14
-0.2674988099435485
 24
0.4224267826248536
 14
-0.277785116509801
 24
0.41573480615127273
 14
-0.28790409570892267
 24
0.4087924065757919
 14
-0.2978496522462167
 24
0.40160376574032247
 14
-0.30761579529031335
 24
0.39417321381330317
 14
-0.3171966420818227
 24
0.3865052266813686
 14
-0.32658642147688827
 24
0.3786044232532424
 14
-0.3357794774235092
 24
0.3704755626774795
 14
-0.34477027236853347
 24
0.36212354147573345
 14
-0.35355339059327373
 24
0.3535533905932738
 14
-0.3621235414757334
 24
0.3447702723685335
 14
-0.37047556267747944
 24
0.3357794774235093
 14
-0.3786044232532423
 24
0.3265864214768883
 14
-0.3865052266813685
 24
0.31719664208182274
 14
-0.3941732138133031
 24
0.30761579529031347
 14
-0.4016037657403224
 24
0.29784965224621673
 14
-0.4087924065757918
 24
0.2879040957089227
 14
-0.4157348061512727
 24
0.2777851165098011
 14
-0.42242678262485356
 24
0.2674988099435486
 14
-0.42886430500013606
 24
0.2570513720966109
 14
-0.4350434955543557
 24
0.24644909611489207
 14
-0.4409606321741775
 24
0.23569836841299896
 14
-0.44661215059775766
 24
0.22480566482730346
 14
-0.45199464656172167
 24
0.21377754671514104
 14
-0.45710487785176535
 24
0.20262065700249499
 14
-0.4619397662556434
 24
0.19134171618254492
 14
-0.4664963994173694
 24
0.17994751826749422
 14
-0.47077203259151035
 24
0.16844492669611022
 14
-0.47476409029651834
 24
0.1568408701994457
 14
-0.4784701678661044
 24
0.1451423386272312
 14
-0.4818880328977199
 24
0.1333563787374492
 14
-0.485015626597272
 24
0.12149008995163202
 14
-0.48785106501926423
 24
0.10955062007843502
 14
-0.49039264020161527
 24
0.09754516100806432
 14
-0.4926388211944706
 24
0.08548094438015064
 14
-0.4945882549823905
 24
0.0733652372276809
 14
-0.496239767299355
 24
0.06120533759960817
 14
-0.4975923633360984
 24
0.04900857016478044
 14
-0.4986452283393451
 24
0.036782281799833894
 14
-0.4993977281025862
 24
0.024533837163708994
 14
-0.4998494093481021
 24
0.012270614261456148
 14
-0.5
 24
0.0
 14
-0.4998494093481021
 24
-0.012270614261456037
 14
-0.4993977281025862
 24
-0.024533837163708827
 14
-0.4986452283393451
 24
-0.03678228179983378
 14
-0.4975923633360985
 24
-0.04900857016478033
 14
-0.496239767299355
 24
-0.061205337599608
 14
-0.4945882549823905
 24
-0.07336523722768074
 14
-0.49263882119447067
 24
-0.08548094438015053
 14
-0.49039264020161527
 24
-0.09754516100806421
 14
-0.4878510650192643
 24
-0.10955062007843486
 14
-0.485015626597272
 24
-0.12149008995163191
 14
-0.48188803289772
 24
-0.1333563787374491
 14
-0.47847016786610447
 24
-0.14514233862723103
 14
-0.4747640902965184
 24
-0.1568408701994456
 14
-0.4707720325915104
 24
-0.1684449266961101
 14
-0.46649639941736953
 24
-0.1799475182674941
 14
-0.4619397662556434
 24
-0.1913417161825448
 14
-0.45710487785176535
 24
-0.20262065700249487
 14
-0.4519946465617218
 24
-0.21377754671514093
 14
-0.44661215059775766
 24
-0.22480566482730335
 14
-0.4409606321741775
 24
-0.23569836841299885
 14
-0.43504349555435573
 24
-0.24644909611489196
 14
-0.42886430500013606
 24
-0.2570513720966108
 14
-0.4224267826248536
 24
-0.26749880994354847
 14
-0.41573480615127273
 24
-0.277785116509801
 14
-0.4087924065757919
 24
-0.2879040957089227
 14
-0.40160376574032247
 24
-0.2978496522462166
 14
-0.39417321381330317
 24
-0.30761579529031335
 14
-0.3865052266813686
 24
-0.31719664208182263
 14
-0.37860442325324245
 24
-0.3265864214768883
 14
-0.37047556267747955
 24
-0.3357794774235092
 14
-0.3621235414757335
 24
-0.3447702723685334
 14
-0.35355339059327384
 24
-0.35355339059327373
 14
-0.3447702723685335
 24
-0.36212354147573333
 14
-0.3357794774235094
 24
-0.3704755626774794
 14
-0.32658642147688854
 24
-0.3786044232532422
 14
-0.31719664208182297
 24
-0.38650522668136833
 14
-0.30761579529031363
 24
-0.39417321381330295
 14
-0.29784965224621657
 24
-0.40160376574032264
 14
-0.2879040957089226
 24
-0.40879240657579197
 14
-0.2777851165098011
 24
-0.4157348061512727
 14
-0.26749880994354863
 24
-0.42242678262485356
 14
-0.2570513720966109
 24
-0.42886430500013606
 14
-0.24644909611489213
 24
-0.4350434955543556
 14
-0.23569836841299896
 24
-0.44096063217417747
 14
-0.22480566482730346
 24
-0.4466121505977576
 14
-0.21377754671514126
 24
-0.4519946465617215
 14
-0.2026206570024952
 24
-0.45710487785176523
 14
-0.19134171618254514
 24
-0.46193976625564326
 14
-0.179947518267494
 24
-0.46649639941736953
 14
-0.16844492669611
 24
-0.47077203259151035
 14
-0.1568408701994457
 24
-0.47476409029651834
 14
-0.14514233862723125
 24
-0.4784701678661044
 14
-0.13335637873744927
 24
-0.48188803289772
 14
-0.12149008995163207
 24
-0.48501562659727204
 14
-0.10955062007843508
 24
-0.48785106501926423
 14
-0.09754516100806432
 24
-0.4903926402016152
 14
-0.08548094438015086
 24
-0.49263882119447056
 14
-0.07336523722768118
 24
-0.49458825498239045
 14
-0.061205337599608
 24
-0.49623976729935504
 14
-0.04900857016478022
 24
-0.4975923633360986
 14
-0.03678228179983367
 24
-0.4986452283393451
 14
-0.024533837163708994
 24
-0.4993977281025862
 14
-0.012270614261456203
 24
-0.49984940934810207
 14
0.0
 24
-0.5
 14
0.012270614261456037
 24
-0.49984940934810207
 14
0.024533837163708827
 24
-0.4993977281025862
 14
0.03678228179983345
 24
-0.4986452283393451
 14
0.049008570164779997
 24
-0.4975923633360986
 14
0.06120533759960778
 24
-0.49623976729935504
 14
0.07336523722768096
 24
-0.49458825498239045
 14
0.08548094438015064
 24
-0.49263882119447056
 14
0.09754516100806421
 24
-0.4903926402016152
 14
0.10955062007843486
 24
-0.48785106501926423
 14
0.12149008995163191
 24
-0.48501562659727204
 14
0.1333563787374491
 24
-0.48188803289772
 14
0.14514233862723103
 24
-0.4784701678661045
 14
0.1568408701994456
 24
-0.47476409029651845
 14
0.16844492669610978
 24
-0.47077203259151057
 14
0.17994751826749378
 24
-0.46649639941736953
 14
0.19134171618254503
 24
-0.46193976625564326
 14
0.20262065700249499
 24
-0.45710487785176535
 14
0.21377754671514104
 24
-0.4519946465617217
 14
0.22480566482730335
 24
-0.4466121505977576
 14
0.23569836841299874
 24
-0.44096063217417747
 14
0.24644909611489196
 24
-0.43504349555435573
 14
0.2570513720966108
 24
-0.42886430500013617
 14
0.26749880994354847
 24
-0.42242678262485356
 14
0.27778511650980087
 24
-0.4157348061512727
 14
0.2879040957089225
 24
-0.40879240657579197
 14
0.2978496522462164
 24
-0.40160376574032264
 14
0.3076157952903136
 24
-0.39417321381330306
 14
0.31719664208182285
 24
-0.38650522668136844
 14
0.3265864214768883
 24
-0.3786044232532423
 14
0.3357794774235092
 24
-0.3704755626774796
 14
0.3447702723685334
 24
-0.36212354147573356
 14
0.35355339059327373
 24
-0.35355339059327384
 14
0.36212354147573333
 24
-0.3447702723685335
 14
0.3704755626774794
 24
-0.33577947742350944
 14
0.3786044232532422
 24
-0.32658642147688854
 14
0.38650522668136833
 24
-0.31719664208182297
 14
0.39417321381330295
 24
-0.3076157952903137
 14
0.40160376574032264
 24
-0.2978496522462166
 14
0.40879240657579197
 24
-0.2879040957089226
 14
0.4157348061512727
 24
-0.2777851165098011
 14
0.42242678262485356
 24
-0.2674988099435487
 14
0.42886430500013606
 24
-0.257051372096611
 14
0.4350434955543556
 24
-0.24644909611489219
 14
0.44096063217417747
 24
-0.23569836841299896
 14
0.4466121505977576
 24
-0.22480566482730346
 14
0.4519946465617215
 24
-0.21377754671514126
 14
0.45710487785176523
 24
-0.2026206570024952
 14
0.46193976625564326
 24
-0.19134171618254525
 14
0.46649639941736953
 24
-0.179947518267494
 14
0.47077203259151035
 24
-0.16844492669611
 14
0.47476409029651834
 24
-0.1568408701994457
 14
0.4784701678661044
 24
-0.14514233862723125
 14
0.48188803289772
 24
-0.13335637873744932
 14
0.48501562659727204
 24
-0.12149008995163213
 14
0.48785106501926423
 24
-0.10955062007843508
 14
0.4903926402016152
 24
-0.09754516100806432
 14
0.49263882119447056
 24
-0.08548094438015086
 14
0.49458825498239045
 24
-0.07336523722768118
 14
0.49623976729935504
 24
-0.061205337599608
 14
0.4975923633360986
 24
-0.04900857016478022
 14
0.4986452283393451
 24
-0.03678228179983367
 14
0.4993977281025862
 24
-0.02453383716370905
 14
0.49984940934810207
 24
-0.012270614261456259
 14
0.5
 24
0.0
290
0
  0
CIRCLE
  5
11C
330
118
100
AcDbEntity
  8
0
100
AcDbCircle
 10
0.0
 20
0.0
 30
0.0
 40
0.25
  0
CIRCLE
  5
11D
330
118
100
AcDbEntity
  8
0
 62
8
370
13
100
AcDbCircle
 10
0.0
 20
0.0
 30
0.0
 40
0.22
  0
LINE
  5
11E
330
118
100
AcDbEntity
  8
0
 62
8
370
13
100
AcDbLine
 10
0.03
 20
0.0
 30
0.0
 11
0.11
 21
0.0
 31
0.0
  0
LINE
  5
11F
330
118
100
AcDbEntity
  8
0
 62
8
370
13
100
AcDbLine
 10
0.02121320343559643
 20
0.021213203435596423
 30
0.0
 11
0.07778174593052023
 21
0.07778174593052022
 31
0.0
  0
LINE
  5
120
330
118
100
AcDbEntity
  8
0
 62
8
370
13
100
AcDbLine
 10
1.8369701987210296e-18
 20
0.03
 30
0.0
 11
6.735557395310443e-18
 21
0.11
 31
0.0
  0
LINE
  5
121
330
118
100
AcDbEntity
  8
0
 62
8
370
13
100
AcDbLine
 10
-0.021213203435596423
 20
0.02121320343559643
 30
0.0
 11
-0.07778174593052022
 21
0.07778174593052023
 31
0.0
  0
LINE
  5
122
330
118
100
AcDbEntity
  8
0
 62
8
370
13
100
AcDbLine
 10
-0.03
 20
3.673940397442059e-18
 30
0.0
 11
-0.11
 21
1.3471114790620886e-17
 31
0.0
  0
LINE
  5
123
330
118
100
AcDbEntity
  8
0
 62
8
370
13
100
AcDbLine
 10
-0.02121320343559643
 20
-0.021213203435596423
 30
0.0
 11
-0.07778174593052024
 21
-0.07778174593052022
 31
0.0
  0
LINE
  5
124
330
118
100
AcDbEntity
  8
0
 62
8
370
13
100
AcDbLine
 10
-5.5109105961630896e-18
 20
-0.03
 30
0.0
 11
-2.0206672185931326e-17
 21
-0.11
 31
0.0
  0
LINE
  5
125
330
118
100
AcDbEntity
  8
0
 62
8
370
13
100
AcDbLine
 10
0.02121320343559642
 20
-0.02121320343559643
 30
0.0
 11
0.07778174593052022
 21
-0.07778174593052024
 31
0.0
  0
CIRCLE
  5
126
330
118
100
AcDbEntity
  8
0
 62
8
370
13
100
AcDbCircle
 10
0.0
 20
0.0
 30
0.0
 40
0.015
  0
ENDBLK
  5
11A
330
118
100
AcDbEntity
  8
0
100
AcDbBlockEnd
  0
BLOCK
  5
128
330
127
100
AcDbEntity
  8
0
100
AcDbBlockBegin
  2
PS_LAMPARA_PIE
 70
0
 10
0.0
 20
0.0
 30
0.0
  3
PS_LAMPARA_PIE
  1

  0
WIPEOUT
  5
12A
330
127
100
AcDbEntity
  8
0
100
AcDbWipeout
 90
0
 10
-0.15
 20
-0.15
 30
0.0
 11
0.3
 21
0.0
 31
0.0
 12
0.0
 22
0.3
 32
0.0
 13
1.0
 23
1.0
340
0
 70
7
280
1
281
50
282
50
283
0
360
0
 71
2
 91
257
 14
0.5
 24
0.0
 14
0.4998494093481022
 24
0.012270614261456092
 14
0.4993977281025862
 24
0.024533837163708994
 14
0.4986452283393451
 24
0.03678228179983378
 14
0.49759236333609835
 24
0.04900857016478033
 14
0.49623976729935504
 24
0.06120533759960811
 14
0.49458825498239056
 24
0.0733652372276809
 14
0.4926388211944708
 24
0.08548094438015064
 14
0.4903926402016152
 24
0.0975451610080641
 14
0.48785106501926445
 24
0.10955062007843491
 14
0.48501562659727204
 24
0.12149008995163191
 14
0.48188803289772
 24
0.1333563787374492
 14
0.4784701678661044
 24
0.1451423386272312
 14
0.4747640902965182
 24
0.15684087019944576
 14
0.47077203259151035
 24
0.16844492669611005
 14
0.46649639941736964
 24
0.17994751826749406
 14
0.46193976625564337
 24
0.19134171618254492
 14
0.45710487785176535
 24
0.20262065700249493
 14
0.4519946465617217
 24
0.21377754671514104
 14
0.4466121505977576
 24
0.22480566482730324
 14
0.44096063217417747
 24
0.23569836841299885
 14
0.43504349555435573
 24
0.24644909611489202
 14
0.42886430500013606
 24
0.25705137209661083
 14
0.42242678262485356
 24
0.2674988099435486
 14
0.4157348061512727
 24
0.27778511650980114
 14
0.40879240657579186
 24
0.28790409570892267
 14
0.4016037657403225
 24
0.29784965224621673
 14
0.39417321381330317
 24
0.3076157952903134
 14
0.38650522668136855
 24
0.31719664208182274
 14
0.3786044232532424
 24
0.3265864214768883
 14
0.3704755626774796
 24
0.3357794774235092
 14
0.36212354147573356
 24
0.3447702723685334
 14
0.35355339059327395
 24
0.35355339059327373
 14
0.3447702723685335
 24
0.3621235414757335
 14
0.3357794774235091
 24
0.37047556267747955
 14
0.3265864214768883
 24
0.3786044232532423
 14
0.31719664208182274
 24
0.3865052266813685
 14
0.30761579529031335
 24
0.3941732138133031
 14
0.29784965224621684
 24
0.4016037657403224
 14
0.2879040957089227
 24
0.40879240657579186
 14
0.2777851165098012
 24
0.4157348061512727
 14
0.2674988099435487
 24
0.42242678262485356
 14
0.2570513720966109
 24
0.42886430500013606
 14
0.24644909611489207
 24
0.4350434955543557
 14
0.23569836841299896
 24
0.4409606321741775
 14
0.22480566482730324
 24
0.4466121505977577
 14
0.21377754671514115
 24
0.45199464656172167
 14
0.20262065700249499
 24
0.4571048778517653
 14
0.19134171618254492
 24
0.4619397662556434
 14
0.1799475182674941
 24
0.4664963994173694
 14
0.16844492669611
 24
0.47077203259151046
 14
0.15684087019944581
 24
0.47476409029651834
 14
0.14514233862723125
 24
0.47847016786610447
 14
0.1333563787374492
 24
0.48188803289772
 14
0.12149008995163202
 24
0.4850156265972721
 14
0.10955062007843497
 24
0.48785106501926434
 14
0.09754516100806421
 24
0.4903926402016152
 14
0.08548094438015064
 24
0.49263882119447067
 14
0.07336523722768085
 24
0.49458825498239056
 14
0.06120533759960811
 24
0.496239767299355
 14
0.04900857016478044
 24
0.49759236333609846
 14
0.03678228179983378
 24
0.4986452283393451
 14
0.02453383716370916
 24
0.49939772810258626
 14
0.012270614261456148
 24
0.4998494093481022
 14
0.0
 24
0.5
 14
-0.012270614261456092
 24
0.4998494093481022
 14
-0.024533837163708994
 24
0.49939772810258626
 14
-0.03678228179983367
 24
0.4986452283393451
 14
-0.04900857016478033
 24
0.49759236333609846
 14
-0.06120533759960811
 24
0.496239767299355
 14
-0.07336523722768079
 24
0.49458825498239056
 14
-0.08548094438015064
 24
0.49263882119447067
 14
-0.0975451610080641
 24
0.4903926402016152
 14
-0.1095506200784348
 24
0.48785106501926434
 14
-0.12149008995163191
 24
0.4850156265972721
 14
-0.13335637873744915
 24
0.48188803289772
 14
-0.14514233862723114
 24
0.47847016786610447
 14
-0.1568408701994457
 24
0.47476409029651834
 14
-0.16844492669610994
 24
0.47077203259151046
 14
-0.1799475182674941
 24
0.4664963994173694
 14
-0.19134171618254492
 24
0.4619397662556434
 14
-0.20262065700249487
 24
0.4571048778517653
 14
-0.21377754671514093
 24
0.4519946465617218
 14
-0.22480566482730335
 24
0.44661215059775766
 14
-0.23569836841299885
 24
0.4409606321741775
 14
-0.24644909611489202
 24
0.43504349555435573
 14
-0.25705137209661083
 24
0.42886430500013606
 14
-0.2674988099435485
 24
0.42242678262485367
 14
-0.277785116509801
 24
0.4157348061512728
 14
-0.28790409570892267
 24
0.40879240657579186
 14
-0.29784965224621673
 24
0.4016037657403225
 14
-0.30761579529031335
 24
0.39417321381330317
 14
-0.31719664208182274
 24
0.3865052266813686
 14
-0.3265864214768883
 24
0.37860442325324234
 14
-0.3357794774235092
 24
0.3704755626774795
 14
-0.34477027236853347
 24
0.3621235414757335
 14
-0.35355339059327373
 24
0.35355339059327384
 14
-0.36212354147573345
 24
0.3447702723685335
 14
-0.37047556267747944
 24
0.3357794774235093
 14
-0.3786044232532423
 24
0.3265864214768883
 14
-0.3865052266813685
 24
0.31719664208182274
 14
-0.3941732138133031
 24
0.30761579529031347
 14
-0.4016037657403224
 24
0.29784965224621673
 14
-0.40879240657579186
 24
0.2879040957089227
 14
-0.4157348061512727
 24
0.27778511650980114
 14
-0.42242678262485356
 24
0.2674988099435486
 14
-0.428864305000136
 24
0.2570513720966109
 14
-0.4350434955543557
 24
0.24644909611489207
 14
-0.4409606321741775
 24
0.2356983684129989
 14
-0.44661215059775766
 24
0.22480566482730346
 14
-0.45199464656172167
 24
0.21377754671514104
 14
-0.4571048778517653
 24
0.20262065700249493
 14
-0.4619397662556434
 24
0.19134171618254497
 14
-0.4664963994173694
 24
0.17994751826749417
 14
-0.4707720325915104
 24
0.16844492669611016
 14
-0.47476409029651834
 24
0.1568408701994457
 14
-0.47847016786610436
 24
0.1451423386272312
 14
-0.48188803289772
 24
0.1333563787374492
 14
-0.4850156265972721
 24
0.12149008995163207
 14
-0.48785106501926434
 24
0.10955062007843502
 14
-0.4903926402016152
 24
0.09754516100806432
 14
-0.49263882119447067
 24
0.08548094438015064
 14
-0.49458825498239056
 24
0.0733652372276809
 14
-0.496239767299355
 24
0.06120533759960817
 14
-0.49759236333609846
 24
0.049008570164780385
 14
-0.4986452283393451
 24
0.03678228179983384
 14
-0.49939772810258626
 24
0.024533837163708994
 14
-0.4998494093481022
 24
0.012270614261456203
 14
-0.5
 24
0.0
 14
-0.4998494093481022
 24
-0.012270614261456037
 14
-0.49939772810258626
 24
-0.024533837163708827
 14
-0.4986452283393451
 24
-0.03678228179983378
 14
-0.49759236333609846
 24
-0.04900857016478033
 14
-0.496239767299355
 24
-0.06120533759960811
 14
-0.49458825498239056
 24
-0.07336523722768085
 14
-0.49263882119447067
 24
-0.08548094438015053
 14
-0.4903926402016152
 24
-0.09754516100806421
 14
-0.48785106501926434
 24
-0.10955062007843497
 14
-0.4850156265972721
 24
-0.12149008995163191
 14
-0.48188803289772
 24
-0.1333563787374491
 14
-0.47847016786610447
 24
-0.14514233862723103
 14
-0.47476409029651845
 24
-0.1568408701994456
 14
-0.47077203259151046
 24
-0.16844492669611
 14
-0.46649639941736953
 24
-0.179947518267494
 14
-0.4619397662556435
 24
-0.1913417161825448
 14
-0.4571048778517653
 24
-0.20262065700249487
 14
-0.4519946465617218
 24
-0.21377754671514082
 14
-0.4466121505977577
 24
-0.22480566482730324
 14
-0.4409606321741775
 24
-0.23569836841299885
 14
-0.43504349555435573
 24
-0.24644909611489196
 14
-0.42886430500013606
 24
-0.2570513720966109
 14
-0.42242678262485367
 24
-0.2674988099435486
 14
-0.4157348061512728
 24
-0.277785116509801
 14
-0.40879240657579186
 24
-0.2879040957089227
 14
-0.4016037657403225
 24
-0.2978496522462166
 14
-0.39417321381330317
 24
-0.30761579529031335
 14
-0.3865052266813686
 24
-0.31719664208182263
 14
-0.3786044232532424
 24
-0.3265864214768883
 14
-0.37047556267747955
 24
-0.33577947742350933
 14
-0.36212354147573356
 24
-0.3447702723685334
 14
-0.35355339059327384
 24
-0.35355339059327373
 14
-0.3447702723685335
 24
-0.36212354147573333
 14
-0.3357794774235094
 24
-0.3704755626774795
 14
-0.32658642147688854
 24
-0.3786044232532422
 14
-0.31719664208182297
 24
-0.38650522668136833
 14
-0.30761579529031363
 24
-0.39417321381330295
 14
-0.2978496522462166
 24
-0.4016037657403225
 14
-0.2879040957089226
 24
-0.40879240657579186
 14
-0.27778511650980114
 24
-0.4157348061512727
 14
-0.2674988099435487
 24
-0.42242678262485356
 14
-0.2570513720966109
 24
-0.42886430500013595
 14
-0.24644909611489207
 24
-0.4350434955543556
 14
-0.2356983684129989
 24
-0.44096063217417747
 14
-0.22480566482730352
 24
-0.4466121505977576
 14
-0.21377754671514126
 24
-0.4519946465617217
 14
-0.2026206570024952
 24
-0.4571048778517651
 14
-0.1913417161825452
 24
-0.46193976625564326
 14
-0.17994751826749394
 24
-0.46649639941736964
 14
-0.16844492669610994
 24
-0.47077203259151035
 14
-0.15684087019944576
 24
-0.4747640902965182
 14
-0.1451423386272312
 24
-0.4784701678661044
 14
-0.13335637873744927
 24
-0.48188803289772
 14
-0.12149008995163207
 24
-0.48501562659727204
 14
-0.10955062007843508
 24
-0.48785106501926445
 14
-0.09754516100806432
 24
-0.4903926402016152
 14
-0.08548094438015086
 24
-0.4926388211944708
 14
-0.07336523722768118
 24
-0.49458825498239034
 14
-0.061205337599608
 24
-0.49623976729935504
 14
-0.04900857016478022
 24
-0.49759236333609835
 14
-0.03678228179983367
 24
-0.4986452283393451
 14
-0.024533837163708994
 24
-0.4993977281025862
 14
-0.012270614261456203
 24
-0.4998494093481022
 14
0.0
 24
-0.5
 14
0.012270614261456037
 24
-0.4998494093481022
 14
0.024533837163708827
 24
-0.4993977281025862
 14
0.03678228179983345
 24
-0.4986452283393451
 14
0.049008570164779997
 24
-0.49759236333609835
 14
0.06120533759960778
 24
-0.49623976729935504
 14
0.07336523722768096
 24
-0.49458825498239034
 14
0.08548094438015064
 24
-0.4926388211944708
 14
0.09754516100806421
 24
-0.4903926402016152
 14
0.10955062007843497
 24
-0.48785106501926445
 14
0.12149008995163191
 24
-0.48501562659727204
 14
0.1333563787374491
 24
-0.48188803289772
 14
0.14514233862723103
 24
-0.4784701678661045
 14
0.1568408701994456
 24
-0.47476409029651845
 14
0.1684449266961099
 24
-0.47077203259151035
 14
0.1799475182674939
 24
-0.46649639941736964
 14
0.19134171618254503
 24
-0.46193976625564337
 14
0.20262065700249499
 24
-0.45710487785176535
 14
0.21377754671514104
 24
-0.4519946465617217
 14
0.22480566482730324
 24
-0.4466121505977576
 14
0.23569836841299885
 24
-0.44096063217417747
 14
0.24644909611489196
 24
-0.43504349555435573
 14
0.2570513720966109
 24
-0.42886430500013606
 14
0.2674988099435486
 24
-0.4224267826248538
 14
0.277785116509801
 24
-0.4157348061512727
 14
0.2879040957089225
 24
-0.4087924065757921
 14
0.2978496522462164
 24
-0.40160376574032275
 14
0.30761579529031347
 24
-0.39417321381330295
 14
0.31719664208182285
 24
-0.38650522668136855
 14
0.3265864214768883
 24
-0.3786044232532424
 14
0.3357794774235091
 24
-0.3704755626774796
 14
0.3447702723685334
 24
-0.36212354147573356
 14
0.35355339059327373
 24
-0.35355339059327395
 14
0.36212354147573333
 24
-0.3447702723685335
 14
0.3704755626774795
 24
-0.33577947742350944
 14
0.3786044232532422
 24
-0.32658642147688854
 14
0.38650522668136833
 24
-0.31719664208182297
 14
0.39417321381330295
 24
-0.3076157952903137
 14
0.4016037657403225
 24
-0.2978496522462166
 14
0.40879240657579186
 24
-0.2879040957089227
 14
0.4157348061512727
 24
-0.2777851165098012
 14
0.42242678262485356
 24
-0.2674988099435487
 14
0.42886430500013595
 24
-0.2570513720966109
 14
0.4350434955543556
 24
-0.24644909611489219
 14
0.44096063217417747
 24
-0.23569836841299907
 14
0.4466121505977576
 24
-0.22480566482730346
 14
0.4519946465617217
 24
-0.21377754671514126
 14
0.4571048778517651
 24
-0.2026206570024952
 14
0.46193976625564326
 24
-0.19134171618254514
 14
0.46649639941736964
 24
-0.179947518267494
 14
0.47077203259151035
 24
-0.16844492669611
 14
0.4747640902965182
 24
-0.15684087019944581
 14
0.4784701678661044
 24
-0.14514233862723136
 14
0.48188803289772
 24
-0.13335637873744932
 14
0.48501562659727204
 24
-0.12149008995163213
 14
0.48785106501926445
 24
-0.10955062007843508
 14
0.4903926402016152
 24
-0.09754516100806443
 14
0.4926388211944708
 24
-0.08548094438015086
 14
0.49458825498239034
 24
-0.07336523722768118
 14
0.49623976729935504
 24
-0.061205337599608
 14
0.49759236333609835
 24
-0.04900857016478022
 14
0.4986452283393451
 24
-0.03678228179983367
 14
0.4993977281025862
 24
-0.02453383716370905
 14
0.4998494093481022
 24
-0.012270614261456259
 14
0.5
 24
0.0
290
0
  0
CIRCLE
  5
12B
330
127
100
AcDbEntity
  8
0
100
AcDbCircle
 10
0.0
 20
0.0
 30
0.0
 40
0.15
  0
CIRCLE
  5
12C
330
127
100
AcDbEntity
  8
0
 62
8
370
13
100
AcDbCircle
 10
0.0
 20
0.0
 30
0.0
 40
0.13
  0
CIRCLE
  5
12D
330
127
100
AcDbEntity
  8
0
100
AcDbCircle
 10
0.0
 20
0.0
 30
0.0
 40
0.015
  0
LINE
  5
12E
330
127
100
AcDbEntity
  8
0
 62
8
370
13
100
AcDbLine
 10
0.22
 20
0.0
 30
0.0
 11
0.2189406398678833
 21
0.021563770872503333
 31
0.0
  0
LINE
  5
12F
330
127
100
AcDbEntity
  8
0
 62
8
370
13
100
AcDbLine
 10
0.2189406398678833
 20
0.021563770872503333
 30
0.0
 11
0.21623929906884148
 21
0.03977473130004969
 31
0.0
  0
LINE
  5
130
330
127
100
AcDbEntity
  8
0
 62
8
370
13
100
AcDbLine
 10
0.21044916351640022
 20
0.06407981485986398
 30
0.0
 11
0.2032534971524831
 21
0.08419035512031975
 31
0.0
  0
LINE
  5
131
330
127
100
AcDbEntity
  8
0
 62
8
370
13
100
AcDbLine
 10
0.2032534971524831
 20
0.08419035512031975
 30
0.0
 11
0.1952834883256834
 21
0.10104152297268237
 31
0.0
  0
LINE
  5
132
330
127
100
AcDbEntity
  8
0
 62
8
370
13
100
AcDbLine
 10
0.18264849492309054
 20
0.1225960028466592
 30
0.0
 11
0.17006229973980216
 21
0.13956652251600202
 31
0.0
  0
LINE
  5
133
330
127
100
AcDbEntity
  8
0
 62
8
370
13
100
AcDbLine
 10
0.17006229973980216
 20
0.13956652251600202
 30
0.0
 11
0.15738893256714073
 21
0.15354942841107594
 31
0.0
  0
LINE
  5
134
330
127
100
AcDbEntity
  8
0
 62
8
370
13
100
AcDbLine
 10
0.13901069514248193
 20
0.17047452941500627
 30
0.0
 11
0.1222254512643125
 21
0.18292331470655995
 31
0.0
  0
LINE
  5
135
330
127
100
AcDbEntity
  8
0
 62
8
370
13
100
AcDbLine
 10
0.1222254512643125
 20
0.18292331470655995
 30
0.0
 11
0.10584091954017863
 21
0.19274382509118554
 31
0.0
  0
LINE
  5
136
330
127
100
AcDbEntity
  8
0
 62
8
370
13
100
AcDbLine
 10
0.0833216116647907
 20
0.20356433853122594
 30
0.0
 11
0.0638626289959817
 21
0.21052687386108598
 31
0.0
  0
LINE
  5
137
330
127
100
AcDbEntity
  8
0
 62
8
370
13
100
AcDbLine
 10
0.06386262899598172
 20
0.21052687386108598
 30
0.0
 11
0.045109109019254065
 21
0.21522438607294342
 31
0.0
  0
LINE
  5
138
330
127
100
AcDbEntity
  8
0
 62
8
370
13
100
AcDbLine
 10
0.020411810693372265
 20
0.21899723204254387
 30
0.0
 11
2.6645352591003756e-17
 21
0.22
 31
0.0
  0
LINE
  5
139
330
127
100
AcDbEntity
  8
0
 62
8
370
13
100
AcDbLine
 10
1.3471114790620886e-17
 20
0.22
 30
0.0
 11
-0.01954000755483464
 21
0.2190400609843594
 31
0.0
  0
LINE
  5
13A
330
127
100
AcDbEntity
  8
0
 62
8
370
13
100
AcDbLine
 10
-0.04426241284561736
 20
0.21543647242368327
 30
0.0
 11
-0.06386262899598165
 21
0.21052687386108598
 31
0.0
  0
LINE
  5
13B
330
127
100
AcDbEntity
  8
0
 62
8
370
13
100
AcDbLine
 10
-0.06386262899598168
 20
0.21052687386108598
 30
0.0
 11
-0.08249978066225815
 21
0.20385839436588574
 31
0.0
  0
LINE
  5
13C
330
127
100
AcDbEntity
  8
0
 62
8
370
13
100
AcDbLine
 10
-0.1050922472373902
 20
0.19319256200036347
 30
0.0
 11
-0.12222545126431243
 21
0.18292331470655998
 31
0.0
  0
LINE
  5
13D
330
127
100
AcDbEntity
  8
0
 62
8
370
13
100
AcDbLine
 10
-0.12222545126431243
 20
0.18292331470655998
 30
0.0
 11
-0.13830961181006232
 21
0.17099448825147748
 31
0.0
  0
LINE
  5
13E
330
127
100
AcDbEntity
  8
0
 62
8
370
13
100
AcDbLine
 10
-0.15680275929120985
 20
0.15419617095738436
 30
0.0
 11
-0.1700622997398021
 21
0.13956652251600202
 31
0.0
  0
LINE
  5
13F
330
127
100
AcDbEntity
  8
0
 62
8
370
13
100
AcDbLine
 10
-0.17006229973980216
 20
0.13956652251600202
 30
0.0
 11
-0.18212853608661939
 21
0.12329708617907878
 31
0.0
  0
LINE
  5
140
330
127
100
AcDbEntity
  8
0
 62
8
370
13
100
AcDbLine
 10
-0.1949102949255387
 20
0.10183057412229783
 30
0.0
 11
-0.2032534971524831
 21
0.08419035512031979
 31
0.0
  0
LINE
  5
141
330
127
100
AcDbEntity
  8
0
 62
8
370
13
100
AcDbLine
 10
-0.2032534971524831
 20
0.08419035512031978
 30
0.0
 11
-0.21015510768174048
 21
0.06490164586239647
 31
0.0
  0
LINE
  5
142
330
127
100
AcDbEntity
  8
0
 62
8
370
13
100
AcDbLine
 10
-0.21611122470951738
 20
0.040638138497787
 30
0.0
 11
-0.21894063986788329
 21
0.021563770872503323
 31
0.0
  0
LINE
  5
143
330
127
100
AcDbEntity
  8
0
 62
8
370
13
100
AcDbLine
 10
-0.21894063986788329
 20
0.02156377087250338
 30
0.0
 11
-0.2199571710581845
 21
0.0008718031385375591
 31
0.0
  0
LINE
  5
144
330
127
100
AcDbEntity
  8
0
 62
8
370
13
100
AcDbLine
 10
-0.218568330544996
 20
-0.024073676452840493
 30
0.0
 11
-0.2157727616887107
 21
-0.0429198708435483
 31
0.0
  0
LINE
  5
145
330
127
100
AcDbEntity
  8
0
 62
8
370
13
100
AcDbLine
 10
-0.2157727616887107
 20
-0.042919870843548244
 30
0.0
 11
-0.21068291200098796
 21
-0.06323968982268983
 31
0.0
  0
LINE
  5
146
330
127
100
AcDbEntity
  8
0
 62
8
370
13
100
AcDbLine
 10
-0.2020700081272824
 20
-0.08669263242621508
 30
0.0
 11
-0.1940226781566381
 21
-0.10370728210171955
 31
0.0
  0
LINE
  5
147
330
127
100
AcDbEntity
  8
0
 62
8
370
13
100
AcDbLine
 10
-0.19402267815663812
 20
-0.10370728210171949
 30
0.0
 11
-0.18313487557108807
 21
-0.12187248328600118
 31
0.0
  0
LINE
  5
148
330
127
100
AcDbEntity
  8
0
 62
8
370
13
100
AcDbLine
 10
-0.16804849016577708
 20
-0.1417884189844429
 30
0.0
 11
-0.15556349186104054
 21
-0.15556349186104038
 31
0.0
  0
LINE
  5
149
330
127
100
AcDbEntity
  8
0
 62
8
370
13
100
AcDbLine
 10
-0.1555634918610405
 20
-0.15556349186104043
 30
0.0
 11
-0.13970051972343964
 21
-0.1699408517501846
 31
0.0
  0
LINE
  5
14A
330
127
100
AcDbEntity
  8
0
 62
8
370
13
100
AcDbLine
 10
-0.11945552099297131
 20
-0.18458354701910917
 30
0.0
 11
-0.10370728210171955
 21
-0.1940226781566381
 31
0.0
  0
LINE
  5
14B
330
127
100
AcDbEntity
  8
0
 62
8
370
13
100
AcDbLine
 10
-0.10370728210171953
 20
-0.1940226781566381
 30
0.0
 11
-0.08419035512031986
 21
-0.20325349715248306
 31
0.0
  0
LINE
  5
14C
330
127
100
AcDbEntity
  8
0
 62
8
370
13
100
AcDbLine
 10
-0.08419035512031987
 20
-0.20325349715248306
 30
0.0
 11
-0.08414344266732343
 21
-0.20327028269656608
 31
0.0
  0
LINE
  5
14D
330
127
100
AcDbEntity
  8
0
 62
8
370
13
100
AcDbLine
 10
-0.06050627399080904
 20
-0.21136759702365454
 30
0.0
 11
-0.0429198708435483
 21
-0.21577276168871065
 31
0.0
  0
LINE
  5
14E
330
127
100
AcDbEntity
  8
0
 62
8
370
13
100
AcDbLine
 10
-0.042919870843548306
 20
-0.21577276168871065
 30
0.0
 11
-0.02156377087250334
 21
-0.2189406398678833
 31
0.0
  0
LINE
  5
14F
330
127
100
AcDbEntity
  8
0
 62
8
370
13
100
AcDbLine
 10
-0.0215637708725033
 20
-0.2189406398678833
 30
0.0
 11
-0.021283613831910072
 21
-0.2189544031007284
 31
0.0
  0
LINE
  5
150
330
127
100
AcDbEntity
  8
0
 62
8
370
13
100
AcDbLine
 10
0.003686272573219224
 20
-0.21981890504108617
 30
0.0
 11
0.021563770872503236
 21
-0.2189406398678833
 31
0.0
  0
LINE
  5
151
330
127
100
AcDbEntity
  8
0
 62
8
370
13
100
AcDbLine
 10
0.021563770872503222
 20
-0.2189406398678833
 30
0.0
 11
0.04291987084354819
 21
-0.2157727616887107
 31
0.0
  0
LINE
  5
152
330
127
100
AcDbEntity
  8
0
 62
8
370
13
100
AcDbLine
 10
0.04291987084354822
 20
-0.2157727616887107
 30
0.0
 11
0.043415716671980555
 21
-0.21564855877442315
 31
0.0
  0
LINE
  5
153
330
127
100
AcDbEntity
  8
0
 62
8
370
13
100
AcDbLine
 10
0.06755478868198012
 20
-0.20920579800142888
 30
0.0
 11
0.08419035512031975
 21
-0.2032534971524831
 31
0.0
  0
LINE
  5
154
330
127
100
AcDbEntity
  8
0
 62
8
370
13
100
AcDbLine
 10
0.0841903551203198
 20
-0.20325349715248306
 30
0.0
 11
0.10370728210171949
 21
-0.19402267815663812
 31
0.0
  0
LINE
  5
155
330
127
100
AcDbEntity
  8
0
 62
8
370
13
100
AcDbLine
 10
0.10370728210171948
 20
-0.19402267815663812
 30
0.0
 11
0.10434357493460159
 21
-0.19364129890954146
 31
0.0
  0
LINE
  5
156
330
127
100
AcDbEntity
  8
0
 62
8
370
13
100
AcDbLine
 10
0.12556041550543287
 20
-0.1804499366553353
 30
0.0
 11
0.13956652251600202
 21
-0.17006229973980216
 31
0.0
  0
LINE
  5
157
330
127
100
AcDbEntity
  8
0
 62
8
370
13
100
AcDbLine
 10
0.13956652251600205
 20
-0.1700622997398021
 30
0.0
 11
0.15556349186104043
 21
-0.15556349186104046
 31
0.0
  0
LINE
  5
158
330
127
100
AcDbEntity
  8
0
 62
8
370
13
100
AcDbLine
 10
0.15556349186104043
 20
-0.1555634918610405
 30
0.0
 11
0.15621658601527882
 21
-0.15484291350369295
 31
0.0
  0
LINE
  5
159
330
127
100
AcDbEntity
  8
0
 62
8
370
13
100
AcDbLine
 10
0.1726730876827615
 20
-0.13604628248370826
 30
0.0
 11
0.18292331470655993
 21
-0.12222545126431252
 31
0.0
  0
LINE
  5
15A
330
127
100
AcDbEntity
  8
0
 62
8
370
13
100
AcDbLine
 10
0.18292331470655995
 20
-0.12222545126431249
 30
0.0
 11
0.19402267815663807
 21
-0.10370728210171953
 31
0.0
  0
LINE
  5
15B
330
127
100
AcDbEntity
  8
0
 62
8
370
13
100
AcDbLine
 10
0.19402267815663807
 20
-0.10370728210171955
 30
0.0
 11
0.19453710152539394
 21
-0.10261962527191351
 31
0.0
  0
LINE
  5
15C
330
127
100
AcDbEntity
  8
0
 62
8
370
13
100
AcDbLine
 10
0.20480770404619736
 20
-0.0798466378426744
 30
0.0
 11
0.21052687386108598
 21
-0.06386262899598165
 31
0.0
  0
LINE
  5
15D
330
127
100
AcDbEntity
  8
0
 62
8
370
13
100
AcDbLine
 10
0.21052687386108596
 20
-0.06386262899598175
 30
0.0
 11
0.21577276168871065
 21
-0.0429198708435483
 31
0.0
  0
LINE
  5
15E
330
127
100
AcDbEntity
  8
0
 62
8
370
13
100
AcDbLine
 10
0.21577276168871065
 20
-0.04291987084354832
 30
0.0
 11
0.21598315035019322
 21
-0.04150154569552471
 31
0.0
  0
LINE
  5
15F
330
127
100
AcDbEntity
  8
0
 62
8
370
13
100
AcDbLine
 10
0.21917832700145773
 20
-0.016725538120153087
 30
0.0
 11
0.22
 21
-3.552713678800501e-17
 31
0.0
  0
ENDBLK
  5
129
330
127
100
AcDbEntity
  8
0
100
AcDbBlockEnd
  0
BLOCK
  5
161
330
160
100
AcDbEntity
  8
0
100
AcDbBlockBegin
  2
PS_APLIQUE_PARED
 70
0
 10
0.0
 20
0.0
 30
0.0
  3
PS_APLIQUE_PARED
  1

  0
LWPOLYLINE
  5
163
330
160
100
AcDbEntity
  8
0
100
AcDbPolyline
 90
4
 70
1
 10
0.0
 20
-0.05
 10
0.015
 20
-0.05
 10
0.015
 20
0.05
 10
0.0
 20
0.05
  0
LWPOLYLINE
  5
164
330
160
100
AcDbEntity
  8
0
100
AcDbPolyline
 90
2
 70
0
 10
0.015
 20
0.0
 10
0.09480001505963218
 20
0.0
  0
CIRCLE
  5
165
330
160
100
AcDbEntity
  8
0
100
AcDbCircle
 10
0.15
 20
0.0
 30
0.0
 40
0.055
  0
CIRCLE
  5
166
330
160
100
AcDbEntity
  8
0
 62
8
370
13
100
AcDbCircle
 10
0.15
 20
0.0
 30
0.0
 40
0.02
  0
ENDBLK
  5
162
330
160
100
AcDbEntity
  8
0
100
AcDbBlockEnd
  0
BLOCK
  5
168
330
167
100
AcDbEntity
  8
0
100
AcDbBlockBegin
  2
PS_PUERTA_CORREDERA_90
 70
0
 10
0.0
 20
0.0
 30
0.0
  3
PS_PUERTA_CORREDERA_90
  1

  0
LINE
  5
16A
330
167
100
AcDbEntity
  8
0
 62
8
370
13
100
AcDbLine
 10
-0.05
 20
-0.02
 30
0.0
 11
1.81
 21
-0.02
 31
0.0
  0
LINE
  5
16B
330
167
100
AcDbEntity
  8
0
 62
8
370
13
100
AcDbLine
 10
0.9122
 20
-0.08
 30
0.0
 11
0.9522
 21
-0.08
 31
0.0
  0
LINE
  5
16C
330
167
100
AcDbEntity
  8
0
 62
8
370
13
100
AcDbLine
 10
0.9772
 20
-0.08
 30
0.0
 11
1.0172
 21
-0.08
 31
0.0
  0
LINE
  5
16D
330
167
100
AcDbEntity
  8
0
 62
8
370
13
100
AcDbLine
 10
1.0422
 20
-0.08
 30
0.0
 11
1.0822
 21
-0.08
 31
0.0
  0
LINE
  5
16E
330
167
100
AcDbEntity
  8
0
 62
8
370
13
100
AcDbLine
 10
1.1072
 20
-0.08
 30
0.0
 11
1.1472
 21
-0.08
 31
0.0
  0
LINE
  5
16F
330
167
100
AcDbEntity
  8
0
 62
8
370
13
100
AcDbLine
 10
1.1722
 20
-0.08
 30
0.0
 11
1.2122
 21
-0.08
 31
0.0
  0
LINE
  5
170
330
167
100
AcDbEntity
  8
0
 62
8
370
13
100
AcDbLine
 10
1.2372
 20
-0.08
 30
0.0
 11
1.2772000000000001
 21
-0.08
 31
0.0
  0
LINE
  5
171
330
167
100
AcDbEntity
  8
0
 62
8
370
13
100
AcDbLine
 10
1.3022
 20
-0.08
 30
0.0
 11
1.3422
 21
-0.08
 31
0.0
  0
LINE
  5
172
330
167
100
AcDbEntity
  8
0
 62
8
370
13
100
AcDbLine
 10
1.3672
 20
-0.08
 30
0.0
 11
1.4072
 21
-0.08
 31
0.0
  0
LINE
  5
173
330
167
100
AcDbEntity
  8
0
 62
8
370
13
100
AcDbLine
 10
1.4322
 20
-0.08
 30
0.0
 11
1.4722
 21
-0.08
 31
0.0
  0
LINE
  5
174
330
167
100
AcDbEntity
  8
0
 62
8
370
13
100
AcDbLine
 10
1.4972
 20
-0.08
 30
0.0
 11
1.5372000000000001
 21
-0.08
 31
0.0
  0
LINE
  5
175
330
167
100
AcDbEntity
  8
0
 62
8
370
13
100
AcDbLine
 10
1.5622
 20
-0.08
 30
0.0
 11
1.6022
 21
-0.08
 31
0.0
  0
LINE
  5
176
330
167
100
AcDbEntity
  8
0
 62
8
370
13
100
AcDbLine
 10
1.6272
 20
-0.08
 30
0.0
 11
1.6672
 21
-0.08
 31
0.0
  0
LINE
  5
177
330
167
100
AcDbEntity
  8
0
 62
8
370
13
100
AcDbLine
 10
1.6922
 20
-0.08
 30
0.0
 11
1.7322
 21
-0.08
 31
0.0
  0
LINE
  5
178
330
167
100
AcDbEntity
  8
0
 62
8
370
13
100
AcDbLine
 10
1.7572
 20
-0.08
 30
0.0
 11
1.7919999999999998
 21
-0.08
 31
0.0
  0
LINE
  5
179
330
167
100
AcDbEntity
  8
0
 62
8
370
13
100
AcDbLine
 10
1.7919999999999998
 20
-0.08
 30
0.0
 11
1.7919999999999998
 21
-0.0747999999999999
 31
0.0
  0
LINE
  5
17A
330
167
100
AcDbEntity
  8
0
 62
8
370
13
100
AcDbLine
 10
1.7919999999999998
 20
-0.0497999999999999
 30
0.0
 11
1.7919999999999998
 21
-0.04
 31
0.0
  0
LINE
  5
17B
330
167
100
AcDbEntity
  8
0
 62
8
370
13
100
AcDbLine
 10
1.7919999999999998
 20
-0.04
 30
0.0
 11
1.7617999999999998
 21
-0.04
 31
0.0
  0
LINE
  5
17C
330
167
100
AcDbEntity
  8
0
 62
8
370
13
100
AcDbLine
 10
1.7368
 20
-0.04
 30
0.0
 11
1.6967999999999999
 21
-0.04
 31
0.0
  0
LINE
  5
17D
330
167
100
AcDbEntity
  8
0
 62
8
370
13
100
AcDbLine
 10
1.6717999999999997
 20
-0.04
 30
0.0
 11
1.6318
 21
-0.04
 31
0.0
  0
LINE
  5
17E
330
167
100
AcDbEntity
  8
0
 62
8
370
13
100
AcDbLine
 10
1.6067999999999998
 20
-0.04
 30
0.0
 11
1.5667999999999997
 21
-0.04
 31
0.0
  0
LINE
  5
17F
330
167
100
AcDbEntity
  8
0
 62
8
370
13
100
AcDbLine
 10
1.5417999999999998
 20
-0.04
 30
0.0
 11
1.5017999999999998
 21
-0.04
 31
0.0
  0
LINE
  5
180
330
167
100
AcDbEntity
  8
0
 62
8
370
13
100
AcDbLine
 10
1.4768
 20
-0.04
 30
0.0
 11
1.4367999999999999
 21
-0.04
 31
0.0
  0
LINE
  5
181
330
167
100
AcDbEntity
  8
0
 62
8
370
13
100
AcDbLine
 10
1.4117999999999997
 20
-0.04
 30
0.0
 11
1.3718
 21
-0.04
 31
0.0
  0
LINE
  5
182
330
167
100
AcDbEntity
  8
0
 62
8
370
13
100
AcDbLine
 10
1.3467999999999998
 20
-0.04
 30
0.0
 11
1.3067999999999997
 21
-0.04
 31
0.0
  0
LINE
  5
183
330
167
100
AcDbEntity
  8
0
 62
8
370
13
100
AcDbLine
 10
1.2817999999999998
 20
-0.04
 30
0.0
 11
1.2417999999999998
 21
-0.04
 31
0.0
  0
LINE
  5
184
330
167
100
AcDbEntity
  8
0
 62
8
370
13
100
AcDbLine
 10
1.2167999999999999
 20
-0.04
 30
0.0
 11
1.1767999999999998
 21
-0.04
 31
0.0
  0
LINE
  5
185
330
167
100
AcDbEntity
  8
0
 62
8
370
13
100
AcDbLine
 10
1.1517999999999997
 20
-0.04
 30
0.0
 11
1.1118
 21
-0.04
 31
0.0
  0
LINE
  5
186
330
167
100
AcDbEntity
  8
0
 62
8
370
13
100
AcDbLine
 10
1.0867999999999998
 20
-0.04
 30
0.0
 11
1.0467999999999997
 21
-0.04
 31
0.0
  0
LINE
  5
187
330
167
100
AcDbEntity
  8
0
 62
8
370
13
100
AcDbLine
 10
1.0217999999999998
 20
-0.04
 30
0.0
 11
0.9817999999999998
 21
-0.04
 31
0.0
  0
LINE
  5
188
330
167
100
AcDbEntity
  8
0
 62
8
370
13
100
AcDbLine
 10
0.9567999999999998
 20
-0.04
 30
0.0
 11
0.9167999999999998
 21
-0.04
 31
0.0
  0
LWPOLYLINE
  5
189
330
167
100
AcDbEntity
  8
0
100
AcDbPolyline
 90
4
 70
1
 10
-0.03
 20
-0.08
 10
0.912
 20
-0.08
 10
0.912
 20
-0.04
 10
-0.03
 20
-0.04
  0
CIRCLE
  5
18A
330
167
100
AcDbEntity
  8
0
 62
8
370
13
100
AcDbCircle
 10
0.04
 20
-0.06
 30
0.0
 40
0.011000000000000001
  0
LWPOLYLINE
  5
18B
330
167
100
AcDbEntity
  8
0
 62
8
370
13
100
AcDbPolyline
 90
2
 70
0
 10
0.28
 20
-0.14
 10
0.62
 20
-0.14
  0
LWPOLYLINE
  5
18C
330
167
100
AcDbEntity
  8
0
 62
8
370
13
100
AcDbPolyline
 90
3
 70
0
 10
0.5700000000000001
 20
-0.165
 10
0.62
 20
-0.14
 10
0.5700000000000001
 20
-0.115
  0
ENDBLK
  5
169
330
167
100
AcDbEntity
  8
0
100
AcDbBlockEnd
  0
BLOCK
  5
18E
330
18D
100
AcDbEntity
  8
0
100
AcDbBlockBegin
  2
PS_ALFOMBRA_JUEGO_170x120
 70
0
 10
0.0
 20
0.0
 30
0.0
  3
PS_ALFOMBRA_JUEGO_170x120
  1

  0
LWPOLYLINE
  5
190
330
18D
100
AcDbEntity
  8
0
100
AcDbPolyline
 90
8
 70
1
 10
-0.85
 20
-0.48
 42
0.41421356237309503
 10
-0.73
 20
-0.6
 10
0.73
 20
-0.6
 42
0.41421356237309503
 10
0.85
 20
-0.48
 10
0.85
 20
0.48
 42
0.41421356237309503
 10
0.73
 20
0.6
 10
-0.73
 20
0.6
 42
0.41421356237309503
 10
-0.85
 20
0.48
  0
LWPOLYLINE
  5
191
330
18D
100
AcDbEntity
  8
0
 62
8
370
13
100
AcDbPolyline
 90
8
 70
1
 10
-0.72
 20
-0.21
 42
0.41421356237309503
 10
-0.46
 20
-0.47000000000000003
 10
0.46
 20
-0.47000000000000003
 42
0.41421356237309503
 10
0.72
 20
-0.21
 10
0.72
 20
0.21
 42
0.41421356237309503
 10
0.46
 20
0.47000000000000003
 10
-0.46
 20
0.47000000000000003
 42
0.41421356237309503
 10
-0.72
 20
0.21
  0
LWPOLYLINE
  5
192
330
18D
100
AcDbEntity
  8
0
 62
8
370
13
100
AcDbPolyline
 90
8
 70
1
 10
-0.52
 20
-0.17
 42
0.41421356237309503
 10
-0.42
 20
-0.27
 10
0.42
 20
-0.27
 42
0.41421356237309503
 10
0.52
 20
-0.17
 10
0.52
 20
0.17
 42
0.41421356237309503
 10
0.42
 20
0.27
 10
-0.42
 20
0.27
 42
0.41421356237309503
 10
-0.52
 20
0.17
  0
LINE
  5
193
330
18D
100
AcDbEntity
  8
0
 62
8
370
13
100
AcDbLine
 10
-0.62
 20
-0.19
 30
0.0
 11
-0.618460075047286
 21
-0.21349471459960925
 31
0.0
  0
LINE
  5
194
330
18D
100
AcDbEntity
  8
0
 62
8
370
13
100
AcDbLine
 10
-0.618460075047286
 20
-0.21349471459960925
 30
0.0
 11
-0.6152498884818944
 21
-0.22963341229689405
 31
0.0
  0
LINE
  5
195
330
18D
100
AcDbEntity
  8
0
 62
8
370
13
100
AcDbLine
 10
-0.6081097492473282
 20
-0.25354670712111077
 30
0.0
 11
-0.6062983158520316
 21
-0.25888301782571616
 31
0.0
  0
LINE
  5
196
330
18D
100
AcDbEntity
  8
0
 62
8
370
13
100
AcDbLine
 10
-0.6062983158520316
 20
-0.25888301782571616
 30
0.0
 11
-0.595884572681199
 21
-0.2799999999999999
 31
0.0
  0
LINE
  5
197
330
18D
100
AcDbEntity
  8
0
 62
8
370
13
100
AcDbLine
 10
-0.595884572681199
 20
-0.2799999999999999
 30
0.0
 11
-0.5898735839292472
 21
-0.2889960804054884
 31
0.0
  0
LINE
  5
198
330
18D
100
AcDbEntity
  8
0
 62
8
370
13
100
AcDbLine
 10
-0.5747105484836323
 20
-0.30880541523379257
 30
0.0
 11
-0.5672792206135786
 21
-0.31727922061357855
 31
0.0
  0
LINE
  5
199
330
18D
100
AcDbEntity
  8
0
 62
8
370
13
100
AcDbLine
 10
-0.5672792206135786
 20
-0.31727922061357855
 30
0.0
 11
-0.5495770572215698
 21
-0.33280360125242225
 31
0.0
  0
LINE
  5
19A
330
18D
100
AcDbEntity
  8
0
 62
8
370
13
100
AcDbLine
 10
-0.5495770572215698
 20
-0.33280360125242225
 30
0.0
 11
-0.5452666236811251
 21
-0.3356837408643183
 31
0.0
  0
LINE
  5
19B
330
18D
100
AcDbEntity
  8
0
 62
8
370
13
100
AcDbLine
 10
-0.5240456727953965
 20
-0.34882092190724295
 30
0.0
 11
-0.5088830178257162
 21
-0.3562983158520316
 31
0.0
  0
LINE
  5
19C
330
18D
100
AcDbEntity
  8
0
 62
8
370
13
100
AcDbLine
 10
-0.5088830178257162
 20
-0.3562983158520316
 30
0.0
 11
-0.48701474475972817
 21
-0.3637215942782685
 31
0.0
  0
LINE
  5
19D
330
18D
100
AcDbEntity
  8
0
 62
8
370
13
100
AcDbLine
 10
-0.46249325515327455
 20
-0.3685257141672677
 30
0.0
 11
-0.44
 21
-0.37
 31
0.0
  0
LINE
  5
19E
330
18D
100
AcDbEntity
  8
0
 62
8
370
13
100
AcDbLine
 10
-0.44
 20
-0.37
 30
0.0
 11
-0.4225415182742181
 21
-0.37
 31
0.0
  0
LINE
  5
19F
330
18D
100
AcDbEntity
  8
0
 62
8
370
13
100
AcDbLine
 10
-0.3975415182742181
 20
-0.37
 30
0.0
 11
-0.3575415182742181
 21
-0.37
 31
0.0
  0
LINE
  5
1A0
330
18D
100
AcDbEntity
  8
0
 62
8
370
13
100
AcDbLine
 10
-0.3325415182742181
 20
-0.37
 30
0.0
 11
-0.29254151827421804
 21
-0.37
 31
0.0
  0
LINE
  5
1A1
330
18D
100
AcDbEntity
  8
0
 62
8
370
13
100
AcDbLine
 10
-0.26754151827421807
 20
-0.37
 30
0.0
 11
-0.22754151827421804
 21
-0.37
 31
0.0
  0
LINE
  5
1A2
330
18D
100
AcDbEntity
  8
0
 62
8
370
13
100
AcDbLine
 10
-0.20254151827421804
 20
-0.37
 30
0.0
 11
-0.16254151827421803
 21
-0.37
 31
0.0
  0
LINE
  5
1A3
330
18D
100
AcDbEntity
  8
0
 62
8
370
13
100
AcDbLine
 10
-0.1375415182742181
 20
-0.37
 30
0.0
 11
-0.09754151827421809
 21
-0.37
 31
0.0
  0
LINE
  5
1A4
330
18D
100
AcDbEntity
  8
0
 62
8
370
13
100
AcDbLine
 10
-0.07254151827421808
 20
-0.37
 30
0.0
 11
-0.03254151827421808
 21
-0.37
 31
0.0
  0
LINE
  5
1A5
330
18D
100
AcDbEntity
  8
0
 62
8
370
13
100
AcDbLine
 10
-0.007541518274218078
 20
-0.37
 30
0.0
 11
0.032458481725781925
 21
-0.37
 31
0.0
  0
LINE
  5
1A6
330
18D
100
AcDbEntity
  8
0
 62
8
370
13
100
AcDbLine
 10
0.057458481725781926
 20
-0.37
 30
0.0
 11
0.09745848172578192
 21
-0.37
 31
0.0
  0
LINE
  5
1A7
330
18D
100
AcDbEntity
  8
0
 62
8
370
13
100
AcDbLine
 10
0.12245848172578193
 20
-0.37
 30
0.0
 11
0.16245848172578192
 21
-0.37
 31
0.0
  0
LINE
  5
1A8
330
18D
100
AcDbEntity
  8
0
 62
8
370
13
100
AcDbLine
 10
0.18745848172578192
 20
-0.37
 30
0.0
 11
0.22745848172578192
 21
-0.37
 31
0.0
  0
LINE
  5
1A9
330
18D
100
AcDbEntity
  8
0
 62
8
370
13
100
AcDbLine
 10
0.25245848172578195
 20
-0.37
 30
0.0
 11
0.2924584817257819
 21
-0.37
 31
0.0
  0
LINE
  5
1AA
330
18D
100
AcDbEntity
  8
0
 62
8
370
13
100
AcDbLine
 10
0.31745848172578195
 20
-0.37
 30
0.0
 11
0.35745848172578193
 21
-0.37
 31
0.0
  0
LINE
  5
1AB
330
18D
100
AcDbEntity
  8
0
 62
8
370
13
100
AcDbLine
 10
0.38245848172578195
 20
-0.37
 30
0.0
 11
0.42245848172578193
 21
-0.37
 31
0.0
  0
LINE
  5
1AC
330
18D
100
AcDbEntity
  8
0
 62
8
370
13
100
AcDbLine
 10
0.4474425125438835
 20
-0.369512191955828
 30
0.0
 11
0.46349471459960934
 21
-0.3684600750472859
 31
0.0
  0
LINE
  5
1AD
330
18D
100
AcDbEntity
  8
0
 62
8
370
13
100
AcDbLine
 10
0.46349471459960934
 20
-0.3684600750472859
 30
0.0
 11
0.4865874281184538
 21
-0.3638666487320323
 31
0.0
  0
LINE
  5
1AE
330
18D
100
AcDbEntity
  8
0
 62
8
370
13
100
AcDbLine
 10
0.48658742811845374
 20
-0.3638666487320323
 30
0.0
 11
0.48693611495016464
 21
-0.36374828550199845
 31
0.0
  0
LINE
  5
1AF
330
18D
100
AcDbEntity
  8
0
 62
8
370
13
100
AcDbLine
 10
0.5105181084555628
 20
-0.35549197838677615
 30
0.0
 11
0.53
 21
-0.345884572681199
 31
0.0
  0
LINE
  5
1B0
330
18D
100
AcDbEntity
  8
0
 62
8
370
13
100
AcDbLine
 10
0.53
 20
-0.345884572681199
 30
0.0
 11
0.5451975813143899
 21
-0.33572987349888217
 31
0.0
  0
LINE
  5
1B1
330
18D
100
AcDbEntity
  8
0
 62
8
370
13
100
AcDbLine
 10
0.5644129986985899
 20
-0.31979282977073764
 30
0.0
 11
0.5672792206135785
 21
-0.31727922061357866
 31
0.0
  0
LINE
  5
1B2
330
18D
100
AcDbEntity
  8
0
 62
8
370
13
100
AcDbLine
 10
0.5672792206135786
 20
-0.31727922061357855
 30
0.0
 11
0.5828036012524223
 21
-0.2995770572215698
 31
0.0
  0
LINE
  5
1B3
330
18D
100
AcDbEntity
  8
0
 62
8
370
13
100
AcDbLine
 10
0.5828036012524224
 20
-0.29957705722156974
 30
0.0
 11
0.5898274512946836
 21
-0.28906512277222335
 31
0.0
  0
LINE
  5
1B4
330
18D
100
AcDbEntity
  8
0
 62
8
370
13
100
AcDbLine
 10
0.6021197240207614
 20
-0.26735636384232303
 30
0.0
 11
0.6062983158520315
 21
-0.25888301782571627
 31
0.0
  0
LINE
  5
1B5
330
18D
100
AcDbEntity
  8
0
 62
8
370
13
100
AcDbLine
 10
0.6062983158520316
 20
-0.25888301782571616
 30
0.0
 11
0.6138666487320323
 21
-0.23658742811845357
 31
0.0
  0
LINE
  5
1B6
330
18D
100
AcDbEntity
  8
0
 62
8
370
13
100
AcDbLine
 10
0.6138666487320323
 20
-0.2365874281184537
 30
0.0
 11
0.6152336888549208
 21
-0.22971485332133568
 31
0.0
  0
LINE
  5
1B7
330
18D
100
AcDbEntity
  8
0
 62
8
370
13
100
AcDbLine
 10
0.6190135222114397
 20
-0.20505074260939085
 30
0.0
 11
0.62
 21
-0.18999999999999986
 31
0.0
  0
LINE
  5
1B8
330
18D
100
AcDbEntity
  8
0
 62
8
370
13
100
AcDbLine
 10
0.62
 20
-0.19
 30
0.0
 11
0.62
 21
-0.16508303654843615
 31
0.0
  0
LINE
  5
1B9
330
18D
100
AcDbEntity
  8
0
 62
8
370
13
100
AcDbLine
 10
0.62
 20
-0.14008303654843615
 30
0.0
 11
0.62
 21
-0.10008303654843616
 31
0.0
  0
LINE
  5
1BA
330
18D
100
AcDbEntity
  8
0
 62
8
370
13
100
AcDbLine
 10
0.62
 20
-0.07508303654843616
 30
0.0
 11
0.62
 21
-0.035083036548436156
 31
0.0
  0
LINE
  5
1BB
330
18D
100
AcDbEntity
  8
0
 62
8
370
13
100
AcDbLine
 10
0.62
 20
-0.010083036548436156
 30
0.0
 11
0.62
 21
0.029916963451563847
 31
0.0
  0
LINE
  5
1BC
330
18D
100
AcDbEntity
  8
0
 62
8
370
13
100
AcDbLine
 10
0.62
 20
0.05491696345156385
 30
0.0
 11
0.62
 21
0.09491696345156385
 31
0.0
  0
LINE
  5
1BD
330
18D
100
AcDbEntity
  8
0
 62
8
370
13
100
AcDbLine
 10
0.62
 20
0.11991696345156384
 30
0.0
 11
0.62
 21
0.15991696345156384
 31
0.0
  0
LINE
  5
1BE
330
18D
100
AcDbEntity
  8
0
 62
8
370
13
100
AcDbLine
 10
0.62
 20
0.18491696345156386
 30
0.0
 11
0.62
 21
0.19
 31
0.0
  0
LINE
  5
1BF
330
18D
100
AcDbEntity
  8
0
 62
8
370
13
100
AcDbLine
 10
0.62
 20
0.19
 30
0.0
 11
0.618460075047286
 21
0.21349471459960917
 31
0.0
  0
LINE
  5
1C0
330
18D
100
AcDbEntity
  8
0
 62
8
370
13
100
AcDbLine
 10
0.618460075047286
 20
0.21349471459960928
 30
0.0
 11
0.6162415397189485
 21
0.22464804487043633
 31
0.0
  0
LINE
  5
1C1
330
18D
100
AcDbEntity
  8
0
 62
8
370
13
100
AcDbLine
 10
0.6097436377975738
 20
0.24873342666407197
 30
0.0
 11
0.6062983158520315
 21
0.2588830178257163
 31
0.0
  0
LINE
  5
1C2
330
18D
100
AcDbEntity
  8
0
 62
8
370
13
100
AcDbLine
 10
0.6062983158520316
 20
0.25888301782571616
 30
0.0
 11
0.5958845726811991
 21
0.2799999999999999
 31
0.0
  0
LINE
  5
1C3
330
18D
100
AcDbEntity
  8
0
 62
8
370
13
100
AcDbLine
 10
0.595884572681199
 20
0.28
 30
0.0
 11
0.5926975677289089
 21
0.2847696899772407
 31
0.0
  0
LINE
  5
1C4
330
18D
100
AcDbEntity
  8
0
 62
8
370
13
100
AcDbLine
 10
0.5780620273598442
 20
0.3049837860138078
 30
0.0
 11
0.5672792206135787
 21
0.3172792206135785
 31
0.0
  0
LINE
  5
1C5
330
18D
100
AcDbEntity
  8
0
 62
8
370
13
100
AcDbLine
 10
0.5672792206135786
 20
0.31727922061357855
 30
0.0
 11
0.5495770572215698
 21
0.33280360125242225
 31
0.0
  0
LINE
  5
1C6
330
18D
100
AcDbEntity
  8
0
 62
8
370
13
100
AcDbLine
 10
0.5495770572215698
 20
0.3328036012524223
 30
0.0
 11
0.5494930141093727
 21
0.33285975706465665
 31
0.0
  0
LINE
  5
1C7
330
18D
100
AcDbEntity
  8
0
 62
8
370
13
100
AcDbLine
 10
0.5286045097199031
 20
0.34657275232989987
 30
0.0
 11
0.5088830178257163
 21
0.3562983158520316
 31
0.0
  0
LINE
  5
1C8
330
18D
100
AcDbEntity
  8
0
 62
8
370
13
100
AcDbLine
 10
0.5088830178257162
 20
0.35629831585203164
 30
0.0
 11
0.4918280252167669
 21
0.3620877057280229
 31
0.0
  0
LINE
  5
1C9
330
18D
100
AcDbEntity
  8
0
 62
8
370
13
100
AcDbLine
 10
0.467495757828516
 20
0.36766421806663574
 30
0.0
 11
0.4634947145996094
 21
0.3684600750472859
 31
0.0
  0
LINE
  5
1CA
330
18D
100
AcDbEntity
  8
0
 62
8
370
13
100
AcDbLine
 10
0.46349471459960934
 20
0.3684600750472859
 30
0.0
 11
0.4399999999999999
 21
0.37
 31
0.0
  0
LINE
  5
1CB
330
18D
100
AcDbEntity
  8
0
 62
8
370
13
100
AcDbLine
 10
0.44
 20
0.37
 30
0.0
 11
0.4276245548226541
 21
0.37
 31
0.0
  0
LINE
  5
1CC
330
18D
100
AcDbEntity
  8
0
 62
8
370
13
100
AcDbLine
 10
0.4026245548226541
 20
0.37
 30
0.0
 11
0.3626245548226541
 21
0.37
 31
0.0
  0
LINE
  5
1CD
330
18D
100
AcDbEntity
  8
0
 62
8
370
13
100
AcDbLine
 10
0.3376245548226541
 20
0.37
 30
0.0
 11
0.2976245548226541
 21
0.37
 31
0.0
  0
LINE
  5
1CE
330
18D
100
AcDbEntity
  8
0
 62
8
370
13
100
AcDbLine
 10
0.2726245548226541
 20
0.37
 30
0.0
 11
0.2326245548226541
 21
0.37
 31
0.0
  0
LINE
  5
1CF
330
18D
100
AcDbEntity
  8
0
 62
8
370
13
100
AcDbLine
 10
0.2076245548226541
 20
0.37
 30
0.0
 11
0.16762455482265406
 21
0.37
 31
0.0
  0
LINE
  5
1D0
330
18D
100
AcDbEntity
  8
0
 62
8
370
13
100
AcDbLine
 10
0.1426245548226541
 20
0.37
 30
0.0
 11
0.10262455482265409
 21
0.37
 31
0.0
  0
LINE
  5
1D1
330
18D
100
AcDbEntity
  8
0
 62
8
370
13
100
AcDbLine
 10
0.0776245548226541
 20
0.37
 30
0.0
 11
0.03762455482265409
 21
0.37
 31
0.0
  0
LINE
  5
1D2
330
18D
100
AcDbEntity
  8
0
 62
8
370
13
100
AcDbLine
 10
0.01262455482265409
 20
0.37
 30
0.0
 11
-0.02737544517734598
 21
0.37
 31
0.0
  0
LINE
  5
1D3
330
18D
100
AcDbEntity
  8
0
 62
8
370
13
100
AcDbLine
 10
-0.05237544517734591
 20
0.37
 30
0.0
 11
-0.09237544517734592
 21
0.37
 31
0.0
  0
LINE
  5
1D4
330
18D
100
AcDbEntity
  8
0
 62
8
370
13
100
AcDbLine
 10
-0.11737544517734591
 20
0.37
 30
0.0
 11
-0.15737544517734592
 21
0.37
 31
0.0
  0
LINE
  5
1D5
330
18D
100
AcDbEntity
  8
0
 62
8
370
13
100
AcDbLine
 10
-0.18237544517734583
 20
0.37
 30
0.0
 11
-0.22237544517734592
 21
0.37
 31
0.0
  0
LINE
  5
1D6
330
18D
100
AcDbEntity
  8
0
 62
8
370
13
100
AcDbLine
 10
-0.24737544517734592
 20
0.37
 30
0.0
 11
-0.2873754451773459
 21
0.37
 31
0.0
  0
LINE
  5
1D7
330
18D
100
AcDbEntity
  8
0
 62
8
370
13
100
AcDbLine
 10
-0.3123754451773459
 20
0.37
 30
0.0
 11
-0.3523754451773459
 21
0.37
 31
0.0
  0
LINE
  5
1D8
330
18D
100
AcDbEntity
  8
0
 62
8
370
13
100
AcDbLine
 10
-0.3773754451773459
 20
0.37
 30
0.0
 11
-0.4173754451773459
 21
0.37
 31
0.0
  0
LINE
  5
1D9
330
18D
100
AcDbEntity
  8
0
 62
8
370
13
100
AcDbLine
 10
-0.4423703591668787
 20
0.3698446384520869
 30
0.0
 11
-0.46349471459960945
 21
0.3684600750472859
 31
0.0
  0
LINE
  5
1DA
330
18D
100
AcDbEntity
  8
0
 62
8
370
13
100
AcDbLine
 10
-0.46349471459960934
 20
0.3684600750472859
 30
0.0
 11
-0.48196321396123964
 21
0.3647864621173143
 31
0.0
  0
LINE
  5
1DB
330
18D
100
AcDbEntity
  8
0
 62
8
370
13
100
AcDbLine
 10
-0.5057960877305031
 20
0.35734618741966523
 30
0.0
 11
-0.5088830178257163
 21
0.3562983158520316
 31
0.0
  0
LINE
  5
1DC
330
18D
100
AcDbEntity
  8
0
 62
8
370
13
100
AcDbLine
 10
-0.5088830178257162
 20
0.35629831585203164
 30
0.0
 11
-0.5300000000000001
 21
0.3458845726811989
 31
0.0
  0
LINE
  5
1DD
330
18D
100
AcDbEntity
  8
0
 62
8
370
13
100
AcDbLine
 10
-0.53
 20
0.345884572681199
 30
0.0
 11
-0.5409711908861417
 21
0.33855385729854426
 31
0.0
  0
LINE
  5
1DE
330
18D
100
AcDbEntity
  8
0
 62
8
370
13
100
AcDbLine
 10
-0.5605913694786047
 20
0.32314430864695015
 30
0.0
 11
-0.5672792206135787
 21
0.3172792206135785
 31
0.0
  0
LINE
  5
1DF
330
18D
100
AcDbEntity
  8
0
 62
8
370
13
100
AcDbLine
 10
-0.5672792206135786
 20
0.3172792206135786
 30
0.0
 11
-0.5828036012524225
 21
0.29957705722156963
 31
0.0
  0
LINE
  5
1E0
330
18D
100
AcDbEntity
  8
0
 62
8
370
13
100
AcDbLine
 10
-0.5828036012524224
 20
0.2995770572215698
 30
0.0
 11
-0.5870034674950211
 21
0.29329151320047225
 31
0.0
  0
LINE
  5
1E1
330
18D
100
AcDbEntity
  8
0
 62
8
370
13
100
AcDbLine
 10
-0.5998715544434178
 20
0.2719152007668309
 30
0.0
 11
-0.6062983158520318
 21
0.2588830178257161
 31
0.0
  0
LINE
  5
1E2
330
18D
100
AcDbEntity
  8
0
 62
8
370
13
100
AcDbLine
 10
-0.6062983158520316
 20
0.25888301782571616
 30
0.0
 11
-0.6138666487320323
 21
0.23658742811845357
 31
0.0
  0
LINE
  5
1E3
330
18D
100
AcDbEntity
  8
0
 62
8
370
13
100
AcDbLine
 10
-0.6138666487320323
 20
0.2365874281184537
 30
0.0
 11
-0.6142420376178663
 21
0.2347002207477949
 31
0.0
  0
LINE
  5
1E4
330
18D
100
AcDbEntity
  8
0
 62
8
370
13
100
AcDbLine
 10
-0.6186810757151807
 20
0.2101228959863975
 30
0.0
 11
-0.62
 21
0.18999999999999984
 31
0.0
  0
LINE
  5
1E5
330
18D
100
AcDbEntity
  8
0
 62
8
370
13
100
AcDbLine
 10
-0.62
 20
0.19
 30
0.0
 11
-0.62
 21
0.170166073096874
 31
0.0
  0
LINE
  5
1E6
330
18D
100
AcDbEntity
  8
0
 62
8
370
13
100
AcDbLine
 10
-0.62
 20
0.14516607309687402
 30
0.0
 11
-0.62
 21
0.10516607309687402
 31
0.0
  0
LINE
  5
1E7
330
18D
100
AcDbEntity
  8
0
 62
8
370
13
100
AcDbLine
 10
-0.62
 20
0.08016607309687401
 30
0.0
 11
-0.62
 21
0.04016607309687402
 31
0.0
  0
LINE
  5
1E8
330
18D
100
AcDbEntity
  8
0
 62
8
370
13
100
AcDbLine
 10
-0.62
 20
0.015166073096874016
 30
0.0
 11
-0.62
 21
-0.024833926903125986
 31
0.0
  0
LINE
  5
1E9
330
18D
100
AcDbEntity
  8
0
 62
8
370
13
100
AcDbLine
 10
-0.62
 20
-0.04983392690312595
 30
0.0
 11
-0.62
 21
-0.08983392690312603
 31
0.0
  0
LINE
  5
1EA
330
18D
100
AcDbEntity
  8
0
 62
8
370
13
100
AcDbLine
 10
-0.62
 20
-0.114833926903126
 30
0.0
 11
-0.62
 21
-0.154833926903126
 31
0.0
  0
LINE
  5
1EB
330
18D
100
AcDbEntity
  8
0
 62
8
370
13
100
AcDbLine
 10
-0.62
 20
-0.179833926903126
 30
0.0
 11
-0.62
 21
-0.19
 31
0.0
  0
CIRCLE
  5
1EC
330
18D
100
AcDbEntity
  8
0
 62
8
370
13
100
AcDbCircle
 10
-0.3
 20
0.0
 30
0.0
 40
0.08
  0
CIRCLE
  5
1ED
330
18D
100
AcDbEntity
  8
0
 62
8
370
13
100
AcDbCircle
 10
0.3
 20
0.0
 30
0.0
 40
0.08
  0
LWPOLYLINE
  5
1EE
330
18D
100
AcDbEntity
  8
0
 62
8
370
13
100
AcDbPolyline
 90
4
 70
1
 10
-0.11
 20
-0.46
 10
-0.08
 20
-0.46
 10
-0.08
 20
-0.28
 10
-0.11
 20
-0.28
  0
LWPOLYLINE
  5
1EF
330
18D
100
AcDbEntity
  8
0
 62
8
370
13
100
AcDbPolyline
 90
4
 70
1
 10
-0.06
 20
-0.46
 10
-0.03
 20
-0.46
 10
-0.03
 20
-0.28
 10
-0.06
 20
-0.28
  0
LWPOLYLINE
  5
1F0
330
18D
100
AcDbEntity
  8
0
 62
8
370
13
100
AcDbPolyline
 90
4
 70
1
 10
-0.01
 20
-0.46
 10
0.02
 20
-0.46
 10
0.02
 20
-0.28
 10
-0.01
 20
-0.28
  0
LWPOLYLINE
  5
1F1
330
18D
100
AcDbEntity
  8
0
 62
8
370
13
100
AcDbPolyline
 90
4
 70
1
 10
0.04
 20
-0.46
 10
0.07
 20
-0.46
 10
0.07
 20
-0.28
 10
0.04
 20
-0.28
  0
LWPOLYLINE
  5
1F2
330
18D
100
AcDbEntity
  8
0
 62
8
370
13
100
AcDbPolyline
 90
4
 70
1
 10
0.09
 20
-0.46
 10
0.12
 20
-0.46
 10
0.12
 20
-0.28
 10
0.09
 20
-0.28
  0
ENDBLK
  5
18F
330
18D
100
AcDbEntity
  8
0
100
AcDbBlockEnd
  0
BLOCK
  5
1F4
330
1F3
100
AcDbEntity
  8
0
100
AcDbBlockBegin
  2
PS_LIBRERIA_INFANTIL_256x35
 70
0
 10
0.0
 20
0.0
 30
0.0
  3
PS_LIBRERIA_INFANTIL_256x35
  1

  0
WIPEOUT
  5
1F6
330
1F3
100
AcDbEntity
  8
0
100
AcDbWipeout
 90
0
 10
0.0
 20
-0.35000000000000003
 30
0.0
 11
2.56
 21
0.0
 31
0.0
 12
0.0
 22
0.35000000000000003
 32
0.0
 13
1.0
 23
1.0
340
0
 70
7
280
1
281
50
282
50
283
0
360
0
 71
2
 91
5
 14
-0.5
 24
0.5
 14
0.5
 24
0.5
 14
0.5
 24
-0.5
 14
-0.5
 24
-0.5
 14
-0.5
 24
0.5
290
0
  0
LWPOLYLINE
  5
1F7
330
1F3
100
AcDbEntity
  8
0
100
AcDbPolyline
 90
2
 70
0
 10
0.0182
 20
-0.35000000000000003
 10
0.3565142857142857
 20
-0.35000000000000003
  0
LWPOLYLINE
  5
1F8
330
1F3
100
AcDbEntity
  8
0
100
AcDbPolyline
 90
2
 70
0
 10
0.3749142857142857
 20
-0.35000000000000003
 10
0.7222285714285713
 20
-0.35000000000000003
  0
LWPOLYLINE
  5
1F9
330
1F3
100
AcDbEntity
  8
0
100
AcDbPolyline
 90
2
 70
0
 10
0.7406285714285714
 20
-0.35000000000000003
 10
1.087942857142857
 20
-0.35000000000000003
  0
LWPOLYLINE
  5
1FA
330
1F3
100
AcDbEntity
  8
0
100
AcDbPolyline
 90
2
 70
0
 10
1.106342857142857
 20
-0.35000000000000003
 10
1.4536571428571425
 20
-0.35000000000000003
  0
LWPOLYLINE
  5
1FB
330
1F3
100
AcDbEntity
  8
0
100
AcDbPolyline
 90
2
 70
0
 10
1.472057142857143
 20
-0.35000000000000003
 10
1.8193714285714282
 20
-0.35000000000000003
  0
LWPOLYLINE
  5
1FC
330
1F3
100
AcDbEntity
  8
0
100
AcDbPolyline
 90
2
 70
0
 10
1.8377714285714286
 20
-0.35000000000000003
 10
2.185085714285714
 20
-0.35000000000000003
  0
LWPOLYLINE
  5
1FD
330
1F3
100
AcDbEntity
  8
0
100
AcDbPolyline
 90
2
 70
0
 10
2.2034857142857143
 20
-0.35000000000000003
 10
2.5298
 20
-0.35000000000000003
  0
LWPOLYLINE
  5
1FE
330
1F3
100
AcDbEntity
  8
0
100
AcDbPolyline
 90
2
 70
0
 10
2.5298
 20
0.0
 10
2.2034857142857143
 20
0.0
  0
LWPOLYLINE
  5
1FF
330
1F3
100
AcDbEntity
  8
0
100
AcDbPolyline
 90
2
 70
0
 10
2.185085714285714
 20
0.0
 10
1.8377714285714286
 20
0.0
  0
LWPOLYLINE
  5
200
330
1F3
100
AcDbEntity
  8
0
100
AcDbPolyline
 90
2
 70
0
 10
1.8193714285714282
 20
0.0
 10
1.472057142857143
 20
0.0
  0
LWPOLYLINE
  5
201
330
1F3
100
AcDbEntity
  8
0
100
AcDbPolyline
 90
2
 70
0
 10
1.4536571428571425
 20
0.0
 10
1.106342857142857
 20
0.0
  0
LWPOLYLINE
  5
202
330
1F3
100
AcDbEntity
  8
0
100
AcDbPolyline
 90
2
 70
0
 10
1.087942857142857
 20
0.0
 10
0.7406285714285714
 20
0.0
  0
LWPOLYLINE
  5
203
330
1F3
100
AcDbEntity
  8
0
100
AcDbPolyline
 90
2
 70
0
 10
0.7222285714285713
 20
0.0
 10
0.3749142857142857
 20
0.0
  0
LWPOLYLINE
  5
204
330
1F3
100
AcDbEntity
  8
0
100
AcDbPolyline
 90
2
 70
0
 10
0.3565142857142857
 20
0.0
 10
0.0182
 20
0.0
  0
LWPOLYLINE
  5
205
330
1F3
100
AcDbEntity
  8
0
 62
8
370
13
100
AcDbPolyline
 90
2
 70
0
 10
0.0182
 20
-0.008
 10
0.3565142857142857
 20
-0.008
  0
LWPOLYLINE
  5
206
330
1F3
100
AcDbEntity
  8
0
 62
8
370
13
100
AcDbPolyline
 90
2
 70
0
 10
0.3749142857142857
 20
-0.008
 10
0.7222285714285713
 20
-0.008
  0
LWPOLYLINE
  5
207
330
1F3
100
AcDbEntity
  8
0
 62
8
370
13
100
AcDbPolyline
 90
2
 70
0
 10
0.7406285714285714
 20
-0.008
 10
1.087942857142857
 20
-0.008
  0
LWPOLYLINE
  5
208
330
1F3
100
AcDbEntity
  8
0
 62
8
370
13
100
AcDbPolyline
 90
2
 70
0
 10
1.106342857142857
 20
-0.008
 10
1.4536571428571425
 20
-0.008
  0
LWPOLYLINE
  5
209
330
1F3
100
AcDbEntity
  8
0
 62
8
370
13
100
AcDbPolyline
 90
2
 70
0
 10
1.472057142857143
 20
-0.008
 10
1.8193714285714282
 20
-0.008
  0
LWPOLYLINE
  5
20A
330
1F3
100
AcDbEntity
  8
0
 62
8
370
13
100
AcDbPolyline
 90
2
 70
0
 10
1.8377714285714286
 20
-0.008
 10
2.185085714285714
 20
-0.008
  0
LWPOLYLINE
  5
20B
330
1F3
100
AcDbEntity
  8
0
 62
8
370
13
100
AcDbPolyline
 90
2
 70
0
 10
2.2034857142857143
 20
-0.008
 10
2.5298
 20
-0.008
  0
LWPOLYLINE
  5
20C
330
1F3
100
AcDbEntity
  8
0
100
AcDbPolyline
 90
4
 70
1
 10
0.0
 20
-0.35000000000000003
 10
0.018000000000000002
 20
-0.35000000000000003
 10
0.018000000000000002
 20
0.0
 10
0.0
 20
0.0
  0
LWPOLYLINE
  5
20D
330
1F3
100
AcDbEntity
  8
0
100
AcDbPolyline
 90
4
 70
1
 10
0.3567142857142857
 20
-0.35000000000000003
 10
0.37471428571428567
 20
-0.35000000000000003
 10
0.37471428571428567
 20
0.0
 10
0.3567142857142857
 20
0.0
  0
LWPOLYLINE
  5
20E
330
1F3
100
AcDbEntity
  8
0
100
AcDbPolyline
 90
4
 70
1
 10
0.7224285714285713
 20
-0.35000000000000003
 10
0.7404285714285714
 20
-0.35000000000000003
 10
0.7404285714285714
 20
0.0
 10
0.7224285714285713
 20
0.0
  0
LWPOLYLINE
  5
20F
330
1F3
100
AcDbEntity
  8
0
100
AcDbPolyline
 90
4
 70
1
 10
1.088142857142857
 20
-0.35000000000000003
 10
1.106142857142857
 20
-0.35000000000000003
 10
1.106142857142857
 20
0.0
 10
1.088142857142857
 20
0.0
  0
LWPOLYLINE
  5
210
330
1F3
100
AcDbEntity
  8
0
100
AcDbPolyline
 90
4
 70
1
 10
1.4538571428571427
 20
-0.35000000000000003
 10
1.4718571428571428
 20
-0.35000000000000003
 10
1.4718571428571428
 20
0.0
 10
1.4538571428571427
 20
0.0
  0
LWPOLYLINE
  5
211
330
1F3
100
AcDbEntity
  8
0
100
AcDbPolyline
 90
4
 70
1
 10
1.8195714285714284
 20
-0.35000000000000003
 10
1.8375714285714284
 20
-0.35000000000000003
 10
1.8375714285714284
 20
0.0
 10
1.8195714285714284
 20
0.0
  0
LWPOLYLINE
  5
212
330
1F3
100
AcDbEntity
  8
0
100
AcDbPolyline
 90
4
 70
1
 10
2.185285714285714
 20
-0.35000000000000003
 10
2.2032857142857143
 20
-0.35000000000000003
 10
2.2032857142857143
 20
0.0
 10
2.185285714285714
 20
0.0
  0
LWPOLYLINE
  5
213
330
1F3
100
AcDbEntity
  8
0
100
AcDbPolyline
 90
4
 70
1
 10
2.5300000000000002
 20
-0.35000000000000003
 10
2.56
 20
-0.35000000000000003
 10
2.56
 20
0.0
 10
2.5300000000000002
 20
0.0
  0
LWPOLYLINE
  5
214
330
1F3
100
AcDbEntity
  8
0
 62
8
370
13
100
AcDbPolyline
 90
4
 70
1
 10
0.027999999999999997
 20
-0.335
 10
0.0537719863559959
 20
-0.335
 10
0.0537719863559959
 20
-0.17444055782528486
 10
0.027999999999999997
 20
-0.17444055782528486
  0
LWPOLYLINE
  5
215
330
1F3
100
AcDbEntity
  8
0
 62
8
370
13
100
AcDbPolyline
 90
4
 70
1
 10
0.056271986355995895
 20
-0.335
 10
0.08989441370895239
 20
-0.335
 10
0.08989441370895239
 20
-0.179929459933272
 10
0.056271986355995895
 20
-0.179929459933272
  0
LWPOLYLINE
  5
216
330
1F3
100
AcDbEntity
  8
0
 62
8
370
13
100
AcDbPolyline
 90
4
 70
1
 10
0.09239441370895239
 20
-0.335
 10
0.12325558181231294
 20
-0.335
 10
0.12325558181231294
 20
-0.15940177581611903
 10
0.09239441370895239
 20
-0.15940177581611903
  0
LWPOLYLINE
  5
217
330
1F3
100
AcDbEntity
  8
0
 62
8
370
13
100
AcDbPolyline
 90
4
 70
1
 10
0.12575558181231294
 20
-0.335
 10
0.1451475560069059
 20
-0.335
 10
0.1451475560069059
 20
-0.1494794986767406
 10
0.12575558181231294
 20
-0.1494794986767406
  0
LWPOLYLINE
  5
218
330
1F3
100
AcDbEntity
  8
0
 62
8
370
13
100
AcDbPolyline
 90
4
 70
1
 10
0.1476475560069059
 20
-0.335
 10
0.16654745180951355
 20
-0.335
 10
0.16654745180951355
 20
-0.154644802143633
 10
0.1476475560069059
 20
-0.154644802143633
  0
LWPOLYLINE
  5
219
330
1F3
100
AcDbEntity
  8
0
 62
8
370
13
100
AcDbPolyline
 90
4
 70
1
 10
0.16904745180951355
 20
-0.335
 10
0.1887239819753044
 20
-0.335
 10
0.1887239819753044
 20
-0.17865008906592944
 10
0.16904745180951355
 20
-0.17865008906592944
  0
LWPOLYLINE
  5
21A
330
1F3
100
AcDbEntity
  8
0
 62
8
370
13
100
AcDbPolyline
 90
4
 70
1
 10
0.1912239819753044
 20
-0.335
 10
0.21941244251472478
 20
-0.335
 10
0.21941244251472478
 20
-0.12712035127295734
 10
0.1912239819753044
 20
-0.12712035127295734
  0
LWPOLYLINE
  5
21B
330
1F3
100
AcDbEntity
  8
0
 62
8
370
13
100
AcDbPolyline
 90
4
 70
1
 10
0.22191244251472475
 20
-0.335
 10
0.24288368958231626
 20
-0.335
 10
0.24288368958231626
 20
-0.16937327247750897
 10
0.22191244251472475
 20
-0.16937327247750897
  0
LWPOLYLINE
  5
21C
330
1F3
100
AcDbEntity
  8
0
 62
8
370
13
100
AcDbPolyline
 90
4
 70
1
 10
0.24538368958231627
 20
-0.335
 10
0.2784420869200504
 20
-0.335
 10
0.2784420869200504
 20
-0.1186603740280096
 10
0.24538368958231627
 20
-0.1186603740280096
  0
LWPOLYLINE
  5
21D
330
1F3
100
AcDbEntity
  8
0
 62
8
370
13
100
AcDbPolyline
 90
4
 70
1
 10
0.2809420869200504
 20
-0.335
 10
0.31279255768687036
 20
-0.335
 10
0.31279255768687036
 20
-0.1572323667744454
 10
0.2809420869200504
 20
-0.1572323667744454
  0
LWPOLYLINE
  5
21E
330
1F3
100
AcDbEntity
  8
0
 62
8
370
13
100
AcDbPolyline
 90
8
 70
1
 10
0.3897142857142857
 20
-0.3
 42
0.41421356237309503
 10
0.4197142857142857
 20
-0.33
 10
0.6774285714285714
 20
-0.33
 42
0.41421356237309503
 10
0.7074285714285713
 20
-0.3
 10
0.7074285714285713
 20
-0.06
 42
0.41421356237309503
 10
0.6774285714285714
 20
-0.03
 10
0.4197142857142857
 20
-0.03
 42
0.41421356237309503
 10
0.3897142857142857
 20
-0.06
  0
LWPOLYLINE
  5
21F
330
1F3
100
AcDbEntity
  8
0
 62
8
370
13
100
AcDbPolyline
 90
4
 70
1
 10
0.7604285714285715
 20
-0.305
 10
1.068142857142857
 20
-0.305
 10
1.068142857142857
 20
-0.289
 10
0.7604285714285715
 20
-0.289
  0
LWPOLYLINE
  5
220
330
1F3
100
AcDbEntity
  8
0
 62
8
370
13
100
AcDbPolyline
 90
4
 70
1
 10
0.7604285714285715
 20
-0.245
 10
1.068142857142857
 20
-0.245
 10
1.068142857142857
 20
-0.22899999999999998
 10
0.7604285714285715
 20
-0.22899999999999998
  0
LWPOLYLINE
  5
221
330
1F3
100
AcDbEntity
  8
0
 62
8
370
13
100
AcDbPolyline
 90
4
 70
1
 10
0.7604285714285715
 20
-0.185
 10
1.068142857142857
 20
-0.185
 10
1.068142857142857
 20
-0.16899999999999998
 10
0.7604285714285715
 20
-0.16899999999999998
  0
CIRCLE
  5
222
330
1F3
100
AcDbEntity
  8
0
 62
8
370
13
100
AcDbCircle
 10
1.23
 20
-0.17
 30
0.0
 40
0.085
  0
LWPOLYLINE
  5
223
330
1F3
100
AcDbEntity
  8
0
 62
8
370
13
100
AcDbPolyline
 90
4
 70
1
 10
1.3526510963533835
 20
-0.3112557568022706
 10
1.4212557568022706
 20
-0.2973489036466163
 10
1.4073489036466165
 20
-0.22874424319772943
 10
1.3387442431977294
 20
-0.2426510963533837
  0
LWPOLYLINE
  5
224
330
1F3
100
AcDbEntity
  8
0
 62
8
370
13
100
AcDbPolyline
 90
4
 70
1
 10
1.3362200156474568
 20
-0.14309356988624933
 10
1.4030935698862492
 20
-0.1637799843525431
 10
1.4237799843525432
 20
-0.09690643011375068
 10
1.3569064301137508
 20
-0.0762200156474569
  0
LWPOLYLINE
  5
225
330
1F3
100
AcDbEntity
  8
0
 62
8
370
13
100
AcDbPolyline
 90
8
 70
1
 10
1.4868571428571429
 20
-0.3
 42
0.41421356237309503
 10
1.516857142857143
 20
-0.33
 10
1.7745714285714282
 20
-0.33
 42
0.41421356237309503
 10
1.8045714285714283
 20
-0.3
 10
1.8045714285714283
 20
-0.06
 42
0.41421356237309503
 10
1.7745714285714282
 20
-0.03
 10
1.516857142857143
 20
-0.03
 42
0.41421356237309503
 10
1.4868571428571429
 20
-0.06
  0
LWPOLYLINE
  5
226
330
1F3
100
AcDbEntity
  8
0
 62
8
370
13
100
AcDbPolyline
 90
4
 70
1
 10
1.8475714285714284
 20
-0.335
 10
1.8861746715885968
 20
-0.335
 10
1.8861746715885968
 20
-0.16472734995678268
 10
1.8475714285714284
 20
-0.16472734995678268
  0
LWPOLYLINE
  5
227
330
1F3
100
AcDbEntity
  8
0
 62
8
370
13
100
AcDbPolyline
 90
4
 70
1
 10
1.888674671588597
 20
-0.335
 10
1.9101367935891753
 20
-0.335
 10
1.9101367935891753
 20
-0.1767545433345142
 10
1.888674671588597
 20
-0.1767545433345142
  0
LWPOLYLINE
  5
228
330
1F3
100
AcDbEntity
  8
0
 62
8
370
13
100
AcDbPolyline
 90
4
 70
1
 10
1.9126367935891753
 20
-0.335
 10
1.9380403573676217
 20
-0.335
 10
1.9380403573676217
 20
-0.1278711548615978
 10
1.9126367935891753
 20
-0.1278711548615978
  0
LWPOLYLINE
  5
229
330
1F3
100
AcDbEntity
  8
0
 62
8
370
13
100
AcDbPolyline
 90
4
 70
1
 10
1.9405403573676216
 20
-0.335
 10
1.9628777904857961
 20
-0.335
 10
1.9628777904857961
 20
-0.14428798854362737
 10
1.9405403573676216
 20
-0.14428798854362737
  0
LWPOLYLINE
  5
22A
330
1F3
100
AcDbEntity
  8
0
 62
8
370
13
100
AcDbPolyline
 90
4
 70
1
 10
1.965377790485796
 20
-0.335
 10
1.9987117137400245
 20
-0.335
 10
1.9987117137400245
 20
-0.15893217200919882
 10
1.965377790485796
 20
-0.15893217200919882
  0
LWPOLYLINE
  5
22B
330
1F3
100
AcDbEntity
  8
0
 62
8
370
13
100
AcDbPolyline
 90
4
 70
1
 10
2.0012117137400245
 20
-0.335
 10
2.0323575809170538
 20
-0.335
 10
2.0323575809170538
 20
-0.1806047717518674
 10
2.0012117137400245
 20
-0.1806047717518674
  0
LWPOLYLINE
  5
22C
330
1F3
100
AcDbEntity
  8
0
 62
8
370
13
100
AcDbPolyline
 90
4
 70
1
 10
2.0348575809170537
 20
-0.335
 10
2.0542880089962434
 20
-0.335
 10
2.0542880089962434
 20
-0.17058289010264716
 10
2.0348575809170537
 20
-0.17058289010264716
  0
LWPOLYLINE
  5
22D
330
1F3
100
AcDbEntity
  8
0
 62
8
370
13
100
AcDbPolyline
 90
4
 70
1
 10
2.0567880089962434
 20
-0.335
 10
2.0911176083526066
 20
-0.335
 10
2.0911176083526066
 20
-0.15506853860314182
 10
2.0567880089962434
 20
-0.15506853860314182
  0
LWPOLYLINE
  5
22E
330
1F3
100
AcDbEntity
  8
0
 62
8
370
13
100
AcDbPolyline
 90
4
 70
1
 10
2.0936176083526066
 20
-0.335
 10
2.1191571404416494
 20
-0.335
 10
2.1191571404416494
 20
-0.14401066955446531
 10
2.0936176083526066
 20
-0.14401066955446531
  0
LWPOLYLINE
  5
22F
330
1F3
100
AcDbEntity
  8
0
 62
8
370
13
100
AcDbPolyline
 90
4
 70
1
 10
2.1216571404416493
 20
-0.335
 10
2.150533565474548
 20
-0.335
 10
2.150533565474548
 20
-0.16401631021954224
 10
2.1216571404416493
 20
-0.16401631021954224
  0
LINE
  5
230
330
1F3
100
AcDbEntity
  8
0
 62
8
370
13
100
AcDbLine
 10
2.2032857142857143
 20
-0.332
 30
0.0
 11
2.5300000000000002
 21
-0.332
 31
0.0
  0
LWPOLYLINE
  5
231
330
1F3
100
AcDbEntity
  8
0
 62
8
370
13
100
AcDbPolyline
 90
4
 70
1
 10
2.3266428571428572
 20
-0.34700000000000003
 10
2.4066428571428573
 20
-0.34700000000000003
 10
2.4066428571428573
 20
-0.337
 10
2.3266428571428572
 20
-0.337
  0
LWPOLYLINE
  5
232
330
1F3
100
AcDbEntity
  8
0
 62
8
370
13
100
AcDbPolyline
 90
8
 70
1
 10
0.4985714285714285
 20
-0.306
 42
0.41421356237309503
 10
0.5105714285714285
 20
-0.318
 10
0.5865714285714284
 20
-0.318
 42
0.41421356237309503
 10
0.5985714285714285
 20
-0.306
 10
0.5985714285714285
 20
-0.306
 42
0.41421356237309503
 10
0.5865714285714284
 20
-0.294
 10
0.5105714285714285
 20
-0.294
 42
0.41421356237309503
 10
0.4985714285714285
 20
-0.306
  0
LWPOLYLINE
  5
233
330
1F3
100
AcDbEntity
  8
0
 62
8
370
13
100
AcDbPolyline
 90
2
 70
0
 10
1.145
 20
-0.17
 42
0.4
 10
1.315
 20
-0.17
  0
LWPOLYLINE
  5
234
330
1F3
100
AcDbEntity
  8
0
 62
8
370
13
100
AcDbPolyline
 90
8
 70
1
 10
1.5957142857142856
 20
-0.306
 42
0.41421356237309503
 10
1.6077142857142854
 20
-0.318
 10
1.6837142857142857
 20
-0.318
 42
0.41421356237309503
 10
1.6957142857142855
 20
-0.306
 10
1.6957142857142855
 20
-0.306
 42
0.41421356237309503
 10
1.6837142857142857
 20
-0.294
 10
1.6077142857142854
 20
-0.294
 42
0.41421356237309503
 10
1.5957142857142856
 20
-0.306
  0
ENDBLK
  5
1F5
330
1F3
100
AcDbEntity
  8
0
100
AcDbBlockEnd
  0
BLOCK
  5
236
330
235
100
AcDbEntity
  8
0
100
AcDbBlockBegin
  2
PS_BANCO_ARCON_110x45
 70
0
 10
0.0
 20
0.0
 30
0.0
  3
PS_BANCO_ARCON_110x45
  1

  0
WIPEOUT
  5
238
330
235
100
AcDbEntity
  8
0
100
AcDbWipeout
 90
0
 10
0.0
 20
0.0
 30
0.0
 11
0.45
 21
0.0
 31
0.0
 12
0.0
 22
1.1
 32
0.0
 13
1.0
 23
1.0
340
0
 70
7
280
1
281
50
282
50
283
0
360
0
 71
2
 91
29
 14
-0.5
 24
0.5
 14
0.4555555555555555
 24
0.5
 14
0.46135671965422453
 24
0.49984445202497835
 14
0.4670586242267787
 24
0.49938046956889215
 14
0.47256370810511517
 24
0.4986159915002052
 14
0.47777777777777775
 24
0.49756409825062614
 14
0.4826116190670542
 24
0.4962427880052952
 14
0.486982523608291
 24
0.4946746687488463
 14
0.49081570401294383
 24
0.4928865714365222
 14
0.49404557350153055
 24
0.4909090909090909
 14
0.49661686811161276
 24
0.488776062406638
 14
0.4984855922795143
 24
0.48652398263822766
 14
0.49961977161661375
 24
0.48419138531309186
 14
0.5
 24
0.4818181818181818
 14
0.5
 24
-0.4818181818181818
 14
0.49961977161661375
 24
-0.4841913853130918
 14
0.4984855922795143
 24
-0.4865239826382276
 14
0.49661686811161276
 24
-0.48877606240663807
 14
0.49404557350153055
 24
-0.49090909090909085
 14
0.49081570401294383
 24
-0.49288657143652215
 14
0.486982523608291
 24
-0.49467466874884614
 14
0.4826116190670542
 24
-0.4962427880052952
 14
0.47777777777777775
 24
-0.4975640982506262
 14
0.47256370810511517
 24
-0.4986159915002052
 14
0.4670586242267787
 24
-0.49938046956889204
 14
0.46135671965422453
 24
-0.4998444520249782
 14
0.4555555555555555
 24
-0.5
 14
-0.5
 24
-0.5
 14
-0.5
 24
0.5
290
0
  0
LWPOLYLINE
  5
239
330
235
100
AcDbEntity
  8
0
100
AcDbPolyline
 90
6
 70
1
 10
0.0
 20
0.0
 10
0.43
 20
0.0
 42
0.41421356237309503
 10
0.45
 20
0.02
 10
0.45
 20
1.08
 42
0.41421356237309503
 10
0.43
 20
1.1
 10
0.0
 20
1.1
  0
LINE
  5
23A
330
235
100
AcDbEntity
  8
0
 62
8
370
13
100
AcDbLine
 10
0.43
 20
0.01
 30
0.0
 11
0.43
 21
1.09
 31
0.0
  0
LWPOLYLINE
  5
23B
330
235
100
AcDbEntity
  8
0
100
AcDbPolyline
 90
8
 70
1
 10
0.005
 20
0.05
 42
0.41421356237309503
 10
0.035
 20
0.02
 10
0.055
 20
0.02
 42
0.41421356237309503
 10
0.085
 20
0.05
 10
0.085
 20
1.05
 42
0.41421356237309503
 10
0.055
 20
1.08
 10
0.035
 20
1.08
 42
0.41421356237309503
 10
0.005
 20
1.05
  0
LWPOLYLINE
  5
23C
330
235
100
AcDbEntity
  8
0
100
AcDbPolyline
 90
27
 70
0
 10
0.095
 20
0.055
 10
0.09534220554504758
 20
0.049778952311197944
 10
0.09636296694843727
 20
0.04464723819589917
 10
0.09804481869954852
 20
0.03969266270539642
 10
0.10035898384862245
 20
0.03500000000000001
 10
0.1032658663883506
 20
0.030649542839651173
 10
0.10671572875253808
 20
0.026715728752538102
 10
0.11064954283965117
 20
0.0232658663883506
 10
0.11499999999999999
 20
0.020358983848622465
 10
0.11969266270539639
 20
0.01804481869954854
 10
0.12464723819589918
 20
0.01636296694843727
 10
0.12977895231119793
 20
0.015342205545047585
 10
0.135
 20
0.015
 10
0.38
 20
0.015
 10
0.38522104768880205
 20
0.015342205545047585
 10
0.3903527618041008
 20
0.01636296694843727
 10
0.3953073372946036
 20
0.01804481869954853
 10
0.4
 20
0.02035898384862245
 10
0.40435045716034884
 20
0.023265866388350594
 10
0.4082842712474619
 20
0.026715728752538102
 10
0.4117341336116494
 20
0.030649542839651173
 10
0.4146410161513776
 20
0.035
 10
0.41695518130045145
 20
0.039692662705396405
 10
0.41863703305156275
 20
0.04464723819589917
 10
0.41965779445495244
 20
0.04977895231119794
 10
0.42
 20
0.055
 10
0.42
 20
0.5189711484841353
  0
LWPOLYLINE
  5
23D
330
235
100
AcDbEntity
  8
0
100
AcDbPolyline
 90
28
 70
0
 10
0.42
 20
0.5425059545634175
 10
0.42
 20
1.045
 10
0.41965779445495244
 20
1.050221047688802
 10
0.41863703305156275
 20
1.0553527618041008
 10
0.41695518130045145
 20
1.0603073372946037
 10
0.4146410161513776
 20
1.065
 10
0.4117341336116494
 20
1.0693504571603487
 10
0.4082842712474619
 20
1.073284271247462
 10
0.40435045716034884
 20
1.0767341336116496
 10
0.4
 20
1.0796410161513774
 10
0.3953073372946036
 20
1.0819551813004515
 10
0.3903527618041008
 20
1.0836370330515628
 10
0.38522104768880205
 20
1.0846577944549525
 10
0.38
 20
1.085
 10
0.135
 20
1.085
 10
0.12977895231119793
 20
1.0846577944549525
 10
0.12464723819589918
 20
1.0836370330515628
 10
0.11969266270539641
 20
1.0819551813004515
 10
0.115
 20
1.0796410161513774
 10
0.11064954283965119
 20
1.0767341336116496
 10
0.1067157287525381
 20
1.073284271247462
 10
0.1032658663883506
 20
1.0693504571603487
 10
0.10035898384862246
 20
1.065
 10
0.09804481869954852
 20
1.0603073372946037
 10
0.09636296694843727
 20
1.0553527618041008
 10
0.09534220554504758
 20
1.050221047688802
 10
0.095
 20
1.045
 10
0.095
 20
0.9565186719341735
  0
LWPOLYLINE
  5
23E
330
235
100
AcDbEntity
  8
0
100
AcDbPolyline
 90
2
 70
0
 10
0.095
 20
0.803481328065827
 10
0.095
 20
0.2965186719341735
  0
LWPOLYLINE
  5
23F
330
235
100
AcDbEntity
  8
0
100
AcDbPolyline
 90
2
 70
0
 10
0.095
 20
0.14348132806582686
 10
0.095
 20
0.055
  0
LWPOLYLINE
  5
240
330
235
100
AcDbEntity
  8
0
 62
8
370
13
100
AcDbPolyline
 90
27
 70
0
 10
0.115
 20
0.055
 10
0.11517110277252378
 20
0.052389476155598975
 10
0.11568148347421862
 20
0.049823619097949585
 10
0.11652240934977426
 20
0.04734633135269821
 10
0.11767949192431122
 20
0.04500000000000001
 10
0.1191329331941753
 20
0.042824771419825595
 10
0.12085786437626904
 20
0.04085786437626905
 10
0.12282477141982558
 20
0.0391329331941753
 10
0.125
 20
0.037679491924311234
 10
0.12734633135269818
 20
0.03652240934977427
 10
0.1298236190979496
 20
0.03568148347421864
 10
0.13238947615559896
 20
0.03517110277252379
 10
0.135
 20
0.035
 10
0.38
 20
0.035
 10
0.3826105238444011
 20
0.03517110277252379
 10
0.3851763809020504
 20
0.03568148347421864
 10
0.38765366864730183
 20
0.036522409349774264
 10
0.39
 20
0.03767949192431123
 10
0.3921752285801744
 20
0.039132933194175296
 10
0.3941421356237309
 20
0.04085786437626905
 10
0.39586706680582473
 20
0.042824771419825595
 10
0.39732050807568875
 20
0.045
 10
0.39847759065022575
 20
0.04734633135269821
 10
0.3993185165257814
 20
0.049823619097949585
 10
0.3998288972274762
 20
0.05238947615559897
 10
0.4
 20
0.055
 10
0.4
 20
0.5116917437988112
  0
LWPOLYLINE
  5
241
330
235
100
AcDbEntity
  8
0
 62
8
370
13
100
AcDbPolyline
 90
28
 70
0
 10
0.4
 20
0.59745550295251
 10
0.4
 20
1.045
 10
0.3998288972274762
 20
1.0476105238444011
 10
0.3993185165257814
 20
1.0501763809020503
 10
0.39847759065022575
 20
1.0526536686473018
 10
0.39732050807568875
 20
1.055
 10
0.39586706680582473
 20
1.0571752285801745
 10
0.3941421356237309
 20
1.059142135623731
 10
0.3921752285801744
 20
1.0608670668058247
 10
0.39
 20
1.0623205080756888
 10
0.38765366864730183
 20
1.0634775906502258
 10
0.3851763809020504
 20
1.0643185165257814
 10
0.3826105238444011
 20
1.0648288972274762
 10
0.38
 20
1.065
 10
0.135
 20
1.065
 10
0.13238947615559896
 20
1.0648288972274762
 10
0.1298236190979496
 20
1.0643185165257814
 10
0.1273463313526982
 20
1.0634775906502258
 10
0.125
 20
1.0623205080756888
 10
0.12282477141982559
 20
1.0608670668058247
 10
0.12085786437626904
 20
1.059142135623731
 10
0.1191329331941753
 20
1.0571752285801745
 10
0.11767949192431124
 20
1.055
 10
0.11652240934977426
 20
1.0526536686473018
 10
0.11568148347421862
 20
1.0501763809020503
 10
0.1151711027725238
 20
1.0476105238444011
 10
0.115
 20
1.045
 10
0.115
 20
1.0397655581523613
  0
LWPOLYLINE
  5
242
330
235
100
AcDbEntity
  8
0
 62
8
370
13
100
AcDbPolyline
 90
2
 70
0
 10
0.115
 20
0.7202344418476387
 10
0.115
 20
0.3797655581523611
  0
LWPOLYLINE
  5
243
330
235
100
AcDbEntity
  8
0
 62
8
370
13
100
AcDbPolyline
 90
2
 70
0
 10
0.115
 20
0.06023444184763888
 10
0.115
 20
0.055
  0
LWPOLYLINE
  5
244
330
235
100
AcDbEntity
  8
0
100
AcDbPolyline
 90
8
 70
1
 10
0.225
 20
0.745
 42
0.1111111111111111
 10
0.225
 20
1.0150000000000001
 42
0.41421356237309503
 10
0.19
 20
1.05
 10
0.14
 20
1.05
 42
0.41421356237309503
 10
0.105
 20
1.0150000000000001
 42
0.1111111111111111
 10
0.105
 20
0.745
 42
0.41421356237309503
 10
0.14
 20
0.71
 10
0.19
 20
0.71
 42
0.41421356237309503
  0
LWPOLYLINE
  5
245
330
235
100
AcDbEntity
  8
0
100
AcDbPolyline
 90
8
 70
1
 10
0.225
 20
0.085
 42
0.1111111111111111
 10
0.225
 20
0.355
 42
0.41421356237309503
 10
0.19
 20
0.39
 10
0.14
 20
0.39
 42
0.41421356237309503
 10
0.105
 20
0.355
 42
0.1111111111111111
 10
0.105
 20
0.085
 42
0.41421356237309503
 10
0.14
 20
0.05
 10
0.19
 20
0.05
 42
0.41421356237309503
  0
LWPOLYLINE
  5
246
330
235
100
AcDbEntity
  8
0
 62
8
370
13
100
AcDbPolyline
 90
2
 70
0
 10
0.11699999999999999
 20
1.038
 10
0.131
 20
1.012
  0
LWPOLYLINE
  5
247
330
235
100
AcDbEntity
  8
0
 62
8
370
13
100
AcDbPolyline
 90
2
 70
0
 10
0.21300000000000002
 20
1.038
 10
0.19899999999999998
 20
1.012
  0
LWPOLYLINE
  5
248
330
235
100
AcDbEntity
  8
0
 62
8
370
13
100
AcDbPolyline
 90
2
 70
0
 10
0.11699999999999999
 20
0.7220000000000001
 10
0.131
 20
0.748
  0
LWPOLYLINE
  5
249
330
235
100
AcDbEntity
  8
0
 62
8
370
13
100
AcDbPolyline
 90
2
 70
0
 10
0.21300000000000002
 20
0.7220000000000001
 10
0.19899999999999998
 20
0.748
  0
LWPOLYLINE
  5
24A
330
235
100
AcDbEntity
  8
0
 62
8
370
13
100
AcDbPolyline
 90
2
 70
0
 10
0.165
 20
0.76
 10
0.165
 20
1.0
  0
LWPOLYLINE
  5
24B
330
235
100
AcDbEntity
  8
0
 62
8
370
13
100
AcDbPolyline
 90
2
 70
0
 10
0.11699999999999999
 20
0.378
 10
0.131
 20
0.35200000000000004
  0
LWPOLYLINE
  5
24C
330
235
100
AcDbEntity
  8
0
 62
8
370
13
100
AcDbPolyline
 90
2
 70
0
 10
0.21300000000000002
 20
0.378
 10
0.19899999999999998
 20
0.35200000000000004
  0
LWPOLYLINE
  5
24D
330
235
100
AcDbEntity
  8
0
 62
8
370
13
100
AcDbPolyline
 90
2
 70
0
 10
0.11699999999999999
 20
0.06199999999999999
 10
0.131
 20
0.08800000000000001
  0
LWPOLYLINE
  5
24E
330
235
100
AcDbEntity
  8
0
 62
8
370
13
100
AcDbPolyline
 90
2
 70
0
 10
0.21300000000000002
 20
0.06199999999999999
 10
0.19899999999999998
 20
0.08800000000000001
  0
LWPOLYLINE
  5
24F
330
235
100
AcDbEntity
  8
0
 62
8
370
13
100
AcDbPolyline
 90
2
 70
0
 10
0.165
 20
0.1
 10
0.165
 20
0.34
  0
LWPOLYLINE
  5
250
330
235
100
AcDbEntity
  8
0
 62
8
370
13
100
AcDbPolyline
 90
4
 70
1
 10
0.3239414100327968
 20
0.4842215165449864
 10
0.42730759831924675
 20
0.5218437323108099
 10
0.37942477825365317
 20
0.6534006992208371
 10
0.27605858996720317
 20
0.6157784834550136
  0
LWPOLYLINE
  5
251
330
235
100
AcDbEntity
  8
0
 62
8
370
13
100
AcDbPolyline
 90
4
 70
1
 10
0.2205752217463469
 20
0.4465993007791629
 10
0.3239414100327968
 20
0.4842215165449864
 10
0.27605858996720317
 20
0.6157784834550136
 10
0.17269240168075325
 20
0.57815626768919
  0
LWPOLYLINE
  5
252
330
235
100
AcDbEntity
  8
0
 62
8
370
13
100
AcDbPolyline
 90
2
 70
0
 10
0.3239414100327968
 20
0.4842215165449864
 10
0.27605858996720317
 20
0.6157784834550136
  0
ENDBLK
  5
237
330
235
100
AcDbEntity
  8
0
100
AcDbBlockEnd
  0
BLOCK
  5
254
330
253
100
AcDbEntity
  8
0
100
AcDbBlockBegin
  2
PS_MESA_INFANTIL_D60
 70
0
 10
0.0
 20
0.0
 30
0.0
  3
PS_MESA_INFANTIL_D60
  1

  0
WIPEOUT
  5
256
330
253
100
AcDbEntity
  8
0
100
AcDbWipeout
 90
0
 10
-0.3
 20
-0.3
 30
0.0
 11
0.6
 21
0.0
 31
0.0
 12
0.0
 22
0.6
 32
0.0
 13
1.0
 23
1.0
340
0
 70
7
280
1
281
50
282
50
283
0
360
0
 71
2
 91
257
 14
0.5
 24
0.0
 14
0.4998494093481022
 24
0.012270614261456092
 14
0.4993977281025862
 24
0.024533837163708994
 14
0.4986452283393451
 24
0.03678228179983378
 14
0.49759236333609835
 24
0.04900857016478033
 14
0.49623976729935504
 24
0.06120533759960811
 14
0.49458825498239056
 24
0.0733652372276809
 14
0.4926388211944708
 24
0.08548094438015064
 14
0.4903926402016152
 24
0.0975451610080641
 14
0.48785106501926445
 24
0.10955062007843491
 14
0.48501562659727204
 24
0.12149008995163191
 14
0.48188803289772
 24
0.1333563787374492
 14
0.4784701678661044
 24
0.1451423386272312
 14
0.4747640902965182
 24
0.15684087019944576
 14
0.47077203259151035
 24
0.16844492669611005
 14
0.46649639941736964
 24
0.17994751826749406
 14
0.46193976625564337
 24
0.19134171618254492
 14
0.45710487785176535
 24
0.20262065700249493
 14
0.4519946465617217
 24
0.21377754671514104
 14
0.4466121505977576
 24
0.22480566482730324
 14
0.44096063217417747
 24
0.23569836841299885
 14
0.43504349555435573
 24
0.24644909611489202
 14
0.42886430500013606
 24
0.25705137209661083
 14
0.42242678262485356
 24
0.2674988099435486
 14
0.4157348061512727
 24
0.27778511650980114
 14
0.40879240657579186
 24
0.28790409570892267
 14
0.4016037657403225
 24
0.29784965224621673
 14
0.39417321381330317
 24
0.3076157952903134
 14
0.38650522668136855
 24
0.31719664208182274
 14
0.3786044232532424
 24
0.3265864214768883
 14
0.3704755626774796
 24
0.3357794774235092
 14
0.36212354147573356
 24
0.3447702723685334
 14
0.35355339059327395
 24
0.35355339059327373
 14
0.3447702723685335
 24
0.3621235414757335
 14
0.3357794774235091
 24
0.37047556267747955
 14
0.3265864214768883
 24
0.3786044232532423
 14
0.31719664208182274
 24
0.3865052266813685
 14
0.30761579529031335
 24
0.3941732138133031
 14
0.29784965224621684
 24
0.4016037657403224
 14
0.2879040957089227
 24
0.40879240657579186
 14
0.2777851165098012
 24
0.4157348061512727
 14
0.2674988099435487
 24
0.42242678262485356
 14
0.2570513720966109
 24
0.42886430500013606
 14
0.24644909611489207
 24
0.4350434955543557
 14
0.23569836841299896
 24
0.4409606321741775
 14
0.22480566482730324
 24
0.4466121505977577
 14
0.21377754671514115
 24
0.45199464656172167
 14
0.20262065700249499
 24
0.4571048778517653
 14
0.19134171618254492
 24
0.4619397662556434
 14
0.1799475182674941
 24
0.4664963994173694
 14
0.16844492669611
 24
0.47077203259151046
 14
0.15684087019944581
 24
0.47476409029651834
 14
0.14514233862723125
 24
0.47847016786610447
 14
0.1333563787374492
 24
0.48188803289772
 14
0.12149008995163202
 24
0.4850156265972721
 14
0.10955062007843497
 24
0.48785106501926434
 14
0.09754516100806421
 24
0.4903926402016152
 14
0.08548094438015064
 24
0.49263882119447067
 14
0.07336523722768085
 24
0.49458825498239056
 14
0.06120533759960811
 24
0.496239767299355
 14
0.04900857016478044
 24
0.49759236333609846
 14
0.03678228179983378
 24
0.4986452283393451
 14
0.02453383716370916
 24
0.49939772810258626
 14
0.012270614261456148
 24
0.4998494093481022
 14
0.0
 24
0.5
 14
-0.012270614261456092
 24
0.4998494093481022
 14
-0.024533837163708994
 24
0.49939772810258626
 14
-0.03678228179983367
 24
0.4986452283393451
 14
-0.04900857016478033
 24
0.49759236333609846
 14
-0.06120533759960811
 24
0.496239767299355
 14
-0.07336523722768079
 24
0.49458825498239056
 14
-0.08548094438015064
 24
0.49263882119447067
 14
-0.0975451610080641
 24
0.4903926402016152
 14
-0.1095506200784348
 24
0.48785106501926434
 14
-0.12149008995163191
 24
0.4850156265972721
 14
-0.13335637873744915
 24
0.48188803289772
 14
-0.14514233862723114
 24
0.47847016786610447
 14
-0.1568408701994457
 24
0.47476409029651834
 14
-0.16844492669610994
 24
0.47077203259151046
 14
-0.1799475182674941
 24
0.4664963994173694
 14
-0.19134171618254492
 24
0.4619397662556434
 14
-0.20262065700249487
 24
0.4571048778517653
 14
-0.21377754671514093
 24
0.4519946465617218
 14
-0.22480566482730335
 24
0.44661215059775766
 14
-0.23569836841299885
 24
0.4409606321741775
 14
-0.24644909611489202
 24
0.43504349555435573
 14
-0.25705137209661083
 24
0.42886430500013606
 14
-0.2674988099435485
 24
0.42242678262485367
 14
-0.277785116509801
 24
0.4157348061512728
 14
-0.28790409570892267
 24
0.40879240657579186
 14
-0.29784965224621673
 24
0.4016037657403225
 14
-0.30761579529031335
 24
0.39417321381330317
 14
-0.31719664208182274
 24
0.3865052266813686
 14
-0.3265864214768883
 24
0.37860442325324234
 14
-0.3357794774235092
 24
0.3704755626774795
 14
-0.34477027236853347
 24
0.3621235414757335
 14
-0.35355339059327373
 24
0.35355339059327384
 14
-0.36212354147573345
 24
0.3447702723685335
 14
-0.37047556267747944
 24
0.3357794774235093
 14
-0.3786044232532423
 24
0.3265864214768883
 14
-0.3865052266813685
 24
0.31719664208182274
 14
-0.3941732138133031
 24
0.30761579529031347
 14
-0.4016037657403224
 24
0.29784965224621673
 14
-0.40879240657579186
 24
0.2879040957089227
 14
-0.4157348061512727
 24
0.27778511650980114
 14
-0.42242678262485356
 24
0.2674988099435486
 14
-0.428864305000136
 24
0.2570513720966109
 14
-0.4350434955543557
 24
0.24644909611489207
 14
-0.4409606321741775
 24
0.2356983684129989
 14
-0.44661215059775766
 24
0.22480566482730346
 14
-0.45199464656172167
 24
0.21377754671514104
 14
-0.4571048778517653
 24
0.20262065700249493
 14
-0.4619397662556434
 24
0.19134171618254497
 14
-0.4664963994173694
 24
0.17994751826749417
 14
-0.4707720325915104
 24
0.16844492669611016
 14
-0.47476409029651834
 24
0.1568408701994457
 14
-0.47847016786610436
 24
0.1451423386272312
 14
-0.48188803289772
 24
0.1333563787374492
 14
-0.4850156265972721
 24
0.12149008995163207
 14
-0.48785106501926434
 24
0.10955062007843502
 14
-0.4903926402016152
 24
0.09754516100806432
 14
-0.49263882119447067
 24
0.08548094438015064
 14
-0.49458825498239056
 24
0.0733652372276809
 14
-0.496239767299355
 24
0.06120533759960817
 14
-0.49759236333609846
 24
0.049008570164780385
 14
-0.4986452283393451
 24
0.03678228179983384
 14
-0.49939772810258626
 24
0.024533837163708994
 14
-0.4998494093481022
 24
0.012270614261456203
 14
-0.5
 24
0.0
 14
-0.4998494093481022
 24
-0.012270614261456037
 14
-0.49939772810258626
 24
-0.024533837163708827
 14
-0.4986452283393451
 24
-0.03678228179983378
 14
-0.49759236333609846
 24
-0.04900857016478033
 14
-0.496239767299355
 24
-0.06120533759960811
 14
-0.49458825498239056
 24
-0.07336523722768085
 14
-0.49263882119447067
 24
-0.08548094438015053
 14
-0.4903926402016152
 24
-0.09754516100806421
 14
-0.48785106501926434
 24
-0.10955062007843497
 14
-0.4850156265972721
 24
-0.12149008995163191
 14
-0.48188803289772
 24
-0.1333563787374491
 14
-0.47847016786610447
 24
-0.14514233862723103
 14
-0.47476409029651845
 24
-0.1568408701994456
 14
-0.47077203259151046
 24
-0.16844492669611
 14
-0.46649639941736953
 24
-0.179947518267494
 14
-0.4619397662556435
 24
-0.1913417161825448
 14
-0.4571048778517653
 24
-0.20262065700249487
 14
-0.4519946465617218
 24
-0.21377754671514082
 14
-0.4466121505977577
 24
-0.22480566482730324
 14
-0.4409606321741775
 24
-0.23569836841299885
 14
-0.43504349555435573
 24
-0.24644909611489196
 14
-0.42886430500013606
 24
-0.2570513720966109
 14
-0.42242678262485367
 24
-0.2674988099435486
 14
-0.4157348061512728
 24
-0.277785116509801
 14
-0.40879240657579186
 24
-0.2879040957089227
 14
-0.4016037657403225
 24
-0.2978496522462166
 14
-0.39417321381330317
 24
-0.30761579529031335
 14
-0.3865052266813686
 24
-0.31719664208182263
 14
-0.3786044232532424
 24
-0.3265864214768883
 14
-0.37047556267747955
 24
-0.33577947742350933
 14
-0.36212354147573356
 24
-0.3447702723685334
 14
-0.35355339059327384
 24
-0.35355339059327373
 14
-0.3447702723685335
 24
-0.36212354147573333
 14
-0.3357794774235094
 24
-0.3704755626774795
 14
-0.32658642147688854
 24
-0.3786044232532422
 14
-0.31719664208182297
 24
-0.38650522668136833
 14
-0.30761579529031363
 24
-0.39417321381330295
 14
-0.2978496522462166
 24
-0.4016037657403225
 14
-0.2879040957089226
 24
-0.40879240657579186
 14
-0.27778511650980114
 24
-0.4157348061512727
 14
-0.2674988099435487
 24
-0.42242678262485356
 14
-0.2570513720966109
 24
-0.42886430500013595
 14
-0.24644909611489207
 24
-0.4350434955543556
 14
-0.2356983684129989
 24
-0.44096063217417747
 14
-0.22480566482730352
 24
-0.4466121505977576
 14
-0.21377754671514126
 24
-0.4519946465617217
 14
-0.2026206570024952
 24
-0.4571048778517651
 14
-0.1913417161825452
 24
-0.46193976625564326
 14
-0.17994751826749394
 24
-0.46649639941736964
 14
-0.16844492669610994
 24
-0.47077203259151035
 14
-0.15684087019944576
 24
-0.4747640902965182
 14
-0.1451423386272312
 24
-0.4784701678661044
 14
-0.13335637873744927
 24
-0.48188803289772
 14
-0.12149008995163207
 24
-0.48501562659727204
 14
-0.10955062007843508
 24
-0.48785106501926445
 14
-0.09754516100806432
 24
-0.4903926402016152
 14
-0.08548094438015086
 24
-0.4926388211944708
 14
-0.07336523722768118
 24
-0.49458825498239034
 14
-0.061205337599608
 24
-0.49623976729935504
 14
-0.04900857016478022
 24
-0.49759236333609835
 14
-0.03678228179983367
 24
-0.4986452283393451
 14
-0.024533837163708994
 24
-0.4993977281025862
 14
-0.012270614261456203
 24
-0.4998494093481022
 14
0.0
 24
-0.5
 14
0.012270614261456037
 24
-0.4998494093481022
 14
0.024533837163708827
 24
-0.4993977281025862
 14
0.03678228179983345
 24
-0.4986452283393451
 14
0.049008570164779997
 24
-0.49759236333609835
 14
0.06120533759960778
 24
-0.49623976729935504
 14
0.07336523722768096
 24
-0.49458825498239034
 14
0.08548094438015064
 24
-0.4926388211944708
 14
0.09754516100806421
 24
-0.4903926402016152
 14
0.10955062007843497
 24
-0.48785106501926445
 14
0.12149008995163191
 24
-0.48501562659727204
 14
0.1333563787374491
 24
-0.48188803289772
 14
0.14514233862723103
 24
-0.4784701678661045
 14
0.1568408701994456
 24
-0.47476409029651845
 14
0.1684449266961099
 24
-0.47077203259151035
 14
0.1799475182674939
 24
-0.46649639941736964
 14
0.19134171618254503
 24
-0.46193976625564337
 14
0.20262065700249499
 24
-0.45710487785176535
 14
0.21377754671514104
 24
-0.4519946465617217
 14
0.22480566482730324
 24
-0.4466121505977576
 14
0.23569836841299885
 24
-0.44096063217417747
 14
0.24644909611489196
 24
-0.43504349555435573
 14
0.2570513720966109
 24
-0.42886430500013606
 14
0.2674988099435486
 24
-0.4224267826248538
 14
0.277785116509801
 24
-0.4157348061512727
 14
0.2879040957089225
 24
-0.4087924065757921
 14
0.2978496522462164
 24
-0.40160376574032275
 14
0.30761579529031347
 24
-0.39417321381330295
 14
0.31719664208182285
 24
-0.38650522668136855
 14
0.3265864214768883
 24
-0.3786044232532424
 14
0.3357794774235091
 24
-0.3704755626774796
 14
0.3447702723685334
 24
-0.36212354147573356
 14
0.35355339059327373
 24
-0.35355339059327395
 14
0.36212354147573333
 24
-0.3447702723685335
 14
0.3704755626774795
 24
-0.33577947742350944
 14
0.3786044232532422
 24
-0.32658642147688854
 14
0.38650522668136833
 24
-0.31719664208182297
 14
0.39417321381330295
 24
-0.3076157952903137
 14
0.4016037657403225
 24
-0.2978496522462166
 14
0.40879240657579186
 24
-0.2879040957089227
 14
0.4157348061512727
 24
-0.2777851165098012
 14
0.42242678262485356
 24
-0.2674988099435487
 14
0.42886430500013595
 24
-0.2570513720966109
 14
0.4350434955543556
 24
-0.24644909611489219
 14
0.44096063217417747
 24
-0.23569836841299907
 14
0.4466121505977576
 24
-0.22480566482730346
 14
0.4519946465617217
 24
-0.21377754671514126
 14
0.4571048778517651
 24
-0.2026206570024952
 14
0.46193976625564326
 24
-0.19134171618254514
 14
0.46649639941736964
 24
-0.179947518267494
 14
0.47077203259151035
 24
-0.16844492669611
 14
0.4747640902965182
 24
-0.15684087019944581
 14
0.4784701678661044
 24
-0.14514233862723136
 14
0.48188803289772
 24
-0.13335637873744932
 14
0.48501562659727204
 24
-0.12149008995163213
 14
0.48785106501926445
 24
-0.10955062007843508
 14
0.4903926402016152
 24
-0.09754516100806443
 14
0.4926388211944708
 24
-0.08548094438015086
 14
0.49458825498239034
 24
-0.07336523722768118
 14
0.49623976729935504
 24
-0.061205337599608
 14
0.49759236333609835
 24
-0.04900857016478022
 14
0.4986452283393451
 24
-0.03678228179983367
 14
0.4993977281025862
 24
-0.02453383716370905
 14
0.4998494093481022
 24
-0.012270614261456259
 14
0.5
 24
0.0
290
0
  0
CIRCLE
  5
257
330
253
100
AcDbEntity
  8
0
100
AcDbCircle
 10
0.0
 20
0.0
 30
0.0
 40
0.3
  0
CIRCLE
  5
258
330
253
100
AcDbEntity
  8
0
 62
8
370
13
100
AcDbCircle
 10
0.0
 20
0.0
 30
0.0
 40
0.275
  0
LWPOLYLINE
  5
259
330
253
100
AcDbEntity
  8
0
 62
8
370
13
100
AcDbPolyline
 90
4
 70
1
 10
-0.13554631728359584
 20
-0.05574416106440275
 10
0.07695736449999917
 20
0.0011960288581518163
 10
0.03554631728359585
 20
0.15574416106440275
 10
-0.17695736449999916
 20
0.09880397114184819
  0
CIRCLE
  5
25A
330
253
100
AcDbEntity
  8
0
 62
8
370
13
100
AcDbCircle
 10
0.14
 20
-0.12
 30
0.0
 40
0.04
  0
LINE
  5
25B
330
253
100
AcDbEntity
  8
0
 62
8
370
13
100
AcDbLine
 10
0.125
 20
-0.12
 30
0.0
 11
0.1
 21
-0.18
 31
0.0
  0
LINE
  5
25C
330
253
100
AcDbEntity
  8
0
 62
8
370
13
100
AcDbLine
 10
0.15
 20
-0.11
 30
0.0
 11
0.17
 21
-0.185
 31
0.0
  0
LINE
  5
25D
330
253
100
AcDbEntity
  8
0
 62
8
370
13
100
AcDbLine
 10
0.14
 20
-0.135
 30
0.0
 11
0.145
 21
-0.195
 31
0.0
  0
ENDBLK
  5
255
330
253
100
AcDbEntity
  8
0
100
AcDbBlockEnd
  0
BLOCK
  5
25F
330
25E
100
AcDbEntity
  8
0
100
AcDbBlockBegin
  2
PS_TABURETE_D30
 70
0
 10
0.0
 20
0.0
 30
0.0
  3
PS_TABURETE_D30
  1

  0
WIPEOUT
  5
261
330
25E
100
AcDbEntity
  8
0
100
AcDbWipeout
 90
0
 10
-0.15
 20
-0.15
 30
0.0
 11
0.3
 21
0.0
 31
0.0
 12
0.0
 22
0.3
 32
0.0
 13
1.0
 23
1.0
340
0
 70
7
280
1
281
50
282
50
283
0
360
0
 71
2
 91
257
 14
0.5
 24
0.0
 14
0.4998494093481022
 24
0.012270614261456092
 14
0.4993977281025862
 24
0.024533837163708994
 14
0.4986452283393451
 24
0.03678228179983378
 14
0.49759236333609835
 24
0.04900857016478033
 14
0.49623976729935504
 24
0.06120533759960811
 14
0.49458825498239056
 24
0.0733652372276809
 14
0.4926388211944708
 24
0.08548094438015064
 14
0.4903926402016152
 24
0.0975451610080641
 14
0.48785106501926445
 24
0.10955062007843491
 14
0.48501562659727204
 24
0.12149008995163191
 14
0.48188803289772
 24
0.1333563787374492
 14
0.4784701678661044
 24
0.1451423386272312
 14
0.4747640902965182
 24
0.15684087019944576
 14
0.47077203259151035
 24
0.16844492669611005
 14
0.46649639941736964
 24
0.17994751826749406
 14
0.46193976625564337
 24
0.19134171618254492
 14
0.45710487785176535
 24
0.20262065700249493
 14
0.4519946465617217
 24
0.21377754671514104
 14
0.4466121505977576
 24
0.22480566482730324
 14
0.44096063217417747
 24
0.23569836841299885
 14
0.43504349555435573
 24
0.24644909611489202
 14
0.42886430500013606
 24
0.25705137209661083
 14
0.42242678262485356
 24
0.2674988099435486
 14
0.4157348061512727
 24
0.27778511650980114
 14
0.40879240657579186
 24
0.28790409570892267
 14
0.4016037657403225
 24
0.29784965224621673
 14
0.39417321381330317
 24
0.3076157952903134
 14
0.38650522668136855
 24
0.31719664208182274
 14
0.3786044232532424
 24
0.3265864214768883
 14
0.3704755626774796
 24
0.3357794774235092
 14
0.36212354147573356
 24
0.3447702723685334
 14
0.35355339059327395
 24
0.35355339059327373
 14
0.3447702723685335
 24
0.3621235414757335
 14
0.3357794774235091
 24
0.37047556267747955
 14
0.3265864214768883
 24
0.3786044232532423
 14
0.31719664208182274
 24
0.3865052266813685
 14
0.30761579529031335
 24
0.3941732138133031
 14
0.29784965224621684
 24
0.4016037657403224
 14
0.2879040957089227
 24
0.40879240657579186
 14
0.2777851165098012
 24
0.4157348061512727
 14
0.2674988099435487
 24
0.42242678262485356
 14
0.2570513720966109
 24
0.42886430500013606
 14
0.24644909611489207
 24
0.4350434955543557
 14
0.23569836841299896
 24
0.4409606321741775
 14
0.22480566482730324
 24
0.4466121505977577
 14
0.21377754671514115
 24
0.45199464656172167
 14
0.20262065700249499
 24
0.4571048778517653
 14
0.19134171618254492
 24
0.4619397662556434
 14
0.1799475182674941
 24
0.4664963994173694
 14
0.16844492669611
 24
0.47077203259151046
 14
0.15684087019944581
 24
0.47476409029651834
 14
0.14514233862723125
 24
0.47847016786610447
 14
0.1333563787374492
 24
0.48188803289772
 14
0.12149008995163202
 24
0.4850156265972721
 14
0.10955062007843497
 24
0.48785106501926434
 14
0.09754516100806421
 24
0.4903926402016152
 14
0.08548094438015064
 24
0.49263882119447067
 14
0.07336523722768085
 24
0.49458825498239056
 14
0.06120533759960811
 24
0.496239767299355
 14
0.04900857016478044
 24
0.49759236333609846
 14
0.03678228179983378
 24
0.4986452283393451
 14
0.02453383716370916
 24
0.49939772810258626
 14
0.012270614261456148
 24
0.4998494093481022
 14
0.0
 24
0.5
 14
-0.012270614261456092
 24
0.4998494093481022
 14
-0.024533837163708994
 24
0.49939772810258626
 14
-0.03678228179983367
 24
0.4986452283393451
 14
-0.04900857016478033
 24
0.49759236333609846
 14
-0.06120533759960811
 24
0.496239767299355
 14
-0.07336523722768079
 24
0.49458825498239056
 14
-0.08548094438015064
 24
0.49263882119447067
 14
-0.0975451610080641
 24
0.4903926402016152
 14
-0.1095506200784348
 24
0.48785106501926434
 14
-0.12149008995163191
 24
0.4850156265972721
 14
-0.13335637873744915
 24
0.48188803289772
 14
-0.14514233862723114
 24
0.47847016786610447
 14
-0.1568408701994457
 24
0.47476409029651834
 14
-0.16844492669610994
 24
0.47077203259151046
 14
-0.1799475182674941
 24
0.4664963994173694
 14
-0.19134171618254492
 24
0.4619397662556434
 14
-0.20262065700249487
 24
0.4571048778517653
 14
-0.21377754671514093
 24
0.4519946465617218
 14
-0.22480566482730335
 24
0.44661215059775766
 14
-0.23569836841299885
 24
0.4409606321741775
 14
-0.24644909611489202
 24
0.43504349555435573
 14
-0.25705137209661083
 24
0.42886430500013606
 14
-0.2674988099435485
 24
0.42242678262485367
 14
-0.277785116509801
 24
0.4157348061512728
 14
-0.28790409570892267
 24
0.40879240657579186
 14
-0.29784965224621673
 24
0.4016037657403225
 14
-0.30761579529031335
 24
0.39417321381330317
 14
-0.31719664208182274
 24
0.3865052266813686
 14
-0.3265864214768883
 24
0.37860442325324234
 14
-0.3357794774235092
 24
0.3704755626774795
 14
-0.34477027236853347
 24
0.3621235414757335
 14
-0.35355339059327373
 24
0.35355339059327384
 14
-0.36212354147573345
 24
0.3447702723685335
 14
-0.37047556267747944
 24
0.3357794774235093
 14
-0.3786044232532423
 24
0.3265864214768883
 14
-0.3865052266813685
 24
0.31719664208182274
 14
-0.3941732138133031
 24
0.30761579529031347
 14
-0.4016037657403224
 24
0.29784965224621673
 14
-0.40879240657579186
 24
0.2879040957089227
 14
-0.4157348061512727
 24
0.27778511650980114
 14
-0.42242678262485356
 24
0.2674988099435486
 14
-0.428864305000136
 24
0.2570513720966109
 14
-0.4350434955543557
 24
0.24644909611489207
 14
-0.4409606321741775
 24
0.2356983684129989
 14
-0.44661215059775766
 24
0.22480566482730346
 14
-0.45199464656172167
 24
0.21377754671514104
 14
-0.4571048778517653
 24
0.20262065700249493
 14
-0.4619397662556434
 24
0.19134171618254497
 14
-0.4664963994173694
 24
0.17994751826749417
 14
-0.4707720325915104
 24
0.16844492669611016
 14
-0.47476409029651834
 24
0.1568408701994457
 14
-0.47847016786610436
 24
0.1451423386272312
 14
-0.48188803289772
 24
0.1333563787374492
 14
-0.4850156265972721
 24
0.12149008995163207
 14
-0.48785106501926434
 24
0.10955062007843502
 14
-0.4903926402016152
 24
0.09754516100806432
 14
-0.49263882119447067
 24
0.08548094438015064
 14
-0.49458825498239056
 24
0.0733652372276809
 14
-0.496239767299355
 24
0.06120533759960817
 14
-0.49759236333609846
 24
0.049008570164780385
 14
-0.4986452283393451
 24
0.03678228179983384
 14
-0.49939772810258626
 24
0.024533837163708994
 14
-0.4998494093481022
 24
0.012270614261456203
 14
-0.5
 24
0.0
 14
-0.4998494093481022
 24
-0.012270614261456037
 14
-0.49939772810258626
 24
-0.024533837163708827
 14
-0.4986452283393451
 24
-0.03678228179983378
 14
-0.49759236333609846
 24
-0.04900857016478033
 14
-0.496239767299355
 24
-0.06120533759960811
 14
-0.49458825498239056
 24
-0.07336523722768085
 14
-0.49263882119447067
 24
-0.08548094438015053
 14
-0.4903926402016152
 24
-0.09754516100806421
 14
-0.48785106501926434
 24
-0.10955062007843497
 14
-0.4850156265972721
 24
-0.12149008995163191
 14
-0.48188803289772
 24
-0.1333563787374491
 14
-0.47847016786610447
 24
-0.14514233862723103
 14
-0.47476409029651845
 24
-0.1568408701994456
 14
-0.47077203259151046
 24
-0.16844492669611
 14
-0.46649639941736953
 24
-0.179947518267494
 14
-0.4619397662556435
 24
-0.1913417161825448
 14
-0.4571048778517653
 24
-0.20262065700249487
 14
-0.4519946465617218
 24
-0.21377754671514082
 14
-0.4466121505977577
 24
-0.22480566482730324
 14
-0.4409606321741775
 24
-0.23569836841299885
 14
-0.43504349555435573
 24
-0.24644909611489196
 14
-0.42886430500013606
 24
-0.2570513720966109
 14
-0.42242678262485367
 24
-0.2674988099435486
 14
-0.4157348061512728
 24
-0.277785116509801
 14
-0.40879240657579186
 24
-0.2879040957089227
 14
-0.4016037657403225
 24
-0.2978496522462166
 14
-0.39417321381330317
 24
-0.30761579529031335
 14
-0.3865052266813686
 24
-0.31719664208182263
 14
-0.3786044232532424
 24
-0.3265864214768883
 14
-0.37047556267747955
 24
-0.33577947742350933
 14
-0.36212354147573356
 24
-0.3447702723685334
 14
-0.35355339059327384
 24
-0.35355339059327373
 14
-0.3447702723685335
 24
-0.36212354147573333
 14
-0.3357794774235094
 24
-0.3704755626774795
 14
-0.32658642147688854
 24
-0.3786044232532422
 14
-0.31719664208182297
 24
-0.38650522668136833
 14
-0.30761579529031363
 24
-0.39417321381330295
 14
-0.2978496522462166
 24
-0.4016037657403225
 14
-0.2879040957089226
 24
-0.40879240657579186
 14
-0.27778511650980114
 24
-0.4157348061512727
 14
-0.2674988099435487
 24
-0.42242678262485356
 14
-0.2570513720966109
 24
-0.42886430500013595
 14
-0.24644909611489207
 24
-0.4350434955543556
 14
-0.2356983684129989
 24
-0.44096063217417747
 14
-0.22480566482730352
 24
-0.4466121505977576
 14
-0.21377754671514126
 24
-0.4519946465617217
 14
-0.2026206570024952
 24
-0.4571048778517651
 14
-0.1913417161825452
 24
-0.46193976625564326
 14
-0.17994751826749394
 24
-0.46649639941736964
 14
-0.16844492669610994
 24
-0.47077203259151035
 14
-0.15684087019944576
 24
-0.4747640902965182
 14
-0.1451423386272312
 24
-0.4784701678661044
 14
-0.13335637873744927
 24
-0.48188803289772
 14
-0.12149008995163207
 24
-0.48501562659727204
 14
-0.10955062007843508
 24
-0.48785106501926445
 14
-0.09754516100806432
 24
-0.4903926402016152
 14
-0.08548094438015086
 24
-0.4926388211944708
 14
-0.07336523722768118
 24
-0.49458825498239034
 14
-0.061205337599608
 24
-0.49623976729935504
 14
-0.04900857016478022
 24
-0.49759236333609835
 14
-0.03678228179983367
 24
-0.4986452283393451
 14
-0.024533837163708994
 24
-0.4993977281025862
 14
-0.012270614261456203
 24
-0.4998494093481022
 14
0.0
 24
-0.5
 14
0.012270614261456037
 24
-0.4998494093481022
 14
0.024533837163708827
 24
-0.4993977281025862
 14
0.03678228179983345
 24
-0.4986452283393451
 14
0.049008570164779997
 24
-0.49759236333609835
 14
0.06120533759960778
 24
-0.49623976729935504
 14
0.07336523722768096
 24
-0.49458825498239034
 14
0.08548094438015064
 24
-0.4926388211944708
 14
0.09754516100806421
 24
-0.4903926402016152
 14
0.10955062007843497
 24
-0.48785106501926445
 14
0.12149008995163191
 24
-0.48501562659727204
 14
0.1333563787374491
 24
-0.48188803289772
 14
0.14514233862723103
 24
-0.4784701678661045
 14
0.1568408701994456
 24
-0.47476409029651845
 14
0.1684449266961099
 24
-0.47077203259151035
 14
0.1799475182674939
 24
-0.46649639941736964
 14
0.19134171618254503
 24
-0.46193976625564337
 14
0.20262065700249499
 24
-0.45710487785176535
 14
0.21377754671514104
 24
-0.4519946465617217
 14
0.22480566482730324
 24
-0.4466121505977576
 14
0.23569836841299885
 24
-0.44096063217417747
 14
0.24644909611489196
 24
-0.43504349555435573
 14
0.2570513720966109
 24
-0.42886430500013606
 14
0.2674988099435486
 24
-0.4224267826248538
 14
0.277785116509801
 24
-0.4157348061512727
 14
0.2879040957089225
 24
-0.4087924065757921
 14
0.2978496522462164
 24
-0.40160376574032275
 14
0.30761579529031347
 24
-0.39417321381330295
 14
0.31719664208182285
 24
-0.38650522668136855
 14
0.3265864214768883
 24
-0.3786044232532424
 14
0.3357794774235091
 24
-0.3704755626774796
 14
0.3447702723685334
 24
-0.36212354147573356
 14
0.35355339059327373
 24
-0.35355339059327395
 14
0.36212354147573333
 24
-0.3447702723685335
 14
0.3704755626774795
 24
-0.33577947742350944
 14
0.3786044232532422
 24
-0.32658642147688854
 14
0.38650522668136833
 24
-0.31719664208182297
 14
0.39417321381330295
 24
-0.3076157952903137
 14
0.4016037657403225
 24
-0.2978496522462166
 14
0.40879240657579186
 24
-0.2879040957089227
 14
0.4157348061512727
 24
-0.2777851165098012
 14
0.42242678262485356
 24
-0.2674988099435487
 14
0.42886430500013595
 24
-0.2570513720966109
 14
0.4350434955543556
 24
-0.24644909611489219
 14
0.44096063217417747
 24
-0.23569836841299907
 14
0.4466121505977576
 24
-0.22480566482730346
 14
0.4519946465617217
 24
-0.21377754671514126
 14
0.4571048778517651
 24
-0.2026206570024952
 14
0.46193976625564326
 24
-0.19134171618254514
 14
0.46649639941736964
 24
-0.179947518267494
 14
0.47077203259151035
 24
-0.16844492669611
 14
0.4747640902965182
 24
-0.15684087019944581
 14
0.4784701678661044
 24
-0.14514233862723136
 14
0.48188803289772
 24
-0.13335637873744932
 14
0.48501562659727204
 24
-0.12149008995163213
 14
0.48785106501926445
 24
-0.10955062007843508
 14
0.4903926402016152
 24
-0.09754516100806443
 14
0.4926388211944708
 24
-0.08548094438015086
 14
0.49458825498239034
 24
-0.07336523722768118
 14
0.49623976729935504
 24
-0.061205337599608
 14
0.49759236333609835
 24
-0.04900857016478022
 14
0.4986452283393451
 24
-0.03678228179983367
 14
0.4993977281025862
 24
-0.02453383716370905
 14
0.4998494093481022
 24
-0.012270614261456259
 14
0.5
 24
0.0
290
0
  0
CIRCLE
  5
262
330
25E
100
AcDbEntity
  8
0
100
AcDbCircle
 10
0.0
 20
0.0
 30
0.0
 40
0.15
  0
CIRCLE
  5
263
330
25E
100
AcDbEntity
  8
0
 62
8
370
13
100
AcDbCircle
 10
0.0
 20
0.0
 30
0.0
 40
0.125
  0
ENDBLK
  5
260
330
25E
100
AcDbEntity
  8
0
100
AcDbBlockEnd
  0
BLOCK
  5
265
330
264
100
AcDbEntity
  8
0
100
AcDbBlockBegin
  2
PS_PUF_PERA
 70
0
 10
0.0
 20
0.0
 30
0.0
  3
PS_PUF_PERA
  1

  0
WIPEOUT
  5
267
330
264
100
AcDbEntity
  8
0
100
AcDbWipeout
 90
0
 10
-0.35432972467871515
 20
-0.3299870235698626
 30
0.0
 11
0.7354957034333687
 21
0.0
 31
0.0
 12
0.0
 22
0.6210861051671822
 32
0.0
 13
1.0
 23
1.0
340
0
 70
7
280
1
281
50
282
50
283
0
360
0
 71
2
 91
37
 14
0.49924862031702466
 24
-0.031306401519057725
 14
0.5
 24
-0.12449017240429194
 14
0.47125839296780536
 24
-0.2129867263252
 14
0.42196318047890424
 24
-0.2904757700142764
 14
0.36196422311506615
 24
-0.3566349361149894
 14
0.2958658510711707
 24
-0.4130353219573629
 14
0.22348900351371426
 24
-0.45826274308055437
 14
0.14476068421934474
 24
-0.4879956704257531
 14
0.06280023787341527
 24
-0.5
 14
-0.01824365115300064
 24
-0.49825128084794323
 14
-0.09769784905568973
 24
-0.49080648692698003
 14
-0.1792601937679072
 24
-0.48242647118292914
 14
-0.26597680617012665
 24
-0.4688610285322341
 14
-0.35366432419829663
 24
-0.43893422082295175
 14
-0.4298128732543739
 24
-0.38346957585832486
 14
-0.4804764442206783
 24
-0.3034434345428968
 14
-0.5
 24
-0.21011188555569493
 14
-0.49513796280654243
 24
-0.11705527692684436
 14
-0.47968299905065737
 24
-0.031306401519057725
 14
-0.464059448422089
 24
0.04885434336863237
 14
-0.4486364260060049
 24
0.12843531982544587
 14
-0.425816470461347
 24
0.20864987040969524
 14
-0.38794090409500925
 24
0.28502861856778594
 14
-0.333379264588755
 24
0.35166952457260625
 14
-0.2659768061701271
 24
0.40624822549411854
 14
-0.1900536485428188
 24
0.45005369187714056
 14
-0.10718945389031986
 24
0.48308560083342156
 14
-0.018243651153000695
 24
0.5
 14
0.07229184270804523
 24
0.49227911390644147
 14
0.1555541389942564
 24
0.45562289111996446
 14
0.22348900351371392
 24
0.39564994004243936
 14
0.27558079146162895
 24
0.3257706257070176
 14
0.3200922539557012
 24
0.25819397882445105
 14
0.36730320671957284
 24
0.19568220588107488
 14
0.41989481897381054
 24
0.1313101605949511
 14
0.4689214856155468
 24
0.05628923884608006
 14
0.49924862031702466
 24
-0.031306401519057725
290
0
  0
LWPOLYLINE
  5
268
330
264
100
AcDbEntity
  8
0
100
AcDbPolyline
 90
36
 70
1
 10
0.38061334222617804
 20
0.0
 10
0.38116597875465347
 20
0.0578751453239012
 10
0.3600266502727041
 20
0.11283912531935553
 10
0.3237702332872824
 20
0.16096649365733362
 10
0.2796412579356976
 20
0.20205703245193413
 10
0.23102618929347216
 20
0.2370865284247002
 10
0.17779332888691105
 20
0.2651766512568592
 10
0.11988898830737191
 20
0.28364335929690737
 10
0.05960743216845965
 20
0.2910990815973196
 10
2.062239464301472e-17
 20
0.2900129764301374
 10
-0.05843822117717239
 20
0.28538911836999414
 10
-0.11842697527495968
 20
0.28018440703028186
 10
-0.18220667111308889
 20
0.2717590990894928
 10
-0.24670046386754396
 20
0.2531719746492475
 10
-0.3027073945209739
 20
0.21872365433368682
 10
-0.3399702332872823
 20
0.16902052991252906
 10
-0.35432972467871515
 20
0.11105360166284779
 10
-0.35075371721299387
 20
0.05325743504948821
 10
-0.339386657773822
 20
3.5790256409991415e-17
 10
-0.32789560341413626
 20
-0.0497867248295955
 10
-0.31655203669314985
 20
-0.09921336354255907
 10
-0.2997680574375135
 20
-0.1490335063426664
 10
-0.27191074110996666
 20
-0.19647128555372007
 10
-0.2317808896808363
 20
-0.2378610263090662
 10
-0.18220667111308916
 20
-0.27175909908949275
 10
-0.12636551488710956
 20
-0.2989660655903558
 10
-0.06541925575173022
 20
-0.3194817252702494
 10
-7.039467037886999e-17
 20
-0.3299870235698626
 10
0.0665884667430173
 20
-0.32519168849757485
 10
0.12782752791952182
 20
-0.30242501785698134
 10
0.1777933288869108
 20
-0.2651766512568593
 10
0.21610661510676443
 20
-0.22177558008451898
 10
0.24884460452469018
 20
-0.17980466367196773
 10
0.2835680574375135
 20
-0.14097947008747097
 10
0.32224896228713895
 20
-0.10099888719906684
 10
0.358307864955796
 20
-0.054404435104008594
  0
LWPOLYLINE
  5
269
330
264
100
AcDbEntity
  8
0
 62
8
370
13
100
AcDbPolyline
 90
36
 70
1
 10
0.14
 20
0.02
 10
0.13711347307231955
 20
0.04604722665003955
 10
0.12854159794932263
 20
0.07130302149885032
 10
0.11454482671904337
 20
0.095
 10
0.09554844419260583
 20
0.11641814145298089
 10
0.07212964584044247
 20
0.1349066664678467
 10
0.04500000000000002
 20
0.14990381056766577
 10
0.014983827231877075
 20
0.16095389311788622
 10
-0.017006846243283223
 20
0.1677211629518312
 10
-0.04999999999999999
 20
0.17
 10
-0.08299315375671676
 20
0.1677211629518312
 10
-0.11498382723187701
 20
0.16095389311788627
 10
-0.14499999999999996
 20
0.1499038105676658
 10
-0.17212964584044246
 20
0.1349066664678467
 10
-0.1955484441926058
 20
0.11641814145298092
 10
-0.2145448267190433
 20
0.09500000000000006
 10
-0.22854159794932258
 20
0.07130302149885033
 10
-0.23711347307231953
 20
0.04604722665003955
 10
-0.24
 20
0.020000000000000018
 10
-0.23711347307231953
 20
-0.006047226650039503
 10
-0.2285415979493226
 20
-0.0313030214988503
 10
-0.21454482671904335
 20
-0.05500000000000002
 10
-0.1955484441926059
 20
-0.07641814145298083
 10
-0.17212964584044252
 20
-0.09490666646784668
 10
-0.1450000000000001
 20
-0.10990381056766577
 10
-0.11498382723187703
 20
-0.12095389311788626
 10
-0.08299315375671677
 20
-0.12772116295183122
 10
-0.05000000000000004
 20
-0.13
 10
-0.017006846243283306
 20
-0.12772116295183122
 10
0.01498382723187711
 20
-0.12095389311788625
 10
0.04499999999999987
 20
-0.10990381056766585
 10
0.07212964584044246
 20
-0.09490666646784672
 10
0.09554844419260577
 20
-0.07641814145298094
 10
0.11454482671904337
 20
-0.054999999999999945
 10
0.12854159794932263
 20
-0.031303021498850295
 10
0.13711347307231955
 20
-0.006047226650039557
  0
LWPOLYLINE
  5
26A
330
264
100
AcDbEntity
  8
0
 62
8
370
13
100
AcDbPolyline
 90
2
 70
0
 10
0.2
 20
-0.24
 42
0.12
 10
0.3
 20
-0.08
  0
LWPOLYLINE
  5
26B
330
264
100
AcDbEntity
  8
0
 62
8
370
13
100
AcDbPolyline
 90
2
 70
0
 10
-0.26
 20
0.16
 42
0.12
 10
-0.14
 20
0.27
  0
ENDBLK
  5
266
330
264
100
AcDbEntity
  8
0
100
AcDbBlockEnd
  0
BLOCK
  5
26D
330
26C
100
AcDbEntity
  8
0
100
AcDbBlockBegin
  2
PS_LAMPARA_TECHO
 70
0
 10
0.0
 20
0.0
 30
0.0
  3
PS_LAMPARA_TECHO
  1

  0
CIRCLE
  5
26F
330
26C
100
AcDbEntity
  8
0
100
AcDbCircle
 10
0.0
 20
0.0
 30
0.0
 40
0.2
  0
CIRCLE
  5
270
330
26C
100
AcDbEntity
  8
0
 62
8
370
13
100
AcDbCircle
 10
0.0
 20
0.0
 30
0.0
 40
0.17
  0
CIRCLE
  5
271
330
26C
100
AcDbEntity
  8
0
100
AcDbCircle
 10
0.0
 20
0.0
 30
0.0
 40
0.015
  0
LINE
  5
272
330
26C
100
AcDbEntity
  8
0
100
AcDbLine
 10
-0.035
 20
-0.035
 30
0.0
 11
0.035
 21
0.035
 31
0.0
  0
LINE
  5
273
330
26C
100
AcDbEntity
  8
0
100
AcDbLine
 10
-0.035
 20
0.035
 30
0.0
 11
0.035
 21
-0.035
 31
0.0
  0
ENDBLK
  5
26E
330
26C
100
AcDbEntity
  8
0
100
AcDbBlockEnd
  0
BLOCK
  5
275
330
274
100
AcDbEntity
  8
0
100
AcDbBlockBegin
  2
PS_PUERTA_SEGURIDAD
 70
0
 10
0.0
 20
0.0
 30
0.0
  3
PS_PUERTA_SEGURIDAD
  1

  0
LWPOLYLINE
  5
277
330
274
100
AcDbEntity
  8
0
100
AcDbPolyline
 90
4
 70
1
 10
0.0
 20
-0.03
 10
0.03
 20
-0.03
 10
0.03
 20
0.03
 10
0.0
 20
0.03
  0
LWPOLYLINE
  5
278
330
274
100
AcDbEntity
  8
0
100
AcDbPolyline
 90
4
 70
1
 10
1.065
 20
-0.03
 10
1.095
 20
-0.03
 10
1.095
 20
0.03
 10
1.065
 20
0.03
  0
LWPOLYLINE
  5
279
330
274
100
AcDbEntity
  8
0
100
AcDbPolyline
 90
4
 70
1
 10
0.03
 20
-0.01
 10
1.065
 20
-0.01
 10
1.065
 20
0.01
 10
0.03
 20
0.01
  0
LINE
  5
27A
330
274
100
AcDbEntity
  8
0
 62
8
370
13
100
AcDbLine
 10
0.365
 20
8.572527594031473e-17
 30
0.0
 11
0.3667447754946134
 21
-0.03996192886327423
 31
0.0
  0
LINE
  5
27B
330
274
100
AcDbEntity
  8
0
 62
8
370
13
100
AcDbLine
 10
0.3681770522744052
 20
-0.06490823146916778
 30
0.0
 11
0.3733980999632073
 21
-0.10456602592412022
 31
0.0
  0
LINE
  5
27C
330
274
100
AcDbEntity
  8
0
 62
8
370
13
100
AcDbLine
 10
0.37733702529101204
 20
-0.12923299088261592
 30
0.0
 11
0.3859946098485362
 21
-0.16828483116741325
 31
0.0
  0
LINE
  5
27D
330
274
100
AcDbEntity
  8
0
 62
8
370
13
100
AcDbLine
 10
0.39239982094434966
 20
-0.19242583069905794
 30
0.0
 11
0.40442805292452055
 21
-0.23057450872898702
 31
0.0
  0
LINE
  5
27E
330
274
100
AcDbEntity
  8
0
 62
8
370
13
100
AcDbLine
 10
0.41323532336686386
 20
-0.25394804721881664
 30
0.0
 11
0.42854266066146746
 21
-0.2909032285192681
 31
0.0
  0
LINE
  5
27F
330
274
100
AcDbEntity
  8
0
 62
8
370
13
100
AcDbLine
 10
0.43966450699299137
 20
-0.3132752200938596
 30
0.0
 11
0.45813445152239274
 21
-0.3487556534209885
 31
0.0
  0
LINE
  5
280
330
274
100
AcDbEntity
  8
0
 62
8
370
13
100
AcDbLine
 10
0.47146095472527744
 20
-0.3699016311926318
 30
0.0
 11
0.49159356899770573
 21
-0.4015035054457323
 31
0.0
  0
LINE
  5
281
330
274
100
AcDbEntity
  8
0
 62
8
370
13
100
AcDbLine
 10
0.49159356899770573
 20
-0.4015035054457323
 30
0.0
 11
0.4931337377383882
 21
-0.40351069242704657
 31
0.0
  0
LINE
  5
282
330
274
100
AcDbEntity
  8
0
 62
8
370
13
100
AcDbLine
 10
0.5083527734636062
 20
-0.42334452593432736
 30
0.0
 11
0.5287688898167154
 21
-0.44995132678057753
 31
0.0
  0
LINE
  5
283
330
274
100
AcDbEntity
  8
0
 62
8
370
13
100
AcDbLine
 10
0.5287688898167154
 20
-0.44995132678057753
 30
0.0
 11
0.5331351357648564
 21
-0.454716248101543
 31
0.0
  0
LINE
  5
284
330
274
100
AcDbEntity
  8
0
 62
8
370
13
100
AcDbLine
 10
0.5500248909552478
 20
-0.4731481815217961
 30
0.0
 11
0.5700252531694167
 21
-0.49497474683058323
 31
0.0
  0
LINE
  5
285
330
274
100
AcDbEntity
  8
0
 62
8
370
13
100
AcDbLine
 10
0.5700252531694167
 20
-0.49497474683058323
 30
0.0
 11
0.5776897813330345
 21
-0.5019979929210407
 31
0.0
  0
LINE
  5
286
330
274
100
AcDbEntity
  8
0
 62
8
370
13
100
AcDbLine
 10
0.5961217147532877
 20
-0.5188877481114323
 30
0.0
 11
0.6150486732194224
 21
-0.5362311101832845
 31
0.0
  0
LINE
  5
287
330
274
100
AcDbEntity
  8
0
 62
8
370
13
100
AcDbLine
 10
0.6150486732194224
 20
-0.5362311101832845
 30
0.0
 11
0.6264162975529918
 21
-0.5449537951236387
 31
0.0
  0
LINE
  5
288
330
274
100
AcDbEntity
  8
0
 62
8
370
13
100
AcDbLine
 10
0.6462501310602727
 20
-0.5601728308488568
 30
0.0
 11
0.6634964945542674
 21
-0.573406431002294
 31
0.0
  0
LINE
  5
289
330
274
100
AcDbEntity
  8
0
 62
8
370
13
100
AcDbLine
 10
0.6634964945542674
 20
-0.573406431002294
 30
0.0
 11
0.6788980322621039
 21
-0.5832182926466619
 31
0.0
  0
LINE
  5
28A
330
274
100
AcDbEntity
  8
0
 62
8
370
13
100
AcDbLine
 10
0.6999828184074259
 20
-0.5966507828553325
 30
0.0
 11
0.7149999999999997
 21
-0.6062177826491069
 31
0.0
  0
LINE
  5
28B
330
274
100
AcDbEntity
  8
0
 62
8
370
13
100
AcDbLine
 10
0.7149999999999997
 20
-0.6062177826491069
 30
0.0
 11
0.7346865776714325
 21
-0.6164659663229826
 31
0.0
  0
LINE
  5
28C
330
274
100
AcDbEntity
  8
0
 62
8
370
13
100
AcDbLine
 10
0.7568618485008882
 20
-0.6280096816538584
 30
0.0
 11
0.7691672167815107
 21
-0.6344154509256551
 31
0.0
  0
LINE
  5
28D
330
274
100
AcDbEntity
  8
0
 62
8
370
13
100
AcDbLine
 10
0.7691672167815107
 20
-0.6344154509256551
 30
0.0
 11
0.7933055558639862
 21
-0.6444138783467769
 31
0.0
  0
LINE
  5
28E
330
274
100
AcDbEntity
  8
0
 62
8
370
13
100
AcDbLine
 10
0.8164025441767683
 20
-0.6539809641559041
 30
0.0
 11
0.8255858996720321
 21
-0.6577848345501359
 31
0.0
  0
LINE
  5
28F
330
274
100
AcDbEntity
  8
0
 62
8
370
13
100
AcDbLine
 10
0.8255858996720321
 20
-0.6577848345501359
 30
0.0
 11
0.8542546384973626
 21
-0.6668240531804505
 31
0.0
  0
LINE
  5
290
330
274
100
AcDbEntity
  8
0
 62
8
370
13
100
AcDbLine
 10
0.8780975622660684
 20
-0.6743416981680573
 30
0.0
 11
0.8838266684282355
 21
-0.6761480784023478
 31
0.0
  0
LINE
  5
291
330
274
100
AcDbEntity
  8
0
 62
8
370
13
100
AcDbLine
 10
0.8838266684282355
 20
-0.6761480784023478
 30
0.0
 11
0.9170137671184729
 21
-0.683505481050578
 31
0.0
  0
LINE
  5
292
330
274
100
AcDbEntity
  8
0
 62
8
370
13
100
AcDbLine
 10
0.9414211672964713
 20
-0.6889164713990306
 30
0.0
 11
0.9434462756331488
 21
-0.6893654271085456
 31
0.0
  0
LINE
  5
293
330
274
100
AcDbEntity
  8
0
 62
8
370
13
100
AcDbLine
 10
0.9434462756331488
 20
-0.6893654271085456
 30
0.0
 11
0.981047538831718
 21
-0.6943157273210784
 31
0.0
  0
LINE
  5
294
330
274
100
AcDbEntity
  8
0
 62
8
370
13
100
AcDbLine
 10
1.0058477918246391
 20
-0.6974173588159432
 30
0.0
 11
1.0458097206879133
 21
-0.6991621343105566
 31
0.0
  0
LINE
  5
295
330
274
100
AcDbEntity
  8
0
 62
8
370
13
100
AcDbLine
 10
1.065
 20
0.0
 30
0.0
 11
1.065
 21
-0.04
 31
0.0
  0
LINE
  5
296
330
274
100
AcDbEntity
  8
0
 62
8
370
13
100
AcDbLine
 10
1.065
 20
-0.065
 30
0.0
 11
1.065
 21
-0.105
 31
0.0
  0
LINE
  5
297
330
274
100
AcDbEntity
  8
0
 62
8
370
13
100
AcDbLine
 10
1.065
 20
-0.13
 30
0.0
 11
1.065
 21
-0.17
 31
0.0
  0
LINE
  5
298
330
274
100
AcDbEntity
  8
0
 62
8
370
13
100
AcDbLine
 10
1.065
 20
-0.195
 30
0.0
 11
1.065
 21
-0.23499999999999996
 31
0.0
  0
LINE
  5
299
330
274
100
AcDbEntity
  8
0
 62
8
370
13
100
AcDbLine
 10
1.065
 20
-0.26
 30
0.0
 11
1.065
 21
-0.3
 31
0.0
  0
LINE
  5
29A
330
274
100
AcDbEntity
  8
0
 62
8
370
13
100
AcDbLine
 10
1.065
 20
-0.325
 30
0.0
 11
1.065
 21
-0.365
 31
0.0
  0
LINE
  5
29B
330
274
100
AcDbEntity
  8
0
 62
8
370
13
100
AcDbLine
 10
1.065
 20
-0.39
 30
0.0
 11
1.065
 21
-0.43
 31
0.0
  0
LINE
  5
29C
330
274
100
AcDbEntity
  8
0
 62
8
370
13
100
AcDbLine
 10
1.065
 20
-0.455
 30
0.0
 11
1.065
 21
-0.495
 31
0.0
  0
LINE
  5
29D
330
274
100
AcDbEntity
  8
0
 62
8
370
13
100
AcDbLine
 10
1.065
 20
-0.52
 30
0.0
 11
1.065
 21
-0.56
 31
0.0
  0
LINE
  5
29E
330
274
100
AcDbEntity
  8
0
 62
8
370
13
100
AcDbLine
 10
1.065
 20
-0.585
 30
0.0
 11
1.065
 21
-0.625
 31
0.0
  0
LINE
  5
29F
330
274
100
AcDbEntity
  8
0
 62
8
370
13
100
AcDbLine
 10
1.065
 20
-0.65
 30
0.0
 11
1.065
 21
-0.6900000000000001
 31
0.0
  0
ENDBLK
  5
276
330
274
100
AcDbEntity
  8
0
100
AcDbBlockEnd
  0
BLOCK
  5
2EA
330
2E9
100
AcDbEntity
  8
0
100
AcDbBlockBegin
  2
_DOTSMALL
 70
0
 10
0.0
 20
0.0
 30
0.0
  3
_DOTSMALL
  1

  0
LWPOLYLINE
  5
2EC
330
2E9
100
AcDbEntity
  8
0
  6
BYBLOCK
 62
0
100
AcDbPolyline
 90
2
 70
1
 43
0.125
 10
-0.0625
 20
0.0
 42
1.0
 10
0.0625
 20
0.0
 42
1.0
  0
ENDBLK
  5
2EB
330
2E9
100
AcDbEntity
  8
0
100
AcDbBlockEnd
  0
BLOCK
  5
2EF
330
2EE
100
AcDbEntity
  8
0
100
AcDbBlockBegin
  2
*D1
 70
1
 10
0.0
 20
0.0
 30
0.0
  3
*D1
  1

  0
LINE
  5
2F1
330
2EE
100
AcDbEntity
  8
0
 62
1
100
AcDbLine
 10
0.405
 20
-1.145
 30
0.0
 11
0.405
 21
-1.1400000000000001
 31
0.0
  0
LINE
  5
2F2
330
2EE
100
AcDbEntity
  8
0
 62
1
100
AcDbLine
 10
1.905
 20
-1.145
 30
0.0
 11
1.905
 21
-1.1400000000000001
 31
0.0
  0
INSERT
  5
2F3
330
2EE
100
AcDbEntity
  8
PS-COTAS
 62
1
100
AcDbBlockReference
  2
_ARCHTICK
 10
0.405
 20
-1.165
 30
0.0
 41
0.025
 42
0.025
 50
180.0
  0
INSERT
  5
2F5
330
2EE
100
AcDbEntity
  8
PS-COTAS
 62
1
100
AcDbBlockReference
  2
_ARCHTICK
 10
1.905
 20
-1.165
 30
0.0
 41
0.025
 42
0.025
  0
LINE
  5
2F7
330
2EE
100
AcDbEntity
  8
0
 62
1
100
AcDbLine
 10
0.405
 20
-1.165
 30
0.0
 11
1.905
 21
-1.165
 31
0.0
  0
MTEXT
  5
2F8
330
2EE
100
AcDbEntity
  8
PS-COTAS
 62
1
100
AcDbMText
 10
1.155
 20
-1.115
 30
0.0
 40
0.07
 71
5
  1
paso 1,50
  7
PS
 45
1.1
 90
3
 63
1
  0
POINT
  5
2F9
330
2EE
100
AcDbEntity
  8
Defpoints
100
AcDbPoint
 10
0.405
 20
-1.165
 30
0.0
  0
POINT
  5
2FA
330
2EE
100
AcDbEntity
  8
Defpoints
100
AcDbPoint
 10
0.405
 20
-1.165
 30
0.0
  0
POINT
  5
2FB
330
2EE
100
AcDbEntity
  8
Defpoints
100
AcDbPoint
 10
1.905
 20
-1.165
 30
0.0
  0
ENDBLK
  5
2F0
330
2EE
100
AcDbEntity
  8
0
100
AcDbBlockEnd
  0
BLOCK
  5
2FE
330
2FD
100
AcDbEntity
  8
0
100
AcDbBlockBegin
  2
*D2
 70
1
 10
0.0
 20
0.0
 30
0.0
  3
*D2
  1

  0
LINE
  5
300
330
2FD
100
AcDbEntity
  8
0
 62
1
100
AcDbLine
 10
0.075
 20
-1.605
 30
0.0
 11
0.075
 21
-1.6
 31
0.0
  0
LINE
  5
301
330
2FD
100
AcDbEntity
  8
0
 62
1
100
AcDbLine
 10
3.075
 20
-1.605
 30
0.0
 11
3.075
 21
-1.6
 31
0.0
  0
INSERT
  5
302
330
2FD
100
AcDbEntity
  8
PS-COTAS
 62
1
100
AcDbBlockReference
  2
_ARCHTICK
 10
0.075
 20
-1.625
 30
0.0
 41
0.025
 42
0.025
 50
180.0
  0
INSERT
  5
304
330
2FD
100
AcDbEntity
  8
PS-COTAS
 62
1
100
AcDbBlockReference
  2
_ARCHTICK
 10
3.075
 20
-1.625
 30
0.0
 41
0.025
 42
0.025
  0
LINE
  5
306
330
2FD
100
AcDbEntity
  8
0
 62
1
100
AcDbLine
 10
0.075
 20
-1.625
 30
0.0
 11
3.075
 21
-1.625
 31
0.0
  0
MTEXT
  5
307
330
2FD
100
AcDbEntity
  8
PS-COTAS
 62
1
100
AcDbMText
 10
1.575
 20
-1.575
 30
0.0
 40
0.07
 71
5
  1
TV-sofá 3,00
  7
PS
 45
1.1
 90
3
 63
1
  0
POINT
  5
308
330
2FD
100
AcDbEntity
  8
Defpoints
100
AcDbPoint
 10
0.075
 20
-1.625
 30
0.0
  0
POINT
  5
309
330
2FD
100
AcDbEntity
  8
Defpoints
100
AcDbPoint
 10
0.075
 20
-1.625
 30
0.0
  0
POINT
  5
30A
330
2FD
100
AcDbEntity
  8
Defpoints
100
AcDbPoint
 10
3.075
 20
-1.625
 30
0.0
  0
ENDBLK
  5
2FF
330
2FD
100
AcDbEntity
  8
0
100
AcDbBlockEnd
  0
BLOCK
  5
30D
330
30C
100
AcDbEntity
  8
0
100
AcDbBlockBegin
  2
*D3
 70
1
 10
0.0
 20
0.0
 30
0.0
  3
*D3
  1

  0
LINE
  5
30F
330
30C
100
AcDbEntity
  8
0
 62
1
100
AcDbLine
 10
5.085
 20
2.575
 30
0.0
 11
5.085
 21
2.58
 31
0.0
  0
LINE
  5
310
330
30C
100
AcDbEntity
  8
0
 62
1
100
AcDbLine
 10
5.74
 20
2.575
 30
0.0
 11
5.74
 21
2.58
 31
0.0
  0
INSERT
  5
311
330
30C
100
AcDbEntity
  8
PS-COTAS
 62
1
100
AcDbBlockReference
  2
_ARCHTICK
 10
5.085
 20
2.555
 30
0.0
 41
0.025
 42
0.025
 50
180.0
  0
INSERT
  5
313
330
30C
100
AcDbEntity
  8
PS-COTAS
 62
1
100
AcDbBlockReference
  2
_ARCHTICK
 10
5.74
 20
2.555
 30
0.0
 41
0.025
 42
0.025
  0
LINE
  5
315
330
30C
100
AcDbEntity
  8
0
 62
1
100
AcDbLine
 10
5.085
 20
2.555
 30
0.0
 11
5.74
 21
2.555
 31
0.0
  0
MTEXT
  5
316
330
30C
100
AcDbEntity
  8
PS-COTAS
 62
1
100
AcDbMText
 10
5.4125
 20
2.6300000000000003
 30
0.0
 40
0.07
 71
5
  1
libre 0,66
  7
PS
 45
1.1
 90
3
 63
1
  0
POINT
  5
317
330
30C
100
AcDbEntity
  8
Defpoints
100
AcDbPoint
 10
5.085
 20
2.555
 30
0.0
  0
POINT
  5
318
330
30C
100
AcDbEntity
  8
Defpoints
100
AcDbPoint
 10
5.085
 20
2.555
 30
0.0
  0
POINT
  5
319
330
30C
100
AcDbEntity
  8
Defpoints
100
AcDbPoint
 10
5.74
 20
2.555
 30
0.0
  0
ENDBLK
  5
30E
330
30C
100
AcDbEntity
  8
0
100
AcDbBlockEnd
  0
BLOCK
  5
31C
330
31B
100
AcDbEntity
  8
0
100
AcDbBlockBegin
  2
*D4
 70
1
 10
0.0
 20
0.0
 30
0.0
  3
*D4
  1

  0
LINE
  5
31E
330
31B
100
AcDbEntity
  8
0
 62
1
100
AcDbLine
 10
4.98
 20
0.06600000000000023
 30
0.0
 11
4.975
 21
0.06600000000000023
 31
0.0
  0
LINE
  5
31F
330
31B
100
AcDbEntity
  8
0
 62
1
100
AcDbLine
 10
4.98
 20
1.0739999999999998
 30
0.0
 11
4.975
 21
1.0739999999999998
 31
0.0
  0
INSERT
  5
320
330
31B
100
AcDbEntity
  8
PS-COTAS
 62
1
100
AcDbBlockReference
  2
_ARCHTICK
 10
5.0
 20
0.06600000000000023
 30
0.0
 41
0.025
 42
0.025
 50
270.0
  0
INSERT
  5
322
330
31B
100
AcDbEntity
  8
PS-COTAS
 62
1
100
AcDbBlockReference
  2
_ARCHTICK
 10
5.0
 20
1.0739999999999998
 30
0.0
 41
0.025
 42
0.025
 50
90.0
  0
LINE
  5
324
330
31B
100
AcDbEntity
  8
0
 62
1
100
AcDbLine
 10
5.0
 20
0.06600000000000023
 30
0.0
 11
5.0
 21
1.0739999999999998
 31
0.0
  0
MTEXT
  5
325
330
31B
100
AcDbEntity
  8
PS-COTAS
 62
1
100
AcDbMText
 10
4.95
 20
0.5700000000000001
 30
0.0
 40
0.07
 71
5
  1
paso 1,01
  7
PS
 50
90.0
 45
1.1
 90
3
 63
1
  0
POINT
  5
326
330
31B
100
AcDbEntity
  8
Defpoints
100
AcDbPoint
 10
5.0
 20
0.06600000000000023
 30
0.0
  0
POINT
  5
327
330
31B
100
AcDbEntity
  8
Defpoints
100
AcDbPoint
 10
5.0
 20
0.06600000000000023
 30
0.0
  0
POINT
  5
328
330
31B
100
AcDbEntity
  8
Defpoints
100
AcDbPoint
 10
5.0
 20
1.0739999999999998
 30
0.0
  0
ENDBLK
  5
31D
330
31B
100
AcDbEntity
  8
0
100
AcDbBlockEnd
  0
ENDSEC
  0
SECTION
  2
ENTITIES
  0
LWPOLYLINE
  5
2A0
330
17
100
AcDbEntity
  8
PS-REF-PLANO
100
AcDbPolyline
 90
4
 70
1
 10
-0.066
 20
-2.758
 10
0.0
 20
-2.758
 10
0.0
 20
0.06600000000000023
 10
-0.066
 20
0.06600000000000023
  0
LWPOLYLINE
  5
2A1
330
17
100
AcDbEntity
  8
PS-REF-PLANO
100
AcDbPolyline
 90
4
 70
1
 10
4.03
 20
-2.758
 10
4.096
 20
-2.758
 10
4.096
 20
0.06600000000000023
 10
4.03
 20
0.06600000000000023
  0
LWPOLYLINE
  5
2A2
330
17
100
AcDbEntity
  8
PS-REF-PLANO
100
AcDbPolyline
 90
4
 70
1
 10
-0.066
 20
0.0
 10
1.266
 20
0.0
 10
1.266
 20
0.06600000000000023
 10
-0.066
 20
0.06600000000000023
  0
LWPOLYLINE
  5
2A3
330
17
100
AcDbEntity
  8
PS-REF-PLANO
100
AcDbPolyline
 90
4
 70
1
 10
2.148
 20
0.0
 10
4.096
 20
0.0
 10
4.096
 20
0.06600000000000023
 10
2.148
 20
0.06600000000000023
  0
LWPOLYLINE
  5
2A4
330
17
100
AcDbEntity
  8
PS-REF-PLANO
100
AcDbPolyline
 90
4
 70
1
 10
0.0
 20
-2.758
 10
1.726
 20
-2.758
 10
1.726
 20
-2.466
 10
0.0
 20
-2.466
  0
LWPOLYLINE
  5
2A5
330
17
100
AcDbEntity
  8
PS-REF-PLANO
100
AcDbPolyline
 90
4
 70
1
 10
1.726
 20
-2.758
 10
7.2
 20
-2.758
 10
7.2
 20
-2.665
 10
1.726
 20
-2.665
  0
LWPOLYLINE
  5
2A6
330
17
100
AcDbEntity
  8
PS-REF-PLANO
100
AcDbPolyline
 90
4
 70
1
 10
-1.1
 20
-2.957
 10
7.2
 20
-2.957
 10
7.2
 20
-2.758
 10
-1.1
 20
-2.758
  0
LWPOLYLINE
  5
2A7
330
17
100
AcDbEntity
  8
PS-REF-PLANO
100
AcDbPolyline
 90
4
 70
1
 10
2.458
 20
1.0739999999999998
 10
2.525
 20
1.0739999999999998
 10
2.525
 20
2.7310000000000003
 10
2.458
 20
2.7310000000000003
  0
LWPOLYLINE
  5
2A8
330
17
100
AcDbEntity
  8
PS-REF-PLANO
100
AcDbPolyline
 90
4
 70
1
 10
-1.014
 20
1.0739999999999998
 10
-0.272
 20
1.0739999999999998
 10
-0.272
 20
1.1400000000000001
 10
-1.014
 20
1.1400000000000001
  0
LWPOLYLINE
  5
2A9
330
17
100
AcDbEntity
  8
PS-REF-PLANO
100
AcDbPolyline
 90
4
 70
1
 10
1.014
 20
1.0739999999999998
 10
2.525
 20
1.0739999999999998
 10
2.525
 20
1.1400000000000001
 10
1.014
 20
1.1400000000000001
  0
LWPOLYLINE
  5
2AA
330
17
100
AcDbEntity
  8
PS-REF-PLANO
100
AcDbPolyline
 90
4
 70
1
 10
-1.1
 20
2.7310000000000003
 10
7.2
 20
2.7310000000000003
 10
7.2
 20
3.025
 10
-1.1
 20
3.025
  0
LWPOLYLINE
  5
2AB
330
17
100
AcDbEntity
  8
PS-REF-PLANO
100
AcDbPolyline
 90
4
 70
1
 10
-1.014
 20
-2.758
 10
-0.948
 20
-2.758
 10
-0.948
 20
-0.925
 10
-1.014
 20
-0.925
  0
LWPOLYLINE
  5
2AC
330
17
100
AcDbEntity
  8
PS-REF-PLANO
100
AcDbPolyline
 90
4
 70
1
 10
-1.014
 20
0.995
 10
-0.948
 20
0.995
 10
-0.948
 20
2.7310000000000003
 10
-1.014
 20
2.7310000000000003
  0
LWPOLYLINE
  5
2AD
330
17
100
AcDbEntity
  8
PS-REF-PLANO
100
AcDbPolyline
 90
4
 70
1
 10
5.74
 20
2.7310000000000003
 10
5.813
 20
2.7310000000000003
 10
5.872999999999999
 20
-1.3190000000000002
 10
5.8
 20
-1.3190000000000002
  0
LWPOLYLINE
  5
2AE
330
17
100
AcDbEntity
  8
PS-REF-PLANO
100
AcDbPolyline
 90
4
 70
1
 10
6.881
 20
2.7310000000000003
 10
6.947000000000001
 20
2.7310000000000003
 10
7.026000000000001
 20
-0.865
 10
6.952999999999999
 20
-0.865
  0
LWPOLYLINE
  5
2AF
330
17
100
AcDbEntity
  8
PS-REF-PLANO
100
AcDbPolyline
 90
4
 70
1
 10
7.13
 20
-2.758
 10
7.22
 20
-2.758
 10
7.22
 20
-2.115
 10
7.13
 20
-2.115
  0
LWPOLYLINE
  5
2B0
330
17
100
AcDbEntity
  8
PS-REF-PLANO
100
AcDbPolyline
 90
4
 70
1
 10
7.13
 20
-1.2650000000000001
 10
7.22
 20
-1.2650000000000001
 10
7.22
 20
2.7310000000000003
 10
7.13
 20
2.7310000000000003
  0
LWPOLYLINE
  5
2B1
330
17
100
AcDbEntity
  8
PS-REF-PLANO
100
AcDbPolyline
 90
2
 70
0
 10
5.828511111111111
 20
1.6839999999999997
 10
6.967422962962964
 20
1.6839999999999997
  0
LWPOLYLINE
  5
2B2
330
17
100
AcDbEntity
  8
PS-REF-PLANO
100
AcDbPolyline
 90
2
 70
0
 10
5.832985185185184
 20
1.382
 10
6.973313827160495
 20
1.382
  0
LWPOLYLINE
  5
2B3
330
17
100
AcDbEntity
  8
PS-REF-PLANO
100
AcDbPolyline
 90
2
 70
0
 10
5.837681481481481
 20
1.065
 10
6.979497283950618
 20
1.065
  0
LWPOLYLINE
  5
2B4
330
17
100
AcDbEntity
  8
PS-REF-PLANO
100
AcDbPolyline
 90
2
 70
0
 10
5.8419481481481474
 20
0.7769999999999999
 10
6.985115061728395
 20
0.7769999999999999
  0
LWPOLYLINE
  5
2B5
330
17
100
AcDbEntity
  8
PS-REF-PLANO
100
AcDbPolyline
 90
2
 70
0
 10
5.846333333333333
 20
0.48100000000000026
 10
6.99088888888889
 20
0.48100000000000026
  0
LWPOLYLINE
  5
2B6
330
17
100
AcDbEntity
  8
PS-REF-PLANO
100
AcDbPolyline
 90
2
 70
0
 10
5.850792592592592
 20
0.18
 10
6.996760246913581
 20
0.18
  0
LWPOLYLINE
  5
2B7
330
17
100
AcDbEntity
  8
PS-REF-PLANO
100
AcDbPolyline
 90
2
 70
0
 10
5.855237037037036
 20
-0.12
 10
7.002612098765432
 20
-0.12
  0
LWPOLYLINE
  5
2B8
330
17
100
AcDbEntity
  8
PS-REF-PLANO
100
AcDbPolyline
 90
2
 70
0
 10
5.859637037037037
 20
-0.41699999999999987
 10
7.008405432098766
 20
-0.41699999999999987
  0
LWPOLYLINE
  5
2B9
330
17
100
AcDbEntity
  8
PS-REF-PLANO
100
AcDbPolyline
 90
2
 70
0
 10
5.863992592592592
 20
-0.711
 10
7.014140246913581
 20
-0.711
  0
LWPOLYLINE
  5
2BA
330
17
100
AcDbEntity
  8
PS-REF-PLANO
100
AcDbPolyline
 90
2
 70
0
 10
5.813
 20
1.6839999999999997
 10
6.03
 20
2.7310000000000003
  0
LWPOLYLINE
  5
2BB
330
17
100
AcDbEntity
  8
PS-REF-PLANO
100
AcDbPolyline
 90
2
 70
0
 10
5.813
 20
1.6839999999999997
 10
6.4
 20
2.7310000000000003
  0
LWPOLYLINE
  5
2BC
330
17
100
AcDbEntity
  8
PS-REF-PLANO
100
AcDbPolyline
 90
2
 70
0
 10
5.813
 20
1.6839999999999997
 10
6.947000000000001
 20
2.255
  0
LWPOLYLINE
  5
2BD
330
17
100
AcDbEntity
  8
PS-REF-PLANO
100
AcDbPolyline
 90
4
 70
1
 10
0.033
 20
-2.764
 10
1.637
 20
-2.764
 10
1.637
 20
-2.559
 10
0.033
 20
-2.559
  0
INSERT
  5
2BE
330
17
100
AcDbEntity
  8
PS-ALFOMBRAS
100
AcDbBlockReference
  2
PS_ALFOMBRA_SALON_200x200
 10
2.25
 20
-1.235
 30
0.0
  0
INSERT
  5
2C0
330
17
100
AcDbEntity
  8
PS-ALFOMBRAS
100
AcDbBlockReference
  2
PS_ALFOMBRA_JUEGO_170x120
 10
3.9
 20
1.735
 30
0.0
  0
INSERT
  5
2C2
330
17
100
AcDbEntity
  8
PS-MOBILIARIO
100
AcDbBlockReference
  2
PS_SOFA_CHAISE_240x160
 10
4.025
 20
-2.6550000000000002
 30
0.0
  0
INSERT
  5
2C4
330
17
100
AcDbEntity
  8
PS-MOBILIARIO
100
AcDbBlockReference
  2
PS_MUEBLE_TV_200x40
 10
0.005
 20
-2.235
 30
0.0
  0
INSERT
  5
2C6
330
17
100
AcDbEntity
  8
PS-MOBILIARIO
100
AcDbBlockReference
  2
PS_MESA_CENTRO_D75
 10
2.2800000000000002
 20
-1.165
 30
0.0
  0
INSERT
  5
2C8
330
17
100
AcDbEntity
  8
PS-MOBILIARIO
100
AcDbBlockReference
  2
PS_PUF_D50
 10
0.97
 20
-1.985
 30
0.0
  0
INSERT
  5
2CA
330
17
100
AcDbEntity
  8
PS-ILUMINACION
100
AcDbBlockReference
  2
PS_LAMPARA_PIE
 10
2.25
 20
-2.4250000000000003
 30
0.0
  0
INSERT
  5
2CC
330
17
100
AcDbEntity
  8
PS-ILUMINACION
100
AcDbBlockReference
  2
PS_APLIQUE_PARED
 10
4.03
 20
-2.165
 30
0.0
 50
180.0
  0
INSERT
  5
2CE
330
17
100
AcDbEntity
  8
PS-ILUMINACION
100
AcDbBlockReference
  2
PS_APLIQUE_PARED
 10
4.03
 20
-1.065
 30
0.0
 50
180.0
  0
INSERT
  5
2D0
330
17
100
AcDbEntity
  8
PS-CARPINTERIA
100
AcDbBlockReference
  2
PS_PUERTA_CORREDERA_90
 10
1.266
 20
0.0
 30
0.0
  0
INSERT
  5
2D2
330
17
100
AcDbEntity
  8
PS-MOBILIARIO
100
AcDbBlockReference
  2
PS_LIBRERIA_INFANTIL_256x35
 10
2.525
 20
2.7310000000000003
 30
0.0
  0
INSERT
  5
2D4
330
17
100
AcDbEntity
  8
PS-MOBILIARIO
100
AcDbBlockReference
  2
PS_BANCO_ARCON_110x45
 10
2.525
 20
1.235
 30
0.0
  0
INSERT
  5
2D6
330
17
100
AcDbEntity
  8
PS-MOBILIARIO
100
AcDbBlockReference
  2
PS_PUF_PERA
 10
3.45
 20
1.735
 30
0.0
  0
INSERT
  5
2D8
330
17
100
AcDbEntity
  8
PS-MOBILIARIO
100
AcDbBlockReference
  2
PS_MESA_INFANTIL_D60
 10
4.37
 20
1.735
 30
0.0
  0
INSERT
  5
2DA
330
17
100
AcDbEntity
  8
PS-MOBILIARIO
100
AcDbBlockReference
  2
PS_TABURETE_D30
 10
4.37
 20
1.2750000000000001
 30
0.0
  0
INSERT
  5
2DC
330
17
100
AcDbEntity
  8
PS-MOBILIARIO
100
AcDbBlockReference
  2
PS_TABURETE_D30
 10
4.37
 20
2.195
 30
0.0
  0
INSERT
  5
2DE
330
17
100
AcDbEntity
  8
PS-ILUMINACION
100
AcDbBlockReference
  2
PS_LAMPARA_TECHO
 10
4.37
 20
1.735
 30
0.0
  0
INSERT
  5
2E0
330
17
100
AcDbEntity
  8
PS-ILUMINACION
100
AcDbBlockReference
  2
PS_APLIQUE_PARED
 10
2.525
 20
2.115
 30
0.0
  0
INSERT
  5
2E2
330
17
100
AcDbEntity
  8
PS-SEGURIDAD
100
AcDbBlockReference
  2
PS_PUERTA_SEGURIDAD
 10
5.865
 20
-0.765
 30
0.0
  0
MTEXT
  5
2E4
330
17
100
AcDbEntity
  8
PS-TEXTOS
100
AcDbMText
 10
2.25
 20
-0.535
 30
0.0
 40
0.1
 71
5
  1
SALA DE ESTAR\P\H0.7x;S = 10,40 m²
  7
PS
 45
1.25
 90
3
 63
0
  0
MTEXT
  5
2E5
330
17
100
AcDbEntity
  8
PS-TEXTOS
100
AcDbMText
 10
3.8000000000000003
 20
0.785
 30
0.0
 40
0.09
 71
5
  1
ZONA DE JUEGO Y LECTURA\P\H0.7x;S = 5,3 m² (sin contar el paso)
  7
PS
 45
1.25
 90
3
 63
0
  0
MTEXT
  5
2E6
330
17
100
AcDbEntity
  8
PS-SEGURIDAD
100
AcDbMText
 10
4.92
 20
-0.385
 30
0.0
 40
0.065
 71
5
  1
BARANDILLA: h ≥ 1,10 m,\Psin huecos > 10 cm\Py no escalable
  7
PS
 45
1.25
 90
3
 63
0
  0
MTEXT
  5
2E7
330
17
100
AcDbEntity
  8
PS-SEGURIDAD
100
AcDbMText
 10
6.41
 20
-0.985
 30
0.0
 40
0.065
 71
5
  1
PUERTA DE\PSEGURIDAD
  7
PS
 45
1.25
 90
3
 63
0
  0
LEADER
  5
2E8
330
17
100
AcDbEntity
  8
PS-SEGURIDAD
100
AcDbLeader
  3
PS
 73
3
 76
2
 10
5.79
 20
-0.045
 30
0.0
 10
5.22
 20
-0.20500000000000002
 30
0.0
1001
ACAD
1000
DSTYLE
1002
{
1070
41
1040
0.04
1070
176
1070
256
1070
341
1005
2E9
1002
}
  0
DIMENSION
  5
2ED
330
17
100
AcDbEntity
  8
PS-COTAS
100
AcDbDimension
280
0
  2
*D1
  3
PS
 10
0.405
 20
-1.165
 30
0.0
 11
1.155
 21
-1.115
 31
0.0
 70
32
 71
5
  1
paso <>
100
AcDbAlignedDimension
 13
0.405
 23
-1.165
 33
0.0
 14
1.905
 24
-1.165
 34
0.0
 50
0.0
100
AcDbRotatedDimension
  0
DIMENSION
  5
2FC
330
17
100
AcDbEntity
  8
PS-COTAS
100
AcDbDimension
280
0
  2
*D2
  3
PS
 10
0.075
 20
-1.625
 30
0.0
 11
1.575
 21
-1.575
 31
0.0
 70
32
 71
5
  1
TV-sofá <>
100
AcDbAlignedDimension
 13
0.075
 23
-1.625
 33
0.0
 14
3.075
 24
-1.625
 34
0.0
 50
0.0
100
AcDbRotatedDimension
  0
DIMENSION
  5
30B
330
17
100
AcDbEntity
  8
PS-COTAS
100
AcDbDimension
280
0
  2
*D3
  3
PS
 10
5.085
 20
2.555
 30
0.0
 11
5.4125
 21
2.6300000000000003
 31
0.0
 70
32
 71
5
  1
libre <>
100
AcDbAlignedDimension
 13
5.085
 23
2.555
 33
0.0
 14
5.74
 24
2.555
 34
0.0
 50
0.0
100
AcDbRotatedDimension
  0
DIMENSION
  5
31A
330
17
100
AcDbEntity
  8
PS-COTAS
100
AcDbDimension
280
0
  2
*D4
  3
PS
 10
5.0
 20
0.06600000000000023
 30
0.0
 11
4.95
 21
0.5700000000000001
 31
0.0
 70
32
 71
5
  1
paso <>
100
AcDbAlignedDimension
 13
5.0
 23
0.06600000000000023
 33
0.0
 14
5.0
 24
1.0739999999999998
 34
0.0
 50
90.0
100
AcDbRotatedDimension
  0
ENDSEC
  0
SECTION
  2
OBJECTS
  0
DICTIONARY
  5
A
330
0
100
AcDbDictionary
281
1
  3
ACAD_COLOR
350
B
  3
ACAD_GROUP
350
C
  3
ACAD_LAYOUT
350
D
  3
ACAD_MATERIAL
350
E
  3
ACAD_MLEADERSTYLE
350
F
  3
ACAD_MLINESTYLE
350
10
  3
ACAD_PLOTSETTINGS
350
11
  3
ACAD_PLOTSTYLENAME
350
12
  3
ACAD_SCALELIST
350
14
  3
ACAD_TABLESTYLE
350
15
  3
ACAD_VISUALSTYLE
350
16
  3
EZDXF_META
350
2D
  3
ACAD_WIPEOUT_VARS
350
8A
  3
AcDbVariableDictionary
350
8B
  0
DICTIONARY
  5
B
330
A
100
AcDbDictionary
281
1
  0
DICTIONARY
  5
C
330
A
100
AcDbDictionary
281
1
  0
DICTIONARY
  5
D
330
A
100
AcDbDictionary
281
1
  3
Model
350
1A
  3
Layout1
350
1E
  0
DICTIONARY
  5
E
330
A
100
AcDbDictionary
281
1
  3
ByBlock
350
1F
  3
ByLayer
350
20
  3
Global
350
21
  0
DICTIONARY
  5
F
330
A
100
AcDbDictionary
281
1
  3
Standard
350
2C
  0
DICTIONARY
  5
10
330
A
100
AcDbDictionary
281
1
  3
Standard
350
22
  0
DICTIONARY
  5
11
330
A
100
AcDbDictionary
281
1
  0
ACDBDICTIONARYWDFLT
  5
12
330
A
100
AcDbDictionary
281
1
  3
Normal
350
13
100
AcDbDictionaryWithDefault
340
13
  0
ACDBPLACEHOLDER
  5
13
330
12
  0
DICTIONARY
  5
14
330
A
100
AcDbDictionary
281
1
  0
DICTIONARY
  5
15
330
A
100
AcDbDictionary
281
1
  0
DICTIONARY
  5
16
330
A
100
AcDbDictionary
281
1
  3
2dWireframe
350
5A
  3
Basic
350
5B
  3
Brighten
350
5C
  3
ColorChange
350
5D
  3
Conceptual
350
5E
  3
Dim
350
5F
  3
EdgeColorOff
350
60
  3
Facepattern
350
61
  3
Flat
350
62
  3
FlatWithEdges
350
63
  3
Gouraud
350
64
  3
GouraudWithEdges
350
65
  3
Hidden
350
66
  3
JitterOff
350
67
  3
Linepattern
350
68
  3
Modeling
350
69
  3
OverhangOff
350
6A
  3
Realistic
350
6B
  3
Shaded
350
6C
  3
Shaded with edges
350
6D
  3
Shades of Gray
350
6E
  3
Sketchy
350
6F
  3
Thicken
350
70
  3
Wireframe
350
71
  3
X-Ray
350
72
  0
LAYOUT
  5
1A
330
D
100
AcDbPlotSettings
  1

  4
A3
  6

 40
7.5
 41
20.0
 42
7.5
 43
20.0
 44
420.0
 45
297.0
 46
0.0
 47
0.0
 48
0.0
 49
0.0
140
0.0
141
0.0
142
1.0
143
1.0
 70
1024
 72
1
 73
0
 74
5
  7

 75
16
 76
0
 77
2
 78
300
147
1.0
148
0.0
149
0.0
100
AcDbLayout
  1
Model
 70
1
 71
0
 10
0.0
 20
0.0
 11
420.0
 21
297.0
 12
0.0
 22
0.0
 32
0.0
 14
1e+20
 24
1e+20
 34
1e+20
 15
-1e+20
 25
-1e+20
 35
-1e+20
146
0.0
 13
0.0
 23
0.0
 33
0.0
 16
1.0
 26
0.0
 36
0.0
 17
0.0
 27
1.0
 37
0.0
 76
1
330
17
  0
LAYOUT
  5
1E
330
D
100
AcDbPlotSettings
  1

  4
A3
  6

 40
7.5
 41
20.0
 42
7.5
 43
20.0
 44
420.0
 45
297.0
 46
0.0
 47
0.0
 48
0.0
 49
0.0
140
0.0
141
0.0
142
1.0
143
1.0
 70
0
 72
1
 73
0
 74
5
  7

 75
16
 76
0
 77
2
 78
300
147
1.0
148
0.0
149
0.0
100
AcDbLayout
  1
Layout1
 70
1
 71
1
 10
0.0
 20
0.0
 11
420.0
 21
297.0
 12
0.0
 22
0.0
 32
0.0
 14
1e+20
 24
1e+20
 34
1e+20
 15
-1e+20
 25
-1e+20
 35
-1e+20
146
0.0
 13
0.0
 23
0.0
 33
0.0
 16
1.0
 26
0.0
 36
0.0
 17
0.0
 27
1.0
 37
0.0
 76
1
330
1B
  0
MATERIAL
  5
1F
102
{ACAD_REACTORS
330
E
102
}
330
E
100
AcDbMaterial
  1
ByBlock
  2

 70
0
 40
1.0
 71
1
 41
1.0
 91
-1023410177
 42
1.0
 72
1
  3

 73
1
 74
1
 75
1
 44
0.5
 73
0
 45
1.0
 46
1.0
 77
1
  4

 78
1
 79
1
170
1
 48
1.0
171
1
  6

172
1
173
1
174
1
140
1.0
141
1.0
175
1
  7

176
1
177
1
178
1
143
1.0
179
1
  8

270
1
271
1
272
1
145
1.0
146
1.0
273
1
  9

274
1
275
1
276
1
 42
1.0
 72
1
  3

 73
1
 74
1
 75
1
 94
63
  0
MATERIAL
  5
20
102
{ACAD_REACTORS
330
E
102
}
330
E
100
AcDbMaterial
  1
ByLayer
  2

 70
0
 40
1.0
 71
1
 41
1.0
 91
-1023410177
 42
1.0
 72
1
  3

 73
1
 74
1
 75
1
 44
0.5
 73
0
 45
1.0
 46
1.0
 77
1
  4

 78
1
 79
1
170
1
 48
1.0
171
1
  6

172
1
173
1
174
1
140
1.0
141
1.0
175
1
  7

176
1
177
1
178
1
143
1.0
179
1
  8

270
1
271
1
272
1
145
1.0
146
1.0
273
1
  9

274
1
275
1
276
1
 42
1.0
 72
1
  3

 73
1
 74
1
 75
1
 94
63
  0
MATERIAL
  5
21
102
{ACAD_REACTORS
330
E
102
}
330
E
100
AcDbMaterial
  1
Global
  2

 70
0
 40
1.0
 71
1
 41
1.0
 91
-1023410177
 42
1.0
 72
1
  3

 73
1
 74
1
 75
1
 44
0.5
 73
0
 45
1.0
 46
1.0
 77
1
  4

 78
1
 79
1
170
1
 48
1.0
171
1
  6

172
1
173
1
174
1
140
1.0
141
1.0
175
1
  7

176
1
177
1
178
1
143
1.0
179
1
  8

270
1
271
1
272
1
145
1.0
146
1.0
273
1
  9

274
1
275
1
276
1
 42
1.0
 72
1
  3

 73
1
 74
1
 75
1
 94
63
  0
MLINESTYLE
  5
22
102
{ACAD_REACTORS
330
10
102
}
330
10
100
AcDbMlineStyle
  2
Standard
 70
0
  3

 62
256
 51
90.0
 52
90.0
 71
2
 49
0.5
 62
256
  6
BYLAYER
 49
-0.5
 62
256
  6
BYLAYER
  0
MLEADERSTYLE
  5
2C
102
{ACAD_REACTORS
330
F
102
}
330
F
100
AcDbMLeaderStyle
179
2
170
2
171
1
172
0
 90
2
 40
0.0
 41
0.0
173
1
 91
-1056964608
 92
-2
290
1
 42
2.0
291
1
 43
8.0
  3
Standard
 44
4.0
300

342
29
174
1
175
1
176
0
178
1
 93
-1056964608
 45
4.0
292
0
297
0
 46
4.0
 94
-1056964608
 47
1.0
 49
1.0
140
1.0
294
1
141
0.0
177
0
142
1.0
295
0
296
0
143
3.75
271
0
272
9
273
9
  0
DICTIONARY
  5
2D
330
A
100
AcDbDictionary
280
1
281
1
  3
CREATED_BY_EZDXF
350
2E
  3
WRITTEN_BY_EZDXF
350
32B
  0
DICTIONARYVAR
  5
2E
330
2D
100
DictionaryVariables
280
0
  1
1.4.4 @ 2026-09-29T15:46:39.547911+00:00
  0
VISUALSTYLE
  5
5A
102
{ACAD_REACTORS
330
16
102
}
330
16
100
AcDbVisualStyle
  2
2dWireframe
 70
4
177
3
291
0
 70
58
 90
2
176
1
 90
2
176
1
 90
0
176
1
 90
0
176
1
 40
0.6
176
1
 40
30.0
176
1
 62
7
420
16777215
176
1
 90
1
176
1
 90
4
176
1
 62
7
176
1
 62
257
176
1
 90
1
176
1
 90
1
176
1
 40
1.0
176
1
 90
8
176
1
 62
7
176
1
 40
1.0
176
1
 90
1
176
1
 90
6
176
1
 90
2
176
1
 62
7
176
1
 90
5
176
1
 90
0
176
1
 90
0
176
1
290
0
176
1
 90
1
176
1
 40
0.0
176
1
 90
0
176
1
290
1
176
1
290
1
176
1
290
0
176
1
290
0
176
1
290
0
176
1
290
0
176
1
290
0
176
1
290
0
176
1
290
0
176
1
 90
50
176
1
 40
0.0
176
1
 40
1.0
176
1
 90
0
176
1
 62
18
420
0
176
1
 90
50
176
1
 90
3
176
1
 62
5
420
255
176
1
290
0
176
1
 90
50
176
1
 90
50
176
1
 90
50
176
1
290
0
176
1
 90
50
176
1
 62
256
176
0
 40
1.0
176
0
 90
2
176
1
  1
strokes_ogs.tif
176
1
290
0
176
1
 40
1.0
176
1
 40
1.0
176
1
  0
VISUALSTYLE
  5
5B
102
{ACAD_REACTORS
330
16
102
}
330
16
100
AcDbVisualStyle
  2
Basic
 70
7
177
3
291
1
 70
58
 90
2
176
1
 90
2
176
1
 90
0
176
1
 90
1
176
1
 40
0.6
176
1
 40
30.0
176
1
 62
7
420
16777215
176
1
 90
1
176
1
 90
4
176
1
 62
7
176
1
 62
257
176
1
 90
1
176
1
 90
1
176
1
 40
1.0
176
1
 90
8
176
1
 62
7
176
1
 40
1.0
176
1
 90
1
176
1
 90
6
176
1
 90
2
176
1
 62
7
176
1
 90
5
176
1
 90
0
176
1
 90
0
176
1
290
0
176
1
 90
1
176
1
 40
0.0
176
1
 90
0
176
1
290
0
176
1
290
1
176
1
290
1
176
1
290
0
176
1
290
0
176
1
290
0
176
1
290
0
176
1
290
0
176
1
290
0
176
1
 90
50
176
1
 40
0.0
176
1
 40
1.0
176
1
 90
0
176
1
 62
18
420
0
176
1
 90
50
176
1
 90
3
176
1
 62
5
420
255
176
1
290
0
176
1
 90
50
176
1
 90
50
176
1
 90
50
176
1
290
0
176
1
 90
50
176
1
 62
256
176
0
 40
1.0
176
0
 90
2
176
1
  1
strokes_ogs.tif
176
1
290
0
176
1
 40
1.0
176
1
 40
1.0
176
1
  0
VISUALSTYLE
  5
5C
102
{ACAD_REACTORS
330
16
102
}
330
16
100
AcDbVisualStyle
  2
Brighten
 70
12
177
3
291
1
 70
58
 90
2
176
1
 90
2
176
1
 90
0
176
1
 90
2
176
1
 40
0.6
176
1
 40
30.0
176
1
 62
7
420
16777215
176
1
 90
1
176
1
 90
4
176
1
 62
7
176
1
 62
257
176
1
 90
1
176
1
 90
1
176
1
 40
1.0
176
1
 90
8
176
1
 62
7
176
1
 40
1.0
176
1
 90
1
176
1
 90
6
176
1
 90
2
176
1
 62
7
176
1
 90
5
176
1
 90
0
176
1
 90
0
176
1
290
0
176
1
 90
1
176
1
 40
0.0
176
1
 90
0
176
1
290
0
176
1
290
1
176
1
290
1
176
1
290
0
176
1
290
0
176
1
290
0
176
1
290
0
176
1
290
0
176
1
290
0
176
1
 90
50
176
1
 40
0.0
176
1
 40
1.0
176
1
 90
0
176
1
 62
18
420
0
176
1
 90
50
176
1
 90
3
176
1
 62
5
420
255
176
1
290
0
176
1
 90
50
176
1
 90
50
176
1
 90
50
176
1
290
0
176
1
 90
50
176
1
 62
256
176
0
 40
1.0
176
0
 90
2
176
1
  1
strokes_ogs.tif
176
1
290
0
176
1
 40
1.0
176
1
 40
1.0
176
1
  0
VISUALSTYLE
  5
5D
102
{ACAD_REACTORS
330
16
102
}
330
16
100
AcDbVisualStyle
  2
ColorChange
 70
16
177
3
291
1
 70
58
 90
2
176
1
 90
2
176
1
 90
0
176
1
 90
2
176
1
 40
0.6
176
1
 40
30.0
176
1
 62
7
420
16777215
176
1
 90
1
176
1
 90
4
176
1
 62
7
176
1
 62
257
176
1
 90
1
176
1
 90
1
176
1
 40
1.0
176
1
 90
8
176
1
 62
7
176
1
 40
1.0
176
1
 90
1
176
1
 90
6
176
1
 90
2
176
1
 62
7
176
1
 90
5
176
1
 90
0
176
1
 90
0
176
1
290
0
176
1
 90
1
176
1
 40
0.0
176
1
 90
0
176
1
290
0
176
1
290
1
176
1
290
1
176
1
290
0
176
1
290
0
176
1
290
0
176
1
290
0
176
1
290
0
176
1
290
0
176
1
 90
50
176
1
 40
0.0
176
1
 40
1.0
176
1
 90
0
176
1
 62
18
420
0
176
1
 90
50
176
1
 90
3
176
1
 62
5
420
255
176
1
290
0
176
1
 90
50
176
1
 90
50
176
1
 90
50
176
1
290
0
176
1
 90
50
176
1
 62
256
176
0
 40
1.0
176
0
 90
2
176
1
  1
strokes_ogs.tif
176
1
290
0
176
1
 40
1.0
176
1
 40
1.0
176
1
  0
VISUALSTYLE
  5
5E
102
{ACAD_REACTORS
330
16
102
}
330
16
100
AcDbVisualStyle
  2
Conceptual
 70
9
177
3
291
0
 70
58
 90
2
176
1
 90
2
176
1
 90
0
176
1
 90
3
176
1
 40
0.6
176
1
 40
30.0
176
1
 62
7
420
16777215
176
1
 90
1
176
1
 90
4
176
1
 62
7
176
1
 62
257
176
1
 90
1
176
1
 90
1
176
1
 40
1.0
176
1
 90
8
176
1
 62
7
176
1
 40
1.0
176
1
 90
1
176
1
 90
6
176
1
 90
2
176
1
 62
7
176
1
 90
5
176
1
 90
0
176
1
 90
0
176
1
290
0
176
1
 90
1
176
1
 40
0.0
176
1
 90
0
176
1
290
0
176
1
290
1
176
1
290
1
176
1
290
0
176
1
290
0
176
1
290
0
176
1
290
0
176
1
290
0
176
1
290
0
176
1
 90
50
176
1
 40
0.0
176
1
 40
1.0
176
1
 90
0
176
1
 62
18
420
0
176
1
 90
50
176
1
 90
3
176
1
 62
5
420
255
176
1
290
0
176
1
 90
50
176
1
 90
50
176
1
 90
50
176
1
290
0
176
1
 90
50
176
1
 62
256
176
0
 40
1.0
176
0
 90
2
176
1
  1
strokes_ogs.tif
176
1
290
0
176
1
 40
1.0
176
1
 40
1.0
176
1
  0
VISUALSTYLE
  5
5F
102
{ACAD_REACTORS
330
16
102
}
330
16
100
AcDbVisualStyle
  2
Dim
 70
11
177
3
291
1
 70
58
 90
2
176
1
 90
2
176
1
 90
0
176
1
 90
2
176
1
 40
0.6
176
1
 40
30.0
176
1
 62
7
420
16777215
176
1
 90
1
176
1
 90
4
176
1
 62
7
176
1
 62
257
176
1
 90
1
176
1
 90
1
176
1
 40
1.0
176
1
 90
8
176
1
 62
7
176
1
 40
1.0
176
1
 90
1
176
1
 90
6
176
1
 90
2
176
1
 62
7
176
1
 90
5
176
1
 90
0
176
1
 90
0
176
1
290
0
176
1
 90
1
176
1
 40
0.0
176
1
 90
0
176
1
290
0
176
1
290
1
176
1
290
1
176
1
290
0
176
1
290
0
176
1
290
0
176
1
290
0
176
1
290
0
176
1
290
0
176
1
 90
50
176
1
 40
0.0
176
1
 40
1.0
176
1
 90
0
176
1
 62
18
420
0
176
1
 90
50
176
1
 90
3
176
1
 62
5
420
255
176
1
290
0
176
1
 90
50
176
1
 90
50
176
1
 90
50
176
1
290
0
176
1
 90
50
176
1
 62
256
176
0
 40
1.0
176
0
 90
2
176
1
  1
strokes_ogs.tif
176
1
290
0
176
1
 40
1.0
176
1
 40
1.0
176
1
  0
VISUALSTYLE
  5
60
102
{ACAD_REACTORS
330
16
102
}
330
16
100
AcDbVisualStyle
  2
EdgeColorOff
 70
22
177
3
291
1
 70
58
 90
2
176
1
 90
2
176
1
 90
0
176
1
 90
2
176
1
 40
0.6
176
1
 40
30.0
176
1
 62
7
420
16777215
176
1
 90
1
176
1
 90
4
176
1
 62
7
176
1
 62
257
176
1
 90
1
176
1
 90
1
176
1
 40
1.0
176
1
 90
8
176
1
 62
7
176
1
 40
1.0
176
1
 90
1
176
1
 90
6
176
1
 90
2
176
1
 62
7
176
1
 90
5
176
1
 90
0
176
1
 90
0
176
1
290
0
176
1
 90
1
176
1
 40
0.0
176
1
 90
0
176
1
290
0
176
1
290
1
176
1
290
1
176
1
290
0
176
1
290
0
176
1
290
0
176
1
290
0
176
1
290
0
176
1
290
0
176
1
 90
50
176
1
 40
0.0
176
1
 40
1.0
176
1
 90
0
176
1
 62
18
420
0
176
1
 90
50
176
1
 90
3
176
1
 62
5
420
255
176
1
290
0
176
1
 90
50
176
1
 90
50
176
1
 90
50
176
1
290
0
176
1
 90
50
176
1
 62
256
176
0
 40
1.0
176
0
 90
2
176
1
  1
strokes_ogs.tif
176
1
290
0
176
1
 40
1.0
176
1
 40
1.0
176
1
  0
VISUALSTYLE
  5
61
102
{ACAD_REACTORS
330
16
102
}
330
16
100
AcDbVisualStyle
  2
Facepattern
 70
15
177
3
291
1
 70
58
 90
2
176
1
 90
2
176
1
 90
0
176
1
 90
2
176
1
 40
0.6
176
1
 40
30.0
176
1
 62
7
420
16777215
176
1
 90
1
176
1
 90
4
176
1
 62
7
176
1
 62
257
176
1
 90
1
176
1
 90
1
176
1
 40
1.0
176
1
 90
8
176
1
 62
7
176
1
 40
1.0
176
1
 90
1
176
1
 90
6
176
1
 90
2
176
1
 62
7
176
1
 90
5
176
1
 90
0
176
1
 90
0
176
1
290
0
176
1
 90
1
176
1
 40
0.0
176
1
 90
0
176
1
290
0
176
1
290
1
176
1
290
1
176
1
290
0
176
1
290
0
176
1
290
0
176
1
290
0
176
1
290
0
176
1
290
0
176
1
 90
50
176
1
 40
0.0
176
1
 40
1.0
176
1
 90
0
176
1
 62
18
420
0
176
1
 90
50
176
1
 90
3
176
1
 62
5
420
255
176
1
290
0
176
1
 90
50
176
1
 90
50
176
1
 90
50
176
1
290
0
176
1
 90
50
176
1
 62
256
176
0
 40
1.0
176
0
 90
2
176
1
  1
strokes_ogs.tif
176
1
290
0
176
1
 40
1.0
176
1
 40
1.0
176
1
  0
VISUALSTYLE
  5
62
102
{ACAD_REACTORS
330
16
102
}
330
16
100
AcDbVisualStyle
  2
Flat
 70
0
177
3
291
1
 70
58
 90
2
176
1
 90
2
176
1
 90
0
176
1
 90
2
176
1
 40
0.6
176
1
 40
30.0
176
1
 62
7
420
16777215
176
1
 90
1
176
1
 90
4
176
1
 62
7
176
1
 62
257
176
1
 90
1
176
1
 90
1
176
1
 40
1.0
176
1
 90
8
176
1
 62
7
176
1
 40
1.0
176
1
 90
1
176
1
 90
6
176
1
 90
2
176
1
 62
7
176
1
 90
5
176
1
 90
0
176
1
 90
0
176
1
290
0
176
1
 90
1
176
1
 40
0.0
176
1
 90
0
176
1
290
0
176
1
290
1
176
1
290
1
176
1
290
0
176
1
290
0
176
1
290
0
176
1
290
0
176
1
290
0
176
1
290
0
176
1
 90
50
176
1
 40
0.0
176
1
 40
1.0
176
1
 90
0
176
1
 62
18
420
0
176
1
 90
50
176
1
 90
3
176
1
 62
5
420
255
176
1
290
0
176
1
 90
50
176
1
 90
50
176
1
 90
50
176
1
290
0
176
1
 90
50
176
1
 62
256
176
0
 40
1.0
176
0
 90
2
176
1
  1
strokes_ogs.tif
176
1
290
0
176
1
 40
1.0
176
1
 40
1.0
176
1
  0
VISUALSTYLE
  5
63
102
{ACAD_REACTORS
330
16
102
}
330
16
100
AcDbVisualStyle
  2
FlatWithEdges
 70
1
177
3
291
1
 70
58
 90
2
176
1
 90
2
176
1
 90
0
176
1
 90
2
176
1
 40
0.6
176
1
 40
30.0
176
1
 62
7
420
16777215
176
1
 90
1
176
1
 90
4
176
1
 62
7
176
1
 62
257
176
1
 90
1
176
1
 90
1
176
1
 40
1.0
176
1
 90
8
176
1
 62
7
176
1
 40
1.0
176
1
 90
1
176
1
 90
6
176
1
 90
2
176
1
 62
7
176
1
 90
5
176
1
 90
0
176
1
 90
0
176
1
290
0
176
1
 90
1
176
1
 40
0.0
176
1
 90
0
176
1
290
0
176
1
290
1
176
1
290
1
176
1
290
0
176
1
290
0
176
1
290
0
176
1
290
0
176
1
290
0
176
1
290
0
176
1
 90
50
176
1
 40
0.0
176
1
 40
1.0
176
1
 90
0
176
1
 62
18
420
0
176
1
 90
50
176
1
 90
3
176
1
 62
5
420
255
176
1
290
0
176
1
 90
50
176
1
 90
50
176
1
 90
50
176
1
290
0
176
1
 90
50
176
1
 62
256
176
0
 40
1.0
176
0
 90
2
176
1
  1
strokes_ogs.tif
176
1
290
0
176
1
 40
1.0
176
1
 40
1.0
176
1
  0
VISUALSTYLE
  5
64
102
{ACAD_REACTORS
330
16
102
}
330
16
100
AcDbVisualStyle
  2
Gouraud
 70
2
177
3
291
1
 70
58
 90
2
176
1
 90
2
176
1
 90
0
176
1
 90
2
176
1
 40
0.6
176
1
 40
30.0
176
1
 62
7
420
16777215
176
1
 90
1
176
1
 90
4
176
1
 62
7
176
1
 62
257
176
1
 90
1
176
1
 90
1
176
1
 40
1.0
176
1
 90
8
176
1
 62
7
176
1
 40
1.0
176
1
 90
1
176
1
 90
6
176
1
 90
2
176
1
 62
7
176
1
 90
5
176
1
 90
0
176
1
 90
0
176
1
290
0
176
1
 90
1
176
1
 40
0.0
176
1
 90
0
176
1
290
0
176
1
290
1
176
1
290
1
176
1
290
0
176
1
290
0
176
1
290
0
176
1
290
0
176
1
290
0
176
1
290
0
176
1
 90
50
176
1
 40
0.0
176
1
 40
1.0
176
1
 90
0
176
1
 62
18
420
0
176
1
 90
50
176
1
 90
3
176
1
 62
5
420
255
176
1
290
0
176
1
 90
50
176
1
 90
50
176
1
 90
50
176
1
290
0
176
1
 90
50
176
1
 62
256
176
0
 40
1.0
176
0
 90
2
176
1
  1
strokes_ogs.tif
176
1
290
0
176
1
 40
1.0
176
1
 40
1.0
176
1
  0
VISUALSTYLE
  5
65
102
{ACAD_REACTORS
330
16
102
}
330
16
100
AcDbVisualStyle
  2
GouraudWithEdges
 70
3
177
3
291
1
 70
58
 90
2
176
1
 90
2
176
1
 90
0
176
1
 90
2
176
1
 40
0.6
176
1
 40
30.0
176
1
 62
7
420
16777215
176
1
 90
1
176
1
 90
4
176
1
 62
7
176
1
 62
257
176
1
 90
1
176
1
 90
1
176
1
 40
1.0
176
1
 90
8
176
1
 62
7
176
1
 40
1.0
176
1
 90
1
176
1
 90
6
176
1
 90
2
176
1
 62
7
176
1
 90
5
176
1
 90
0
176
1
 90
0
176
1
290
0
176
1
 90
1
176
1
 40
0.0
176
1
 90
0
176
1
290
0
176
1
290
1
176
1
290
1
176
1
290
0
176
1
290
0
176
1
290
0
176
1
290
0
176
1
290
0
176
1
290
0
176
1
 90
50
176
1
 40
0.0
176
1
 40
1.0
176
1
 90
0
176
1
 62
18
420
0
176
1
 90
50
176
1
 90
3
176
1
 62
5
420
255
176
1
290
0
176
1
 90
50
176
1
 90
50
176
1
 90
50
176
1
290
0
176
1
 90
50
176
1
 62
256
176
0
 40
1.0
176
0
 90
2
176
1
  1
strokes_ogs.tif
176
1
290
0
176
1
 40
1.0
176
1
 40
1.0
176
1
  0
VISUALSTYLE
  5
66
102
{ACAD_REACTORS
330
16
102
}
330
16
100
AcDbVisualStyle
  2
Hidden
 70
6
177
3
291
0
 70
58
 90
2
176
1
 90
2
176
1
 90
0
176
1
 90
1
176
1
 40
0.6
176
1
 40
30.0
176
1
 62
7
420
16777215
176
1
 90
1
176
1
 90
4
176
1
 62
7
176
1
 62
257
176
1
 90
1
176
1
 90
1
176
1
 40
1.0
176
1
 90
8
176
1
 62
7
176
1
 40
1.0
176
1
 90
1
176
1
 90
6
176
1
 90
2
176
1
 62
7
176
1
 90
5
176
1
 90
0
176
1
 90
0
176
1
290
0
176
1
 90
1
176
1
 40
0.0
176
1
 90
0
176
1
290
0
176
1
290
1
176
1
290
1
176
1
290
0
176
1
290
0
176
1
290
0
176
1
290
0
176
1
290
0
176
1
290
0
176
1
 90
50
176
1
 40
0.0
176
1
 40
1.0
176
1
 90
0
176
1
 62
18
420
0
176
1
 90
50
176
1
 90
3
176
1
 62
5
420
255
176
1
290
0
176
1
 90
50
176
1
 90
50
176
1
 90
50
176
1
290
0
176
1
 90
50
176
1
 62
256
176
0
 40
1.0
176
0
 90
2
176
1
  1
strokes_ogs.tif
176
1
290
0
176
1
 40
1.0
176
1
 40
1.0
176
1
  0
VISUALSTYLE
  5
67
102
{ACAD_REACTORS
330
16
102
}
330
16
100
AcDbVisualStyle
  2
JitterOff
 70
20
177
3
291
1
 70
58
 90
2
176
1
 90
2
176
1
 90
0
176
1
 90
2
176
1
 40
0.6
176
1
 40
30.0
176
1
 62
7
420
16777215
176
1
 90
1
176
1
 90
4
176
1
 62
7
176
1
 62
257
176
1
 90
1
176
1
 90
1
176
1
 40
1.0
176
1
 90
8
176
1
 62
7
176
1
 40
1.0
176
1
 90
1
176
1
 90
6
176
1
 90
2
176
1
 62
7
176
1
 90
5
176
1
 90
0
176
1
 90
0
176
1
290
0
176
1
 90
1
176
1
 40
0.0
176
1
 90
0
176
1
290
0
176
1
290
1
176
1
290
1
176
1
290
0
176
1
290
0
176
1
290
0
176
1
290
0
176
1
290
0
176
1
290
0
176
1
 90
50
176
1
 40
0.0
176
1
 40
1.0
176
1
 90
0
176
1
 62
18
420
0
176
1
 90
50
176
1
 90
3
176
1
 62
5
420
255
176
1
290
0
176
1
 90
50
176
1
 90
50
176
1
 90
50
176
1
290
0
176
1
 90
50
176
1
 62
256
176
0
 40
1.0
176
0
 90
2
176
1
  1
strokes_ogs.tif
176
1
290
0
176
1
 40
1.0
176
1
 40
1.0
176
1
  0
VISUALSTYLE
  5
68
102
{ACAD_REACTORS
330
16
102
}
330
16
100
AcDbVisualStyle
  2
Linepattern
 70
14
177
3
291
1
 70
58
 90
2
176
1
 90
2
176
1
 90
0
176
1
 90
2
176
1
 40
0.6
176
1
 40
30.0
176
1
 62
7
420
16777215
176
1
 90
1
176
1
 90
4
176
1
 62
7
176
1
 62
257
176
1
 90
1
176
1
 90
1
176
1
 40
1.0
176
1
 90
8
176
1
 62
7
176
1
 40
1.0
176
1
 90
1
176
1
 90
6
176
1
 90
2
176
1
 62
7
176
1
 90
5
176
1
 90
0
176
1
 90
0
176
1
290
0
176
1
 90
1
176
1
 40
0.0
176
1
 90
0
176
1
290
0
176
1
290
1
176
1
290
1
176
1
290
0
176
1
290
0
176
1
290
0
176
1
290
0
176
1
290
0
176
1
290
0
176
1
 90
50
176
1
 40
0.0
176
1
 40
1.0
176
1
 90
0
176
1
 62
18
420
0
176
1
 90
50
176
1
 90
3
176
1
 62
5
420
255
176
1
290
0
176
1
 90
50
176
1
 90
50
176
1
 90
50
176
1
290
0
176
1
 90
50
176
1
 62
256
176
0
 40
1.0
176
0
 90
2
176
1
  1
strokes_ogs.tif
176
1
290
0
176
1
 40
1.0
176
1
 40
1.0
176
1
  0
VISUALSTYLE
  5
69
102
{ACAD_REACTORS
330
16
102
}
330
16
100
AcDbVisualStyle
  2
Modeling
 70
10
177
3
291
0
 70
58
 90
2
176
1
 90
2
176
1
 90
0
176
1
 90
2
176
1
 40
0.6
176
1
 40
30.0
176
1
 62
7
420
16777215
176
1
 90
1
176
1
 90
4
176
1
 62
7
176
1
 62
257
176
1
 90
1
176
1
 90
1
176
1
 40
1.0
176
1
 90
8
176
1
 62
7
176
1
 40
1.0
176
1
 90
1
176
1
 90
6
176
1
 90
2
176
1
 62
7
176
1
 90
5
176
1
 90
0
176
1
 90
0
176
1
290
0
176
1
 90
1
176
1
 40
0.0
176
1
 90
0
176
1
290
0
176
1
290
1
176
1
290
1
176
1
290
0
176
1
290
0
176
1
290
0
176
1
290
0
176
1
290
0
176
1
290
0
176
1
 90
50
176
1
 40
0.0
176
1
 40
1.0
176
1
 90
0
176
1
 62
18
420
0
176
1
 90
50
176
1
 90
3
176
1
 62
5
420
255
176
1
290
0
176
1
 90
50
176
1
 90
50
176
1
 90
50
176
1
290
0
176
1
 90
50
176
1
 62
256
176
0
 40
1.0
176
0
 90
2
176
1
  1
strokes_ogs.tif
176
1
290
0
176
1
 40
1.0
176
1
 40
1.0
176
1
  0
VISUALSTYLE
  5
6A
102
{ACAD_REACTORS
330
16
102
}
330
16
100
AcDbVisualStyle
  2
OverhangOff
 70
21
177
3
291
1
 70
58
 90
2
176
1
 90
2
176
1
 90
0
176
1
 90
2
176
1
 40
0.6
176
1
 40
30.0
176
1
 62
7
420
16777215
176
1
 90
1
176
1
 90
4
176
1
 62
7
176
1
 62
257
176
1
 90
1
176
1
 90
1
176
1
 40
1.0
176
1
 90
8
176
1
 62
7
176
1
 40
1.0
176
1
 90
1
176
1
 90
6
176
1
 90
2
176
1
 62
7
176
1
 90
5
176
1
 90
0
176
1
 90
0
176
1
290
0
176
1
 90
1
176
1
 40
0.0
176
1
 90
0
176
1
290
0
176
1
290
1
176
1
290
1
176
1
290
0
176
1
290
0
176
1
290
0
176
1
290
0
176
1
290
0
176
1
290
0
176
1
 90
50
176
1
 40
0.0
176
1
 40
1.0
176
1
 90
0
176
1
 62
18
420
0
176
1
 90
50
176
1
 90
3
176
1
 62
5
420
255
176
1
290
0
176
1
 90
50
176
1
 90
50
176
1
 90
50
176
1
290
0
176
1
 90
50
176
1
 62
256
176
0
 40
1.0
176
0
 90
2
176
1
  1
strokes_ogs.tif
176
1
290
0
176
1
 40
1.0
176
1
 40
1.0
176
1
  0
VISUALSTYLE
  5
6B
102
{ACAD_REACTORS
330
16
102
}
330
16
100
AcDbVisualStyle
  2
Realistic
 70
8
177
3
291
0
 70
58
 90
2
176
1
 90
2
176
1
 90
0
176
1
 90
2
176
1
 40
0.6
176
1
 40
30.0
176
1
 62
7
420
16777215
176
1
 90
1
176
1
 90
4
176
1
 62
7
176
1
 62
257
176
1
 90
1
176
1
 90
1
176
1
 40
1.0
176
1
 90
8
176
1
 62
7
176
1
 40
1.0
176
1
 90
1
176
1
 90
6
176
1
 90
2
176
1
 62
7
176
1
 90
5
176
1
 90
0
176
1
 90
0
176
1
290
0
176
1
 90
1
176
1
 40
0.0
176
1
 90
0
176
1
290
0
176
1
290
1
176
1
290
1
176
1
290
0
176
1
290
0
176
1
290
0
176
1
290
0
176
1
290
0
176
1
290
0
176
1
 90
50
176
1
 40
0.0
176
1
 40
1.0
176
1
 90
0
176
1
 62
18
420
0
176
1
 90
50
176
1
 90
3
176
1
 62
5
420
255
176
1
290
0
176
1
 90
50
176
1
 90
50
176
1
 90
50
176
1
290
0
176
1
 90
50
176
1
 62
256
176
0
 40
1.0
176
0
 90
2
176
1
  1
strokes_ogs.tif
176
1
290
0
176
1
 40
1.0
176
1
 40
1.0
176
1
  0
VISUALSTYLE
  5
6C
102
{ACAD_REACTORS
330
16
102
}
330
16
100
AcDbVisualStyle
  2
Shaded
 70
27
177
3
291
0
 70
58
 90
2
176
1
 90
2
176
1
 90
0
176
1
 90
2
176
1
 40
0.6
176
1
 40
30.0
176
1
 62
7
420
16777215
176
1
 90
1
176
1
 90
4
176
1
 62
7
176
1
 62
257
176
1
 90
1
176
1
 90
1
176
1
 40
1.0
176
1
 90
8
176
1
 62
7
176
1
 40
1.0
176
1
 90
1
176
1
 90
6
176
1
 90
2
176
1
 62
7
176
1
 90
5
176
1
 90
0
176
1
 90
0
176
1
290
0
176
1
 90
1
176
1
 40
0.0
176
1
 90
0
176
1
290
0
176
1
290
1
176
1
290
1
176
1
290
0
176
1
290
0
176
1
290
0
176
1
290
0
176
1
290
0
176
1
290
0
176
1
 90
50
176
1
 40
0.0
176
1
 40
1.0
176
1
 90
0
176
1
 62
18
420
0
176
1
 90
50
176
1
 90
3
176
1
 62
5
420
255
176
1
290
0
176
1
 90
50
176
1
 90
50
176
1
 90
50
176
1
290
0
176
1
 90
50
176
1
 62
256
176
0
 40
1.0
176
0
 90
2
176
1
  1
strokes_ogs.tif
176
1
290
0
176
1
 40
1.0
176
1
 40
1.0
176
1
  0
VISUALSTYLE
  5
6D
102
{ACAD_REACTORS
330
16
102
}
330
16
100
AcDbVisualStyle
  2
Shaded with edges
 70
26
177
3
291
0
 70
58
 90
2
176
1
 90
2
176
1
 90
0
176
1
 90
2
176
1
 40
0.6
176
1
 40
30.0
176
1
 62
7
420
16777215
176
1
 90
1
176
1
 90
4
176
1
 62
7
176
1
 62
257
176
1
 90
1
176
1
 90
1
176
1
 40
1.0
176
1
 90
8
176
1
 62
7
176
1
 40
1.0
176
1
 90
1
176
1
 90
6
176
1
 90
2
176
1
 62
7
176
1
 90
5
176
1
 90
0
176
1
 90
0
176
1
290
0
176
1
 90
1
176
1
 40
0.0
176
1
 90
0
176
1
290
0
176
1
290
1
176
1
290
1
176
1
290
0
176
1
290
0
176
1
290
0
176
1
290
0
176
1
290
0
176
1
290
0
176
1
 90
50
176
1
 40
0.0
176
1
 40
1.0
176
1
 90
0
176
1
 62
18
420
0
176
1
 90
50
176
1
 90
3
176
1
 62
5
420
255
176
1
290
0
176
1
 90
50
176
1
 90
50
176
1
 90
50
176
1
290
0
176
1
 90
50
176
1
 62
256
176
0
 40
1.0
176
0
 90
2
176
1
  1
strokes_ogs.tif
176
1
290
0
176
1
 40
1.0
176
1
 40
1.0
176
1
  0
VISUALSTYLE
  5
6E
102
{ACAD_REACTORS
330
16
102
}
330
16
100
AcDbVisualStyle
  2
Shades of Gray
 70
23
177
3
291
0
 70
58
 90
2
176
1
 90
2
176
1
 90
0
176
1
 90
2
176
1
 40
0.6
176
1
 40
30.0
176
1
 62
7
420
16777215
176
1
 90
1
176
1
 90
4
176
1
 62
7
176
1
 62
257
176
1
 90
1
176
1
 90
1
176
1
 40
1.0
176
1
 90
8
176
1
 62
7
176
1
 40
1.0
176
1
 90
1
176
1
 90
6
176
1
 90
2
176
1
 62
7
176
1
 90
5
176
1
 90
0
176
1
 90
0
176
1
290
0
176
1
 90
1
176
1
 40
0.0
176
1
 90
0
176
1
290
0
176
1
290
1
176
1
290
1
176
1
290
0
176
1
290
0
176
1
290
0
176
1
290
0
176
1
290
0
176
1
290
0
176
1
 90
50
176
1
 40
0.0
176
1
 40
1.0
176
1
 90
0
176
1
 62
18
420
0
176
1
 90
50
176
1
 90
3
176
1
 62
5
420
255
176
1
290
0
176
1
 90
50
176
1
 90
50
176
1
 90
50
176
1
290
0
176
1
 90
50
176
1
 62
256
176
0
 40
1.0
176
0
 90
2
176
1
  1
strokes_ogs.tif
176
1
290
0
176
1
 40
1.0
176
1
 40
1.0
176
1
  0
VISUALSTYLE
  5
6F
102
{ACAD_REACTORS
330
16
102
}
330
16
100
AcDbVisualStyle
  2
Sketchy
 70
24
177
3
291
0
 70
58
 90
2
176
1
 90
2
176
1
 90
0
176
1
 90
1
176
1
 40
0.6
176
1
 40
30.0
176
1
 62
7
420
16777215
176
1
 90
1
176
1
 90
4
176
1
 62
7
176
1
 62
257
176
1
 90
1
176
1
 90
1
176
1
 40
1.0
176
1
 90
8
176
1
 62
7
176
1
 40
1.0
176
1
 90
1
176
1
 90
6
176
1
 90
2
176
1
 62
7
176
1
 90
5
176
1
 90
0
176
1
 90
0
176
1
290
0
176
1
 90
1
176
1
 40
0.0
176
1
 90
0
176
1
290
0
176
1
290
1
176
1
290
1
176
1
290
0
176
1
290
0
176
1
290
0
176
1
290
0
176
1
290
0
176
1
290
0
176
1
 90
50
176
1
 40
0.0
176
1
 40
1.0
176
1
 90
0
176
1
 62
18
420
0
176
1
 90
50
176
1
 90
3
176
1
 62
5
420
255
176
1
290
0
176
1
 90
50
176
1
 90
50
176
1
 90
50
176
1
290
0
176
1
 90
50
176
1
 62
256
176
0
 40
1.0
176
0
 90
2
176
1
  1
strokes_ogs.tif
176
1
290
0
176
1
 40
1.0
176
1
 40
1.0
176
1
  0
VISUALSTYLE
  5
70
102
{ACAD_REACTORS
330
16
102
}
330
16
100
AcDbVisualStyle
  2
Thicken
 70
13
177
3
291
1
 70
58
 90
2
176
1
 90
2
176
1
 90
0
176
1
 90
2
176
1
 40
0.6
176
1
 40
30.0
176
1
 62
7
420
16777215
176
1
 90
1
176
1
 90
4
176
1
 62
7
176
1
 62
257
176
1
 90
1
176
1
 90
1
176
1
 40
1.0
176
1
 90
8
176
1
 62
7
176
1
 40
1.0
176
1
 90
1
176
1
 90
6
176
1
 90
2
176
1
 62
7
176
1
 90
5
176
1
 90
0
176
1
 90
0
176
1
290
0
176
1
 90
1
176
1
 40
0.0
176
1
 90
0
176
1
290
0
176
1
290
1
176
1
290
1
176
1
290
0
176
1
290
0
176
1
290
0
176
1
290
0
176
1
290
0
176
1
290
0
176
1
 90
50
176
1
 40
0.0
176
1
 40
1.0
176
1
 90
0
176
1
 62
18
420
0
176
1
 90
50
176
1
 90
3
176
1
 62
5
420
255
176
1
290
0
176
1
 90
50
176
1
 90
50
176
1
 90
50
176
1
290
0
176
1
 90
50
176
1
 62
256
176
0
 40
1.0
176
0
 90
2
176
1
  1
strokes_ogs.tif
176
1
290
0
176
1
 40
1.0
176
1
 40
1.0
176
1
  0
VISUALSTYLE
  5
71
102
{ACAD_REACTORS
330
16
102
}
330
16
100
AcDbVisualStyle
  2
Wireframe
 70
5
177
3
291
0
 70
58
 90
2
176
1
 90
2
176
1
 90
0
176
1
 90
0
176
1
 40
0.6
176
1
 40
30.0
176
1
 62
7
420
16777215
176
1
 90
1
176
1
 90
4
176
1
 62
7
176
1
 62
257
176
1
 90
1
176
1
 90
1
176
1
 40
1.0
176
1
 90
8
176
1
 62
7
176
1
 40
1.0
176
1
 90
1
176
1
 90
6
176
1
 90
2
176
1
 62
7
176
1
 90
5
176
1
 90
0
176
1
 90
0
176
1
290
0
176
1
 90
1
176
1
 40
0.0
176
1
 90
0
176
1
290
0
176
1
290
1
176
1
290
1
176
1
290
0
176
1
290
0
176
1
290
0
176
1
290
0
176
1
290
0
176
1
290
0
176
1
 90
50
176
1
 40
0.0
176
1
 40
1.0
176
1
 90
0
176
1
 62
18
420
0
176
1
 90
50
176
1
 90
3
176
1
 62
5
420
255
176
1
290
0
176
1
 90
50
176
1
 90
50
176
1
 90
50
176
1
290
0
176
1
 90
50
176
1
 62
256
176
0
 40
1.0
176
0
 90
2
176
1
  1
strokes_ogs.tif
176
1
290
0
176
1
 40
1.0
176
1
 40
1.0
176
1
  0
VISUALSTYLE
  5
72
102
{ACAD_REACTORS
330
16
102
}
330
16
100
AcDbVisualStyle
  2
X-Ray
 70
25
177
3
291
0
 70
58
 90
2
176
1
 90
2
176
1
 90
0
176
1
 90
2
176
1
 40
0.5
176
1
 40
30.0
176
1
 62
7
420
16777215
176
1
 90
1
176
1
 90
4
176
1
 62
7
176
1
 62
257
176
1
 90
1
176
1
 90
1
176
1
 40
1.0
176
1
 90
8
176
1
 62
7
176
1
 40
1.0
176
1
 90
1
176
1
 90
6
176
1
 90
2
176
1
 62
7
176
1
 90
5
176
1
 90
0
176
1
 90
0
176
1
290
0
176
1
 90
1
176
1
 40
0.0
176
1
 90
0
176
1
290
0
176
1
290
1
176
1
290
1
176
1
290
0
176
1
290
0
176
1
290
0
176
1
290
0
176
1
290
0
176
1
290
0
176
1
 90
50
176
1
 40
0.0
176
1
 40
1.0
176
1
 90
0
176
1
 62
18
420
0
176
1
 90
50
176
1
 90
3
176
1
 62
5
420
255
176
1
290
0
176
1
 90
50
176
1
 90
50
176
1
 90
50
176
1
290
0
176
1
 90
50
176
1
 62
256
176
0
 40
1.0
176
0
 90
2
176
1
  1
strokes_ogs.tif
176
1
290
0
176
1
 40
1.0
176
1
 40
1.0
176
1
  0
WIPEOUTVARIABLES
  5
8A
102
{ACAD_REACTORS
330
A
102
}
330
A
100
AcDbWipeoutVariables
 70
0
  0
DICTIONARY
  5
8B
330
A
100
AcDbDictionary
281
1
  3
WIPEOUTFRAME
350
8C
  0
DICTIONARYVAR
  5
8C
330
8B
100
DictionaryVariables
280
0
  1
0
  0
DICTIONARYVAR
  5
32B
330
2D
100
DictionaryVariables
280
0
  1
1.4.4 @ 2026-09-29T15:46:39.609741+00:00
  0
ENDSEC
  0
EOF
