  0
SECTION
  2
HEADER
  9
$ACADVER
  1
AC1024
  9
$ACADMAINTVER
 70
6
  9
$DWGCODEPAGE
  3
ANSI_1252
  9
$LASTSAVEDBY
  1
ezdxf
  9
$INSBASE
 10
0.0
 20
0.0
 30
0.0
  9
$EXTMIN
 10
1e+20
 20
1e+20
 30
1e+20
  9
$EXTMAX
 10
-1e+20
 20
-1e+20
 30
-1e+20
  9
$LIMMIN
 10
0.0
 20
0.0
  9
$LIMMAX
 10
420.0
 20
297.0
  9
$ORTHOMODE
 70
0
  9
$REGENMODE
 70
1
  9
$FILLMODE
 70
1
  9
$QTEXTMODE
 70
0
  9
$MIRRTEXT
 70
1
  9
$LTSCALE
 40
1.0
  9
$ATTMODE
 70
1
  9
$TEXTSIZE
 40
2.5
  9
$TRACEWID
 40
1.0
  9
$TEXTSTYLE
  7
Standard
  9
$CLAYER
  8
0
  9
$CELTYPE
  6
ByLayer
  9
$CECOLOR
 62
256
  9
$CELTSCALE
 40
1.0
  9
$DISPSILH
 70
0
  9
$DIMSCALE
 40
1.0
  9
$DIMASZ
 40
2.5
  9
$DIMEXO
 40
0.625
  9
$DIMDLI
 40
3.75
  9
$DIMRND
 40
0.0
  9
$DIMDLE
 40
0.0
  9
$DIMEXE
 40
1.25
  9
$DIMTP
 40
0.0
  9
$DIMTM
 40
0.0
  9
$DIMTXT
 40
2.5
  9
$DIMCEN
 40
2.5
  9
$DIMTSZ
 40
0.0
  9
$DIMTOL
 70
0
  9
$DIMLIM
 70
0
  9
$DIMTIH
 70
0
  9
$DIMTOH
 70
0
  9
$DIMSE1
 70
0
  9
$DIMSE2
 70
0
  9
$DIMTAD
 70
1
  9
$DIMZIN
 70
8
  9
$DIMBLK
  1

  9
$DIMASO
 70
1
  9
$DIMSHO
 70
1
  9
$DIMPOST
  1

  9
$DIMAPOST
  1

  9
$DIMALT
 70
0
  9
$DIMALTD
 70
3
  9
$DIMALTF
 40
0.03937007874
  9
$DIMLFAC
 40
1.0
  9
$DIMTOFL
 70
1
  9
$DIMTVP
 40
0.0
  9
$DIMTIX
 70
0
  9
$DIMSOXD
 70
0
  9
$DIMSAH
 70
0
  9
$DIMBLK1
  1

  9
$DIMBLK2
  1

  9
$DIMSTYLE
  2
ISO-25
  9
$DIMCLRD
 70
0
  9
$DIMCLRE
 70
0
  9
$DIMCLRT
 70
0
  9
$DIMTFAC
 40
1.0
  9
$DIMGAP
 40
0.625
  9
$DIMJUST
 70
0
  9
$DIMSD1
 70
0
  9
$DIMSD2
 70
0
  9
$DIMTOLJ
 70
0
  9
$DIMTZIN
 70
8
  9
$DIMALTZ
 70
0
  9
$DIMALTTZ
 70
0
  9
$DIMUPT
 70
0
  9
$DIMDEC
 70
2
  9
$DIMTDEC
 70
2
  9
$DIMALTU
 70
2
  9
$DIMALTTD
 70
3
  9
$DIMTXSTY
  7
Standard
  9
$DIMAUNIT
 70
0
  9
$DIMADEC
 70
0
  9
$DIMALTRND
 40
0.0
  9
$DIMAZIN
 70
0
  9
$DIMDSEP
 70
44
  9
$DIMATFIT
 70
3
  9
$DIMFRAC
 70
0
  9
$DIMLDRBLK
  1

  9
$DIMLUNIT
 70
2
  9
$DIMLWD
 70
-2
  9
$DIMLWE
 70
-2
  9
$DIMTMOVE
 70
0
  9
$DIMFXL
 40
1.0
  9
$DIMFXLON
 70
0
  9
$DIMJOGANG
 40
0.785398163397
  9
$DIMTFILL
 70
0
  9
$DIMTFILLCLR
 70
0
  9
$DIMARCSYM
 70
0
  9
$DIMLTYPE
  6

  9
$DIMLTEX1
  6

  9
$DIMLTEX2
  6

  9
$DIMTXTDIRECTION
 70
0
  9
$LUNITS
 70
2
  9
$LUPREC
 70
4
  9
$SKETCHINC
 40
1.0
  9
$FILLETRAD
 40
10.0
  9
$AUNITS
 70
0
  9
$AUPREC
 70
2
  9
$MENU
  1
.
  9
$ELEVATION
 40
0.0
  9
$PELEVATION
 40
0.0
  9
$THICKNESS
 40
0.0
  9
$LIMCHECK
 70
0
  9
$CHAMFERA
 40
0.0
  9
$CHAMFERB
 40
0.0
  9
$CHAMFERC
 40
0.0
  9
$CHAMFERD
 40
0.0
  9
$SKPOLY
 70
0
  9
$TDCREATE
 40
2461308.593425926
  9
$TDUCREATE
 40
2458532.153996898
  9
$TDUPDATE
 40
2461308.5934375
  9
$TDUUPDATE
 40
2458532.1544311
  9
$TDINDWG
 40
0.0
  9
$TDUSRTIMER
 40
0.0
  9
$USRTIMER
 70
1
  9
$ANGBASE
 50
0.0
  9
$ANGDIR
 70
0
  9
$PDMODE
 70
0
  9
$PDSIZE
 40
0.0
  9
$PLINEWID
 40
0.0
  9
$SPLFRAME
 70
0
  9
$SPLINETYPE
 70
6
  9
$SPLINESEGS
 70
8
  9
$HANDSEED
  5
751
  9
$SURFTAB1
 70
6
  9
$SURFTAB2
 70
6
  9
$SURFTYPE
 70
6
  9
$SURFU
 70
6
  9
$SURFV
 70
6
  9
$UCSBASE
  2

  9
$UCSNAME
  2

  9
$UCSORG
 10
0.0
 20
0.0
 30
0.0
  9
$UCSXDIR
 10
1.0
 20
0.0
 30
0.0
  9
$UCSYDIR
 10
0.0
 20
1.0
 30
0.0
  9
$UCSORTHOREF
  2

  9
$UCSORTHOVIEW
 70
0
  9
$UCSORGTOP
 10
0.0
 20
0.0
 30
0.0
  9
$UCSORGBOTTOM
 10
0.0
 20
0.0
 30
0.0
  9
$UCSORGLEFT
 10
0.0
 20
0.0
 30
0.0
  9
$UCSORGRIGHT
 10
0.0
 20
0.0
 30
0.0
  9
$UCSORGFRONT
 10
0.0
 20
0.0
 30
0.0
  9
$UCSORGBACK
 10
0.0
 20
0.0
 30
0.0
  9
$PUCSBASE
  2

  9
$PUCSNAME
  2

  9
$PUCSORG
 10
0.0
 20
0.0
 30
0.0
  9
$PUCSXDIR
 10
1.0
 20
0.0
 30
0.0
  9
$PUCSYDIR
 10
0.0
 20
1.0
 30
0.0
  9
$PUCSORTHOREF
  2

  9
$PUCSORTHOVIEW
 70
0
  9
$PUCSORGTOP
 10
0.0
 20
0.0
 30
0.0
  9
$PUCSORGBOTTOM
 10
0.0
 20
0.0
 30
0.0
  9
$PUCSORGLEFT
 10
0.0
 20
0.0
 30
0.0
  9
$PUCSORGRIGHT
 10
0.0
 20
0.0
 30
0.0
  9
$PUCSORGFRONT
 10
0.0
 20
0.0
 30
0.0
  9
$PUCSORGBACK
 10
0.0
 20
0.0
 30
0.0
  9
$USERI1
 70
0
  9
$USERI2
 70
0
  9
$USERI3
 70
0
  9
$USERI4
 70
0
  9
$USERI5
 70
0
  9
$USERR1
 40
0.0
  9
$USERR2
 40
0.0
  9
$USERR3
 40
0.0
  9
$USERR4
 40
0.0
  9
$USERR5
 40
0.0
  9
$WORLDVIEW
 70
1
  9
$SHADEDGE
 70
3
  9
$SHADEDIF
 70
70
  9
$TILEMODE
 70
1
  9
$MAXACTVP
 70
64
  9
$PINSBASE
 10
0.0
 20
0.0
 30
0.0
  9
$PLIMCHECK
 70
0
  9
$PEXTMIN
 10
1e+20
 20
1e+20
 30
1e+20
  9
$PEXTMAX
 10
-1e+20
 20
-1e+20
 30
-1e+20
  9
$PLIMMIN
 10
0.0
 20
0.0
  9
$PLIMMAX
 10
420.0
 20
297.0
  9
$UNITMODE
 70
0
  9
$VISRETAIN
 70
1
  9
$PLINEGEN
 70
0
  9
$PSLTSCALE
 70
1
  9
$TREEDEPTH
 70
3020
  9
$CMLSTYLE
  2
Standard
  9
$CMLJUST
 70
0
  9
$CMLSCALE
 40
20.0
  9
$PROXYGRAPHICS
 70
1
  9
$MEASUREMENT
 70
1
  9
$CELWEIGHT
370
-1
  9
$ENDCAPS
280
0
  9
$JOINSTYLE
280
0
  9
$LWDISPLAY
290
0
  9
$INSUNITS
 70
4
  9
$HYPERLINKBASE
  1

  9
$STYLESHEET
  1

  9
$XEDIT
290
1
  9
$CEPSNTYPE
380
0
  9
$PSTYLEMODE
290
1
  9
$FINGERPRINTGUID
  2
{4F633330-FD00-4A44-99F0-BBBA47781D46}
  9
$VERSIONGUID
  2
{60950310-F5AF-4CED-9E22-0D91F8C14F93}
  9
$EXTNAMES
290
1
  9
$PSVPSCALE
 40
0.0
  9
$OLESTARTUP
290
0
  9
$SORTENTS
280
127
  9
$INDEXCTL
280
0
  9
$HIDETEXT
280
1
  9
$XCLIPFRAME
280
1
  9
$HALOGAP
280
0
  9
$OBSCOLOR
 70
257
  9
$OBSLTYPE
280
0
  9
$INTERSECTIONDISPLAY
280
0
  9
$INTERSECTIONCOLOR
 70
257
  9
$DIMASSOC
280
2
  9
$PROJECTNAME
  1

  9
$CAMERADISPLAY
290
0
  9
$LENSLENGTH
 40
50.0
  9
$CAMERAHEIGHT
 40
0.0
  9
$STEPSPERSEC
 40
24.0
  9
$STEPSIZE
 40
100.0
  9
$3DDWFPREC
 40
2.0
  9
$PSOLWIDTH
 40
0.005
  9
$PSOLHEIGHT
 40
0.08
  9
$LOFTANG1
 40
1.570796326795
  9
$LOFTANG2
 40
1.570796326795
  9
$LOFTMAG1
 40
0.0
  9
$LOFTMAG2
 40
0.0
  9
$LOFTPARAM
 70
7
  9
$LOFTNORMALS
280
1
  9
$LATITUDE
 40
37.795
  9
$LONGITUDE
 40
-122.394
  9
$NORTHDIRECTION
 40
0.0
  9
$TIMEZONE
 70
-8000
  9
$LIGHTGLYPHDISPLAY
280
1
  9
$TILEMODELIGHTSYNCH
280
1
  9
$CMATERIAL
347
20
  9
$SOLIDHIST
280
0
  9
$SHOWHIST
280
1
  9
$DWFFRAME
280
2
  9
$DGNFRAME
280
2
  9
$REALWORLDSCALE
290
1
  9
$INTERFERECOLOR
 62
256
  9
$CSHADOW
280
0
  9
$SHADOWPLANELOCATION
 40
0.0
  0
ENDSEC
  0
SECTION
  2
CLASSES
  0
CLASS
  1
ACDBDICTIONARYWDFLT
  2
AcDbDictionaryWithDefault
  3
ObjectDBX Classes
 90
0
 91
0
280
0
281
0
  0
CLASS
  1
SUN
  2
AcDbSun
  3
SCENEOE
 90
1153
 91
0
280
0
281
0
  0
CLASS
  1
VISUALSTYLE
  2
AcDbVisualStyle
  3
ObjectDBX Classes
 90
4095
 91
0
280
0
281
0
  0
CLASS
  1
MATERIAL
  2
AcDbMaterial
  3
ObjectDBX Classes
 90
1153
 91
0
280
0
281
0
  0
CLASS
  1
SCALE
  2
AcDbScale
  3
ObjectDBX Classes
 90
1153
 91
0
280
0
281
0
  0
CLASS
  1
TABLESTYLE
  2
AcDbTableStyle
  3
ObjectDBX Classes
 90
4095
 91
0
280
0
281
0
  0
CLASS
  1
MLEADERSTYLE
  2
AcDbMLeaderStyle
  3
ACDB_MLEADERSTYLE_CLASS
 90
4095
 91
0
280
0
281
0
  0
CLASS
  1
DICTIONARYVAR
  2
AcDbDictionaryVar
  3
ObjectDBX Classes
 90
0
 91
0
280
0
281
0
  0
CLASS
  1
CELLSTYLEMAP
  2
AcDbCellStyleMap
  3
ObjectDBX Classes
 90
1152
 91
0
280
0
281
0
  0
CLASS
  1
MENTALRAYRENDERSETTINGS
  2
AcDbMentalRayRenderSettings
  3
SCENEOE
 90
1024
 91
0
280
0
281
0
  0
CLASS
  1
ACDBDETAILVIEWSTYLE
  2
AcDbDetailViewStyle
  3
ObjectDBX Classes
 90
1025
 91
0
280
0
281
0
  0
CLASS
  1
ACDBSECTIONVIEWSTYLE
  2
AcDbSectionViewStyle
  3
ObjectDBX Classes
 90
1025
 91
0
280
0
281
0
  0
CLASS
  1
RASTERVARIABLES
  2
AcDbRasterVariables
  3
ISM
 90
0
 91
0
280
0
281
0
  0
CLASS
  1
ACDBPLACEHOLDER
  2
AcDbPlaceHolder
  3
ObjectDBX Classes
 90
0
 91
0
280
0
281
0
  0
CLASS
  1
LAYOUT
  2
AcDbLayout
  3
ObjectDBX Classes
 90
0
 91
0
280
0
281
0
  0
ENDSEC
  0
SECTION
  2
TABLES
  0
TABLE
  2
VPORT
  5
8
330
0
100
AcDbSymbolTable
 70
1
  0
VPORT
  5
74D
330
8
100
AcDbSymbolTableRecord
100
AcDbViewportTableRecord
  2
*Active
 70
0
 10
0.0
 20
0.0
 11
1.0
 21
1.0
 12
9000.0
 22
500.0
 13
0.0
 23
0.0
 14
0.5
 24
0.5
 15
0.5
 25
0.5
 16
0.0
 26
0.0
 36
1.0
 17
0.0
 27
0.0
 37
0.0
 40
11000.0
 41
1.34
 42
50.0
 43
0.0
 44
0.0
 50
0.0
 51
0.0
 71
0
 72
1000
 73
1
 74
3
 75
0
 76
0
 77
0
 78
0
281
0
 65
1
110
0.0
120
0.0
130
0.0
111
1.0
121
0.0
131
0.0
112
0.0
122
1.0
132
0.0
 79
0
146
0.0
  0
ENDTAB
  0
TABLE
  2
LTYPE
  5
2
330
0
100
AcDbSymbolTable
 70
4
  0
LTYPE
  5
24
330
2
100
AcDbSymbolTableRecord
100
AcDbLinetypeTableRecord
  2
ByBlock
 70
0
  3

 72
65
 73
0
 40
0.0
  0
LTYPE
  5
25
330
2
100
AcDbSymbolTableRecord
100
AcDbLinetypeTableRecord
  2
ByLayer
 70
0
  3

 72
65
 73
0
 40
0.0
  0
LTYPE
  5
26
330
2
100
AcDbSymbolTableRecord
100
AcDbLinetypeTableRecord
  2
Continuous
 70
0
  3

 72
65
 73
0
 40
0.0
  0
LTYPE
  5
2F
330
2
100
AcDbSymbolTableRecord
100
AcDbLinetypeTableRecord
  2
OCULTA
 70
0
  3
Oculta __ __ __
 72
65
 73
2
 40
150.0
 49
100.0
 74
0
 49
-50.0
 74
0
  0
ENDTAB
  0
TABLE
  2
LAYER
  5
1
330
0
100
AcDbSymbolTable
 70
22
  0
LAYER
  5
27
330
1
100
AcDbSymbolTableRecord
100
AcDbLayerTableRecord
  2
0
 70
0
 62
7
  6
Continuous
370
-3
390
13
347
21
  0
LAYER
  5
28
330
1
100
AcDbSymbolTableRecord
100
AcDbLayerTableRecord
  2
Defpoints
 70
0
 62
7
  6
Continuous
290
0
370
-3
390
13
347
21
  0
LAYER
  5
30
330
1
100
AcDbSymbolTableRecord
100
AcDbLayerTableRecord
  2
A-MURO-BLOQUE
 70
0
 62
2
  6
Continuous
370
35
390
13
347
21
  0
LAYER
  5
31
330
1
100
AcDbSymbolTableRecord
100
AcDbLayerTableRecord
  2
A-MURO-TRASDOSADO
 70
0
 62
8
  6
Continuous
370
18
390
13
347
21
  0
LAYER
  5
32
330
1
100
AcDbSymbolTableRecord
100
AcDbLayerTableRecord
  2
A-TABIQUE
 70
0
 62
2
  6
Continuous
370
25
390
13
347
21
  0
LAYER
  5
33
330
1
100
AcDbSymbolTableRecord
100
AcDbLayerTableRecord
  2
A-POCHE
 70
0
 62
252
  6
Continuous
370
-3
390
13
347
21
  0
LAYER
  5
34
330
1
100
AcDbSymbolTableRecord
100
AcDbLayerTableRecord
  2
A-CARPINTERIA
 70
0
 62
4
  6
Continuous
370
18
390
13
347
21
  0
LAYER
  5
35
330
1
100
AcDbSymbolTableRecord
100
AcDbLayerTableRecord
  2
A-ESCALERA
 70
0
 62
7
  6
Continuous
370
18
390
13
347
21
  0
LAYER
  5
36
330
1
100
AcDbSymbolTableRecord
100
AcDbLayerTableRecord
  2
A-ESCALERA-OCULTA
 70
0
 62
8
  6
OCULTA
370
13
390
13
347
21
  0
LAYER
  5
37
330
1
100
AcDbSymbolTableRecord
100
AcDbLayerTableRecord
  2
A-MOBILIARIO
 70
0
 62
40
  6
Continuous
370
13
390
13
347
21
  0
LAYER
  5
38
330
1
100
AcDbSymbolTableRecord
100
AcDbLayerTableRecord
  2
A-COCINA
 70
0
 62
40
  6
Continuous
370
13
390
13
347
21
  0
LAYER
  5
39
330
1
100
AcDbSymbolTableRecord
100
AcDbLayerTableRecord
  2
A-SANITARIOS
 70
0
 62
22
  6
Continuous
370
13
390
13
347
21
  0
LAYER
  5
3A
330
1
100
AcDbSymbolTableRecord
100
AcDbLayerTableRecord
  2
A-SANEAMIENTO
 70
0
 62
211
  6
OCULTA
370
25
390
13
347
21
  0
LAYER
  5
3B
330
1
100
AcDbSymbolTableRecord
100
AcDbLayerTableRecord
  2
A-COTAS
 70
0
 62
3
  6
Continuous
370
13
390
13
347
21
  0
LAYER
  5
3C
330
1
100
AcDbSymbolTableRecord
100
AcDbLayerTableRecord
  2
A-TEXTO
 70
0
 62
7
  6
Continuous
370
18
390
13
347
21
  0
LAYER
  5
3D
330
1
100
AcDbSymbolTableRecord
100
AcDbLayerTableRecord
  2
A-MEJORAS
 70
0
 62
1
  6
Continuous
370
25
390
13
347
21
  0
LAYER
  5
3E
330
1
100
AcDbSymbolTableRecord
100
AcDbLayerTableRecord
  2
VEG-HOJAS
 70
0
 62
117
420
3038776
  6
Continuous
370
18
390
13
347
21
  0
LAYER
  5
3F
330
1
100
AcDbSymbolTableRecord
100
AcDbLayerTableRecord
  2
VEG-NERVIOS
 70
0
 62
115
420
5409884
  6
Continuous
370
9
390
13
347
21
  0
LAYER
  5
40
330
1
100
AcDbSymbolTableRecord
100
AcDbLayerTableRecord
  2
VEG-TRONCO
 70
0
 62
25
420
6834224
  6
Continuous
370
18
390
13
347
21
  0
LAYER
  5
41
330
1
100
AcDbSymbolTableRecord
100
AcDbLayerTableRecord
  2
VEG-MACETA
 70
0
 62
25
420
7623744
  6
Continuous
370
25
390
13
347
21
  0
LAYER
  5
42
330
1
100
AcDbSymbolTableRecord
100
AcDbLayerTableRecord
  2
VEG-FLOR
 70
0
 62
243
420
11552878
  6
Continuous
370
13
390
13
347
21
  0
LAYER
  5
43
330
1
100
AcDbSymbolTableRecord
100
AcDbLayerTableRecord
  2
VEG-RELLENO
 70
0
 62
253
420
9881750
  6
Continuous
370
-3
390
13
347
21
  0
ENDTAB
  0
TABLE
  2
STYLE
  5
5
330
0
100
AcDbSymbolTable
 70
2
  0
STYLE
  5
29
330
5
100
AcDbSymbolTableRecord
100
AcDbTextStyleTableRecord
  2
Standard
 70
0
 40
0.0
 41
1.0
 50
0.0
 71
0
 42
2.5
  3
txt
  4

  0
STYLE
  5
44
330
5
100
AcDbSymbolTableRecord
100
AcDbTextStyleTableRecord
  2
A-TEXTO
 70
0
 40
0.0
 41
1.0
 50
0.0
 71
0
 42
2.5
  3
arial.ttf
  4

  0
ENDTAB
  0
TABLE
  2
VIEW
  5
7
330
0
100
AcDbSymbolTable
 70
0
  0
ENDTAB
  0
TABLE
  2
UCS
  5
6
330
0
100
AcDbSymbolTable
 70
0
  0
ENDTAB
  0
TABLE
  2
APPID
  5
3
330
0
100
AcDbSymbolTable
 70
3
  0
APPID
  5
2A
330
3
100
AcDbSymbolTableRecord
100
AcDbRegAppTableRecord
  2
ACAD
 70
0
  0
APPID
  5
74E
330
3
100
AcDbSymbolTableRecord
100
AcDbRegAppTableRecord
  2
HATCHBACKGROUNDCOLOR
 70
0
  0
APPID
  5
74F
330
3
100
AcDbSymbolTableRecord
100
AcDbRegAppTableRecord
  2
EZDXF
 70
0
  0
ENDTAB
  0
TABLE
  2
DIMSTYLE
  5
4
330
0
100
AcDbSymbolTable
 70
2
100
AcDbDimStyleTable
  0
DIMSTYLE
105
2B
330
4
100
AcDbSymbolTableRecord
100
AcDbDimStyleTableRecord
  2
Standard
 70
0
 40
1.0
 41
2.5
 42
0.625
 43
3.75
 44
1.25
 45
0.0
 46
0.0
 47
0.0
 48
0.0
 49
2.5
140
2.5
141
2.5
142
0.0
143
0.03937007874
144
1.0
145
0.0
146
1.0
147
0.625
148
0.0
 69
0
 70
0
 71
0
 72
0
 73
0
 74
0
 75
0
 76
0
 77
1
 78
8
 79
3
170
0
171
3
172
1
173
0
174
0
175
0
176
0
177
0
178
0
179
2
271
2
272
2
273
2
274
3
275
0
276
0
277
2
278
44
279
0
280
0
281
0
282
0
283
0
284
8
285
0
286
0
288
0
289
3
290
0
371
-2
372
-2
  0
DIMSTYLE
105
45
330
4
100
AcDbSymbolTableRecord
100
AcDbDimStyleTableRecord
  2
COTAS
 70
0
 40
1.0
 41
60.0
 42
40.0
 43
3.75
 44
50.0
 45
0.0
 46
0.0
 47
0.0
 48
0.0
 49
2.5
140
110.0
141
2.5
142
0.0
143
0.03937007874
144
1.0
145
0.0
146
1.0
147
30.0
148
0.0
 69
0
 70
0
 71
0
 72
0
 73
0
 74
0
 75
0
 76
0
 77
1
 78
8
 79
3
170
0
171
3
172
1
173
0
174
0
175
0
176
3
177
3
178
7
179
2
271
0
272
2
273
2
274
3
275
0
276
0
277
2
278
44
279
0
280
0
281
0
282
0
283
0
284
8
285
0
286
0
288
0
289
3
290
0
340
44
342
46
371
-2
372
-2
  0
ENDTAB
  0
TABLE
  2
BLOCK_RECORD
  5
9
330
0
100
AcDbSymbolTable
 70
25
  0
BLOCK_RECORD
  5
17
330
9
100
AcDbSymbolTableRecord
100
AcDbBlockTableRecord
  2
*Model_Space
340
1A
 70
0
280
1
281
0
  0
BLOCK_RECORD
  5
1B
330
9
100
AcDbSymbolTableRecord
100
AcDbBlockTableRecord
  2
*Paper_Space
340
1E
 70
0
280
1
281
0
  0
BLOCK_RECORD
  5
46
330
9
100
AcDbSymbolTableRecord
100
AcDbBlockTableRecord
  2
_ARCHTICK
340
0
 70
0
280
1
281
0
  0
BLOCK_RECORD
  5
4A
330
9
100
AcDbSymbolTableRecord
100
AcDbBlockTableRecord
  2
_CLOSEDFILLED
340
0
 70
0
280
1
281
0
  0
BLOCK_RECORD
  5
B3
330
9
100
AcDbSymbolTableRecord
100
AcDbBlockTableRecord
  2
VEG_Kentia_PLANTA
340
0
 70
4
280
1
281
0
  0
BLOCK_RECORD
  5
31F
330
9
100
AcDbSymbolTableRecord
100
AcDbBlockTableRecord
  2
VEG_Monstera_PLANTA
340
0
 70
4
280
1
281
0
  0
BLOCK_RECORD
  5
4BB
330
9
100
AcDbSymbolTableRecord
100
AcDbBlockTableRecord
  2
VEG_Sansevieria_PLANTA
340
0
 70
4
280
1
281
0
  0
BLOCK_RECORD
  5
4FE
330
9
100
AcDbSymbolTableRecord
100
AcDbBlockTableRecord
  2
VEG_Pilea_PLANTA
340
0
 70
4
280
1
281
0
  0
BLOCK_RECORD
  5
630
330
9
100
AcDbSymbolTableRecord
100
AcDbBlockTableRecord
  2
*D1
340
0
 70
0
280
1
281
0
  0
BLOCK_RECORD
  5
63F
330
9
100
AcDbSymbolTableRecord
100
AcDbBlockTableRecord
  2
*D2
340
0
 70
0
280
1
281
0
  0
BLOCK_RECORD
  5
64E
330
9
100
AcDbSymbolTableRecord
100
AcDbBlockTableRecord
  2
*D3
340
0
 70
0
280
1
281
0
  0
BLOCK_RECORD
  5
65D
330
9
100
AcDbSymbolTableRecord
100
AcDbBlockTableRecord
  2
*D4
340
0
 70
0
280
1
281
0
  0
BLOCK_RECORD
  5
66C
330
9
100
AcDbSymbolTableRecord
100
AcDbBlockTableRecord
  2
*D5
340
0
 70
0
280
1
281
0
  0
BLOCK_RECORD
  5
67B
330
9
100
AcDbSymbolTableRecord
100
AcDbBlockTableRecord
  2
*D6
340
0
 70
0
280
1
281
0
  0
BLOCK_RECORD
  5
68A
330
9
100
AcDbSymbolTableRecord
100
AcDbBlockTableRecord
  2
*D7
340
0
 70
0
280
1
281
0
  0
BLOCK_RECORD
  5
699
330
9
100
AcDbSymbolTableRecord
100
AcDbBlockTableRecord
  2
*D8
340
0
 70
0
280
1
281
0
  0
BLOCK_RECORD
  5
6A8
330
9
100
AcDbSymbolTableRecord
100
AcDbBlockTableRecord
  2
*D9
340
0
 70
0
280
1
281
0
  0
BLOCK_RECORD
  5
6B7
330
9
100
AcDbSymbolTableRecord
100
AcDbBlockTableRecord
  2
*D10
340
0
 70
0
280
1
281
0
  0
BLOCK_RECORD
  5
6C6
330
9
100
AcDbSymbolTableRecord
100
AcDbBlockTableRecord
  2
*D11
340
0
 70
0
280
1
281
0
  0
BLOCK_RECORD
  5
6D5
330
9
100
AcDbSymbolTableRecord
100
AcDbBlockTableRecord
  2
*D12
340
0
 70
0
280
1
281
0
  0
BLOCK_RECORD
  5
6E4
330
9
100
AcDbSymbolTableRecord
100
AcDbBlockTableRecord
  2
*D13
340
0
 70
0
280
1
281
0
  0
BLOCK_RECORD
  5
6F3
330
9
100
AcDbSymbolTableRecord
100
AcDbBlockTableRecord
  2
*D14
340
0
 70
0
280
1
281
0
  0
BLOCK_RECORD
  5
702
330
9
100
AcDbSymbolTableRecord
100
AcDbBlockTableRecord
  2
*D15
340
0
 70
0
280
1
281
0
  0
BLOCK_RECORD
  5
711
330
9
100
AcDbSymbolTableRecord
100
AcDbBlockTableRecord
  2
*D16
340
0
 70
0
280
1
281
0
  0
BLOCK_RECORD
  5
720
330
9
100
AcDbSymbolTableRecord
100
AcDbBlockTableRecord
  2
*D17
340
0
 70
0
280
1
281
0
  0
ENDTAB
  0
ENDSEC
  0
SECTION
  2
BLOCKS
  0
BLOCK
  5
18
330
17
100
AcDbEntity
  8
0
100
AcDbBlockBegin
  2
*Model_Space
 70
0
 10
0.0
 20
0.0
 30
0.0
  3
*Model_Space
  1

  0
ENDBLK
  5
19
330
17
100
AcDbEntity
  8
0
100
AcDbBlockEnd
  0
BLOCK
  5
1C
330
1B
100
AcDbEntity
  8
0
100
AcDbBlockBegin
  2
*Paper_Space
 70
0
 10
0.0
 20
0.0
 30
0.0
  3
*Paper_Space
  1

  0
ENDBLK
  5
1D
330
1B
100
AcDbEntity
  8
0
100
AcDbBlockEnd
  0
BLOCK
  5
47
330
46
100
AcDbEntity
  8
0
100
AcDbBlockBegin
  2
_ARCHTICK
 70
0
 10
0.0
 20
0.0
 30
0.0
  3
_ARCHTICK
  1

  0
LWPOLYLINE
  5
49
330
46
100
AcDbEntity
  8
0
  6
BYBLOCK
 62
0
100
AcDbPolyline
 90
2
 70
0
 43
0.15
 10
-0.5
 20
-0.5
 10
0.5
 20
0.5
  0
ENDBLK
  5
48
330
46
100
AcDbEntity
  8
0
100
AcDbBlockEnd
  0
BLOCK
  5
4B
330
4A
100
AcDbEntity
  8
0
100
AcDbBlockBegin
  2
_CLOSEDFILLED
 70
0
 10
0.0
 20
0.0
 30
0.0
  3
_CLOSEDFILLED
  1

  0
SOLID
  5
4D
330
4A
100
AcDbEntity
  8
0
  6
BYBLOCK
 62
0
100
AcDbTrace
 10
-1.0
 20
0.16439898372402537
 30
0.0
 11
0.0
 21
0.0
 31
0.0
 12
-1.0
 22
-0.16439898372402537
 32
0.0
 13
-1.0
 23
-0.16439898372402537
 33
0.0
  0
ENDBLK
  5
4C
330
4A
100
AcDbEntity
  8
0
100
AcDbBlockEnd
  0
BLOCK
  5
B4
330
B3
100
AcDbEntity
  8
0
100
AcDbBlockBegin
  2
VEG_Kentia_PLANTA
 70
0
 10
0.0
 20
0.0
 30
0.0
  3
VEG_Kentia_PLANTA
  1

  0
HATCH
  5
B6
330
B3
100
AcDbEntity
  8
VEG-RELLENO
 62
253
420
12757376
100
AcDbHatch
 10
0.0
 20
0.0
 30
0.0
210
0.0
220
0.0
230
1.0
  2
SOLID
 70
1
 71
0
 91
3
 92
3
 72
0
 73
1
 93
6
 10
242.0
 20
-18.1
 10
241.0
 20
-22.8
 10
230.0
 20
-11.6
 10
230.0
 20
-0.8
 10
231.7
 20
-0.8
 10
235.1
 20
-8.0
 97
0
 92
3
 72
0
 73
1
 93
5
 10
215.5
 20
30.0
 10
210.7
 20
22.4
 10
209.0
 20
19.1
 10
208.5
 20
24.1
 10
213.8
 20
30.0
 97
0
 92
3
 72
0
 73
1
 93
9
 10
235.7
 20
28.6
 10
239.4
 20
25.4
 10
234.3
 20
16.6
 10
231.4
 20
9.2
 10
230.0
 20
9.2
 10
230.0
 20
12.6
 10
229.3
 20
14.8
 10
227.8
 20
16.6
 10
225.7
 20
17.8
 97
0
 75
1
 76
1
 98
0
  0
HATCH
  5
B7
330
B3
100
AcDbEntity
  8
VEG-RELLENO
 62
253
420
12757376
100
AcDbHatch
 10
0.0
 20
0.0
 30
0.0
210
0.0
220
0.0
230
1.0
  2
SOLID
 70
1
 71
0
 91
6
 92
3
 72
0
 73
1
 93
5
 10
-218.7
 20
-30.0
 10
-209.7
 20
-18.0
 10
-209.1
 20
-18.0
 10
-208.3
 20
-26.2
 10
-211.1
 20
-30.0
 97
0
 92
3
 72
0
 73
1
 93
7
 10
-238.5
 20
-26.5
 10
-241.1
 20
-22.6
 10
-242.0
 20
-18.4
 10
-237.0
 20
-12.8
 10
-230.0
 20
-2.8
 10
-230.0
 20
-12.6
 10
-228.7
 20
-15.8
 97
0
 92
3
 72
0
 73
1
 93
3
 10
-242.0
 20
2.5
 10
-239.1
 20
2.3
 10
-242.0
 20
0.4
 97
0
 92
3
 72
0
 73
1
 93
3
 10
-242.0
 20
12.6
 10
-242.0
 20
18.6
 10
-236.0
 20
12.1
 97
0
 92
3
 72
0
 73
1
 93
4
 10
-207.8
 20
30.0
 10
-208.2
 20
27.4
 10
-208.5
 20
24.4
 10
-212.4
 20
30.0
 97
0
 92
3
 72
0
 73
1
 93
3
 10
-222.5
 20
18.0
 10
-227.7
 20
16.7
 10
-231.2
 20
26.8
 97
0
 75
1
 76
1
 98
0
  0
HATCH
  5
B8
330
B3
100
AcDbEntity
  8
VEG-RELLENO
 62
31
420
14204046
100
AcDbHatch
 10
0.0
 20
0.0
 30
0.0
210
0.0
220
0.0
230
1.0
  2
SOLID
 70
1
 71
0
 91
45
 92
3
 72
0
 73
1
 93
5
 10
209.6
 20
-13.7
 10
201.6
 20
-7.2
 10
193.3
 20
-1.3
 10
205.4
 20
-1.1
 10
209.7
 20
-10.4
 97
0
 92
3
 72
0
 73
1
 93
5
 10
207.0
 20
-34.4
 10
204.9
 20
-45.5
 10
188.5
 20
-23.1
 10
189.1
 20
-17.1
 10
196.9
 20
-25.5
 97
0
 92
3
 72
0
 73
1
 93
9
 10
203.5
 20
-51.6
 10
198.9
 20
-67.5
 10
194.0
 20
-80.4
 10
190.4
 20
-88.5
 10
169.5
 20
-85.7
 10
175.5
 20
-72.7
 10
179.9
 20
-61.1
 10
183.5
 20
-49.2
 10
185.7
 20
-39.9
 97
0
 92
3
 72
0
 73
1
 93
5
 10
188.7
 20
-92.0
 10
184.1
 20
-100.9
 10
172.4
 20
-101.4
 10
159.6
 20
-103.0
 10
162.1
 20
-98.9
 97
0
 92
3
 72
0
 73
1
 93
7
 10
171.2
 20
-121.4
 10
158.3
 20
-126.5
 10
152.4
 20
-130.3
 10
144.8
 20
-122.9
 10
146.8
 20
-120.5
 10
155.4
 20
-120.3
 10
173.5
 20
-118.2
 97
0
 92
3
 72
0
 73
1
 93
7
 10
141.9
 20
-154.7
 10
137.7
 20
-158.5
 10
137.7
 20
-140.3
 10
136.8
 20
-131.7
 10
138.1
 20
-130.4
 10
146.1
 20
-138.1
 10
143.7
 20
-144.7
 97
0
 92
3
 72
0
 73
1
 93
5
 10
121.7
 20
-171.0
 10
103.4
 20
-182.7
 10
111.3
 20
-153.8
 10
121.2
 20
-146.2
 10
121.0
 20
-159.5
 97
0
 92
3
 72
0
 73
1
 93
13
 10
92.9
 20
-188.3
 10
80.4
 20
-194.0
 10
67.5
 20
-198.9
 10
48.3
 20
-204.3
 10
43.2
 20
-198.1
 10
32.6
 20
-187.1
 10
44.0
 20
-184.7
 10
66.1
 20
-198.6
 10
54.1
 20
-182.0
 10
72.7
 20
-175.5
 10
84.0
 20
-170.4
 10
100.1
 20
-161.4
 10
102.7
 20
-183.1
 97
0
 92
3
 72
0
 73
1
 93
7
 10
28.9
 20
-208.0
 10
14.5
 20
-198.3
 10
6.3
 20
-194.4
 10
5.4
 20
-189.8
 10
10.8
 20
-189.6
 10
16.6
 20
-195.5
 10
30.5
 20
-207.7
 97
0
 92
3
 72
0
 73
1
 93
3
 10
-10.8
 20
-209.6
 10
-12.8
 20
-206.4
 10
-10.5
 20
-203.8
 97
0
 92
3
 72
0
 73
1
 93
5
 10
-39.2
 20
-206.3
 10
-42.6
 20
-200.6
 10
-36.9
 20
-197.3
 10
-33.1
 20
-204.2
 10
-36.6
 20
-206.7
 97
0
 92
3
 72
0
 73
1
 93
4
 10
-79.9
 20
-194.2
 10
-72.3
 20
-190.5
 10
-69.2
 20
-188.7
 10
-72.5
 20
-197.0
 97
0
 92
3
 72
0
 73
1
 93
6
 10
-153.9
 20
-142.7
 10
-145.2
 20
-141.7
 10
-129.7
 20
-138.7
 10
-127.6
 20
-140.7
 10
-132.8
 20
-147.2
 10
-139.5
 20
-144.8
 97
0
 92
3
 72
0
 73
1
 93
5
 10
-166.6
 20
-127.8
 10
-175.3
 20
-115.6
 10
-148.7
 20
-118.1
 10
-143.5
 20
-124.5
 10
-157.3
 20
-126.1
 97
0
 92
3
 72
0
 73
1
 93
11
 10
-181.9
 20
-105.0
 10
-188.3
 20
-92.9
 10
-194.0
 20
-80.4
 10
-200.1
 20
-63.4
 10
-183.1
 20
-50.5
 10
-179.9
 20
-61.1
 10
-175.5
 20
-72.7
 10
-170.4
 20
-84.0
 10
-164.5
 20
-95.0
 10
-157.1
 20
-106.8
 10
-177.0
 20
-112.7
 97
0
 92
3
 72
0
 73
1
 93
5
 10
-200.8
 20
-61.2
 10
-204.7
 20
-46.5
 10
-195.0
 20
-36.6
 10
-187.9
 20
-27.9
 10
-186.5
 20
-36.4
 97
0
 92
3
 72
0
 73
1
 93
7
 10
-209.2
 20
-17.3
 10
-203.3
 20
-7.0
 10
-201.1
 20
-0.4
 10
-190.0
 20
-1.1
 10
-189.8
 20
-5.2
 10
-195.8
 20
-11.2
 10
-208.3
 20
-26.2
 97
0
 92
3
 72
0
 73
1
 93
7
 10
-208.5
 20
24.4
 10
-207.6
 20
31.2
 10
-196.0
 20
17.1
 10
-189.6
 20
10.9
 10
-189.7
 20
8.9
 10
-201.2
 20
9.7
 10
-203.7
 20
16.2
 97
0
 92
3
 72
0
 73
1
 93
5
 10
-203.6
 20
51.2
 10
-198.3
 20
69.1
 10
-185.1
 20
42.3
 10
-187.1
 20
32.2
 10
-195.3
 20
42.5
 97
0
 92
3
 72
0
 73
1
 93
5
 10
-194.8
 20
78.3
 10
-172.8
 20
78.7
 10
-175.5
 20
72.7
 10
-181.5
 20
55.8
 10
-197.8
 20
70.3
 97
0
 92
3
 72
0
 73
1
 93
7
 10
-194.3
 20
79.5
 10
-185.4
 20
98.3
 10
-175.7
 20
99.1
 10
-160.4
 20
101.6
 10
-166.0
 20
92.4
 10
-168.2
 20
92.3
 10
-166.3
 20
91.7
 97
0
 92
3
 72
0
 73
1
 93
6
 10
-174.6
 20
116.7
 10
-173.4
 20
118.3
 10
-163.7
 20
122.5
 10
-152.3
 20
121.6
 10
-148.3
 20
118.6
 10
-159.0
 20
118.2
 97
0
 92
3
 72
0
 73
1
 93
4
 10
-130.4
 20
164.5
 10
-124.3
 20
156.0
 10
-124.3
 20
155.1
 10
-129.3
 20
156.1
 97
0
 92
3
 72
0
 73
1
 93
3
 10
-118.7
 20
173.2
 10
-112.2
 20
177.4
 10
-115.1
 20
163.3
 97
0
 92
3
 72
0
 73
1
 93
6
 10
-87.0
 20
191.0
 10
-95.6
 20
164.1
 10
-108.8
 20
155.7
 10
-104.6
 20
161.7
 10
-99.6
 20
170.7
 10
-91.9
 20
188.8
 97
0
 92
3
 72
0
 73
1
 93
8
 10
-43.5
 20
205.4
 10
-37.7
 20
201.3
 10
-30.7
 20
197.3
 10
-23.9
 20
194.7
 10
-23.7
 20
188.5
 10
-31.0
 20
187.4
 10
-40.2
 20
195.2
 10
-51.4
 20
203.5
 97
0
 92
3
 72
0
 73
1
 93
8
 10
7.9
 20
209.7
 10
16.9
 20
209.2
 10
2.2
 20
197.0
 10
-5.2
 20
189.8
 10
-13.7
 20
189.5
 10
-13.9
 20
195.1
 10
-7.4
 20
198.2
 10
-4.1
 20
200.5
 97
0
 92
3
 72
0
 73
1
 93
5
 10
35.4
 20
206.9
 10
43.6
 20
205.4
 10
21.1
 20
188.7
 10
18.4
 20
189.0
 10
28.6
 20
199.2
 97
0
 92
3
 72
0
 73
1
 93
13
 10
54.4
 20
202.8
 10
67.5
 20
198.9
 10
80.4
 20
194.0
 10
92.9
 20
188.3
 10
109.3
 20
179.2
 10
105.9
 20
157.7
 10
95.0
 20
164.5
 10
84.0
 20
170.4
 10
72.7
 20
175.5
 10
61.1
 20
179.9
 10
49.2
 20
183.5
 10
32.8
 20
187.0
 10
44.0
 20
205.3
 97
0
 92
3
 72
0
 73
1
 93
3
 10
112.7
 20
177.1
 10
124.3
 20
169.1
 10
119.1
 20
149.0
 97
0
 92
3
 72
0
 73
1
 93
4
 10
146.7
 20
150.1
 10
149.2
 20
147.7
 10
151.5
 20
139.6
 10
146.7
 20
135.3
 97
0
 92
3
 72
0
 73
1
 93
3
 10
166.4
 20
128.1
 10
168.1
 20
125.7
 10
165.2
 20
123.4
 97
0
 92
3
 72
0
 73
1
 93
3
 10
187.9
 20
93.7
 10
189.8
 20
89.7
 10
180.2
 20
92.3
 97
0
 92
3
 72
0
 73
1
 93
4
 10
201.1
 20
60.0
 10
183.9
 20
47.7
 10
179.4
 20
62.4
 10
200.4
 20
62.3
 97
0
 92
3
 72
0
 73
1
 93
5
 10
205.1
 20
44.7
 10
194.5
 20
33.9
 10
188.2
 20
26.1
 10
187.4
 20
30.9
 10
202.9
 20
54.1
 97
0
 92
3
 72
0
 73
1
 93
6
 10
209.0
 20
19.1
 10
207.2
 20
15.4
 10
205.1
 20
8.9
 10
191.8
 20
8.7
 10
200.7
 20
16.1
 10
208.5
 20
24.1
 97
0
 92
3
 72
0
 73
1
 93
4
 10
-144.1
 20
138.3
 10
-150.6
 20
138.5
 10
-149.7
 20
142.4
 10
-144.8
 20
142.8
 97
0
 92
3
 72
0
 73
1
 93
4
 10
-128.1
 20
145.0
 10
-124.6
 20
146.0
 10
-124.6
 20
143.4
 10
-127.9
 20
140.4
 97
0
 92
3
 72
0
 73
1
 93
6
 10
-75.6
 20
-180.1
 10
-84.7
 20
-181.5
 10
-84.3
 20
-177.6
 10
-76.1
 20
-174.0
 10
-65.2
 20
-178.4
 10
-65.8
 20
-180.0
 97
0
 92
3
 72
0
 73
1
 93
4
 10
-110.5
 20
-170.2
 10
-117.8
 20
-173.5
 10
-119.7
 20
-166.4
 10
-112.1
 20
-164.4
 97
0
 92
3
 72
0
 73
1
 93
4
 10
-114.6
 20
-151.5
 10
-123.7
 20
-156.4
 10
-125.2
 20
-153.8
 10
-120.0
 20
-147.2
 97
0
 92
3
 72
0
 73
1
 93
4
 10
1.1
 20
-190.0
 10
2.3
 20
-189.9
 10
4.6
 20
-193.8
 10
2.4
 20
-193.0
 97
0
 92
3
 72
0
 73
1
 93
4
 10
-22.4
 20
-188.6
 10
-16.3
 20
-189.2
 10
-13.4
 20
-193.6
 10
-18.3
 20
-195.6
 97
0
 92
3
 72
0
 73
1
 93
3
 10
158.4
 20
105.3
 10
172.7
 20
103.1
 10
174.5
 20
102.3
 97
0
 92
3
 72
0
 73
1
 93
4
 10
155.8
 20
122.0
 10
151.8
 20
122.2
 10
146.9
 20
122.0
 10
154.7
 20
129.0
 97
0
 75
1
 76
1
 98
0
  0
HATCH
  5
B9
330
B3
100
AcDbEntity
  8
VEG-RELLENO
 62
35
420
8019530
100
AcDbHatch
 10
0.0
 20
0.0
 30
0.0
210
0.0
220
0.0
230
1.0
  2
SOLID
 70
1
 71
0
 91
57
 92
3
 72
0
 73
1
 93
6
 10
188.5
 20
-23.1
 10
177.5
 20
-10.6
 10
167.1
 20
-1.6
 10
179.4
 20
-1.5
 10
181.7
 20
-6.7
 10
189.1
 20
-17.1
 97
0
 92
3
 72
0
 73
1
 93
276
 10
183.5
 20
-49.2
 10
179.9
 20
-61.1
 10
175.5
 20
-72.7
 10
169.5
 20
-85.7
 10
154.2
 20
-84.9
 10
137.2
 20
-86.0
 10
129.6
 20
-87.5
 10
123.1
 20
-89.5
 10
118.0
 20
-91.9
 10
114.4
 20
-94.3
 10
107.7
 20
-88.1
 10
116.7
 20
-87.9
 10
122.5
 20
-87.0
 10
152.1
 20
-79.1
 10
127.8
 20
-72.5
 10
116.0
 20
-71.1
 10
105.2
 20
-71.9
 10
100.7
 20
-73.2
 10
95.1
 20
-76.5
 10
54.2
 20
-39.9
 10
18.5
 20
-9.1
 10
15.3
 20
-7.9
 10
13.4
 20
-8.3
 10
11.8
 20
-9.3
 10
10.7
 20
-10.9
 10
10.3
 20
-12.9
 10
10.6
 20
-14.8
 10
11.7
 20
-16.4
 10
53.5
 20
-52.6
 10
88.4
 20
-83.9
 10
85.7
 20
-89.8
 10
84.8
 20
-94.4
 10
84.9
 20
-105.2
 10
87.3
 20
-116.7
 10
95.3
 20
-140.0
 10
99.3
 20
-121.5
 10
101.2
 20
-110.1
 10
101.6
 20
-104.3
 10
101.1
 20
-95.6
 10
107.4
 20
-101.5
 10
105.2
 20
-105.1
 10
103.0
 20
-110.3
 10
101.1
 20
-116.8
 10
99.8
 20
-124.4
 10
98.8
 20
-141.2
 10
100.1
 20
-161.4
 10
84.0
 20
-170.4
 10
72.7
 20
-175.5
 10
54.1
 20
-182.0
 10
43.7
 20
-169.0
 10
37.7
 20
-162.5
 10
24.8
 20
-150.8
 10
18.3
 20
-146.3
 10
12.3
 20
-143.0
 10
6.9
 20
-140.8
 10
2.6
 20
-139.9
 10
2.9
 20
-130.4
 10
9.6
 20
-137.4
 10
14.1
 20
-141.1
 10
39.9
 20
-157.7
 10
28.4
 20
-135.3
 10
21.5
 20
-125.6
 10
13.6
 20
-118.1
 10
9.6
 20
-115.7
 10
3.5
 20
-113.8
 10
4.6
 20
-66.9
 10
4.9
 20
-19.0
 10
3.8
 20
-16.8
 10
1.4
 20
-15.2
 10
-0.5
 20
-15.0
 10
-2.3
 20
-15.5
 10
-3.8
 20
-14.5
 10
-5.7
 20
-14.2
 10
-8.5
 20
-15.0
 10
-9.4
 20
-11.8
 10
-11.8
 20
-10.1
 10
-14.7
 20
-9.9
 10
-17.2
 20
-11.4
 10
-52.6
 20
-51.2
 10
-82.4
 20
-85.8
 10
-88.0
 20
-82.8
 10
-92.5
 20
-81.7
 10
-103.4
 20
-81.3
 10
-115.1
 20
-83.2
 10
-139.1
 20
-90.9
 10
-109.2
 20
-97.5
 10
-97.9
 20
-98.2
 10
-92.4
 20
-97.7
 10
-99.6
 20
-106.3
 10
-103.5
 20
-104.5
 10
-109.1
 20
-103.0
 10
-115.8
 20
-102.0
 10
-123.6
 20
-101.7
 10
-140.6
 20
-103.2
 10
-157.1
 20
-106.8
 10
-164.5
 20
-95.0
 10
-170.4
 20
-84.0
 10
-175.5
 20
-72.7
 10
-179.9
 20
-61.1
 10
-183.1
 20
-50.5
 10
-169.3
 20
-38.0
 10
-158.2
 20
-25.1
 10
-154.0
 20
-18.7
 10
-150.9
 20
-12.6
 10
-149.0
 20
-7.3
 10
-148.2
 20
-3.2
 10
-138.2
 20
-3.5
 10
-141.8
 20
-6.8
 10
-149.1
 20
-15.5
 10
-165.0
 20
-41.7
 10
-142.9
 20
-29.6
 10
-133.4
 20
-22.4
 10
-126.2
 20
-14.3
 10
-123.9
 20
-10.3
 10
-122.2
 20
-4.1
 10
-67.1
 20
-5.2
 10
-19.9
 20
-5.2
 10
-18.0
 20
-4.8
 10
-16.4
 20
-3.7
 10
-15.4
 20
-2.1
 10
-15.0
 20
0.3
 10
-16.5
 20
3.4
 10
-19.6
 20
4.8
 10
-75.0
 20
4.9
 10
-122.1
 20
5.9
 10
-123.7
 20
12.1
 10
-125.9
 20
16.2
 10
-132.8
 20
24.5
 10
-141.9
 20
31.9
 10
-162.9
 20
44.9
 10
-154.3
 20
28.0
 10
-148.5
 20
18.0
 10
-145.2
 20
13.3
 10
-138.9
 20
6.5
 10
-148.1
 20
6.9
 10
-148.8
 20
11.1
 10
-150.6
 20
16.5
 10
-153.6
 20
22.5
 10
-157.6
 20
29.0
 10
-168.0
 20
42.2
 10
-181.5
 20
55.8
 10
-175.5
 20
72.7
 10
-172.8
 20
78.7
 10
-154.4
 20
80.2
 10
-145.9
 20
81.5
 10
-136.4
 20
83.8
 10
-133.5
 20
83.2
 10
-152.4
 20
76.0
 10
-133.9
 20
72.4
 10
-122.4
 20
71.1
 10
-111.0
 20
71.5
 10
-105.9
 20
72.5
 10
-101.5
 20
74.0
 10
-96.1
 20
77.6
 10
-91.4
 20
73.7
 10
-112.4
 20
69.1
 10
-88.5
 20
61.1
 10
-82.7
 20
59.8
 10
-73.6
 20
58.9
 10
-47.6
 20
36.5
 10
-17.7
 20
9.6
 10
-15.0
 20
8.6
 10
-12.6
 20
9.0
 10
-9.0
 20
12.1
 10
-7.9
 20
13.7
 10
-7.5
 20
16.1
 10
-8.3
 20
18.4
 10
-47.7
 20
68.9
 10
-43.3
 20
73.3
 10
-40.9
 20
77.3
 10
-37.2
 20
87.5
 10
-35.4
 20
99.1
 10
-34.9
 20
119.6
 10
-29.5
 20
116.7
 10
-25.1
 20
115.2
 10
-18.8
 20
114.8
 10
-14.4
 20
70.5
 10
-7.8
 20
19.1
 10
-6.9
 20
16.8
 10
-5.0
 20
15.3
 10
-2.6
 20
14.8
 10
-0.3
 20
15.5
 10
1.4
 20
17.2
 10
2.2
 20
20.0
 10
-4.5
 20
71.9
 10
-8.9
 20
116.1
 10
-2.9
 20
118.3
 10
1.0
 20
120.9
 10
8.6
 20
128.5
 10
15.2
 20
138.3
 10
26.2
 20
160.2
 10
10.1
 20
150.1
 10
0.7
 20
143.5
 10
-3.7
 20
139.8
 10
-10.2
 20
132.4
 10
-11.0
 20
142.6
 10
-6.9
 20
144.1
 10
-1.9
 20
147.0
 10
3.6
 20
151.1
 10
9.3
 20
156.3
 10
20.5
 20
169.1
 10
32.8
 20
187.0
 10
49.2
 20
183.5
 10
61.1
 20
179.9
 10
72.7
 20
175.5
 10
84.0
 20
170.4
 10
95.0
 20
164.5
 10
105.9
 20
157.7
 10
104.6
 20
143.6
 10
104.5
 20
136.0
 10
101.2
 20
126.5
 10
97.0
 20
143.1
 10
89.8
 20
119.3
 10
87.9
 20
107.6
 10
88.2
 20
96.8
 10
89.3
 20
92.3
 10
92.3
 20
86.6
 10
85.0
 20
80.2
 10
83.1
 20
91.5
 10
78.9
 20
110.1
 10
72.7
 20
92.2
 10
69.8
 20
81.0
 10
68.8
 20
75.2
 10
68.7
 20
65.9
 10
11.6
 20
16.5
 10
10.4
 20
14.4
 10
10.2
 20
12.4
 10
10.8
 20
10.6
 10
12.9
 20
7.7
 10
14.4
 20
6.5
 10
16.2
 20
5.9
 10
19.5
 20
6.6
 10
77.9
 20
45.9
 10
82.2
 20
41.4
 10
86.2
 20
38.9
 10
96.4
 20
35.1
 10
108.2
 20
33.3
 10
133.5
 20
33.2
 10
107.0
 20
48.8
 10
96.5
 20
52.9
 10
89.8
 20
54.3
 10
99.9
 20
61.5
 10
103.7
 20
58.3
 10
109.1
 20
55.1
 10
115.9
 20
52.0
 10
124.0
 20
49.3
 10
137.7
 20
46.3
 10
153.6
 20
44.4
 10
142.5
 20
35.7
 10
134.1
 20
27.3
 10
128.1
 20
18.2
 10
126.4
 20
13.9
 10
125.5
 20
7.7
 10
19.4
 20
5.5
 10
17.1
 20
4.6
 10
15.5
 20
2.7
 10
15.0
 20
0.4
 10
15.6
 20
-2.0
 10
17.3
 20
-3.7
 10
20.1
 20
-4.5
 10
126.3
 20
-2.3
 10
128.2
 20
-8.4
 10
130.7
 20
-12.4
 10
138.0
 20
-20.3
 10
147.6
 20
-27.3
 10
169.6
 20
-39.0
 10
153.5
 20
-13.0
 10
149.8
 20
-8.5
 10
143.1
 20
-2.0
 10
152.8
 20
-1.8
 10
154.1
 20
-5.9
 10
156.6
 20
-11.0
 10
160.4
 20
-16.5
 10
165.3
 20
-22.3
 10
177.5
 20
-33.7
 10
185.7
 20
-39.9
 97
0
 92
3
 72
0
 73
1
 93
8
 10
159.6
 20
-103.0
 10
144.9
 20
-106.6
 10
138.5
 20
-109.3
 10
133.6
 20
-112.3
 10
123.9
 20
-103.2
 10
131.9
 20
-103.5
 10
139.4
 20
-102.9
 10
162.1
 20
-98.9
 97
0
 92
3
 72
0
 73
1
 93
3
 10
144.8
 20
-122.9
 10
141.8
 20
-120.1
 10
146.8
 20
-120.5
 97
0
 92
3
 72
0
 73
1
 93
9
 10
121.2
 20
-146.2
 10
111.3
 20
-153.8
 10
114.0
 20
-142.5
 10
116.6
 20
-126.1
 10
117.0
 20
-118.7
 10
116.5
 20
-109.9
 10
127.0
 20
-119.8
 10
124.7
 20
-125.1
 10
122.9
 20
-131.8
 97
0
 92
3
 72
0
 73
1
 93
9
 10
44.0
 20
-184.7
 10
32.6
 20
-187.1
 10
20.5
 20
-176.6
 10
13.4
 20
-171.8
 10
7.2
 20
-168.5
 10
1.5
 20
-166.5
 10
2.1
 20
-151.9
 10
8.5
 20
-159.1
 10
20.7
 20
-169.4
 97
0
 92
3
 72
0
 73
1
 93
4
 10
5.4
 20
-189.8
 10
4.3
 20
-183.8
 10
4.0
 20
-182.0
 10
10.8
 20
-189.6
 97
0
 92
3
 72
0
 73
1
 93
4
 10
-22.4
 20
-188.6
 10
-22.7
 20
-188.0
 10
-18.9
 20
-185.2
 10
-16.3
 20
-189.2
 97
0
 92
3
 72
0
 73
1
 93
4
 10
-65.2
 20
-178.4
 10
-76.1
 20
-174.0
 10
-69.5
 20
-170.8
 10
-60.3
 20
-165.5
 97
0
 92
3
 72
0
 73
1
 93
3
 10
-114.5
 20
-151.5
 10
-120.0
 20
-147.2
 10
-115.4
 20
-141.4
 97
0
 92
3
 72
0
 73
1
 93
4
 10
-129.7
 20
-138.7
 10
-127.9
 20
-138.3
 10
-124.9
 20
-137.4
 10
-127.6
 20
-140.7
 97
0
 92
3
 72
0
 73
1
 93
9
 10
-148.7
 20
-118.1
 10
-131.4
 20
-118.9
 10
-123.2
 20
-118.8
 10
-115.6
 20
-118.1
 10
-108.2
 20
-116.7
 10
-116.6
 20
-127.0
 10
-122.2
 20
-125.3
 10
-129.1
 20
-124.4
 10
-143.5
 20
-124.5
 97
0
 92
3
 72
0
 73
1
 93
10
 10
-187.9
 20
-27.9
 10
-183.0
 20
-21.0
 10
-178.8
 20
-13.8
 10
-176.1
 20
-7.4
 10
-174.6
 20
-1.9
 10
-160.0
 20
-2.6
 10
-167.0
 20
-9.1
 10
-171.9
 20
-14.9
 10
-176.8
 20
-21.4
 10
-186.5
 20
-36.4
 97
0
 92
3
 72
0
 73
1
 93
3
 10
-190.0
 20
-1.1
 10
-185.3
 20
-1.3
 10
-189.8
 20
-5.2
 97
0
 92
3
 72
0
 73
1
 93
9
 10
-187.1
 20
32.2
 10
-185.1
 20
42.3
 10
-180.2
 20
33.1
 10
-171.3
 20
19.2
 10
-166.7
 20
13.3
 10
-160.8
 20
7.4
 10
-174.7
 20
8.1
 10
-176.3
 20
13.7
 10
-179.2
 20
19.9
 97
0
 92
3
 72
0
 73
1
 93
6
 10
-166.0
 20
92.4
 10
-160.4
 20
101.6
 10
-155.0
 20
102.9
 10
-137.0
 20
100.7
 10
-149.6
 20
97.7
 10
-164.5
 20
92.4
 97
0
 92
3
 72
0
 73
1
 93
4
 10
-127.9
 20
140.4
 10
-124.6
 20
143.4
 10
-124.5
 20
136.8
 10
-127.9
 20
137.1
 97
0
 92
3
 72
0
 73
1
 93
5
 10
-105.6
 20
158.0
 10
-95.6
 20
164.1
 10
-98.6
 20
152.4
 10
-100.5
 20
139.9
 10
-110.5
 20
153.8
 97
0
 92
3
 72
0
 73
1
 93
3
 10
-31.0
 20
187.4
 10
-23.7
 20
188.5
 10
-23.3
 20
179.5
 97
0
 92
3
 72
0
 73
1
 93
3
 10
-13.7
 20
189.5
 10
-5.2
 20
189.8
 10
-13.3
 20
180.0
 97
0
 92
3
 72
0
 73
1
 93
9
 10
21.1
 20
188.7
 10
2.9
 20
173.7
 10
-7.9
 20
162.2
 10
-11.9
 20
156.6
 10
-12.7
 20
168.5
 10
-7.1
 20
170.5
 10
-0.9
 20
173.9
 10
6.1
 20
178.6
 10
18.4
 20
189.0
 97
0
 92
3
 72
0
 73
1
 93
12
 10
179.4
 20
62.4
 10
183.9
 20
47.7
 10
183.1
 20
47.1
 10
155.2
 20
57.5
 10
137.3
 20
63.4
 10
120.4
 20
67.5
 10
109.8
 20
68.6
 10
112.6
 20
70.7
 10
123.6
 20
68.9
 10
139.1
 20
69.1
 10
154.1
 20
65.3
 10
165.7
 20
63.5
 97
0
 92
3
 72
0
 73
1
 93
7
 10
188.2
 20
26.1
 10
184.0
 20
20.0
 10
180.8
 20
13.9
 10
179.0
 20
8.5
 10
166.6
 20
8.4
 10
176.9
 20
18.0
 10
187.4
 20
30.9
 97
0
 92
3
 72
0
 73
1
 93
14
 10
-65.8
 20
151.2
 10
-62.4
 20
175.8
 10
-55.5
 20
167.1
 10
-61.9
 20
148.8
 10
-63.9
 20
149.7
 10
-62.2
 20
147.8
 10
-67.9
 20
128.6
 10
-69.9
 20
119.6
 10
-71.3
 20
111.2
 10
-71.9
 20
101.0
 10
-80.0
 20
111.9
 10
-76.2
 20
118.0
 10
-72.9
 20
125.4
 10
-69.7
 20
134.6
 97
0
 92
3
 72
0
 73
1
 93
11
 10
-49.6
 20
144.6
 10
-49.2
 20
160.1
 10
-42.6
 20
154.0
 10
-36.4
 20
149.2
 10
-30.6
 20
145.6
 10
-25.3
 20
143.2
 10
-21.0
 20
142.0
 10
-20.0
 20
129.4
 10
-25.2
 20
133.6
 10
-29.9
 20
136.5
 10
-40.5
 20
141.4
 97
0
 92
3
 72
0
 73
1
 93
12
 10
-51.5
 20
125.4
 10
-50.5
 20
133.2
 10
-43.5
 20
126.0
 10
-36.6
 20
120.7
 10
-45.0
 20
107.8
 10
-50.7
 20
97.8
 10
-54.9
 20
87.3
 10
-56.3
 20
80.2
 10
-64.2
 20
90.7
 10
-61.2
 20
94.9
 10
-58.3
 20
100.7
 10
-55.6
 20
107.8
 97
0
 92
3
 72
0
 73
1
 93
3
 10
-41.2
 20
44.1
 10
-60.3
 20
60.7
 10
-55.8
 20
63.1
 97
0
 92
3
 72
0
 73
1
 93
6
 10
-72.1
 20
84.3
 10
-64.9
 20
75.1
 10
-71.0
 20
75.8
 10
-78.0
 20
75.6
 10
-84.0
 20
80.6
 10
-76.7
 20
82.3
 97
0
 92
3
 72
0
 73
1
 93
4
 10
-103.4
 20
96.3
 10
-108.9
 20
100.7
 10
-100.6
 20
101.8
 10
-100.5
 20
96.3
 97
0
 92
3
 72
0
 73
1
 93
3
 10
-79.0
 20
93.8
 10
-84.4
 20
94.9
 10
-83.6
 20
99.9
 97
0
 92
3
 72
0
 73
1
 93
5
 10
-130.0
 20
121.6
 10
-123.5
 20
122.2
 10
-122.8
 20
117.1
 10
-130.0
 20
117.2
 10
-131.2
 20
118.1
 97
0
 92
3
 72
0
 73
1
 93
5
 10
-103.4
 20
126.8
 10
-97.6
 20
119.0
 10
-98.7
 20
114.7
 10
-106.9
 20
115.9
 10
-106.8
 20
125.5
 97
0
 92
3
 72
0
 73
1
 93
5
 10
-85.4
 20
147.9
 10
-82.1
 20
155.1
 10
-85.4
 20
138.0
 10
-86.6
 20
126.0
 10
-90.3
 20
139.1
 97
0
 92
3
 72
0
 73
1
 93
4
 10
-95.2
 20
132.7
 10
-94.0
 20
133.9
 10
-92.4
 20
136.2
 10
-94.0
 20
131.0
 97
0
 92
3
 72
0
 73
1
 93
6
 10
-42.1
 20
175.9
 10
-34.9
 20
172.0
 10
-28.4
 20
169.3
 10
-22.6
 20
168.0
 10
-22.0
 20
156.8
 10
-31.4
 20
166.9
 97
0
 92
3
 72
0
 73
1
 93
7
 10
-83.0
 20
-160.1
 10
-82.9
 20
-155.5
 10
-66.4
 20
-149.2
 10
-51.3
 20
-141.4
 10
-56.6
 20
-155.8
 10
-65.2
 20
-156.1
 10
-74.3
 20
-157.8
 97
0
 92
3
 72
0
 73
1
 93
5
 10
-101.0
 20
-145.1
 10
-101.6
 20
-143.6
 10
-104.8
 20
-137.7
 10
-100.9
 20
-136.9
 10
-99.9
 20
-144.6
 97
0
 92
3
 72
0
 73
1
 93
4
 10
-83.8
 20
-138.0
 10
-84.5
 20
-133.3
 10
-77.7
 20
-131.6
 10
-76.0
 20
-135.5
 97
0
 92
3
 72
0
 73
1
 93
6
 10
-68.0
 20
-133.3
 10
-67.4
 20
-128.6
 10
-52.2
 20
-122.8
 10
-42.8
 20
-117.6
 10
-47.5
 20
-131.0
 10
-54.6
 20
-130.9
 97
0
 92
3
 72
0
 73
1
 93
4
 10
-106.1
 20
-130.1
 10
-104.8
 20
-128.4
 10
-101.2
 20
-124.1
 10
-101.3
 20
-127.2
 97
0
 92
3
 72
0
 73
1
 93
5
 10
-88.2
 20
-119.9
 10
-92.0
 20
-112.9
 10
-85.0
 20
-104.5
 10
-84.6
 20
-109.5
 10
-82.9
 20
-117.3
 97
0
 92
3
 72
0
 73
1
 93
9
 10
-67.3
 20
-110.8
 10
-67.8
 20
-107.5
 10
-49.1
 20
-103.3
 10
-43.7
 20
-101.4
 10
-35.7
 20
-97.3
 10
-38.7
 20
-106.0
 10
-43.8
 20
-105.7
 10
-50.2
 20
-106.2
 10
-57.6
 20
-107.7
 97
0
 92
3
 72
0
 73
1
 93
9
 10
-69.6
 20
-101.0
 10
-71.0
 20
-97.5
 10
-74.8
 20
-92.3
 10
-45.1
 20
-57.8
 10
-11.0
 20
-19.5
 10
-30.3
 20
-81.2
 10
-36.8
 20
-81.0
 10
-46.2
 20
-83.9
 10
-56.1
 20
-89.6
 97
0
 92
3
 72
0
 73
1
 93
5
 10
-20.6
 20
-83.6
 10
-5.1
 20
-34.6
 10
-6.0
 20
-96.4
 10
-11.5
 20
-89.4
 10
-15.0
 20
-86.4
 97
0
 92
3
 72
0
 73
1
 93
6
 10
-21.9
 20
-103.4
 10
-12.6
 20
-114.4
 10
-20.3
 20
-118.5
 10
-25.4
 20
-112.8
 10
-29.4
 20
-109.6
 10
-25.2
 20
-97.3
 97
0
 92
3
 72
0
 73
1
 93
4
 10
-8.1
 20
-140.2
 10
-11.5
 20
-132.9
 10
-7.0
 20
-128.9
 10
-7.4
 20
-140.1
 97
0
 92
3
 72
0
 73
1
 93
5
 10
-39.9
 20
-147.9
 10
-35.5
 20
-157.3
 10
-41.6
 20
-163.5
 10
-47.1
 20
-158.9
 10
-43.6
 20
-149.4
 97
0
 92
3
 72
0
 73
1
 93
3
 10
-50.5
 20
-167.8
 10
-49.0
 20
-172.0
 10
-54.9
 20
-179.5
 97
0
 92
3
 72
0
 73
1
 93
4
 10
-36.6
 20
-135.0
 10
-38.0
 20
-134.1
 10
-33.9
 20
-122.4
 10
-31.7
 20
-129.0
 97
0
 92
3
 72
0
 73
1
 93
4
 10
-23.6
 20
-147.6
 10
-27.9
 20
-142.7
 10
-26.1
 20
-141.8
 10
-23.3
 20
-147.4
 97
0
 92
3
 72
0
 73
1
 93
10
 10
159.5
 20
44.0
 10
179.1
 20
43.9
 10
169.6
 20
35.2
 10
159.5
 20
23.2
 10
156.0
 20
17.4
 10
153.7
 20
12.3
 10
152.6
 20
8.2
 10
140.1
 20
8.0
 10
144.6
 20
12.9
 10
150.6
 20
22.5
 97
0
 92
3
 72
0
 73
1
 93
4
 10
63.2
 20
47.9
 10
70.0
 20
53.8
 10
71.6
 20
55.2
 10
72.3
 20
54.1
 97
0
 92
3
 72
0
 73
1
 93
4
 10
93.5
 20
74.4
 10
94.6
 20
70.0
 10
84.5
 20
62.7
 10
85.2
 20
67.0
 97
0
 92
3
 72
0
 73
1
 93
4
 10
114.1
 20
92.6
 10
115.1
 20
87.5
 10
109.1
 20
88.1
 10
109.1
 20
88.2
 97
0
 92
3
 72
0
 73
1
 93
4
 10
144.6
 20
110.5
 10
147.2
 20
109.3
 10
143.9
 20
106.9
 10
144.4
 20
109.1
 97
0
 92
3
 72
0
 73
1
 93
6
 10
145.9
 20
89.8
 10
152.8
 20
85.5
 10
161.4
 20
81.4
 10
146.8
 20
83.5
 10
131.0
 20
84.3
 10
139.0
 20
90.4
 97
0
 92
3
 72
0
 73
1
 93
3
 10
133.3
 20
109.8
 10
134.1
 20
107.0
 10
129.8
 20
106.7
 97
0
 75
1
 76
1
 98
0
  0
HATCH
  5
BA
330
B3
100
AcDbEntity
  8
VEG-RELLENO
 62
83
420
7248726
100
AcDbHatch
 10
0.0
 20
0.0
 30
0.0
210
0.0
220
0.0
230
1.0
  2
SOLID
 70
1
 71
0
 91
45
 92
3
 72
0
 73
1
 93
36
 10
-206.7
 20
-217.8
 10
-226.6
 20
-218.3
 10
-278.6
 20
-217.7
 10
-310.8
 20
-224.2
 10
-296.1
 20
-217.5
 10
-319.7
 20
-217.7
 10
-338.6
 20
-218.7
 10
-295.8
 20
-208.3
 10
-273.5
 20
-204.4
 10
-260.3
 20
-202.7
 10
-237.9
 20
-195.5
 10
-223.2
 20
-191.8
 10
-209.0
 20
-189.1
 10
-195.7
 20
-187.4
 10
-184.0
 20
-186.9
 10
-174.3
 20
-187.2
 10
-165.4
 20
-188.9
 10
-155.2
 20
-175.7
 10
-139.2
 20
-171.4
 10
-140.9
 20
-173.7
 10
-135.2
 20
-182.0
 10
-145.9
 20
-187.9
 10
-146.6
 20
-180.9
 10
-156.8
 20
-194.2
 10
-180.0
 20
-208.2
 10
-172.1
 20
-197.7
 10
-182.2
 20
-200.8
 10
-196.8
 20
-204.1
 10
-189.8
 20
-205.6
 10
-181.0
 20
-208.8
 10
-185.3
 20
-211.2
 10
-164.8
 20
-204.6
 10
-172.5
 20
-214.8
 10
-193.1
 20
-225.7
 10
-185.6
 20
-215.6
 10
-190.6
 20
-216.5
 97
0
 92
3
 72
0
 73
1
 93
76
 10
-155.5
 20
-174.9
 10
-166.0
 20
-176.3
 10
-188.7
 20
-177.0
 10
-265.4
 20
-173.9
 10
-286.3
 20
-173.9
 10
-260.4
 20
-167.8
 10
-242.7
 20
-164.2
 10
-229.4
 20
-162.2
 10
-211.2
 20
-160.4
 10
-236.5
 20
-160.4
 10
-255.3
 20
-161.1
 10
-216.8
 20
-149.8
 10
-193.4
 20
-145.0
 10
-220.8
 20
-146.6
 10
-197.5
 20
-137.5
 10
-178.4
 20
-131.1
 10
-162.6
 20
-127.2
 10
-147.0
 20
-124.7
 10
-137.5
 20
-124.1
 10
-129.1
 20
-124.4
 10
-122.2
 20
-125.3
 10
-116.6
 20
-127.0
 10
-108.2
 20
-116.7
 10
-115.6
 20
-118.1
 10
-131.4
 20
-118.9
 10
-148.6
 20
-118.2
 10
-184.6
 20
-115.0
 10
-153.4
 20
-105.9
 10
-140.6
 20
-103.2
 10
-131.9
 20
-102.1
 10
-123.6
 20
-101.7
 10
-115.8
 20
-102.0
 10
-109.1
 20
-103.0
 10
-103.5
 20
-104.5
 10
-99.6
 20
-106.3
 10
-92.4
 20
-97.7
 10
-97.9
 20
-98.2
 10
-109.2
 20
-97.5
 10
-139.1
 20
-90.9
 10
-115.1
 20
-83.2
 10
-103.4
 20
-81.3
 10
-92.5
 20
-81.7
 10
-88.0
 20
-82.8
 10
-82.4
 20
-85.8
 10
-52.6
 20
-51.2
 10
-17.2
 20
-11.4
 10
-15.6
 20
-10.3
 10
-13.7
 20
-9.8
 10
-11.8
 20
-10.1
 10
-10.1
 20
-11.1
 10
-8.9
 20
-12.7
 10
-8.5
 20
-15.0
 10
-10.1
 20
-16.9
 10
-11.0
 20
-19.5
 10
-45.1
 20
-57.8
 10
-74.8
 20
-92.3
 10
-71.0
 20
-97.5
 10
-69.6
 20
-101.0
 10
-78.9
 20
-109.8
 10
-67.8
 20
-107.5
 10
-67.3
 20
-110.8
 10
-82.9
 20
-117.3
 10
-84.6
 20
-109.5
 10
-85.0
 20
-104.5
 10
-92.0
 20
-112.9
 10
-88.2
 20
-119.9
 10
-101.3
 20
-127.2
 10
-101.2
 20
-124.1
 10
-106.1
 20
-130.1
 10
-125.8
 20
-142.2
 10
-104.8
 20
-137.7
 10
-101.0
 20
-145.1
 10
-114.5
 20
-151.5
 10
-115.4
 20
-141.4
 10
-125.2
 20
-153.8
 10
-123.7
 20
-156.4
 97
0
 92
2
 72
0
 73
1
 93
7
 10
-135.9
 20
-140.2
 10
-145.2
 20
-141.7
 10
-154.4
 20
-142.7
 10
-147.5
 20
-143.3
 10
-139.5
 20
-144.8
 10
-132.8
 20
-147.2
 10
-124.9
 20
-137.4
 97
0
 92
2
 72
0
 73
1
 93
7
 10
-156.8
 20
-158.6
 10
-167.6
 20
-159.5
 10
-183.6
 20
-160.1
 10
-165.1
 20
-162.3
 10
-156.4
 20
-164.4
 10
-148.8
 20
-167.5
 10
-139.6
 20
-155.8
 97
0
 92
3
 72
0
 73
1
 93
4
 10
-67.4
 20
-128.6
 10
-68.0
 20
-133.3
 10
-76.0
 20
-135.5
 10
-77.7
 20
-131.6
 97
0
 92
3
 72
0
 73
1
 93
4
 10
-84.5
 20
-133.3
 10
-83.8
 20
-138.0
 10
-99.9
 20
-144.6
 10
-100.9
 20
-136.9
 97
0
 92
3
 72
0
 73
1
 93
5
 10
-82.9
 20
-155.5
 10
-83.0
 20
-160.1
 10
-97.1
 20
-164.8
 10
-110.5
 20
-170.2
 10
-112.1
 20
-164.4
 97
0
 92
3
 72
0
 73
1
 93
4
 10
-84.7
 20
-181.5
 10
-90.3
 20
-182.8
 10
-91.0
 20
-180.5
 10
-84.3
 20
-177.6
 97
0
 92
3
 72
0
 73
1
 93
4
 10
-91.5
 20
-180.9
 10
-91.2
 20
-182.9
 10
-105.4
 20
-186.7
 10
-105.7
 20
-185.9
 97
0
 92
3
 72
0
 73
1
 93
4
 10
-89.5
 20
-198.3
 10
-88.9
 20
-206.0
 10
-97.7
 20
-208.0
 10
-99.9
 20
-202.2
 97
0
 92
3
 72
0
 73
1
 93
4
 10
-88.3
 20
-219.3
 10
-88.2
 20
-221.1
 10
-91.4
 20
-224.3
 10
-92.6
 20
-221.2
 97
0
 92
3
 72
0
 73
1
 93
4
 10
-88.1
 20
-224.0
 10
-88.0
 20
-227.7
 10
-90.2
 20
-227.7
 10
-91.0
 20
-225.5
 97
0
 92
3
 72
0
 73
1
 93
4
 10
-119.7
 20
-166.4
 10
-117.8
 20
-173.5
 10
-132.6
 20
-180.8
 10
-133.1
 20
-169.9
 97
0
 92
3
 72
0
 73
1
 93
5
 10
-114.8
 20
-189.7
 10
-125.1
 20
-193.4
 10
-143.4
 20
-200.9
 10
-144.0
 20
-198.3
 10
-114.9
 20
-189.1
 97
0
 92
3
 72
0
 73
1
 93
4
 10
-113.3
 20
-206.9
 10
-113.0
 20
-212.8
 10
-137.4
 20
-222.5
 10
-139.7
 20
-214.9
 97
0
 92
3
 72
0
 73
1
 93
4
 10
-113.7
 20
-246.2
 10
-113.8
 20
-254.2
 10
-125.4
 20
-257.0
 10
-127.8
 20
-250.6
 97
0
 92
3
 72
0
 73
1
 93
4
 10
-111.9
 20
-268.2
 10
-111.0
 20
-275.0
 10
-118.7
 20
-275.1
 10
-120.0
 20
-271.5
 97
0
 92
3
 72
0
 73
1
 93
4
 10
-110.1
 20
-284.2
 10
-110.0
 20
-284.9
 10
-112.7
 20
-290.9
 10
-114.4
 20
-286.3
 97
0
 92
3
 72
0
 73
1
 93
4
 10
-153.1
 20
-201.0
 10
-151.4
 20
-204.5
 10
-162.5
 20
-209.8
 10
-162.9
 20
-204.0
 97
0
 92
3
 72
0
 73
1
 93
4
 10
-146.5
 20
-216.9
 10
-143.8
 20
-225.4
 10
-158.8
 20
-232.8
 10
-161.0
 20
-220.9
 97
0
 92
3
 72
0
 73
1
 93
5
 10
-137.4
 20
-253.2
 10
-136.3
 20
-260.3
 10
-155.8
 20
-267.3
 10
-166.0
 20
-271.6
 10
-169.2
 20
-261.2
 97
0
 92
3
 72
0
 73
1
 93
4
 10
-132.2
 20
-297.7
 10
-141.4
 20
-298.5
 10
-142.3
 20
-295.5
 10
-132.6
 20
-292.7
 97
0
 92
3
 72
0
 73
1
 93
4
 10
-131.4
 20
-311.8
 10
-131.0
 20
-321.0
 10
-135.0
 20
-320.5
 10
-137.0
 20
-313.5
 97
0
 92
3
 72
0
 73
1
 93
4
 10
-142.7
 20
-298.6
 10
-156.0
 20
-300.9
 10
-156.7
 20
-299.0
 10
-143.2
 20
-295.7
 97
0
 92
3
 72
0
 73
1
 93
4
 10
-139.9
 20
-314.4
 10
-139.0
 20
-320.3
 10
-148.9
 20
-320.7
 10
-150.3
 20
-316.8
 97
0
 92
3
 72
0
 73
1
 93
5
 10
-137.2
 20
-333.8
 10
-136.4
 20
-340.8
 10
-138.3
 20
-344.8
 10
-140.5
 20
-344.2
 10
-143.5
 20
-335.7
 97
0
 92
3
 72
0
 73
1
 93
4
 10
-174.5
 20
-241.1
 10
-177.5
 20
-225.4
 10
-167.4
 20
-222.6
 10
-161.5
 20
-234.2
 97
0
 92
3
 72
0
 73
1
 93
214
 10
-181.3
 20
-226.5
 10
-188.2
 20
-235.9
 10
-181.8
 20
-245.2
 10
-191.9
 20
-251.1
 10
-193.1
 20
-242.6
 10
-203.8
 20
-257.3
 10
-203.3
 20
-258.0
 10
-221.1
 20
-269.0
 10
-226.2
 20
-271.4
 10
-217.0
 20
-258.5
 10
-232.0
 20
-261.9
 10
-261.8
 20
-265.9
 10
-242.0
 20
-268.0
 10
-236.7
 20
-268.9
 10
-227.2
 20
-271.9
 10
-240.3
 20
-278.1
 10
-214.0
 20
-271.5
 10
-218.7
 20
-278.1
 10
-212.7
 20
-286.7
 10
-209.3
 20
-293.1
 10
-221.1
 20
-299.7
 10
-223.5
 20
-285.0
 10
-233.7
 20
-299.6
 10
-230.2
 20
-304.9
 10
-238.8
 20
-309.8
 10
-239.0
 20
-307.2
 10
-245.2
 20
-316.3
 10
-246.1
 20
-316.6
 10
-245.3
 20
-316.4
 10
-248.5
 20
-321.1
 10
-243.5
 20
-329.4
 10
-239.5
 20
-338.7
 10
-235.5
 20
-350.3
 10
-231.8
 20
-363.7
 10
-228.6
 20
-378.4
 10
-225.0
 20
-401.5
 10
-222.1
 20
-430.8
 10
-220.0
 20
-472.5
 10
-224.4
 20
-454.9
 10
-237.2
 20
-410.2
 10
-232.5
 20
-437.6
 10
-227.4
 20
-483.3
 10
-256.7
 20
-399.2
 10
-264.1
 20
-373.5
 10
-266.5
 20
-362.4
 10
-268.1
 20
-350.4
 10
-277.0
 20
-363.9
 10
-272.3
 20
-370.5
 10
-266.1
 20
-383.2
 10
-260.2
 20
-399.6
 10
-256.8
 20
-412.2
 10
-253.8
 20
-425.4
 10
-249.6
 20
-451.6
 10
-245.2
 20
-493.8
 10
-272.8
 20
-416.4
 10
-279.4
 20
-392.7
 10
-281.5
 20
-382.4
 10
-282.7
 20
-372.7
 10
-291.1
 20
-385.8
 10
-287.1
 20
-391.5
 10
-281.8
 20
-403.0
 10
-276.9
 20
-417.7
 10
-274.2
 20
-429.1
 10
-272.0
 20
-441.0
 10
-269.7
 20
-458.8
 10
-266.8
 20
-502.5
 10
-283.1
 20
-455.6
 10
-290.4
 20
-432.9
 10
-295.6
 20
-411.4
 10
-297.5
 20
-395.8
 10
-304.8
 20
-407.4
 10
-301.2
 20
-411.8
 10
-297.8
 20
-417.8
 10
-294.5
 20
-425.2
 10
-288.9
 20
-443.7
 10
-286.8
 20
-453.9
 10
-284.6
 20
-469.2
 10
-281.5
 20
-506.9
 10
-297.9
 20
-467.3
 10
-304.9
 20
-448.0
 10
-309.9
 20
-429.7
 10
-311.4
 20
-418.1
 10
-318.2
 20
-429.1
 10
-315.4
 20
-432.2
 10
-312.3
 20
-436.8
 10
-309.4
 20
-442.7
 10
-304.6
 20
-457.4
 10
-301.6
 20
-474.0
 10
-299.2
 20
-508.6
 10
-317.4
 20
-470.1
 10
-314.0
 20
-484.3
 10
-311.4
 20
-503.1
 10
-323.6
 20
-488.4
 10
-330.5
 20
-479.2
 10
-336.0
 20
-469.3
 10
-338.2
 20
-462.3
 10
-340.9
 20
-465.6
 10
-344.2
 20
-466.2
 10
-346.8
 20
-465.0
 10
-348.2
 20
-463.0
 10
-348.3
 20
-460.1
 10
-347.0
 20
-457.4
 10
-354.0
 20
-458.8
 10
-365.3
 20
-458.9
 10
-395.7
 20
-454.6
 10
-372.4
 20
-445.1
 10
-360.8
 20
-442.3
 10
-350.0
 20
-441.9
 10
-345.4
 20
-442.7
 10
-339.7
 20
-445.1
 10
-332.9
 20
-434.0
 10
-341.2
 20
-436.2
 10
-356.4
 20
-437.8
 10
-373.0
 20
-437.9
 10
-408.0
 20
-436.5
 10
-378.5
 20
-425.9
 10
-366.2
 20
-422.6
 10
-357.9
 20
-421.1
 10
-349.8
 20
-420.2
 10
-342.3
 20
-420.1
 10
-335.7
 20
-420.7
 10
-330.3
 20
-421.9
 10
-326.5
 20
-423.4
 10
-318.8
 20
-410.9
 10
-332.3
 20
-414.0
 10
-341.3
 20
-415.2
 10
-361.6
 20
-416.4
 10
-415.4
 20
-416.8
 10
-390.9
 20
-408.3
 10
-416.4
 20
-413.2
 10
-380.8
 20
-396.1
 10
-363.9
 20
-389.5
 10
-346.2
 20
-383.9
 10
-334.7
 20
-381.2
 10
-319.1
 20
-379.2
 10
-306.4
 20
-379.1
 10
-299.5
 20
-380.4
 10
-290.2
 20
-365.8
 10
-301.3
 20
-368.4
 10
-323.6
 20
-370.9
 10
-399.4
 20
-374.3
 10
-420.1
 20
-375.9
 10
-404.6
 20
-370.8
 10
-383.3
 20
-360.7
 10
-357.3
 20
-350.2
 10
-343.0
 20
-345.4
 10
-328.5
 20
-341.3
 10
-314.5
 20
-338.3
 10
-295.5
 20
-335.9
 10
-280.2
 20
-335.6
 10
-271.3
 20
-337.0
 10
-261.9
 20
-323.0
 10
-275.1
 20
-326.6
 10
-286.9
 20
-328.9
 10
-381.3
 20
-341.9
 10
-410.9
 20
-347.3
 10
-382.7
 20
-335.7
 10
-363.5
 20
-328.6
 10
-341.0
 20
-321.8
 10
-317.7
 20
-316.4
 10
-302.6
 20
-314.0
 10
-282.4
 20
-312.6
 10
-266.2
 20
-313.2
 10
-256.6
 20
-315.3
 10
-247.2
 20
-301.4
 10
-261.3
 20
-305.1
 10
-273.6
 20
-307.5
 10
-365.3
 20
-320.5
 10
-388.4
 20
-324.5
 10
-402.4
 20
-327.5
 10
-373.1
 20
-315.4
 10
-353.1
 20
-308.0
 10
-332.4
 20
-301.6
 10
-310.9
 20
-296.3
 10
-289.8
 20
-292.7
 10
-275.3
 20
-291.4
 10
-262.5
 20
-291.1
 10
-252.0
 20
-291.8
 10
-241.9
 20
-293.9
 10
-231.4
 20
-278.7
 10
-247.6
 20
-281.2
 10
-260.4
 20
-282.1
 10
-354.7
 20
-285.0
 10
-378.4
 20
-286.5
 10
-392.9
 20
-288.0
 10
-368.3
 20
-280.8
 10
-345.9
 20
-275.0
 10
-376.7
 20
-280.1
 10
-352.7
 20
-270.9
 10
-332.9
 20
-264.1
 10
-310.0
 20
-257.4
 10
-293.4
 20
-253.5
 10
-268.7
 20
-249.5
 10
-245.8
 20
-247.7
 10
-232.7
 20
-247.8
 10
-222.0
 20
-248.9
 10
-211.8
 20
-251.3
 10
-201.9
 20
-237.6
 10
-216.3
 20
-240.9
 10
-228.7
 20
-242.8
 10
-321.1
 20
-252.9
 10
-344.3
 20
-256.1
 10
-358.5
 20
-258.7
 10
-328.7
 20
-247.4
 10
-308.4
 20
-240.7
 10
-292.9
 20
-236.3
 10
-276.7
 20
-232.5
 10
-260.3
 20
-229.5
 10
-244.5
 20
-227.6
 10
-229.8
 20
-226.7
 10
-217.0
 20
-226.9
 10
-206.5
 20
-227.9
 10
-199.6
 20
-229.3
 10
-209.8
 20
-234.7
 97
0
 92
2
 72
0
 73
1
 93
7
 10
-262.8
 20
-342.3
 10
-257.6
 20
-349.7
 10
-253.2
 20
-358.2
 10
-246.0
 20
-376.9
 10
-251.1
 20
-353.9
 10
-253.0
 20
-342.1
 10
-254.1
 20
-329.3
 97
0
 92
2
 72
0
 73
1
 93
6
 10
-331.1
 20
-450.2
 10
-326.2
 20
-454.0
 10
-323.3
 20
-457.7
 10
-319.7
 20
-464.2
 10
-323.0
 20
-454.5
 10
-325.6
 20
-441.2
 97
0
 92
2
 72
0
 73
1
 93
6
 10
-305.9
 20
-390.4
 10
-321.0
 20
-395.4
 10
-331.5
 20
-398.0
 10
-325.0
 20
-398.5
 10
-318.3
 20
-399.7
 10
-313.0
 20
-401.6
 97
0
 92
2
 72
0
 73
1
 93
5
 10
-277.0
 20
-345.7
 10
-287.7
 20
-349.3
 10
-306.5
 20
-354.0
 10
-292.9
 20
-355.7
 10
-285.1
 20
-358.1
 97
0
 92
3
 72
0
 73
1
 93
4
 10
-173.6
 20
-262.3
 10
-169.4
 20
-273.1
 10
-184.5
 20
-280.1
 10
-188.6
 20
-265.7
 97
0
 92
3
 72
0
 73
1
 93
4
 10
-160.7
 20
-301.9
 10
-176.0
 20
-305.8
 10
-176.9
 20
-303.4
 10
-161.1
 20
-300.0
 97
0
 92
3
 72
0
 73
1
 93
4
 10
-156.9
 20
-318.1
 10
-156.1
 20
-321.6
 10
-169.5
 20
-324.2
 10
-170.8
 20
-320.6
 97
0
 92
3
 72
0
 73
1
 93
4
 10
-153.0
 20
-338.0
 10
-152.1
 20
-343.3
 10
-161.9
 20
-344.8
 10
-163.7
 20
-339.9
 97
0
 92
3
 72
0
 73
1
 93
4
 10
-149.7
 20
-359.1
 10
-148.8
 20
-367.8
 10
-145.5
 20
-391.1
 10
-156.0
 20
-360.7
 97
0
 92
3
 72
0
 73
1
 93
4
 10
-198.1
 20
-267.9
 10
-192.2
 20
-284.0
 10
-206.4
 20
-291.5
 10
-209.1
 20
-270.4
 97
0
 92
3
 72
0
 73
1
 93
4
 10
-186.6
 20
-305.3
 10
-185.9
 20
-308.8
 10
-215.9
 20
-319.6
 10
-218.3
 20
-311.1
 97
0
 92
3
 72
0
 73
1
 93
4
 10
-183.3
 20
-322.4
 10
-182.5
 20
-327.7
 10
-210.3
 20
-337.6
 10
-214.0
 20
-326.2
 97
0
 92
3
 72
0
 73
1
 93
4
 10
-180.6
 20
-341.8
 10
-179.6
 20
-350.1
 10
-202.5
 20
-360.5
 10
-208.3
 20
-343.7
 97
0
 92
3
 72
0
 73
1
 93
6
 10
-178.5
 20
-363.4
 10
-176.1
 20
-418.5
 10
-181.0
 20
-397.4
 10
-176.0
 20
-436.0
 10
-183.7
 20
-412.7
 10
-201.3
 20
-363.7
 97
0
 92
3
 72
0
 73
1
 93
4
 10
-229.0
 20
-307.0
 10
-228.1
 20
-308.6
 10
-238.5
 20
-313.3
 10
-238.8
 20
-310.3
 97
0
 92
3
 72
0
 73
1
 93
4
 10
-226.3
 20
-312.6
 10
-222.3
 20
-322.1
 10
-236.1
 20
-327.8
 10
-238.2
 20
-314.9
 97
0
 92
3
 72
0
 73
1
 93
11
 10
-220.5
 20
-327.0
 10
-216.4
 20
-340.0
 10
-229.6
 20
-345.1
 10
-215.2
 20
-344.0
 10
-210.5
 20
-364.0
 10
-205.9
 20
-390.5
 10
-202.6
 20
-420.0
 10
-199.8
 20
-456.2
 10
-204.8
 20
-438.0
 10
-227.7
 20
-362.4
 10
-235.9
 20
-328.9
 97
0
 75
1
 76
1
 98
0
  0
HATCH
  5
BB
330
B3
100
AcDbEntity
  8
VEG-RELLENO
 62
73
420
7512154
100
AcDbHatch
 10
0.0
 20
0.0
 30
0.0
210
0.0
220
0.0
230
1.0
  2
SOLID
 70
1
 71
0
 91
46
 92
3
 72
0
 73
1
 93
4
 10
-32.1
 20
-292.1
 10
-35.7
 20
-277.2
 10
-26.3
 20
-273.3
 10
-21.5
 20
-283.9
 97
0
 92
3
 72
0
 73
1
 93
5
 10
-58.9
 20
-309.8
 10
-65.9
 20
-290.8
 10
-74.9
 20
-272.1
 10
-71.2
 20
-267.8
 10
-55.2
 20
-307.5
 97
0
 92
3
 72
0
 73
1
 93
4
 10
-82.7
 20
-324.0
 10
-90.3
 20
-328.4
 10
-96.4
 20
-317.1
 10
-89.3
 20
-311.5
 97
0
 92
3
 72
0
 73
1
 93
4
 10
-107.3
 20
-338.1
 10
-112.8
 20
-331.1
 10
-108.2
 20
-327.0
 10
-104.8
 20
-336.7
 97
0
 92
3
 72
0
 73
1
 93
5
 10
-120.2
 20
-345.6
 10
-128.1
 20
-350.2
 10
-129.4
 20
-349.3
 10
-126.6
 20
-343.6
 10
-122.2
 20
-339.5
 97
0
 92
3
 72
0
 73
1
 93
4
 10
-89.8
 20
-310.6
 10
-97.4
 20
-315.5
 10
-102.8
 20
-308.1
 10
-95.6
 20
-298.4
 97
0
 92
3
 72
0
 73
1
 93
5
 10
-109.4
 20
-323.3
 10
-116.3
 20
-327.8
 10
-118.2
 20
-326.3
 10
-116.7
 20
-323.2
 10
-111.0
 20
-317.2
 97
0
 92
3
 72
0
 73
1
 93
3
 10
-87.4
 20
-287.5
 10
-85.3
 20
-284.9
 10
-82.9
 20
-292.7
 97
0
 92
3
 72
0
 73
1
 93
5
 10
-46.7
 20
-242.7
 10
-42.1
 20
-238.7
 10
-28.8
 20
-267.8
 10
-36.5
 20
-273.9
 10
-40.9
 20
-258.9
 97
0
 92
3
 72
0
 73
1
 93
4
 10
-28.2
 20
-227.9
 10
-21.9
 20
-223.9
 10
-15.5
 20
-234.8
 10
-22.4
 20
-242.5
 97
0
 92
3
 72
0
 73
1
 93
31
 10
-10.5
 20
-203.8
 10
-12.8
 20
-206.4
 10
-18.3
 20
-195.6
 10
-13.4
 20
-193.6
 10
-1.0
 20
-212.0
 10
-1.4
 20
-219.5
 10
7.8
 20
-225.1
 10
19.0
 20
-243.1
 10
15.5
 20
-231.5
 10
25.5
 20
-241.4
 10
38.3
 20
-256.7
 10
46.6
 20
-268.3
 10
54.3
 20
-280.3
 10
67.2
 20
-303.5
 10
81.6
 20
-333.0
 10
68.2
 20
-316.3
 10
44.1
 20
-288.8
 10
54.6
 20
-303.3
 10
66.8
 20
-322.4
 10
76.5
 20
-339.7
 10
90.0
 20
-365.8
 10
71.4
 20
-343.4
 10
28.2
 20
-295.8
 10
11.1
 20
-276.0
 10
3.8
 20
-249.1
 10
12.9
 20
-255.8
 10
24.6
 20
-266.5
 10
9.1
 20
-247.5
 10
-2.2
 20
-231.0
 10
-2.2
 20
-231.4
 10
-10.9
 20
-210.4
 97
0
 92
3
 72
0
 73
1
 93
4
 10
-25.0
 20
-218.4
 10
-30.4
 20
-223.0
 10
-38.2
 20
-207.9
 10
-33.1
 20
-204.2
 97
0
 92
3
 72
0
 73
1
 93
4
 10
-44.3
 20
-233.8
 10
-48.9
 20
-237.2
 10
-56.1
 20
-222.9
 10
-51.1
 20
-218.2
 97
0
 92
3
 72
0
 73
1
 93
4
 10
-63.9
 20
-247.7
 10
-71.0
 20
-237.7
 10
-66.8
 20
-233.3
 10
-62.7
 20
-246.9
 97
0
 92
3
 72
0
 73
1
 93
5
 10
-75.5
 20
-255.6
 10
-82.7
 20
-260.4
 10
-86.4
 20
-256.3
 10
-85.1
 20
-253.5
 10
-78.6
 20
-245.9
 97
0
 92
3
 72
0
 73
1
 93
9
 10
-18.9
 20
-185.2
 10
-22.7
 20
-188.0
 10
-27.5
 20
-180.4
 10
-34.3
 20
-171.4
 10
-41.6
 20
-163.5
 10
-35.5
 20
-157.3
 10
-27.3
 20
-171.9
 10
-27.8
 20
-172.3
 10
-27.2
 20
-172.0
 97
0
 92
3
 72
0
 73
1
 93
7
 10
-36.9
 20
-197.3
 10
-42.6
 20
-200.6
 10
-49.7
 20
-190.7
 10
-56.6
 20
-183.7
 10
-54.9
 20
-179.5
 10
-49.0
 20
-172.0
 10
-46.2
 20
-178.9
 97
0
 92
3
 72
0
 73
1
 93
5
 10
-55.4
 20
-207.6
 10
-63.5
 20
-211.7
 10
-66.4
 20
-208.4
 10
-61.2
 20
-195.4
 10
-59.8
 20
-194.3
 97
0
 92
3
 72
0
 73
1
 93
4
 10
-82.3
 20
-221.1
 10
-95.1
 20
-227.8
 10
-83.6
 20
-216.4
 10
-79.3
 20
-213.7
 97
0
 92
3
 72
0
 73
1
 93
55
 10
-7.4
 20
-140.1
 10
-7.0
 20
-128.9
 10
-11.5
 20
-132.9
 10
-16.6
 20
-123.7
 10
-20.3
 20
-118.5
 10
-17.0
 20
-116.4
 10
-12.6
 20
-114.4
 10
7.8
 20
-132.9
 10
0.3
 20
-108.8
 10
-2.1
 20
-103.3
 10
-6.0
 20
-96.4
 10
-5.1
 20
-34.6
 10
-0.8
 20
-20.1
 10
-0.9
 20
-17.7
 10
-2.3
 20
-15.5
 10
0.5
 20
-15.0
 10
2.3
 20
-15.6
 10
3.8
 20
-16.8
 10
5.0
 20
-20.0
 10
3.5
 20
-113.8
 10
9.6
 20
-115.7
 10
13.6
 20
-118.1
 10
21.5
 20
-125.6
 10
28.4
 20
-135.3
 10
39.9
 20
-157.7
 10
14.1
 20
-141.1
 10
9.6
 20
-137.4
 10
2.9
 20
-130.4
 10
2.6
 20
-139.9
 10
6.9
 20
-140.8
 10
12.3
 20
-143.0
 10
18.3
 20
-146.3
 10
24.8
 20
-150.8
 10
31.3
 20
-156.3
 10
37.7
 20
-162.5
 10
46.5
 20
-172.4
 10
66.1
 20
-198.6
 10
35.1
 20
-179.2
 10
20.7
 20
-169.4
 10
8.5
 20
-159.1
 10
2.1
 20
-151.9
 10
1.5
 20
-166.5
 10
7.2
 20
-168.5
 10
13.4
 20
-171.8
 10
20.5
 20
-176.6
 10
28.0
 20
-182.8
 10
35.7
 20
-190.0
 10
46.7
 20
-202.3
 10
56.6
 20
-215.1
 10
76.2
 20
-244.4
 10
24.3
 20
-202.4
 10
9.9
 20
-188.7
 10
4.3
 20
-182.5
 10
-1.7
 20
-158.3
 10
-8.1
 20
-140.2
 97
0
 92
3
 72
0
 73
1
 93
5
 10
-27.9
 20
-142.7
 10
-32.3
 20
-138.3
 10
-36.6
 20
-135.0
 10
-31.7
 20
-129.0
 10
-26.1
 20
-141.8
 97
0
 92
3
 72
0
 73
1
 93
3
 10
-39.9
 20
-147.9
 10
-43.6
 20
-149.4
 10
-41.5
 20
-143.8
 97
0
 92
3
 72
0
 73
1
 93
15
 10
4.6
 20
-193.8
 10
7.2
 20
-198.5
 10
6.3
 20
-194.4
 10
14.5
 20
-198.3
 10
22.9
 20
-203.5
 10
32.0
 20
-210.2
 10
45.9
 20
-222.6
 10
59.3
 20
-236.4
 10
67.3
 20
-245.8
 10
92.0
 20
-278.2
 10
77.1
 20
-266.2
 10
30.5
 20
-231.2
 10
13.0
 20
-216.3
 10
9.9
 20
-213.2
 10
2.4
 20
-193.0
 97
0
 92
3
 72
0
 73
1
 93
27
 10
-0.3
 20
-261.1
 10
-3.9
 20
-255.6
 10
-5.1
 20
-271.5
 10
3.5
 20
-276.5
 10
11.5
 20
-282.8
 10
14.4
 20
-288.9
 10
13.2
 20
-284.4
 10
20.9
 20
-291.5
 10
35.6
 20
-308.0
 10
50.1
 20
-327.2
 10
59.0
 20
-340.8
 10
70.6
 20
-360.7
 10
90.6
 20
-400.6
 10
73.5
 20
-378.5
 10
84.2
 20
-395.6
 10
100.1
 20
-423.3
 10
90.8
 20
-412.2
 10
74.9
 20
-394.8
 10
9.7
 20
-327.6
 10
-5.2
 20
-309.9
 10
-9.2
 20
-288.8
 10
-14.7
 20
-266.2
 10
-13.8
 20
-253.9
 10
-17.3
 20
-257.6
 10
-20.8
 20
-246.9
 10
-13.1
 20
-244.5
 10
-12.8
 20
-239.5
 97
0
 92
2
 72
0
 73
1
 93
5
 10
2.1
 20
-301.8
 10
18.2
 20
-313.8
 10
1.4
 20
-292.5
 10
-5.9
 20
-281.5
 10
-7.2
 20
-297.1
 97
0
 92
3
 72
0
 73
1
 93
179
 10
-8.7
 20
-313.6
 10
-9.6
 20
-322.9
 10
-4.2
 20
-325.2
 10
-1.7
 20
-332.6
 10
-2.7
 20
-325.9
 10
9.0
 20
-333.2
 10
25.0
 20
-346.1
 10
42.0
 20
-362.5
 10
53.2
 20
-375.2
 10
63.8
 20
-388.4
 10
77.8
 20
-407.8
 10
102.4
 20
-447.1
 10
92.7
 20
-436.2
 10
76.2
 20
-419.1
 10
8.5
 20
-353.1
 10
-0.3
 20
-343.8
 10
-10.4
 20
-331.2
 10
-12.2
 20
-349.0
 10
-2.9
 20
-353.8
 10
5.8
 20
-359.9
 10
15.7
 20
-368.3
 10
26.3
 20
-378.5
 10
40.6
 20
-394.7
 10
54.3
 20
-412.4
 10
66.5
 20
-430.4
 10
77.7
 20
-448.8
 10
93.1
 20
-476.8
 10
84.0
 20
-465.6
 10
68.3
 20
-447.9
 10
4.3
 20
-379.7
 10
-4.0
 20
-370.1
 10
-13.1
 20
-357.7
 10
-15.0
 20
-375.2
 10
-6.5
 20
-380.5
 10
1.4
 20
-387.1
 10
10.4
 20
-395.9
 10
19.8
 20
-406.7
 10
33.9
 20
-425.7
 10
47.0
 20
-446.3
 10
54.6
 20
-460.1
 10
63.9
 20
-478.7
 10
76.7
 20
-507.0
 10
73.2
 20
-501.8
 10
81.2
 20
-515.5
 10
61.5
 20
-494.2
 10
5.9
 20
-438.8
 10
-10.9
 20
-420.2
 10
-19.0
 20
-409.3
 10
-21.2
 20
-427.0
 10
-14.2
 20
-431.7
 10
-3.8
 20
-441.9
 10
7.6
 20
-455.9
 10
15.3
 20
-467.2
 10
26.0
 20
-485.7
 10
35.2
 20
-504.5
 10
42.3
 20
-521.3
 10
52.1
 20
-546.6
 10
40.1
 20
-528.9
 10
-6.2
 20
-465.9
 10
-18.6
 20
-446.4
 10
-22.7
 20
-438.7
 10
-24.5
 20
-452.6
 10
-18.4
 20
-456.5
 10
-8.8
 20
-465.5
 10
1.5
 20
-477.9
 10
8.4
 20
-488.0
 10
18.0
 20
-504.6
 10
26.3
 20
-521.4
 10
41.6
 20
-559.1
 10
30.4
 20
-543.6
 10
7.8
 20
-514.8
 10
18.7
 20
-534.1
 10
33.4
 20
-566.0
 10
-11.2
 20
-516.6
 10
-23.2
 20
-501.0
 10
-29.8
 20
-490.0
 10
-31.8
 20
-503.0
 10
-27.7
 20
-504.8
 10
-22.9
 20
-507.9
 10
-17.6
 20
-512.3
 10
-12.2
 20
-517.9
 10
-6.9
 20
-524.5
 10
-1.8
 20
-531.8
 10
4.8
 20
-543.1
 10
19.0
 20
-572.5
 10
-7.6
 20
-547.7
 10
-19.8
 20
-535.3
 10
-29.7
 20
-522.9
 10
-33.8
 20
-516.3
 10
-35.7
 20
-528.2
 10
-29.8
 20
-530.6
 10
-26.1
 20
-533.4
 10
-18.9
 20
-541.6
 10
-12.9
 20
-551.9
 10
-3.6
 20
-575.2
 10
-27.7
 20
-556.3
 10
-35.5
 20
-548.0
 10
-38.2
 20
-544.0
 10
-38.8
 20
-546.2
 10
-40.0
 20
-547.7
 10
-41.7
 20
-548.7
 10
-44.1
 20
-548.9
 10
-46.0
 20
-548.2
 10
-47.4
 20
-546.9
 10
-48.2
 20
-545.1
 10
-48.2
 20
-542.8
 10
-56.4
 20
-548.4
 10
-61.6
 20
-551.0
 10
-72.3
 20
-555.2
 10
-90.4
 20
-561.2
 10
-74.4
 20
-542.3
 10
-65.6
 20
-534.5
 10
-56.3
 20
-528.9
 10
-51.9
 20
-527.3
 10
-45.6
 20
-526.7
 10
-43.6
 20
-514.4
 10
-49.9
 20
-519.6
 10
-63.3
 20
-527.9
 10
-78.9
 20
-535.4
 10
-112.2
 20
-549.1
 10
-89.1
 20
-527.1
 10
-79.1
 20
-518.8
 10
-72.0
 20
-513.7
 10
-58.0
 20
-505.8
 10
-51.6
 20
-503.3
 10
-46.0
 20
-501.8
 10
-41.6
 20
-501.4
 10
-39.4
 20
-486.3
 10
-51.5
 20
-494.9
 10
-59.7
 20
-499.5
 10
-68.9
 20
-504.0
 10
-88.5
 20
-512.4
 10
-130.0
 20
-528.4
 10
-98.0
 20
-503.2
 10
-134.3
 20
-523.5
 10
-101.6
 20
-491.9
 10
-87.5
 20
-479.9
 10
-77.5
 20
-472.3
 10
-67.5
 20
-465.5
 10
-53.5
 20
-457.6
 10
-41.5
 20
-452.4
 10
-34.4
 20
-450.8
 10
-32.2
 20
-434.4
 10
-41.0
 20
-441.8
 10
-49.8
 20
-447.9
 10
-71.5
 20
-461.1
 10
-146.6
 20
-500.3
 10
-113.6
 20
-471.5
 10
-97.5
 20
-459.0
 10
-80.3
 20
-447.0
 10
-68.8
 20
-440.0
 10
-52.8
 20
-431.8
 10
-39.3
 20
-426.6
 10
-31.0
 20
-425.0
 10
-28.8
 20
-407.8
 10
-33.5
 20
-411.6
 10
-36.2
 20
-400.7
 10
-27.8
 20
-399.2
 10
-26.1
 20
-384.7
 10
-37.3
 20
-396.2
 10
-41.2
 20
-381.7
 10
-28.9
 20
-375.6
 10
-23.9
 20
-391.9
 10
-25.9
 20
-374.5
 10
-24.9
 20
-374.3
 10
-23.1
 20
-357.8
 10
-24.8
 20
-359.6
 10
-25.4
 20
-349.1
 10
-22.1
 20
-348.3
 10
-20.5
 20
-332.0
 10
-26.2
 20
-337.9
 10
-27.4
 20
-325.2
 10
-19.6
 20
-322.5
 10
-18.0
 20
-305.1
 10
-28.6
 20
-314.8
 10
-30.7
 20
-300.9
 10
-19.5
 20
-296.7
 10
-17.2
 20
-296.3
 10
-17.0
 20
-294.0
 97
0
 92
2
 72
0
 73
1
 93
5
 10
-17.9
 20
-400.5
 10
-9.5
 20
-404.5
 10
4.1
 20
-414.2
 10
-9.1
 20
-396.4
 10
-16.1
 20
-385.1
 97
0
 92
2
 72
0
 73
1
 93
6
 10
-28.0
 20
-477.8
 10
-22.7
 20
-480.6
 10
-17.1
 20
-484.8
 10
-8.4
 20
-493.4
 10
-18.4
 20
-478.8
 10
-26.2
 20
-464.8
 97
0
 92
2
 72
0
 73
1
 93
6
 10
-35.9
 20
-461.8
 10
-49.2
 20
-473.2
 10
-62.1
 20
-482.1
 10
-50.7
 20
-477.8
 10
-43.8
 20
-476.2
 10
-37.9
 20
-475.8
 97
0
 92
3
 72
0
 73
1
 93
24
 10
-33.9
 20
-412.0
 10
-49.5
 20
-422.6
 10
-60.9
 20
-429.3
 10
-86.7
 20
-443.0
 10
-114.6
 20
-456.7
 10
-142.8
 20
-478.4
 10
-131.4
 20
-465.0
 10
-155.2
 20
-477.3
 10
-129.0
 20
-455.6
 10
-111.1
 20
-441.7
 10
-99.9
 20
-429.8
 10
-84.2
 20
-414.6
 10
-78.5
 20
-425.7
 10
-81.1
 20
-411.8
 10
-75.2
 20
-406.5
 10
-66.6
 20
-428.6
 10
-69.9
 20
-402.1
 10
-49.7
 20
-387.0
 10
-44.8
 20
-403.1
 10
-45.6
 20
-403.7
 10
-44.7
 20
-403.4
 10
-42.3
 20
-412.7
 10
-43.0
 20
-402.9
 10
-39.1
 20
-401.6
 97
0
 92
3
 72
0
 73
1
 93
4
 10
-27.5
 20
-362.3
 10
-29.2
 20
-350.6
 10
-29.0
 20
-350.5
 10
-26.2
 20
-361.1
 97
0
 92
3
 72
0
 73
1
 93
5
 10
-32.0
 20
-366.6
 10
-42.9
 20
-375.8
 10
-47.1
 20
-362.6
 10
-47.5
 20
-360.0
 10
-36.6
 20
-354.0
 97
0
 92
3
 72
0
 73
1
 93
5
 10
-51.2
 20
-382.3
 10
-70.7
 20
-396.7
 10
-74.0
 20
-378.6
 10
-58.2
 20
-366.9
 10
-53.6
 20
-375.0
 97
0
 92
3
 72
0
 73
1
 93
4
 10
-77.4
 20
-401.4
 10
-82.4
 20
-405.0
 10
-86.1
 20
-388.5
 10
-83.9
 20
-386.6
 97
0
 92
3
 72
0
 73
1
 93
5
 10
-87.6
 20
-408.6
 10
-93.3
 20
-412.5
 10
-104.2
 20
-419.9
 10
-105.9
 20
-406.6
 10
-94.8
 20
-396.2
 97
0
 92
3
 72
0
 73
1
 93
5
 10
-104.2
 20
-420.0
 10
-132.6
 20
-439.5
 10
-148.0
 20
-450.9
 10
-123.0
 20
-423.8
 10
-110.0
 20
-410.6
 97
0
 92
3
 72
0
 73
1
 93
4
 10
-38.5
 20
-349.0
 10
-48.0
 20
-356.7
 10
-51.3
 20
-338.8
 10
-44.3
 20
-334.3
 97
0
 92
3
 72
0
 73
1
 93
4
 10
-59.1
 20
-365.3
 10
-74.4
 20
-376.6
 10
-78.6
 20
-359.7
 10
-67.6
 20
-350.6
 97
0
 92
3
 72
0
 73
1
 93
4
 10
-84.9
 20
-384.1
 10
-86.9
 20
-385.5
 10
-91.3
 20
-370.9
 10
-90.9
 20
-370.5
 97
0
 92
3
 72
0
 73
1
 93
4
 10
-96.8
 20
-392.5
 10
-106.9
 20
-399.7
 10
-109.0
 20
-388.1
 10
-102.8
 20
-381.9
 97
0
 92
3
 72
0
 73
1
 93
4
 10
-113.9
 20
-404.6
 10
-134.2
 20
-419.2
 10
-145.4
 20
-427.8
 10
-118.3
 20
-397.9
 97
0
 92
3
 72
0
 73
1
 93
4
 10
-46.6
 20
-328.4
 10
-52.7
 20
-332.7
 10
-57.2
 20
-315.5
 10
-53.0
 20
-312.9
 97
0
 92
3
 72
0
 73
1
 93
4
 10
-70.9
 20
-344.8
 10
-81.2
 20
-351.4
 10
-86.5
 20
-336.9
 10
-78.8
 20
-330.9
 97
0
 92
3
 72
0
 73
1
 93
4
 10
-109.6
 20
-369.3
 10
-113.8
 20
-372.0
 10
-117.3
 20
-364.2
 10
-113.8
 20
-360.9
 97
0
 92
3
 72
0
 73
1
 93
4
 10
-128.1
 20
-381.0
 10
-142.1
 20
-390.2
 10
-147.3
 20
-393.9
 10
-130.2
 20
-376.8
 97
0
 92
3
 72
0
 73
1
 93
4
 10
-43.1
 20
-401.6
 10
-43.4
 20
-398.4
 10
-43.8
 20
-392.6
 10
-40.4
 20
-399.1
 97
0
 75
1
 76
1
 98
0
  0
HATCH
  5
BC
330
B3
100
AcDbEntity
  8
VEG-RELLENO
 62
73
420
7512410
100
AcDbHatch
 10
0.0
 20
0.0
 30
0.0
210
0.0
220
0.0
230
1.0
  2
SOLID
 70
1
 71
0
 91
20
 92
3
 72
0
 73
1
 93
344
 10
0.7
 20
294.8
 10
16.8
 20
306.4
 10
29.3
 20
314.6
 10
110.8
 20
363.4
 10
69.3
 20
325.5
 10
51.4
 20
310.8
 10
38.9
 20
301.3
 10
20.4
 20
289.0
 10
3.5
 20
279.4
 10
-5.8
 20
275.3
 10
-15.3
 20
272.5
 10
-15.3
 20
255.6
 10
-6.2
 20
265.3
 10
2.4
 20
272.9
 10
23.9
 20
289.5
 10
48.1
 20
306.1
 10
98.7
 20
339.6
 10
59.7
 20
299.4
 10
47.3
 20
282.0
 10
35.0
 20
266.0
 10
17.0
 20
245.9
 10
8.1
 20
237.4
 10
-0.1
 20
230.4
 10
-7.5
 20
225.2
 10
-14.8
 20
221.4
 10
-14.4
 20
207.0
 10
-4.6
 20
220.0
 10
11.1
 20
236.2
 10
29.2
 20
252.6
 10
67.8
 20
285.1
 10
42.4
 20
248.7
 10
31.3
 20
234.3
 10
23.2
 20
224.9
 10
10.9
 20
212.6
 10
-0.7
 20
202.7
 10
-7.4
 20
198.2
 10
-13.9
 20
195.1
 10
-13.3
 20
180.0
 10
-4.6
 20
190.5
 10
9.8
 20
203.6
 10
26.6
 20
216.4
 10
62.6
 20
241.5
 10
38.9
 20
211.1
 10
28.6
 20
199.2
 10
21.1
 20
191.5
 10
6.1
 20
178.6
 10
-0.9
 20
173.9
 10
-7.1
 20
170.5
 10
-12.7
 20
168.5
 10
-11.9
 20
156.6
 10
-2.9
 20
167.9
 10
9.3
 20
179.4
 10
44.7
 20
206.3
 10
25.6
 20
176.1
 10
15.0
 20
162.4
 10
3.6
 20
151.1
 10
-1.9
 20
147.0
 10
-6.9
 20
144.1
 10
-11.0
 20
142.6
 10
-10.2
 20
132.4
 10
-3.7
 20
139.8
 10
0.7
 20
143.5
 10
10.1
 20
150.1
 10
26.2
 20
160.2
 10
15.2
 20
138.3
 10
8.6
 20
128.5
 10
1.0
 20
120.9
 10
-2.9
 20
118.3
 10
-8.9
 20
116.1
 10
-4.5
 20
71.9
 10
2.2
 20
20.0
 10
1.7
 20
17.6
 10
0.5
 20
16.1
 10
-1.2
 20
15.1
 10
-3.1
 20
14.8
 10
-6.2
 20
16.1
 10
-7.8
 20
19.1
 10
-14.4
 20
70.5
 10
-18.8
 20
114.8
 10
-25.1
 20
115.2
 10
-29.5
 20
116.7
 10
-34.2
 20
119.1
 10
-34.9
 20
119.6
 10
-34.8
 20
123.9
 10
-36.6
 20
120.7
 10
-43.5
 20
126.0
 10
-50.5
 20
133.2
 10
-49.6
 20
144.6
 10
-40.5
 20
141.4
 10
-29.9
 20
136.5
 10
-25.2
 20
133.6
 10
-20.0
 20
129.4
 10
-21.0
 20
142.0
 10
-25.3
 20
143.2
 10
-30.6
 20
145.6
 10
-36.4
 20
149.2
 10
-42.6
 20
154.0
 10
-49.2
 20
160.1
 10
-49.4
 20
185.1
 10
-55.5
 20
167.1
 10
-62.4
 20
175.8
 10
-61.4
 20
190.0
 10
-59.3
 20
188.6
 10
-61.3
 20
190.4
 10
-60.8
 20
210.1
 10
-40.2
 20
195.2
 10
-32.9
 20
189.2
 10
-23.3
 20
179.5
 10
-23.9
 20
194.7
 10
-30.7
 20
197.3
 10
-37.7
 20
201.3
 10
-45.7
 20
207.0
 10
-54.3
 20
214.3
 10
-60.7
 20
220.6
 10
-60.6
 20
232.6
 10
-63.1
 20
223.0
 10
-63.5
 20
223.4
 10
-58.9
 20
257.0
 10
-41.9
 20
244.4
 10
-33.6
 20
237.6
 10
-25.0
 20
229.2
 10
-25.3
 20
246.4
 10
-34.1
 20
249.0
 10
-43.0
 20
253.1
 10
-58.2
 20
262.4
 10
-57.2
 20
270.0
 10
-59.5
 20
263.2
 10
-71.6
 20
272.2
 10
-68.9
 20
291.7
 10
-43.9
 20
272.3
 10
-35.1
 20
264.8
 10
-25.3
 20
255.1
 10
-25.3
 20
273.0
 10
-34.5
 20
276.7
 10
-43.4
 20
281.9
 10
-53.5
 20
289.2
 10
-67.6
 20
301.2
 10
-67.2
 20
304.1
 10
-68.0
 20
301.6
 10
-81.3
 20
315.0
 10
-93.6
 20
329.1
 10
-93.2
 20
335.3
 10
-94.4
 20
330.1
 10
-103.3
 20
341.6
 10
-102.0
 20
355.4
 10
-105.2
 20
344.1
 10
-118.6
 20
363.6
 10
-135.0
 20
390.3
 10
-121.9
 20
376.1
 10
-104.2
 20
358.5
 10
-43.1
 20
301.6
 10
-34.5
 20
292.9
 10
-25.3
 20
282.2
 10
-25.0
 20
299.0
 10
-34.6
 20
302.9
 10
-43.8
 20
308.3
 10
-60.0
 20
320.4
 10
-77.4
 20
336.2
 10
-96.1
 20
357.1
 10
-109.6
 20
374.5
 10
-118.2
 20
386.9
 10
-138.9
 20
420.0
 10
-117.1
 20
396.8
 10
-80.8
 20
362.4
 10
-98.6
 20
380.8
 10
-112.9
 20
397.9
 10
-126.1
 20
415.6
 10
-144.4
 20
442.8
 10
-134.2
 20
432.2
 10
-116.6
 20
415.7
 10
-44.8
 20
353.6
 10
-35.3
 20
344.9
 10
-24.0
 20
332.9
 10
-23.2
 20
350.9
 10
-33.0
 20
354.7
 10
-42.3
 20
359.9
 10
-53.1
 20
367.2
 10
-64.7
 20
376.5
 10
-80.7
 20
391.4
 10
-96.1
 20
408.0
 10
-110.0
 20
425.3
 10
-122.7
 20
443.1
 10
-140.4
 20
470.6
 10
-126.6
 20
455.9
 10
-107.8
 20
438.0
 10
-42.9
 20
379.9
 10
-33.7
 20
371.1
 10
-22.8
 20
359.1
 10
-21.7
 20
377.7
 10
-30.3
 20
382.9
 10
-38.4
 20
389.6
 10
-47.5
 20
398.5
 10
-57.1
 20
409.4
 10
-69.9
 20
426.6
 10
-81.7
 20
445.3
 10
-92.1
 20
464.3
 10
-101.3
 20
483.8
 10
-113.6
 20
513.2
 10
-105.8
 20
501.1
 10
-92.1
 20
482.0
 10
-35.3
 20
409.1
 10
-27.9
 20
399.0
 10
-21.0
 20
388.1
 10
-19.8
 20
403.7
 10
-27.7
 20
408.9
 10
-39.5
 20
419.9
 10
-52.5
 20
435.1
 10
-61.3
 20
447.5
 10
-73.6
 20
467.9
 10
-86.1
 20
493.3
 10
-99.3
 20
513.8
 10
-113.4
 20
538.4
 10
-97.4
 20
521.0
 10
-103.1
 20
536.2
 10
-85.6
 20
509.2
 10
-40.5
 20
465.3
 10
-24.2
 20
447.8
 10
-16.7
 20
437.9
 10
-14.8
 20
455.3
 10
-21.5
 20
459.3
 10
-31.7
 20
468.5
 10
-42.8
 20
481.3
 10
-50.3
 20
491.8
 10
-57.4
 20
503.2
 10
-66.9
 20
521.0
 10
-74.6
 20
537.9
 10
-84.8
 20
563.9
 10
-87.3
 20
568.1
 10
-74.7
 20
555.7
 10
-35.2
 20
519.1
 10
-20.5
 20
503.8
 10
-10.5
 20
490.7
 10
-8.5
 20
505.6
 10
-13.3
 20
507.3
 10
-18.9
 20
510.4
 10
-25.1
 20
514.8
 10
-31.7
 20
520.5
 10
-38.3
 20
527.3
 10
-47.6
 20
538.8
 10
-55.9
 20
550.8
 10
-71.9
 20
578.3
 10
-26.4
 20
539.4
 10
-14.0
 20
526.6
 10
-6.9
 20
516.9
 10
-4.7
 20
531.1
 10
-8.0
 20
532.0
 10
-12.4
 20
534.2
 10
-17.2
 20
537.6
 10
-27.0
 20
547.3
 10
-31.6
 20
553.2
 10
-39.6
 20
565.9
 10
-50.7
 20
587.6
 10
-20.3
 20
563.9
 10
-9.9
 20
554.0
 10
-2.6
 20
544.3
 10
0.6
 20
562.1
 10
1.8
 20
563.7
 10
4.0
 20
564.8
 10
5.9
 20
564.8
 10
8.2
 20
563.8
 10
9.7
 20
561.9
 10
10.1
 20
559.5
 10
7.2
 20
542.4
 10
17.6
 20
549.1
 10
30.7
 20
554.6
 10
67.4
 20
564.8
 10
43.8
 20
545.4
 10
31.5
 20
537.2
 10
19.0
 20
531.5
 10
13.4
 20
530.0
 10
8.5
 20
529.3
 10
5.1
 20
529.5
 10
3.0
 20
515.1
 10
13.0
 20
522.2
 10
28.8
 20
530.0
 10
46.6
 20
536.8
 10
84.6
 20
549.0
 10
52.8
 20
525.4
 10
36.3
 20
515.3
 10
20.0
 20
507.8
 10
12.7
 20
505.5
 10
6.4
 20
504.3
 10
1.4
 20
504.1
 10
-0.6
 20
489.6
 10
12.2
 20
499.4
 10
30.4
 20
509.9
 10
50.9
 20
519.7
 10
94.3
 20
538.4
 10
66.6
 20
515.5
 10
53.9
 20
505.9
 10
97.7
 20
531.1
 10
64.1
 20
498.6
 10
49.7
 20
485.9
 10
39.5
 20
477.8
 10
24.3
 20
467.4
 10
10.4
 20
459.4
 10
2.6
 20
455.9
 10
-4.9
 20
453.9
 10
-6.5
 20
439.1
 10
0.6
 20
446.6
 10
8.8
 20
454.1
 10
29.4
 20
470.1
 10
52.6
 20
486.2
 10
101.3
 20
518.2
 10
66.0
 20
481.1
 10
50.7
 20
466.7
 10
39.9
 20
457.3
 10
23.8
 20
445.1
 10
9.0
 20
435.5
 10
0.7
 20
431.3
 10
-7.6
 20
428.4
 10
-9.1
 20
410.9
 10
1.4
 20
420.1
 10
22.2
 20
434.4
 10
47.6
 20
449.5
 10
77.4
 20
465.7
 10
102.5
 20
485.8
 10
92.6
 20
473.8
 10
115.6
 20
486.5
 10
72.8
 20
449.9
 10
50.1
 20
424.9
 10
27.4
 20
403.3
 10
16.4
 20
394.3
 10
6.3
 20
386.8
 10
-2.6
 20
381.3
 10
-11.7
 20
377.1
 10
-12.8
 20
358.8
 10
-1.0
 20
369.4
 10
20.9
 20
385.2
 10
47.7
 20
402.2
 10
119.0
 20
444.2
 10
88.5
 20
416.6
 10
108.5
 20
431.5
 10
90.9
 20
412.0
 10
94.9
 20
415.8
 10
65.1
 20
375.6
 10
48.6
 20
355.4
 10
34.2
 20
339.4
 10
17.9
 20
323.3
 10
2.7
 20
310.4
 10
-6.0
 20
304.3
 10
-15.0
 20
299.5
 10
-15.3
 20
280.7
 10
-11.7
 20
284.4
 97
0
 92
2
 72
0
 73
1
 93
8
 10
-75.3
 20
357.4
 10
-43.9
 20
328.2
 10
-34.9
 20
319.3
 10
-24.8
 20
307.7
 10
-24.3
 20
324.8
 10
-34.2
 20
328.4
 10
-43.7
 20
333.5
 10
-60.6
 20
345.2
 97
0
 92
2
 72
0
 73
1
 93
5
 10
-17.6
 20
428.8
 10
-25.6
 20
432.3
 10
-32.6
 20
436.7
 10
-24.5
 20
424.6
 10
-18.8
 20
414.9
 97
0
 92
2
 72
0
 73
1
 93
5
 10
-11.9
 20
480.2
 10
-18.0
 20
482.6
 10
-26.9
 20
488.4
 10
-17.2
 20
473.8
 10
-13.5
 20
467.1
 97
0
 92
2
 72
0
 73
1
 93
6
 10
-3.5
 20
465.0
 10
10.2
 20
477.3
 10
25.4
 20
488.2
 10
11.7
 20
482.1
 10
4.5
 20
479.9
 10
-2.0
 20
479.0
 97
0
 92
2
 72
0
 73
1
 93
5
 10
-11.0
 20
387.8
 10
-2.9
 20
397.3
 10
7.4
 20
407.7
 10
-0.6
 20
404.5
 10
-9.9
 20
402.1
 97
0
 92
2
 72
0
 73
1
 93
6
 10
-13.8
 20
334.4
 10
-4.0
 20
345.1
 10
16.2
 20
362.9
 10
6.5
 20
357.8
 10
-3.2
 20
353.4
 10
-13.2
 20
350.5
 97
0
 92
2
 72
0
 73
1
 93
5
 10
-14.8
 20
310.2
 10
-7.0
 20
320.4
 10
7.3
 20
336.0
 10
-4.6
 20
329.0
 10
-14.3
 20
325.0
 97
0
 92
2
 72
0
 73
1
 93
5
 10
-6.8
 20
244.2
 10
1.5
 20
253.8
 10
-6.5
 20
249.7
 10
-15.3
 20
246.7
 10
-15.1
 20
233.0
 97
0
 92
2
 72
0
 73
1
 93
5
 10
-32.9
 20
222.2
 10
-41.9
 20
226.1
 10
-35.0
 20
219.1
 10
-24.4
 20
206.6
 10
-24.8
 20
220.2
 97
0
 92
2
 72
0
 73
1
 93
5
 10
-28.4
 20
169.3
 10
-42.1
 20
175.9
 10
-31.4
 20
166.9
 10
-22.0
 20
156.8
 10
-22.6
 20
168.0
 97
0
 92
3
 72
0
 73
1
 93
4
 10
-80.1
 20
209.7
 10
-83.7
 20
213.8
 10
-81.1
 20
223.6
 10
-76.1
 20
220.3
 97
0
 92
3
 72
0
 73
1
 93
4
 10
-95.4
 20
228.8
 10
-100.5
 20
235.5
 10
-103.2
 20
238.9
 10
-94.1
 20
232.3
 97
0
 92
3
 72
0
 73
1
 93
4
 10
-71.5
 20
232.3
 10
-77.4
 20
239.6
 10
-72.5
 20
266.6
 10
-61.2
 20
258.7
 97
0
 92
3
 72
0
 73
1
 93
4
 10
-86.7
 20
252.3
 10
-98.3
 20
269.6
 10
-96.7
 20
283.3
 10
-79.1
 20
271.1
 97
0
 92
3
 72
0
 73
1
 93
5
 10
-110.7
 20
283.2
 10
-109.7
 20
288.5
 10
-109.2
 20
292.0
 10
-105.7
 20
289.5
 10
-108.3
 20
280.5
 97
0
 92
3
 72
0
 73
1
 93
4
 10
-121.0
 20
295.6
 10
-130.1
 20
306.9
 10
-130.0
 20
307.6
 10
-119.7
 20
299.6
 97
0
 92
3
 72
0
 73
1
 93
4
 10
-77.0
 20
276.6
 10
-95.8
 20
294.2
 10
-94.6
 20
310.8
 10
-70.9
 20
293.1
 97
0
 92
3
 72
0
 73
1
 93
4
 10
-102.3
 20
301.1
 10
-107.1
 20
306.3
 10
-105.5
 20
319.1
 10
-98.7
 20
313.9
 97
0
 92
3
 72
0
 73
1
 93
4
 10
-114.5
 20
315.0
 10
-127.9
 20
331.8
 10
-127.5
 20
336.5
 10
-111.6
 20
323.8
 97
0
 75
1
 76
1
 98
0
  0
HATCH
  5
BD
330
B3
100
AcDbEntity
  8
VEG-RELLENO
 62
73
420
7644252
100
AcDbHatch
 10
0.0
 20
0.0
 30
0.0
210
0.0
220
0.0
230
1.0
  2
SOLID
 70
1
 71
0
 91
13
 92
3
 72
0
 73
1
 93
401
 10
302.4
 20
-9.8
 10
328.2
 20
-40.4
 10
366.0
 20
-90.5
 10
368.8
 20
-92.9
 10
367.0
 20
-91.9
 10
370.9
 20
-96.9
 10
385.4
 20
-114.9
 10
358.2
 20
-92.6
 10
338.0
 20
-74.5
 10
311.9
 20
-56.8
 10
300.3
 20
-47.9
 10
289.4
 20
-38.6
 10
275.1
 20
-24.7
 10
267.6
 20
-16.0
 10
262.1
 20
-8.4
 10
258.0
 20
-0.6
 10
243.2
 20
-0.7
 10
257.8
 20
-12.3
 10
275.3
 20
-29.3
 10
330.7
 20
-89.3
 10
295.0
 20
-66.1
 10
279.2
 20
-54.3
 10
263.7
 20
-41.3
 10
254.4
 20
-32.4
 10
243.1
 20
-19.4
 10
235.1
 20
-8.0
 10
231.7
 20
-0.8
 10
217.1
 20
-1.0
 10
229.3
 20
-10.9
 10
244.6
 20
-26.6
 10
291.8
 20
-82.7
 10
260.3
 20
-61.1
 10
241.6
 20
-46.4
 10
232.6
 20
-38.2
 10
258.1
 20
-67.2
 10
229.5
 20
-50.4
 10
212.5
 20
-38.8
 10
200.6
 20
-28.9
 10
190.5
 20
-18.8
 10
185.4
 20
-12.4
 10
181.7
 20
-6.7
 10
179.4
 20
-1.5
 10
167.1
 20
-1.6
 10
177.5
 20
-10.6
 10
188.4
 20
-22.9
 10
214.2
 20
-58.2
 10
187.7
 20
-41.3
 10
177.5
 20
-33.7
 10
171.1
 20
-28.1
 10
160.4
 20
-16.5
 10
156.6
 20
-11.0
 10
154.1
 20
-5.9
 10
152.8
 20
-1.8
 10
143.1
 20
-2.0
 10
149.8
 20
-8.5
 10
153.5
 20
-13.0
 10
169.6
 20
-39.0
 10
147.6
 20
-27.3
 10
138.0
 20
-20.3
 10
130.7
 20
-12.4
 10
128.2
 20
-8.4
 10
126.3
 20
-2.3
 10
19.6
 20
-4.5
 10
17.7
 20
-4.0
 10
16.2
 20
-2.8
 10
15.2
 20
-1.1
 10
15.0
 20
0.9
 10
15.5
 20
2.7
 10
16.7
 20
4.3
 10
19.9
 20
5.5
 10
125.5
 20
7.7
 10
126.4
 20
13.9
 10
128.1
 20
18.2
 10
130.7
 20
22.8
 10
138.1
 20
31.6
 10
146.9
 20
39.4
 10
153.6
 20
44.4
 10
159.5
 20
44.0
 10
150.6
 20
22.5
 10
144.6
 20
12.9
 10
140.1
 20
8.0
 10
152.6
 20
8.2
 10
153.7
 20
12.3
 10
156.0
 20
17.4
 10
159.5
 20
23.2
 10
169.6
 20
35.2
 10
179.1
 20
43.9
 10
192.5
 20
44.0
 10
183.1
 20
47.1
 10
204.8
 20
62.5
 10
208.5
 20
62.6
 10
192.1
 20
37.7
 10
182.1
 20
24.1
 10
171.7
 20
12.7
 10
166.6
 20
8.4
 10
179.0
 20
8.5
 10
180.8
 20
13.9
 10
184.0
 20
20.0
 10
188.6
 20
26.7
 10
197.9
 20
37.6
 10
209.1
 20
48.4
 10
229.5
 20
64.4
 10
236.7
 20
65.1
 10
240.8
 20
64.9
 10
226.6
 20
45.9
 10
213.7
 20
29.9
 10
200.7
 20
16.1
 10
191.8
 20
8.7
 10
205.1
 20
8.9
 10
207.2
 20
15.4
 10
210.7
 20
22.4
 10
215.8
 20
30.4
 10
226.0
 20
43.4
 10
238.3
 20
56.5
 10
246.9
 20
64.5
 10
262.9
 20
64.1
 10
249.9
 20
46.3
 10
235.3
 20
28.1
 10
228.3
 20
20.3
 10
216.1
 20
9.0
 10
231.4
 20
9.2
 10
234.3
 20
16.6
 10
238.6
 20
24.2
 10
244.6
 20
32.8
 10
252.1
 20
42.1
 10
265.8
 20
56.3
 10
274.2
 20
64.1
 10
279.7
 20
64.0
 10
275.1
 20
64.9
 10
291.0
 20
78.1
 10
302.5
 20
86.7
 10
312.0
 20
87.3
 10
281.9
 20
50.4
 10
264.9
 20
30.8
 10
249.3
 20
15.1
 10
242.2
 20
9.3
 10
257.9
 20
9.4
 10
261.7
 20
17.3
 10
267.0
 20
25.2
 10
274.2
 20
34.0
 10
288.1
 20
48.4
 10
304.4
 20
62.7
 10
316.1
 20
71.7
 10
333.5
 20
83.8
 10
355.3
 20
104.4
 10
382.2
 20
127.4
 10
362.9
 20
102.1
 10
367.0
 20
104.6
 10
360.1
 20
98.2
 10
317.9
 20
39.5
 10
301.9
 20
19.8
 10
291.8
 20
9.7
 10
309.6
 20
9.8
 10
313.3
 20
19.1
 10
322.1
 20
33.4
 10
334.6
 20
49.8
 10
345.0
 20
61.5
 10
360.4
 20
76.7
 10
380.3
 20
94.1
 10
396.6
 20
106.9
 10
421.4
 20
125.1
 10
401.0
 20
102.4
 10
347.5
 20
38.8
 10
329.5
 20
19.4
 10
318.7
 20
9.8
 10
336.1
 20
9.9
 10
340.8
 20
19.1
 10
347.0
 20
27.8
 10
355.2
 20
37.7
 10
365.4
 20
48.4
 10
377.0
 20
59.4
 10
389.8
 20
70.1
 10
416.1
 20
89.5
 10
433.9
 20
101.1
 10
460.9
 20
117.3
 10
442.4
 20
100.6
 10
412.1
 20
70.7
 10
427.1
 20
83.1
 10
440.0
 20
92.9
 10
457.6
 20
105.1
 10
484.2
 20
122.4
 10
461.6
 20
100.3
 10
402.5
 20
38.0
 10
382.8
 20
19.0
 10
371.5
 20
9.9
 10
388.0
 20
9.9
 10
392.5
 20
19.3
 10
402.5
 20
33.2
 10
416.4
 20
49.2
 10
427.8
 20
60.5
 10
444.7
 20
75.0
 10
466.3
 20
91.5
 10
483.9
 20
103.5
 10
510.4
 20
120.4
 10
487.8
 20
98.7
 10
428.6
 20
37.3
 10
408.8
 20
18.7
 10
397.7
 20
9.9
 10
414.0
 20
9.9
 10
418.6
 20
18.9
 10
428.5
 20
32.4
 10
442.4
 20
47.8
 10
453.8
 20
58.6
 10
470.4
 20
72.5
 10
491.8
 20
88.2
 10
509.2
 20
99.6
 10
535.5
 20
115.7
 10
521.3
 20
102.8
 10
498.1
 20
79.7
 10
521.1
 20
97.5
 10
550.3
 20
117.9
 10
530.2
 20
96.4
 10
477.3
 20
36.3
 10
459.3
 20
18.2
 10
449.3
 20
9.8
 10
465.7
 20
9.7
 10
469.3
 20
17.9
 10
477.7
 20
30.5
 10
489.7
 20
45.0
 10
499.6
 20
55.1
 10
516.2
 20
69.8
 10
533.2
 20
83.2
 10
571.8
 20
109.6
 10
547.1
 20
83.1
 10
579.9
 20
110.2
 10
567.6
 20
94.1
 10
539.1
 20
54.4
 10
523.3
 20
33.5
 10
508.6
 20
16.8
 10
500.7
 20
9.5
 10
517.7
 20
9.3
 10
520.6
 20
15.7
 10
528.0
 20
26.0
 10
538.5
 20
37.5
 10
547.1
 20
45.5
 10
561.6
 20
56.9
 10
576.4
 20
67.1
 10
609.8
 20
87.1
 10
576.0
 20
51.3
 10
590.1
 20
62.5
 10
618.1
 20
81.6
 10
591.4
 20
47.0
 10
578.1
 20
30.8
 10
564.9
 20
16.8
 10
555.3
 20
8.9
 10
568.9
 20
8.8
 10
570.4
 20
13.0
 10
573.2
 20
18.0
 10
577.2
 20
23.5
 10
588.4
 20
35.1
 10
595.2
 20
40.6
 10
605.9
 20
48.1
 10
633.6
 20
64.6
 10
605.8
 20
29.5
 10
594.3
 20
17.2
 10
583.7
 20
8.6
 10
594.5
 20
8.4
 10
596.8
 20
15.0
 10
599.6
 20
19.1
 10
607.7
 20
27.3
 10
618.0
 20
34.6
 10
641.5
 20
46.7
 10
623.2
 20
19.9
 10
619.2
 20
15.2
 10
611.5
 20
8.2
 10
616.9
 20
8.0
 10
619.4
 20
6.6
 10
620.8
 20
3.5
 10
619.9
 20
0.3
 10
618.5
 20
-1.1
 10
616.7
 20
-1.8
 10
608.7
 20
-1.8
 10
613.8
 20
-6.9
 10
620.6
 20
-16.8
 10
634.8
 20
-46.0
 10
613.3
 20
-30.6
 10
604.2
 20
-22.0
 10
597.3
 20
-12.7
 10
595.2
 20
-8.2
 10
593.8
 20
-1.6
 10
580.0
 20
-1.4
 10
586.7
 20
-8.1
 10
595.9
 20
-20.9
 10
604.5
 20
-35.9
 10
620.7
 20
-68.0
 10
596.9
 20
-46.6
 10
587.9
 20
-37.3
 10
582.3
 20
-30.6
 10
573.4
 20
-17.1
 10
570.5
 20
-11.0
 10
568.7
 20
-5.5
 10
568.1
 20
-1.2
 10
553.6
 20
-1.0
 10
563.4
 20
-10.9
 10
575.0
 20
-26.2
 10
586.3
 20
-43.8
 10
608.7
 20
-81.2
 10
579.6
 20
-55.5
 10
568.6
 20
-44.3
 10
561.6
 20
-36.3
 10
555.5
 20
-28.1
 10
550.3
 20
-20.3
 10
546.4
 20
-12.9
 10
543.8
 20
-6.5
 10
542.5
 20
-0.9
 10
528.3
 20
-0.8
 10
540.6
 20
-12.1
 10
555.1
 20
-28.8
 10
599.6
 20
-88.1
 10
569.0
 20
-64.4
 10
555.6
 20
-52.6
 10
542.5
 20
-39.8
 10
534.8
 20
-30.9
 10
525.6
 20
-18.3
 10
519.4
 20
-7.3
 10
517.1
 20
-0.7
 10
502.5
 20
-0.5
 10
517.2
 20
-13.3
 10
534.2
 20
-31.1
 10
576.8
 20
-81.9
 10
587.4
 20
-93.8
 10
552.5
 20
-68.9
 10
537.1
 20
-56.4
 10
522.1
 20
-42.7
 10
513.0
 20
-33.2
 10
502.2
 20
-19.7
 10
494.6
 20
-7.9
 10
491.5
 20
-0.5
 10
475.2
 20
-0.3
 10
484.1
 20
-8.2
 10
500.5
 20
-25.8
 10
518.5
 20
-47.6
 10
553.9
 20
-92.7
 10
565.0
 20
-105.9
 10
528.5
 20
-77.3
 10
512.5
 20
-63.0
 10
496.9
 20
-47.4
 10
487.6
 20
-36.8
 10
476.4
 20
-21.7
 10
468.6
 20
-8.6
 10
465.4
 20
-0.3
 10
449.2
 20
-0.2
 10
459.1
 20
-8.8
 10
476.8
 20
-27.2
 10
496.3
 20
-49.9
 10
531.9
 20
-92.9
 10
547.4
 20
-110.2
 10
508.2
 20
-80.6
 10
490.9
 20
-65.7
 10
474.1
 20
-49.5
 10
464.1
 20
-38.4
 10
451.9
 20
-22.7
 10
443.3
 20
-9.0
 10
439.6
 20
-0.2
 10
422.4
 20
-0.1
 10
433.2
 20
-10.1
 10
450.9
 20
-29.9
 10
506.3
 20
-100.0
 10
521.8
 20
-118.4
 10
505.8
 20
-105.8
 10
510.2
 20
-109.7
 10
484.0
 20
-92.8
 10
466.6
 20
-80.9
 10
453.8
 20
-71.4
 10
439.4
 20
-59.8
 10
470.3
 20
-89.8
 10
488.8
 20
-106.4
 10
456.4
 20
-86.9
 10
426.3
 20
-66.4
 10
404.5
 20
-49.1
 10
392.5
 20
-38.3
 10
382.1
 20
-27.7
 10
373.6
 20
-17.9
 10
367.2
 20
-9.2
 10
362.2
 20
-0.1
 10
346.4
 20
-0.1
 10
357.2
 20
-8.1
 10
377.5
 20
-26.1
 10
437.7
 20
-85.9
 10
460.4
 20
-107.1
 10
433.9
 20
-90.7
 10
416.2
 20
-79.2
 10
394.5
 20
-63.3
 10
377.4
 20
-49.2
 10
365.7
 20
-38.4
 10
351.4
 20
-22.9
 10
341.0
 20
-9.3
 10
336.1
 20
-0.1
 10
320.5
 20
-0.2
 10
330.8
 20
-7.8
 10
350.6
 20
-25.3
 10
413.6
 20
-88.2
 10
431.2
 20
-104.6
 10
388.1
 20
-77.4
 10
366.9
 20
-61.9
 10
350.2
 20
-48.2
 10
338.9
 20
-37.6
 10
324.9
 20
-22.4
 10
314.8
 20
-9.1
 10
310.1
 20
-0.2
 10
292.3
 20
-0.3
 97
0
 92
2
 72
0
 73
1
 93
5
 10
289.9
 20
26.7
 10
277.1
 20
15.5
 10
269.1
 20
9.5
 10
283.2
 20
9.6
 10
286.0
 20
18.7
 97
0
 92
2
 72
0
 73
1
 93
6
 10
439.7
 20
9.8
 10
443.4
 20
18.7
 10
448.7
 20
27.3
 10
455.9
 20
37.2
 10
434.7
 20
17.8
 10
424.2
 20
9.9
 97
0
 92
2
 72
0
 73
1
 93
6
 10
491.1
 20
9.5
 10
493.5
 20
17.2
 10
497.4
 20
25.1
 10
502.8
 20
34.1
 10
484.8
 20
16.6
 10
476.0
 20
9.6
 97
0
 92
2
 72
0
 73
1
 93
6
 10
543.1
 20
9.1
 10
544.9
 20
14.5
 10
548.2
 20
20.6
 10
554.1
 20
29.0
 10
542.2
 20
18.2
 10
530.2
 20
9.2
 97
0
 92
2
 72
0
 73
1
 93
5
 10
398.0
 20
-0.1
 10
409.0
 20
-8.5
 10
425.4
 20
-23.7
 10
417.1
 20
-9.5
 10
413.5
 20
-0.1
 97
0
 92
2
 72
0
 73
1
 93
6
 10
372.6
 20
-0.1
 10
393.3
 20
-16.2
 10
409.1
 20
-30.6
 10
395.7
 20
-13.7
 10
392.7
 20
-9.3
 10
388.0
 20
-0.1
 97
0
 92
2
 72
0
 73
1
 93
5
 10
269.6
 20
-0.5
 10
286.2
 20
-13.0
 10
290.6
 20
-17.0
 10
286.6
 20
-9.4
 10
283.4
 20
-0.4
 97
0
 92
2
 72
0
 73
1
 93
7
 10
201.6
 20
-7.2
 10
208.5
 20
-13.1
 10
217.7
 20
-22.1
 10
212.0
 20
-14.3
 10
208.0
 20
-7.5
 10
205.4
 20
-1.1
 10
193.3
 20
-1.3
 97
0
 92
2
 72
0
 73
1
 93
7
 10
366.4
 20
19.4
 10
372.3
 20
28.4
 10
383.9
 20
42.7
 10
366.7
 20
26.4
 10
357.1
 20
18.1
 10
346.2
 20
9.9
 10
361.9
 20
9.9
 97
0
 92
3
 72
0
 73
1
 93
4
 10
243.2
 20
73.7
 10
249.4
 20
77.8
 10
252.8
 20
80.2
 10
246.7
 20
72.7
 97
0
 92
3
 72
0
 73
1
 93
4
 10
253.9
 20
70.5
 10
272.9
 20
85.6
 10
278.6
 20
85.7
 10
265.3
 20
67.4
 97
0
 92
3
 72
0
 73
1
 93
4
 10
305.8
 20
89.1
 10
318.7
 20
98.2
 10
321.2
 20
98.2
 10
312.7
 20
88.2
 97
0
 75
1
 76
1
 98
0
  0
HATCH
  5
BE
330
B3
100
AcDbEntity
  8
VEG-RELLENO
 62
73
420
7710044
100
AcDbHatch
 10
0.0
 20
0.0
 30
0.0
210
0.0
220
0.0
230
1.0
  2
SOLID
 70
1
 71
0
 91
10
 92
3
 72
0
 73
1
 93
384
 10
224.2
 20
-239.1
 10
221.6
 20
-259.4
 10
219.1
 20
-274.5
 10
206.3
 20
-337.6
 10
206.1
 20
-347.0
 10
205.3
 20
-342.3
 10
200.1
 20
-370.4
 10
199.5
 20
-334.2
 10
199.8
 20
-309.8
 10
196.5
 20
-284.3
 10
195.2
 20
-268.9
 10
194.4
 20
-253.3
 10
194.4
 20
-238.3
 10
195.2
 20
-224.5
 10
196.6
 20
-212.3
 10
198.5
 20
-202.4
 10
201.6
 20
-193.3
 10
188.8
 20
-180.3
 10
188.6
 20
-193.6
 10
185.4
 20
-217.6
 10
179.8
 20
-245.5
 10
163.0
 20
-318.2
 10
163.0
 20
-277.4
 10
158.3
 20
-241.5
 10
156.6
 20
-212.1
 10
153.5
 20
-257.7
 10
145.7
 20
-220.3
 10
142.2
 20
-196.7
 10
141.0
 20
-178.7
 10
141.1
 20
-162.0
 10
142.1
 20
-152.5
 10
143.7
 20
-144.7
 10
146.1
 20
-138.1
 10
136.2
 20
-128.6
 10
137.7
 20
-140.3
 10
137.6
 20
-159.5
 10
135.9
 20
-180.2
 10
130.4
 20
-223.2
 10
123.5
 20
-185.5
 10
121.6
 20
-170.0
 10
121.0
 20
-159.5
 10
121.7
 20
-140.0
 10
122.9
 20
-131.8
 10
124.7
 20
-125.1
 10
127.0
 20
-119.8
 10
116.5
 20
-109.9
 10
117.0
 20
-118.7
 10
115.6
 20
-134.2
 10
112.1
 20
-150.8
 10
102.9
 20
-185.1
 10
99.4
 20
-153.9
 10
98.8
 20
-141.2
 10
99.0
 20
-132.6
 10
101.1
 20
-116.8
 10
103.0
 20
-110.3
 10
105.2
 20
-105.1
 10
107.4
 20
-101.5
 10
101.1
 20
-95.6
 10
101.6
 20
-104.3
 10
101.2
 20
-110.1
 10
99.3
 20
-121.5
 10
95.3
 20
-140.0
 10
87.3
 20
-116.7
 10
84.9
 20
-105.2
 10
84.8
 20
-94.4
 10
85.7
 20
-89.8
 10
88.4
 20
-83.9
 10
53.5
 20
-52.6
 10
11.7
 20
-16.4
 10
10.6
 20
-14.8
 10
10.3
 20
-12.9
 10
10.7
 20
-10.9
 10
11.8
 20
-9.3
 10
13.4
 20
-8.3
 10
15.3
 20
-7.9
 10
18.5
 20
-9.1
 10
54.2
 20
-39.9
 10
95.1
 20
-76.5
 10
100.7
 20
-73.2
 10
105.2
 20
-71.9
 10
116.0
 20
-71.1
 10
127.8
 20
-72.5
 10
152.1
 20
-79.1
 10
122.5
 20
-87.0
 10
116.7
 20
-87.9
 10
107.7
 20
-88.1
 10
114.4
 20
-94.3
 10
118.0
 20
-91.9
 10
123.1
 20
-89.5
 10
129.6
 20
-87.5
 10
137.2
 20
-86.0
 10
145.5
 20
-85.1
 10
154.2
 20
-84.9
 10
167.1
 20
-85.5
 10
199.1
 20
-89.7
 10
164.2
 20
-98.4
 10
147.5
 20
-101.8
 10
131.9
 20
-103.5
 10
123.9
 20
-103.2
 10
133.6
 20
-112.3
 10
138.5
 20
-109.3
 10
144.9
 20
-106.6
 10
152.9
 20
-104.3
 10
162.2
 20
-102.5
 10
172.4
 20
-101.4
 10
188.4
 20
-100.9
 10
204.2
 20
-101.6
 10
238.2
 20
-105.4
 10
174.5
 20
-118.1
 10
155.4
 20
-120.3
 10
141.8
 20
-120.1
 10
152.4
 20
-130.3
 10
158.3
 20
-126.5
 10
165.6
 20
-123.2
 10
174.7
 20
-120.3
 10
185.3
 20
-117.7
 10
197.0
 20
-115.8
 10
215.6
 20
-114.2
 10
233.8
 20
-113.9
 10
273.4
 20
-116.1
 10
255.1
 20
-119.7
 10
211.9
 20
-129.9
 10
188.6
 20
-134.5
 10
168.6
 20
-137.0
 10
159.3
 20
-137.0
 10
171.6
 20
-149.0
 10
179.0
 20
-145.7
 10
192.8
 20
-142.4
 10
210.2
 20
-140.3
 10
223.5
 20
-139.9
 10
244.3
 20
-140.9
 10
264.5
 20
-143.2
 10
308.0
 20
-151.5
 10
287.2
 20
-152.2
 10
211.3
 20
-157.4
 10
188.8
 20
-157.3
 10
179.1
 20
-156.4
 10
190.3
 20
-167.6
 10
198.8
 20
-164.7
 10
208.3
 20
-162.9
 10
219.8
 20
-161.7
 10
233.0
 20
-161.4
 10
254.9
 20
-162.6
 10
269.9
 20
-164.5
 10
284.5
 20
-167.0
 10
304.7
 20
-171.5
 10
327.1
 20
-177.6
 10
365.5
 20
-184.2
 10
335.5
 20
-185.2
 10
269.4
 20
-190.8
 10
240.8
 20
-192.7
 10
228.7
 20
-192.9
 10
214.5
 20
-192.2
 10
226.9
 20
-205.0
 10
236.6
 20
-202.1
 10
247.0
 20
-200.5
 10
259.8
 20
-199.6
 10
274.4
 20
-199.6
 10
290.2
 20
-200.7
 10
306.6
 20
-202.7
 10
323.0
 20
-205.6
 10
338.7
 20
-209.1
 10
359.2
 20
-214.7
 10
389.4
 20
-224.1
 10
364.7
 20
-221.4
 10
327.0
 20
-219.1
 10
342.8
 20
-221.4
 10
366.3
 20
-226.2
 10
411.1
 20
-238.3
 10
391.2
 20
-236.5
 10
365.4
 20
-235.3
 10
278.5
 20
-233.4
 10
265.7
 20
-232.6
 10
251.2
 20
-230.6
 10
262.6
 20
-242.9
 10
272.6
 20
-239.8
 10
283.2
 20
-238.2
 10
303.7
 20
-237.1
 10
327.4
 20
-238.2
 10
344.2
 20
-240.2
 10
361.0
 20
-243.1
 10
391.7
 20
-250.4
 10
429.0
 20
-261.8
 10
409.1
 20
-259.4
 10
380.7
 20
-257.4
 10
407.3
 20
-262.3
 10
444.7
 20
-271.5
 10
430.3
 20
-270.5
 10
406.7
 20
-270.0
 10
313.5
 20
-270.6
 10
300.9
 20
-270.1
 10
285.9
 20
-268.5
 10
297.3
 20
-281.1
 10
306.6
 20
-277.7
 10
322.9
 20
-274.8
 10
343.3
 20
-273.4
 10
358.8
 20
-273.6
 10
382.9
 20
-275.7
 10
406.4
 20
-279.4
 10
426.7
 20
-283.7
 10
456.7
 20
-291.4
 10
426.2
 20
-290.0
 10
329.7
 20
-290.3
 10
317.4
 20
-289.7
 10
303.4
 20
-288.0
 10
314.5
 20
-300.6
 10
323.3
 20
-297.5
 10
338.8
 20
-295.0
 10
358.2
 20
-293.9
 10
372.9
 20
-294.4
 10
395.8
 20
-296.8
 10
418.0
 20
-300.7
 10
437.3
 20
-305.1
 10
465.6
 20
-312.8
 10
436.6
 20
-311.4
 10
358.2
 20
-311.0
 10
333.3
 20
-309.7
 10
320.8
 20
-307.9
 10
331.6
 20
-320.4
 10
339.7
 20
-317.9
 10
348.7
 20
-316.5
 10
359.7
 20
-315.8
 10
372.3
 20
-316.0
 10
393.0
 20
-318.0
 10
414.1
 20
-321.8
 10
427.6
 20
-325.1
 10
445.2
 20
-330.1
 10
471.2
 20
-338.5
 10
463.0
 20
-337.6
 10
474.9
 20
-339.9
 10
459.7
 20
-340.8
 10
409.7
 20
-346.0
 10
385.0
 20
-347.9
 10
364.0
 20
-348.0
 10
354.1
 20
-347.0
 10
364.8
 20
-359.8
 10
370.7
 20
-357.6
 10
377.8
 20
-356.2
 10
386.5
 20
-355.3
 10
396.5
 20
-355.3
 10
407.3
 20
-356.0
 10
424.2
 20
-358.5
 10
440.4
 20
-362.1
 10
475.1
 20
-372.4
 10
406.5
 20
-372.8
 10
386.2
 20
-371.5
 10
372.4
 20
-369.0
 10
380.9
 20
-379.5
 10
385.3
 20
-377.5
 10
391.2
 20
-375.8
 10
398.4
 20
-374.6
 10
406.7
 20
-374.1
 10
415.8
 20
-374.3
 10
425.1
 20
-375.2
 10
443.5
 20
-378.4
 10
472.7
 20
-386.1
 10
434.1
 20
-389.9
 10
415.7
 20
-391.1
 10
398.7
 20
-390.7
 10
388.7
 20
-389.1
 10
397.3
 20
-399.9
 10
400.2
 20
-398.5
 10
404.7
 20
-397.3
 10
410.3
 20
-396.7
 10
423.3
 20
-397.6
 10
430.2
 20
-399.0
 10
443.6
 20
-403.3
 10
464.9
 20
-412.0
 10
428.5
 20
-414.4
 10
415.0
 20
-413.8
 10
407.0
 20
-412.2
 10
414.0
 20
-421.1
 10
415.0
 20
-423.4
 10
415.0
 20
-425.3
 10
414.2
 20
-427.1
 10
412.8
 20
-428.4
 10
410.4
 20
-429.2
 10
408.5
 20
-429.0
 10
406.5
 20
-427.7
 10
398.1
 20
-417.0
 10
397.0
 20
-426.8
 10
393.3
 20
-439.7
 10
378.8
 20
-472.9
 10
377.9
 20
-443.7
 10
379.1
 20
-429.7
 10
382.3
 20
-417.1
 10
384.5
 20
-412.1
 10
387.1
 20
-408.1
 10
389.2
 20
-405.8
 10
381.9
 20
-396.6
 10
381.8
 20
-405.3
 10
379.5
 20
-422.0
 10
375.1
 20
-439.8
 10
364.1
 20
-476.4
 10
362.2
 20
-442.7
 10
362.3
 20
-428.9
 10
363.0
 20
-419.6
 10
366.0
 20
-402.7
 10
368.2
 20
-395.8
 10
370.7
 20
-390.2
 10
373.4
 20
-386.1
 10
365.3
 20
-376.2
 10
365.6
 20
-389.1
 10
363.5
 20
-409.2
 10
359.5
 20
-430.8
 10
349.7
 20
-475.4
 10
346.7
 20
-435.2
 10
346.4
 20
-418.7
 10
346.9
 20
-407.6
 10
349.7
 20
-387.2
 10
351.8
 20
-378.7
 10
354.3
 20
-371.9
 10
357.3
 20
-366.4
 10
347.1
 20
-354.2
 10
346.8
 20
-363.2
 10
345.7
 20
-372.9
 10
341.3
 20
-395.5
 10
334.9
 20
-419.7
 10
320.5
 20
-469.6
 10
321.6
 20
-423.8
 10
323.2
 20
-405.1
 10
324.9
 20
-392.5
 10
327.3
 20
-380.5
 10
331.6
 20
-364.9
 10
336.5
 20
-352.6
 10
340.5
 20
-346.3
 10
329.6
 20
-333.4
 10
328.8
 20
-345.3
 10
327.1
 20
-356.0
 10
321.4
 20
-380.8
 10
297.2
 20
-462.0
 10
299.7
 20
-418.3
 10
301.9
 20
-398.1
 10
304.4
 20
-382.1
 10
288.8
 20
-454.6
 10
288.4
 20
-434.5
 10
283.4
 20
-395.5
 10
281.3
 20
-364.7
 10
281.3
 20
-341.3
 10
282.7
 20
-319.7
 10
284.5
 20
-307.4
 10
286.8
 20
-297.4
 10
290.2
 20
-288.2
 10
279.2
 20
-275.9
 10
279.9
 20
-289.9
 10
278.7
 20
-316.7
 10
275.5
 20
-348.1
 10
268.1
 20
-405.9
 10
265.6
 20
-429.9
 10
261.2
 20
-379.3
 10
260.4
 20
-352.9
 10
260.8
 20
-331.1
 10
262.8
 20
-308.3
 10
266.1
 20
-288.5
 10
268.8
 20
-278.2
 10
272.7
 20
-268.7
 10
261.7
 20
-256.6
 10
262.5
 20
-271.1
 10
261.4
 20
-298.3
 10
258.5
 20
-330.1
 10
251.4
 20
-388.8
 10
249.2
 20
-413.1
 10
244.3
 20
-361.8
 10
243.3
 20
-335.1
 10
243.6
 20
-313.0
 10
245.4
 20
-289.8
 10
248.6
 20
-269.7
 10
251.3
 20
-259.3
 10
255.2
 20
-249.6
 10
244.1
 20
-237.7
 10
245.1
 20
-251.9
 10
244.5
 20
-279.1
 10
241.9
 20
-310.8
 10
235.7
 20
-369.4
 10
233.8
 20
-393.8
 10
228.3
 20
-342.7
 10
226.9
 20
-316.0
 10
226.8
 20
-294.1
 10
228.3
 20
-270.9
 10
231.2
 20
-250.8
 10
233.7
 20
-240.4
 10
237.5
 20
-230.7
 10
225.1
 20
-217.6
 10
225.3
 20
-222.6
 97
0
 92
2
 72
0
 73
1
 93
5
 10
230.2
 20
-178.3
 10
208.6
 20
-176.9
 10
198.0
 20
-175.3
 10
208.3
 20
-185.8
 10
217.2
 20
-181.8
 97
0
 92
2
 72
0
 73
1
 93
6
 10
279.9
 20
-261.8
 10
289.6
 20
-258.3
 10
300.0
 20
-256.1
 10
313.3
 20
-254.4
 10
283.3
 20
-252.2
 10
269.1
 20
-250.0
 97
0
 92
2
 72
0
 73
1
 93
5
 10
348.0
 20
-339.6
 10
354.7
 20
-336.4
 10
368.8
 20
-332.8
 10
348.4
 20
-330.5
 10
338.6
 20
-328.5
 97
0
 92
2
 72
0
 73
1
 93
7
 10
313.1
 20
-314.3
 10
311.9
 20
-338.6
 10
306.3
 20
-372.6
 10
311.6
 20
-352.2
 10
315.3
 20
-341.9
 10
319.1
 20
-333.6
 10
323.7
 20
-326.5
 97
0
 92
2
 72
0
 73
1
 93
5
 10
297.3
 20
-296.2
 10
298.4
 20
-308.3
 10
298.5
 20
-327.2
 10
302.6
 20
-315.4
 10
306.9
 20
-307.2
 97
0
 92
2
 72
0
 73
1
 93
6
 10
210.5
 20
-212.8
 10
211.2
 20
-224.7
 10
211.2
 20
-230.2
 10
214.6
 20
-220.5
 10
219.2
 20
-211.4
 10
209.0
 20
-200.9
 97
0
 92
2
 72
0
 73
1
 93
7
 10
157.2
 20
-161.8
 10
157.7
 20
-172.4
 10
157.8
 20
-183.6
 10
159.5
 20
-172.3
 10
161.6
 20
-163.7
 10
164.6
 20
-156.2
 10
155.0
 20
-146.7
 97
0
 92
2
 72
0
 73
1
 93
6
 10
173.4
 20
-173.1
 10
173.8
 20
-183.5
 10
173.7
 20
-195.0
 10
178.3
 20
-182.0
 10
182.7
 20
-174.1
 10
172.3
 20
-163.8
 97
0
 92
2
 72
0
 73
1
 93
7
 10
254.6
 20
-220.5
 10
265.2
 20
-218.5
 10
282.1
 20
-217.1
 10
259.6
 20
-215.8
 10
247.1
 20
-214.5
 10
233.9
 20
-212.4
 10
244.7
 20
-223.7
 97
0
 75
1
 76
1
 98
0
  0
HATCH
  5
BF
330
B3
100
AcDbEntity
  8
VEG-RELLENO
 62
73
420
7710044
100
AcDbHatch
 10
0.0
 20
0.0
 30
0.0
210
0.0
220
0.0
230
1.0
  2
SOLID
 70
1
 71
0
 91
41
 92
3
 72
0
 73
1
 93
16
 10
314.9
 20
241.7
 10
327.8
 20
240.0
 10
334.9
 20
238.1
 10
348.0
 20
237.1
 10
378.7
 20
232.4
 10
404.4
 20
233.3
 10
418.8
 20
234.4
 10
399.8
 20
229.4
 10
424.2
 20
226.4
 10
438.6
 20
225.2
 10
406.9
 20
222.1
 10
379.4
 20
220.7
 10
397.7
 20
223.5
 10
338.4
 20
234.8
 10
320.6
 20
236.5
 10
309.2
 20
236.1
 97
0
 92
3
 72
0
 73
1
 93
9
 10
344.3
 20
217.8
 10
325.7
 20
215.7
 10
307.2
 20
217.5
 10
289.6
 20
217.6
 10
300.5
 20
227.8
 10
304.9
 20
225.1
 10
310.9
 20
222.6
 10
318.3
 20
220.5
 10
327.0
 20
218.9
 97
0
 92
3
 72
0
 73
1
 93
6
 10
273.4
 20
216.1
 10
263.8
 20
217.8
 10
263.6
 20
228.5
 10
271.2
 20
229.5
 10
272.5
 20
224.3
 10
275.2
 20
217.8
 97
0
 92
3
 72
0
 73
1
 93
17
 10
249.7
 20
216.6
 10
244.5
 20
211.7
 10
244.0
 20
225.0
 10
247.1
 20
227.8
 10
246.0
 20
229.9
 10
242.9
 20
240.5
 10
238.4
 20
279.6
 10
238.2
 20
291.3
 10
239.2
 20
313.3
 10
241.8
 20
340.0
 10
250.1
 20
391.2
 10
250.7
 20
366.7
 10
254.4
 20
300.8
 10
248.3
 20
338.8
 10
245.1
 20
295.2
 10
244.6
 20
267.7
 10
246.1
 20
240.1
 97
0
 92
3
 72
0
 73
1
 93
5
 10
244.5
 20
208.0
 10
252.7
 20
207.5
 10
256.0
 20
200.2
 10
249.9
 20
194.8
 10
244.2
 20
197.0
 97
0
 92
3
 72
0
 73
1
 93
6
 10
275.5
 20
204.5
 10
297.4
 20
200.6
 10
311.5
 20
197.8
 10
292.3
 20
199.5
 10
281.4
 20
200.0
 10
270.2
 20
199.6
 97
0
 92
3
 72
0
 73
1
 93
3
 10
382.3
 20
184.3
 10
394.1
 20
182.7
 10
353.4
 20
180.9
 97
0
 92
3
 72
0
 73
1
 93
10
 10
327.2
 20
180.0
 10
290.7
 20
176.1
 10
264.2
 20
180.2
 10
249.6
 20
181.1
 10
262.8
 20
192.9
 10
270.5
 20
189.0
 10
279.2
 20
186.1
 10
290.0
 20
183.5
 10
302.6
 20
181.5
 10
316.4
 20
180.3
 97
0
 92
3
 72
0
 73
1
 93
5
 10
232.7
 20
179.6
 10
227.4
 20
180.9
 10
229.4
 20
192.7
 10
232.9
 20
192.9
 10
236.7
 20
183.1
 97
0
 92
3
 72
0
 73
1
 93
23
 10
214.9
 20
184.1
 10
209.8
 20
179.4
 10
211.7
 20
196.9
 10
213.5
 20
228.7
 10
215.9
 20
311.7
 10
207.3
 20
276.1
 10
200.6
 20
243.5
 10
200.7
 20
259.2
 10
202.2
 20
282.3
 10
203.8
 20
297.1
 10
211.6
 20
345.0
 10
213.5
 20
306.9
 10
214.7
 20
332.6
 10
218.0
 20
368.9
 10
220.6
 20
345.1
 10
227.7
 20
295.0
 10
227.2
 20
289.2
 10
221.4
 20
261.9
 10
217.9
 20
240.8
 10
217.4
 20
244.0
 10
217.6
 20
238.6
 10
215.7
 20
222.2
 10
214.7
 20
207.2
 97
0
 92
3
 72
0
 73
1
 93
5
 10
209.1
 20
174.5
 10
215.9
 20
174.8
 10
217.7
 20
166.7
 10
211.6
 20
161.5
 10
207.1
 20
162.8
 97
0
 92
3
 72
0
 73
1
 93
6
 10
246.2
 20
173.2
 10
260.8
 20
166.5
 10
278.4
 20
161.3
 10
245.6
 20
164.5
 10
230.7
 20
164.6
 10
241.1
 20
173.7
 97
0
 92
3
 72
0
 73
1
 93
13
 10
195.0
 20
165.8
 10
188.6
 20
159.9
 10
190.4
 20
179.7
 10
191.0
 20
195.0
 10
191.7
 20
292.4
 10
183.9
 20
256.9
 10
187.9
 20
285.9
 10
193.8
 20
318.3
 10
194.4
 20
301.2
 10
198.8
 20
232.6
 10
196.3
 20
214.3
 10
194.9
 20
198.4
 10
194.4
 20
183.7
 97
0
 92
3
 72
0
 73
1
 93
5
 10
188.2
 20
156.1
 10
196.3
 20
155.9
 10
197.8
 20
149.9
 10
189.7
 20
143.2
 10
186.3
 20
144.5
 97
0
 92
3
 72
0
 73
1
 93
8
 10
217.7
 20
153.5
 10
242.3
 20
149.2
 10
294.0
 20
138.8
 10
309.7
 20
136.2
 10
302.3
 20
135.7
 10
239.0
 20
145.3
 10
226.2
 20
146.7
 10
210.5
 20
147.4
 97
0
 92
3
 72
0
 73
1
 93
7
 10
241.0
 20
128.3
 10
220.7
 20
125.7
 10
205.6
 20
128.6
 10
189.8
 20
130.3
 10
203.8
 20
141.9
 10
213.0
 20
136.8
 10
223.1
 20
133.0
 97
0
 92
3
 72
0
 73
1
 93
5
 10
166.5
 20
128.8
 10
168.6
 20
140.7
 10
175.5
 20
141.5
 10
177.6
 20
133.3
 10
170.6
 20
127.7
 97
0
 92
3
 72
0
 73
1
 93
22
 10
154.7
 20
129.0
 10
146.9
 20
122.0
 10
155.9
 20
122.0
 10
157.3
 20
117.1
 10
147.2
 20
109.3
 10
144.6
 20
110.5
 10
145.7
 20
117.9
 10
146.7
 20
135.3
 10
151.5
 20
139.6
 10
149.5
 20
146.2
 10
147.9
 20
158.6
 10
147.8
 20
174.0
 10
148.8
 20
185.5
 10
150.5
 20
197.5
 10
155.3
 20
220.6
 10
165.3
 20
256.6
 10
170.3
 20
289.1
 10
172.6
 20
263.6
 10
162.6
 20
221.1
 10
157.3
 20
191.8
 10
154.1
 20
162.0
 10
153.6
 20
148.3
 97
0
 92
3
 72
0
 73
1
 93
8
 10
176.5
 20
119.6
 10
208.3
 20
112.5
 10
227.7
 20
106.6
 10
237.1
 20
104.5
 10
232.1
 20
104.0
 10
195.8
 20
111.5
 10
184.0
 20
113.4
 10
170.1
 20
114.5
 97
0
 92
3
 72
0
 73
1
 93
4
 10
172.7
 20
103.1
 10
166.2
 20
104.1
 10
158.8
 20
105.6
 10
163.1
 20
109.0
 97
0
 92
3
 72
0
 73
1
 93
8
 10
129.8
 20
106.7
 10
134.1
 20
107.0
 10
136.3
 20
100.9
 10
126.3
 20
93.3
 10
125.7
 20
93.5
 10
129.2
 20
107.4
 10
131.4
 20
121.5
 10
133.3
 20
109.8
 97
0
 92
3
 72
0
 73
1
 93
7
 10
158.4
 20
105.3
 10
174.5
 20
102.3
 10
180.3
 20
99.8
 10
194.4
 20
95.1
 10
180.2
 20
92.3
 10
161.4
 20
96.7
 10
149.3
 20
98.3
 97
0
 92
3
 72
0
 73
1
 93
3
 10
145.9
 20
89.8
 10
139.0
 20
90.4
 10
142.2
 20
92.8
 97
0
 92
3
 72
0
 73
1
 93
12
 10
114.0
 20
92.5
 10
109.1
 20
88.2
 10
111.7
 20
102.8
 10
112.6
 20
112.1
 10
114.0
 20
160.3
 10
104.5
 20
136.0
 10
105.7
 20
156.2
 10
110.6
 20
187.1
 10
119.1
 20
149.0
 10
115.6
 20
131.3
 10
114.1
 20
119.9
 10
113.3
 20
109.3
 97
0
 92
3
 72
0
 73
1
 93
4
 10
109.1
 20
88.1
 10
115.1
 20
87.5
 10
115.8
 20
85.5
 10
106.4
 20
78.5
 97
0
 92
3
 72
0
 73
1
 93
5
 10
139.1
 20
69.1
 10
123.6
 20
68.9
 10
112.6
 20
70.7
 10
121.6
 20
77.3
 10
127.4
 20
73.6
 97
0
 92
3
 72
0
 73
1
 93
15
 10
93.5
 20
74.4
 10
85.2
 20
67.0
 10
85.4
 20
74.4
 10
85.0
 20
80.2
 10
92.3
 20
86.6
 10
89.3
 20
92.3
 10
88.2
 20
96.8
 10
87.9
 20
107.6
 10
89.8
 20
119.3
 10
97.0
 20
143.1
 10
101.2
 20
126.5
 10
97.6
 20
115.0
 10
93.7
 20
96.9
 10
92.8
 20
88.5
 10
92.7
 20
81.1
 97
0
 92
3
 72
0
 73
1
 93
10
 10
71.6
 20
55.2
 10
63.2
 20
47.9
 10
13.7
 20
14.8
 10
12.0
 20
12.4
 10
12.1
 20
9.0
 10
11.1
 20
10.1
 10
10.2
 20
13.4
 10
11.6
 20
16.5
 10
68.7
 20
65.9
 10
69.6
 20
59.9
 97
0
 92
3
 72
0
 73
1
 93
6
 10
125.8
 20
174.3
 10
127.9
 20
191.5
 10
134.0
 20
223.9
 10
136.0
 20
207.8
 10
133.8
 20
193.4
 10
134.1
 20
201.3
 97
0
 92
3
 72
0
 73
1
 93
9
 10
173.1
 20
259.4
 10
177.4
 20
220.0
 10
174.6
 20
196.4
 10
173.6
 20
180.8
 10
173.4
 20
166.4
 10
174.7
 20
147.1
 10
168.8
 20
141.8
 10
170.9
 20
160.5
 10
172.3
 20
190.0
 97
0
 92
3
 72
0
 73
1
 93
16
 10
266.0
 20
245.7
 10
262.6
 20
255.6
 10
259.7
 20
272.6
 10
258.1
 20
293.9
 10
258.1
 20
309.9
 10
259.3
 20
332.1
 10
262.3
 20
359.1
 10
271.4
 20
410.6
 10
271.8
 20
379.4
 10
274.2
 20
326.0
 10
270.4
 20
299.9
 10
268.3
 20
276.2
 10
268.2
 20
252.3
 10
270.0
 20
235.7
 10
263.6
 20
229.6
 10
262.7
 20
242.6
 97
0
 92
3
 72
0
 73
1
 93
16
 10
284.9
 20
263.7
 10
282.2
 20
288.1
 10
277.6
 20
322.2
 10
277.7
 20
327.5
 10
279.1
 20
349.6
 10
282.4
 20
376.3
 10
292.0
 20
427.4
 10
292.0
 20
402.8
 10
294.3
 20
327.3
 10
294.3
 20
304.7
 10
288.1
 20
330.3
 10
285.1
 20
299.8
 10
284.4
 20
280.7
 10
285.5
 20
261.6
 10
287.2
 20
252.0
 10
285.1
 20
250.0
 97
0
 92
3
 72
0
 73
1
 93
162
 10
303.7
 20
281.8
 10
300.7
 20
291.4
 10
299.0
 20
301.7
 10
297.9
 20
314.3
 10
297.6
 20
328.7
 10
298.5
 20
349.6
 10
300.7
 20
371.1
 10
303.9
 20
391.8
 10
314.5
 20
441.5
 10
314.1
 20
426.6
 10
317.4
 20
453.4
 10
318.8
 20
435.2
 10
325.7
 20
374.9
 10
328.5
 20
345.0
 10
329.5
 20
319.5
 10
328.6
 20
305.8
 10
340.5
 20
317.5
 10
336.9
 20
325.7
 10
334.2
 20
334.8
 10
332.0
 20
346.1
 10
329.7
 20
366.1
 10
329.0
 20
387.9
 10
330.2
 20
416.7
 10
335.1
 20
462.8
 10
337.4
 20
441.0
 10
342.6
 20
401.5
 10
341.8
 20
425.9
 10
343.2
 20
468.8
 10
346.3
 20
453.1
 10
357.9
 20
401.2
 10
362.8
 20
375.4
 10
365.3
 20
353.2
 10
365.2
 20
341.8
 10
377.4
 20
353.9
 10
374.5
 20
360.3
 10
371.3
 20
372.7
 10
369.2
 20
388.2
 10
368.7
 20
400.0
 10
368.8
 20
412.3
 10
370.6
 20
436.3
 10
376.0
 20
474.7
 10
381.3
 20
433.7
 10
381.5
 20
451.6
 10
382.6
 20
475.9
 10
394.4
 20
433.5
 10
399.4
 20
413.0
 10
402.5
 20
393.9
 10
402.8
 20
379.3
 10
413.5
 20
390.0
 10
411.0
 20
393.7
 10
408.5
 20
399.0
 10
406.4
 20
405.6
 10
403.7
 20
421.7
 10
403.1
 20
430.5
 10
403.2
 20
443.7
 10
405.9
 20
476.0
 10
416.1
 20
440.9
 10
420.2
 20
424.0
 10
422.3
 20
408.1
 10
422.1
 20
398.7
 10
431.5
 20
408.3
 10
427.8
 20
414.3
 10
426.1
 20
419.2
 10
424.5
 20
431.0
 10
425.0
 20
444.1
 10
429.5
 20
470.9
 10
439.8
 20
439.0
 10
441.9
 20
426.7
 10
441.9
 20
418.9
 10
448.5
 20
425.6
 10
450.2
 20
426.5
 10
452.2
 20
426.7
 10
454.0
 20
426.2
 10
455.5
 20
425.0
 10
456.5
 20
423.3
 10
456.6
 20
420.8
 10
455.9
 20
419.0
 10
448.1
 20
410.9
 10
457.3
 20
410.5
 10
469.5
 20
407.9
 10
501.1
 20
396.3
 10
473.8
 20
392.8
 10
460.7
 20
392.9
 10
449.0
 20
395.1
 10
444.2
 20
397.0
 10
438.4
 20
401.0
 10
429.7
 20
392.1
 10
438.4
 20
392.7
 10
454.4
 20
391.5
 10
471.6
 20
388.4
 10
507.5
 20
380.4
 10
475.0
 20
375.6
 10
461.8
 20
374.7
 10
452.9
 20
374.8
 10
436.6
 20
376.7
 10
429.9
 20
378.5
 10
424.5
 20
380.7
 10
420.7
 20
383.1
 10
410.1
 20
372.4
 10
424.5
 20
372.3
 10
443.8
 20
369.6
 10
507.5
 20
355.1
 10
473.3
 20
352.4
 10
452.1
 20
352.3
 10
441.3
 20
353.0
 10
431.1
 20
354.4
 10
421.8
 20
356.4
 10
413.8
 20
358.8
 10
407.3
 20
361.6
 10
402.4
 20
364.7
 10
391.4
 20
353.7
 10
400.1
 20
354.0
 10
409.6
 20
353.6
 10
431.7
 20
350.8
 10
505.4
 20
337.1
 10
466.3
 20
333.7
 10
448.1
 20
333.3
 10
429.6
 20
334.2
 10
417.8
 20
335.6
 10
402.4
 20
338.9
 10
390.3
 20
343.0
 10
384.2
 20
346.5
 10
372.6
 20
335.0
 10
383.6
 20
335.2
 10
405.9
 20
333.2
 10
432.0
 20
329.2
 10
484.6
 20
319.7
 10
500.6
 20
317.5
 10
457.2
 20
314.0
 10
437.1
 20
313.7
 10
416.5
 20
314.8
 10
403.4
 20
316.4
 10
386.4
 20
320.0
 10
372.9
 20
324.5
 10
365.8
 20
328.3
 10
354.0
 20
316.7
 10
366.7
 20
317.0
 10
390.8
 20
315.1
 10
471.6
 20
303.3
 10
493.7
 20
300.9
 10
467.2
 20
298.0
 10
484.5
 20
298.2
 10
442.5
 20
289.6
 10
420.5
 20
286.4
 10
397.0
 20
284.5
 10
374.0
 20
284.3
 10
360.1
 20
285.2
 10
348.1
 20
286.9
 10
338.2
 20
289.1
 10
329.2
 20
292.5
 10
319.2
 20
282.8
 10
315.7
 20
293.4
 10
322.0
 20
299.4
 10
318.2
 20
308.3
 10
314.4
 20
324.3
 10
312.9
 20
300.9
 10
307.5
 20
314.8
 10
304.2
 20
288.0
 10
304.1
 20
275.0
 10
304.8
 20
268.9
 10
301.9
 20
266.2
 10
300.2
 20
278.3
 97
0
 92
2
 72
0
 73
1
 93
8
 10
358.7
 20
335.4
 10
354.7
 20
342.4
 10
351.5
 20
350.6
 10
348.6
 20
360.8
 10
346.0
 20
372.6
 10
347.9
 20
347.7
 10
348.1
 20
336.4
 10
347.3
 20
324.1
 97
0
 92
2
 72
0
 73
1
 93
6
 10
395.3
 20
371.7
 10
392.1
 20
376.6
 10
389.3
 20
383.0
 10
385.7
 20
395.1
 10
386.4
 20
378.6
 10
385.4
 20
361.8
 97
0
 92
2
 72
0
 73
1
 93
6
 10
336.5
 20
299.6
 10
348.9
 20
300.9
 10
371.8
 20
301.3
 10
364.4
 20
303.1
 10
355.4
 20
306.2
 10
347.4
 20
310.3
 97
0
 92
3
 72
0
 73
1
 93
23
 10
319.8
 20
280.5
 10
331.6
 20
280.5
 10
358.1
 20
278.4
 10
444.5
 20
267.7
 10
457.0
 20
268.5
 10
450.9
 20
267.0
 10
471.7
 20
265.5
 10
423.7
 20
260.3
 10
389.4
 20
253.6
 10
372.8
 20
251.5
 10
357.2
 20
250.2
 10
343.7
 20
254.0
 10
337.6
 20
255.0
 10
328.7
 20
255.2
 10
331.6
 20
258.6
 10
331.8
 20
262.0
 10
330.1
 20
264.4
 10
327.0
 20
265.5
 10
324.2
 20
264.7
 10
321.8
 20
262.4
 10
321.9
 20
266.0
 10
330.3
 20
266.4
 10
321.7
 20
269.0
 97
0
 92
3
 72
0
 73
1
 93
6
 10
310.9
 20
251.7
 10
302.8
 20
253.2
 10
302.2
 20
264.3
 10
305.8
 20
264.7
 10
307.9
 20
258.4
 10
311.7
 20
252.5
 97
0
 92
3
 72
0
 73
1
 93
6
 10
289.4
 20
243.9
 10
291.0
 20
239.6
 10
293.6
 20
235.0
 10
289.3
 20
230.9
 10
284.5
 20
232.6
 10
285.1
 20
244.1
 97
0
 92
3
 72
0
 73
1
 93
3
 10
284.2
 20
230.6
 10
289.3
 20
230.9
 10
283.5
 20
225.5
 97
0
 92
3
 72
0
 73
1
 93
3
 10
244.0
 20
193.3
 10
248.3
 20
193.3
 10
243.4
 20
188.9
 97
0
 75
1
 76
1
 98
0
  0
HATCH
  5
C0
330
B3
100
AcDbEntity
  8
VEG-RELLENO
 62
73
420
7775837
100
AcDbHatch
 10
0.0
 20
0.0
 30
0.0
210
0.0
220
0.0
230
1.0
  2
SOLID
 70
1
 71
0
 91
8
 92
3
 72
0
 73
1
 93
403
 10
-299.5
 20
32.8
 10
-310.0
 20
49.3
 10
-317.4
 20
62.0
 10
-361.7
 20
145.0
 10
-330.4
 20
108.0
 10
-316.7
 20
90.0
 10
-303.4
 20
70.8
 10
-292.4
 20
51.9
 10
-284.0
 20
34.7
 10
-280.5
 20
25.2
 10
-278.4
 20
15.8
 10
-261.5
 20
14.2
 10
-270.0
 20
23.9
 10
-276.7
 20
33.0
 10
-291.0
 20
55.6
 10
-334.3
 20
133.2
 10
-303.7
 20
99.1
 10
-285.8
 20
76.7
 10
-277.3
 20
64.7
 10
-266.4
 20
47.2
 10
-258.1
 20
31.1
 10
-254.6
 20
22.2
 10
-252.5
 20
13.4
 10
-236.0
 20
12.1
 10
-243.4
 20
20.2
 10
-249.7
 20
28.6
 10
-263.1
 20
49.3
 10
-276.3
 20
72.5
 10
-299.1
 20
114.9
 10
-297.1
 20
115.1
 10
-282.0
 20
98.9
 10
-267.7
 20
82.5
 10
-245.5
 20
64.6
 10
-227.8
 20
48.0
 10
-219.9
 20
39.4
 10
-210.3
 20
27.0
 10
-203.7
 20
16.2
 10
-201.2
 20
9.7
 10
-187.1
 20
8.8
 10
-196.0
 20
17.1
 10
-208.1
 20
31.9
 10
-219.9
 20
49.0
 10
-242.9
 20
85.6
 10
-213.7
 20
60.9
 10
-202.5
 20
50.2
 10
-195.3
 20
42.5
 10
-183.4
 20
27.0
 10
-179.2
 20
19.9
 10
-176.3
 20
13.7
 10
-174.7
 20
8.1
 10
-160.8
 20
7.4
 10
-166.7
 20
13.3
 10
-175.9
 20
25.9
 10
-184.3
 20
40.6
 10
-200.1
 20
72.4
 10
-173.9
 20
48.5
 10
-162.5
 20
35.7
 10
-153.6
 20
22.5
 10
-150.6
 20
16.5
 10
-148.8
 20
11.1
 10
-148.1
 20
6.9
 10
-138.9
 20
6.5
 10
-145.2
 20
13.3
 10
-148.5
 20
18.0
 10
-154.3
 20
28.0
 10
-162.9
 20
44.9
 10
-141.9
 20
31.9
 10
-132.8
 20
24.5
 10
-125.9
 20
16.2
 10
-123.7
 20
12.1
 10
-122.1
 20
5.9
 10
-75.0
 20
4.9
 10
-19.6
 20
4.8
 10
-17.7
 20
4.2
 10
-16.2
 20
3.0
 10
-15.2
 20
1.3
 10
-15.0
 20
-0.6
 10
-15.6
 20
-2.5
 10
-16.8
 20
-4.0
 10
-19.9
 20
-5.2
 10
-67.1
 20
-5.2
 10
-122.2
 20
-4.1
 10
-123.9
 20
-10.3
 10
-126.2
 20
-14.3
 10
-133.4
 20
-22.4
 10
-142.9
 20
-29.6
 10
-165.0
 20
-41.7
 10
-149.1
 20
-15.5
 10
-141.8
 20
-6.8
 10
-138.2
 20
-3.5
 10
-148.2
 20
-3.2
 10
-149.0
 20
-7.3
 10
-150.9
 20
-12.6
 10
-154.0
 20
-18.7
 10
-158.2
 20
-25.1
 10
-163.4
 20
-31.6
 10
-169.3
 20
-38.0
 10
-178.8
 20
-46.8
 10
-204.2
 20
-66.6
 10
-186.0
 20
-35.7
 10
-176.8
 20
-21.4
 10
-167.0
 20
-9.1
 10
-160.0
 20
-2.6
 10
-174.6
 20
-1.9
 10
-176.1
 20
-7.4
 10
-178.8
 20
-13.8
 10
-183.0
 20
-21.0
 10
-188.4
 20
-28.7
 10
-195.0
 20
-36.6
 10
-206.2
 20
-48.0
 10
-218.0
 20
-58.4
 10
-245.3
 20
-79.2
 10
-208.1
 20
-26.0
 10
-195.8
 20
-11.2
 10
-185.3
 20
-1.3
 10
-201.1
 20
-0.4
 10
-203.3
 20
-7.0
 10
-207.1
 20
-14.0
 10
-212.4
 20
-22.0
 10
-219.2
 20
-30.6
 10
-227.2
 20
-39.4
 10
-240.8
 20
-52.0
 10
-255.0
 20
-63.5
 10
-287.6
 20
-86.1
 10
-275.4
 20
-72.0
 10
-247.6
 20
-37.4
 10
-232.2
 20
-19.4
 10
-218.0
 20
-5.2
 10
-211.2
 20
0.3
 10
-227.9
 20
1.5
 10
-231.7
 20
-5.7
 10
-237.0
 20
-12.8
 10
-244.1
 20
-20.7
 10
-253.0
 20
-29.1
 10
-263.2
 20
-37.6
 10
-280.2
 20
-49.5
 10
-303.1
 20
-63.1
 10
-337.2
 20
-80.1
 10
-324.5
 20
-69.8
 10
-300.0
 20
-48.0
 10
-314.5
 20
-58.5
 10
-326.7
 20
-66.5
 10
-343.4
 20
-76.3
 10
-368.7
 20
-89.9
 10
-347.3
 20
-71.3
 10
-291.7
 20
-18.4
 10
-273.2
 20
-2.6
 10
-263.4
 20
4.3
 10
-279.9
 20
5.9
 10
-284.6
 20
-2.6
 10
-295.0
 20
-15.1
 10
-309.3
 20
-29.3
 10
-321.1
 20
-39.0
 10
-340.6
 20
-52.8
 10
-360.7
 20
-65.0
 10
-378.8
 20
-74.6
 10
-406.2
 20
-87.9
 10
-382.4
 20
-69.5
 10
-310.1
 20
-7.7
 10
-300.5
 20
-0.4
 10
-289.6
 20
6.8
 10
-306.2
 20
8.5
 10
-311.9
 20
0.1
 10
-319.0
 20
-7.6
 10
-328.4
 20
-16.3
 10
-346.2
 20
-30.0
 10
-366.9
 20
-43.2
 10
-381.5
 20
-51.2
 10
-402.7
 20
-61.3
 10
-445.1
 20
-78.3
 10
-418.7
 20
-61.4
 10
-380.3
 20
-33.8
 10
-403.3
 20
-47.7
 10
-429.0
 20
-60.7
 10
-450.7
 20
-74.9
 10
-484.6
 20
-94.3
 10
-461.4
 20
-74.2
 10
-472.9
 20
-78.7
 10
-451.9
 20
-65.3
 10
-387.7
 20
-3.0
 10
-378.2
 20
5.5
 10
-365.3
 20
15.5
 10
-383.0
 20
17.8
 10
-387.7
 20
8.7
 10
-393.9
 20
-0.0
 10
-402.2
 20
-9.9
 10
-412.5
 20
-20.4
 10
-428.7
 20
-34.7
 10
-446.4
 20
-48.2
 10
-464.6
 20
-60.3
 10
-483.1
 20
-71.2
 10
-511.3
 20
-86.3
 10
-495.9
 20
-73.9
 10
-476.7
 20
-57.0
 10
-413.7
 20
1.6
 10
-404.0
 20
9.7
 10
-391.4
 20
19.0
 10
-408.8
 20
21.5
 10
-413.6
 20
12.8
 10
-419.7
 20
4.5
 10
-428.0
 20
-4.8
 10
-438.2
 20
-14.8
 10
-453.2
 20
-27.4
 10
-469.6
 20
-39.3
 10
-489.7
 20
-52.1
 10
-507.9
 20
-62.3
 10
-535.6
 20
-76.3
 10
-524.4
 20
-67.8
 10
-506.9
 20
-53.1
 10
-439.2
 20
6.9
 10
-429.6
 20
14.6
 10
-417.5
 20
22.8
 10
-434.6
 20
25.5
 10
-439.2
 20
17.4
 10
-449.3
 20
5.3
 10
-463.3
 20
-8.3
 10
-474.8
 20
-17.6
 10
-493.8
 20
-30.7
 10
-513.3
 20
-42.3
 10
-530.9
 20
-51.5
 10
-557.5
 20
-64.1
 10
-534.5
 20
-46.3
 10
-474.6
 20
4.7
 10
-454.8
 20
20.0
 10
-443.8
 20
27.0
 10
-460.1
 20
29.7
 10
-464.2
 20
22.2
 10
-473.5
 20
10.9
 10
-486.5
 20
-1.8
 10
-497.2
 20
-10.5
 10
-514.8
 20
-22.8
 10
-532.9
 20
-33.7
 10
-549.3
 20
-42.3
 10
-574.0
 20
-54.2
 10
-553.0
 20
-37.1
 10
-497.8
 20
11.1
 10
-479.3
 20
25.3
 10
-469.6
 20
31.3
 10
-485.5
 20
34.1
 10
-488.8
 20
27.4
 10
-496.9
 20
16.8
 10
-508.4
 20
4.9
 10
-517.8
 20
-3.2
 10
-533.6
 20
-14.7
 10
-549.8
 20
-24.9
 10
-586.6
 20
-44.4
 10
-572.0
 20
-31.4
 10
-538.3
 20
0.8
 10
-519.9
 20
17.6
 10
-503.4
 20
30.7
 10
-495.2
 20
35.9
 10
-511.3
 20
38.9
 10
-514.4
 20
33.5
 10
-519.1
 20
27.7
 10
-525.4
 20
21.5
 10
-533.1
 20
15.0
 10
-542.0
 20
8.7
 10
-556.7
 20
-0.1
 10
-571.7
 20
-7.7
 10
-605.5
 20
-21.8
 10
-552.0
 20
22.2
 10
-535.3
 20
34.2
 10
-522.9
 20
41.2
 10
-536.1
 20
43.8
 10
-538.1
 20
39.3
 10
-541.4
 20
34.1
 10
-546.2
 20
28.4
 10
-552.2
 20
22.4
 10
-559.2
 20
16.6
 10
-566.9
 20
11.0
 10
-583.1
 20
1.2
 10
-610.6
 20
-12.4
 10
-583.5
 20
16.1
 10
-570.2
 20
29.3
 10
-557.0
 20
40.3
 10
-547.7
 20
46.2
 10
-561.7
 20
49.1
 10
-563.1
 20
46.1
 10
-566.0
 20
42.2
 10
-569.9
 20
38.1
 10
-580.7
 20
30.2
 10
-587.2
 20
26.8
 10
-600.5
 20
21.2
 10
-622.9
 20
13.9
 10
-595.8
 20
39.6
 10
-584.7
 20
48.0
 10
-576.7
 20
52.4
 10
-590.5
 20
55.4
 10
-592.2
 20
56.4
 10
-593.6
 20
58.4
 10
-594.0
 20
60.3
 10
-593.3
 20
62.7
 10
-592.0
 20
64.1
 10
-589.8
 20
65.1
 10
-575.6
 20
62.3
 10
-580.5
 20
68.7
 10
-587.3
 20
80.7
 10
-601.2
 20
115.0
 10
-579.4
 20
94.6
 10
-570.1
 20
83.6
 10
-563.2
 20
72.3
 10
-561.1
 20
67.0
 10
-560.0
 20
62.3
 10
-559.8
 20
58.9
 10
-548.4
 20
56.5
 10
-553.8
 20
62.9
 10
-563.1
 20
77.2
 10
-571.6
 20
93.7
 10
-587.6
 20
129.0
 10
-563.8
 20
104.4
 10
-554.8
 20
93.8
 10
-549.1
 20
86.3
 10
-540.2
 20
71.4
 10
-537.2
 20
64.6
 10
-535.4
 20
58.6
 10
-534.7
 20
53.7
 10
-522.3
 20
51.3
 10
-530.8
 20
60.9
 10
-542.4
 20
77.7
 10
-553.4
 20
96.9
 10
-574.9
 20
137.6
 10
-546.4
 20
108.6
 10
-535.6
 20
96.1
 10
-528.7
 20
87.2
 10
-522.6
 20
78.3
 10
-515.5
 20
65.8
 10
-511.0
 20
55.0
 10
-509.7
 20
48.8
 10
-494.8
 20
46.0
 10
-505.9
 20
60.4
 10
-517.8
 20
80.3
 10
-529.4
 20
102.6
 10
-552.2
 20
149.5
 10
-522.3
 20
114.6
 10
-510.9
 20
99.6
 10
-503.7
 20
89.0
 10
-497.4
 20
78.5
 10
-490.0
 20
63.9
 10
-485.4
 20
51.4
 10
-484.1
 20
44.0
 10
-467.0
 20
41.0
 10
-474.0
 20
51.1
 10
-479.3
 20
60.5
 10
-490.4
 20
83.5
 10
-501.1
 20
109.1
 10
-513.2
 20
140.2
 10
-522.3
 20
154.5
 10
-516.4
 20
148.4
 10
-522.3
 20
162.4
 10
-502.1
 20
134.0
 10
-484.8
 20
115.6
 10
-470.3
 20
98.8
 10
-452.8
 20
75.0
 10
-445.6
 20
63.7
 10
-440.0
 20
53.3
 10
-436.0
 20
44.4
 10
-433.4
 20
35.4
 10
-415.5
 20
32.6
 10
-424.3
 20
44.9
 10
-437.1
 20
67.5
 10
-450.6
 20
95.0
 10
-474.0
 20
146.5
 10
-480.4
 20
155.7
 10
-476.4
 20
151.7
 10
-484.2
 20
167.7
 10
-459.6
 20
135.1
 10
-434.1
 20
108.3
 10
-423.5
 20
96.0
 10
-408.7
 20
76.9
 10
-396.2
 20
58.3
 10
-389.9
 20
47.2
 10
-385.3
 20
37.6
 10
-382.2
 20
27.8
 10
-365.5
 20
25.6
 10
-375.5
 20
36.6
 10
-391.6
 20
58.5
 10
-409.1
 20
85.2
 10
-440.1
 20
135.5
 10
-453.4
 20
156.0
 10
-422.8
 20
124.2
 10
-403.1
 20
101.8
 10
-434.9
 20
146.5
 10
-397.4
 20
111.6
 10
-375.2
 20
88.4
 10
-359.6
 20
69.8
 10
-346.2
 20
51.5
 10
-339.4
 20
40.5
 10
-334.4
 20
31.1
 10
-330.8
 20
21.3
 10
-313.4
 20
19.3
 10
-323.2
 20
30.5
 10
-338.5
 20
52.1
 10
-355.1
 20
78.6
 10
-396.0
 20
147.9
 10
-362.7
 20
111.8
 10
-346.1
 20
91.7
 10
-333.2
 20
74.4
 10
-320.8
 20
55.3
 10
-311.3
 20
37.9
 10
-307.2
 20
28.2
 10
-304.5
 20
18.4
 10
-286.9
 20
16.6
 10
-290.0
 20
20.0
 97
0
 92
2
 72
0
 73
1
 93
7
 10
-361.3
 20
-19.9
 10
-327.8
 20
3.3
 10
-316.7
 20
9.6
 10
-332.0
 20
11.4
 10
-337.8
 20
2.7
 10
-345.0
 20
-5.3
 10
-354.4
 20
-14.2
 97
0
 92
2
 72
0
 73
1
 93
5
 10
-357.1
 20
14.4
 10
-361.7
 20
5.0
 10
-367.8
 20
-4.0
 10
-353.9
 20
5.5
 10
-341.9
 20
12.6
 97
0
 92
2
 72
0
 73
1
 93
5
 10
-443.7
 20
37.1
 10
-451.6
 20
45.6
 10
-462.1
 20
59.2
 10
-459.1
 20
48.0
 10
-458.2
 20
39.5
 97
0
 92
2
 72
0
 73
1
 93
5
 10
-391.9
 20
29.2
 10
-401.4
 20
39.3
 10
-413.1
 20
54.3
 10
-408.8
 20
41.2
 10
-407.2
 20
31.4
 97
0
 92
2
 72
0
 73
1
 93
6
 10
-340.7
 20
22.5
 10
-358.9
 20
41.8
 10
-370.7
 20
56.7
 10
-363.8
 20
44.2
 10
-359.4
 20
34.4
 10
-356.3
 20
24.4
 97
0
 92
2
 72
0
 73
1
 93
5
 10
-225.0
 20
20.3
 10
-231.2
 20
26.8
 10
-228.3
 20
19.3
 10
-226.5
 20
11.4
 10
-213.8
 20
10.5
 97
0
 92
2
 72
0
 73
1
 93
6
 10
-257.7
 20
-4.6
 10
-263.2
 20
-12.4
 10
-272.6
 20
-23.4
 10
-255.0
 20
-8.8
 10
-239.1
 20
2.3
 10
-253.7
 20
3.5
 97
0
 75
1
 76
1
 98
0
  0
HATCH
  5
C1
330
B3
100
AcDbEntity
  8
VEG-RELLENO
 62
73
420
7776093
100
AcDbHatch
 10
0.0
 20
0.0
 30
0.0
210
0.0
220
0.0
230
1.0
  2
SOLID
 70
1
 71
0
 91
50
 92
3
 72
0
 73
1
 93
8
 10
-272.0
 20
227.9
 10
-277.7
 20
253.9
 10
-262.6
 20
247.8
 10
-242.4
 20
241.2
 10
-239.4
 20
226.2
 10
-256.2
 20
227.0
 10
-258.2
 20
234.3
 10
-258.0
 20
227.1
 97
0
 92
3
 72
0
 73
1
 93
5
 10
-280.6
 20
268.9
 10
-285.8
 20
296.6
 10
-272.0
 20
289.9
 10
-256.8
 20
283.8
 10
-250.8
 20
268.6
 97
0
 92
3
 72
0
 73
1
 93
10
 10
-286.9
 20
302.4
 10
-294.7
 20
339.1
 10
-303.1
 20
370.2
 10
-288.2
 20
340.1
 10
-291.7
 20
349.5
 10
-278.8
 20
327.6
 10
-269.7
 20
311.0
 10
-278.9
 20
310.2
 10
-266.3
 20
304.4
 10
-263.9
 20
299.5
 97
0
 92
3
 72
0
 73
1
 93
71
 10
-237.5
 20
202.3
 10
-238.3
 20
194.2
 10
-227.9
 20
187.3
 10
-258.2
 20
190.1
 10
-251.5
 20
190.8
 10
-265.0
 20
199.5
 10
-275.0
 20
192.0
 10
-298.1
 20
195.5
 10
-280.1
 20
189.0
 10
-292.8
 20
182.4
 10
-274.6
 20
187.0
 10
-252.5
 20
179.9
 10
-270.4
 20
172.2
 10
-254.6
 20
175.1
 10
-241.4
 20
176.8
 10
-215.1
 20
170.6
 10
-194.3
 20
167.4
 10
-194.9
 20
164.8
 10
-188.2
 20
160.1
 10
-233.7
 20
161.3
 10
-220.1
 20
162.8
 10
-210.0
 20
163.1
 10
-222.2
 20
171.4
 10
-230.6
 20
166.7
 10
-244.3
 20
161.7
 10
-276.7
 20
164.1
 10
-256.7
 20
158.2
 10
-279.4
 20
153.4
 10
-294.6
 20
151.1
 10
-324.4
 20
148.2
 10
-372.0
 20
145.9
 10
-334.4
 20
156.0
 10
-362.0
 20
151.9
 10
-397.2
 20
147.7
 10
-370.6
 20
156.6
 10
-418.1
 20
146.1
 10
-342.5
 20
179.8
 10
-313.2
 20
191.8
 10
-287.6
 20
200.5
 10
-272.1
 20
204.0
 10
-287.4
 20
213.4
 10
-296.0
 20
207.4
 10
-305.5
 20
202.5
 10
-324.3
 20
194.8
 10
-346.4
 20
187.5
 10
-367.6
 20
182.1
 10
-393.5
 20
176.6
 10
-443.6
 20
168.3
 10
-350.9
 20
203.4
 10
-322.2
 20
212.5
 10
-309.9
 20
215.6
 10
-295.2
 20
218.1
 10
-309.8
 20
226.9
 10
-318.4
 20
221.2
 10
-327.9
 20
216.7
 10
-346.7
 20
209.6
 10
-368.7
 20
203.2
 10
-389.8
 20
198.4
 10
-415.7
 20
193.8
 10
-465.4
 20
187.2
 10
-372.8
 20
219.2
 10
-344.2
 20
227.3
 10
-331.9
 20
230.0
 10
-320.3
 20
231.7
 10
-285.0
 20
220.7
 10
-267.5
 20
212.9
 10
-267.7
 20
213.3
 10
-259.4
 20
210.0
 10
-259.9
 20
208.1
 10
-247.1
 20
199.8
 10
-249.6
 20
206.4
 97
0
 92
3
 72
0
 73
1
 93
4
 10
-226.3
 20
187.4
 10
-230.6
 20
200.2
 10
-215.7
 20
196.2
 10
-215.7
 20
186.3
 97
0
 92
3
 72
0
 73
1
 93
4
 10
-237.8
 20
226.1
 10
-241.5
 20
240.9
 10
-222.9
 20
236.3
 10
-219.9
 20
225.2
 97
0
 92
3
 72
0
 73
1
 93
4
 10
-248.3
 20
268.5
 10
-251.7
 20
282.0
 10
-238.5
 20
278.3
 10
-234.0
 20
268.0
 97
0
 92
3
 72
0
 73
1
 93
4
 10
-256.6
 20
300.3
 10
-247.9
 20
297.4
 10
-247.8
 20
297.3
 10
-256.1
 20
298.5
 97
0
 92
3
 72
0
 73
1
 93
4
 10
-260.0
 20
312.1
 10
-263.7
 20
323.6
 10
-265.9
 20
329.5
 10
-256.1
 20
312.4
 97
0
 92
3
 72
0
 73
1
 93
4
 10
-208.4
 20
185.6
 10
-210.8
 20
195.1
 10
-193.9
 20
191.9
 10
-193.4
 20
184.3
 97
0
 92
3
 72
0
 73
1
 93
4
 10
-217.1
 20
225.0
 10
-219.2
 20
235.5
 10
-202.5
 20
233.3
 10
-199.8
 20
223.7
 97
0
 92
3
 72
0
 73
1
 93
4
 10
-225.5
 20
267.8
 10
-227.3
 20
276.3
 10
-219.1
 20
275.7
 10
-214.9
 20
266.5
 97
0
 92
3
 72
0
 73
1
 93
4
 10
-231.6
 20
295.0
 10
-228.8
 20
295.4
 10
-227.7
 20
293.1
 10
-231.4
 20
294.1
 97
0
 92
3
 72
0
 73
1
 93
4
 10
-184.0
 20
160.0
 10
-186.0
 20
166.5
 10
-171.6
 20
165.6
 10
-171.8
 20
159.5
 97
0
 92
3
 72
0
 73
1
 93
4
 10
-190.0
 20
184.0
 10
-191.4
 20
191.5
 10
-173.7
 20
189.7
 10
-172.7
 20
182.2
 97
0
 92
3
 72
0
 73
1
 93
4
 10
-196.8
 20
223.5
 10
-198.2
 20
232.9
 10
-185.7
 20
233.0
 10
-181.7
 20
221.8
 97
0
 92
3
 72
0
 73
1
 93
4
 10
-200.8
 20
248.5
 10
-201.4
 20
252.2
 10
-194.3
 20
254.1
 10
-190.6
 20
245.4
 97
0
 92
3
 72
0
 73
1
 93
5
 10
-203.7
 20
264.7
 10
-204.7
 20
270.1
 10
-206.2
 20
276.7
 10
-201.7
 20
269.7
 10
-198.7
 20
263.6
 97
0
 92
3
 72
0
 73
1
 93
4
 10
-177.0
 20
205.5
 10
-180.6
 20
206.3
 10
-187.1
 20
207.6
 10
-177.9
 20
208.6
 97
0
 92
3
 72
0
 73
1
 93
12
 10
-161.0
 20
140.5
 10
-161.5
 20
142.2
 10
-149.7
 20
142.4
 10
-150.6
 20
138.5
 10
-176.1
 20
139.2
 10
-179.2
 20
141.4
 10
-182.2
 20
139.2
 10
-229.0
 20
140.0
 10
-219.1
 20
142.6
 10
-203.1
 20
145.8
 10
-180.2
 20
143.0
 10
-163.3
 20
142.2
 97
0
 92
3
 72
0
 73
1
 93
4
 10
-164.8
 20
159.3
 10
-165.6
 20
165.5
 10
-148.7
 20
166.4
 10
-148.4
 20
158.3
 97
0
 92
3
 72
0
 73
1
 93
5
 10
-167.2
 20
181.7
 10
-167.7
 20
189.5
 10
-159.3
 20
189.6
 10
-151.9
 20
190.5
 10
-149.9
 20
179.1
 97
0
 92
3
 72
0
 73
1
 93
4
 10
-168.5
 20
203.5
 10
-168.9
 20
210.3
 10
-163.3
 20
212.1
 10
-154.5
 20
199.2
 97
0
 92
3
 72
0
 73
1
 93
4
 10
-167.4
 20
241.7
 10
-163.7
 20
231.8
 10
-162.7
 20
229.0
 10
-169.6
 20
239.2
 97
0
 92
3
 72
0
 73
1
 93
4
 10
-144.1
 20
138.3
 10
-144.8
 20
142.8
 10
-128.1
 20
145.0
 10
-127.9
 20
137.1
 97
0
 92
3
 72
0
 73
1
 93
6
 10
-146.4
 20
158.1
 10
-147.0
 20
166.6
 10
-136.1
 20
168.6
 10
-133.9
 20
169.5
 10
-130.9
 20
165.2
 10
-129.3
 20
156.1
 97
0
 92
3
 72
0
 73
1
 93
3
 10
-147.5
 20
178.6
 10
-147.9
 20
189.6
 10
-138.8
 20
176.6
 97
0
 92
3
 72
0
 73
1
 93
5
 10
-148.5
 20
208.1
 10
-149.1
 20
217.2
 10
-149.5
 20
221.4
 10
-144.9
 20
209.7
 10
-145.5
 20
203.8
 97
0
 92
3
 72
0
 73
1
 93
7
 10
-130.0
 20
121.6
 10
-131.2
 20
118.1
 10
-130.0
 20
117.2
 10
-171.0
 20
116.7
 10
-159.0
 20
118.2
 10
-148.0
 20
118.3
 10
-152.3
 20
121.6
 97
0
 92
3
 72
0
 73
1
 93
5
 10
-122.9
 20
117.2
 10
-123.5
 20
122.2
 10
-111.7
 20
124.0
 10
-106.8
 20
125.5
 10
-106.9
 20
115.9
 97
0
 92
3
 72
0
 73
1
 93
4
 10
-124.5
 20
137.0
 10
-124.6
 20
146.0
 10
-118.6
 20
148.0
 10
-108.7
 20
134.2
 97
0
 92
3
 72
0
 73
1
 93
5
 10
-123.6
 20
172.5
 10
-123.3
 20
179.0
 10
-121.9
 20
181.5
 10
-115.1
 20
163.3
 10
-115.4
 20
160.7
 97
0
 92
3
 72
0
 73
1
 93
7
 10
-108.9
 20
100.7
 10
-103.4
 20
96.3
 10
-127.7
 20
95.4
 10
-164.5
 20
92.4
 10
-149.6
 20
97.7
 10
-137.0
 20
100.7
 10
-123.3
 20
100.0
 97
0
 92
3
 72
0
 73
1
 93
6
 10
-100.5
 20
96.3
 10
-100.6
 20
101.8
 10
-94.5
 20
103.1
 10
-87.8
 20
105.6
 10
-83.6
 20
99.9
 10
-84.4
 20
94.9
 97
0
 92
3
 72
0
 73
1
 93
3
 10
-98.7
 20
114.7
 10
-97.6
 20
119.0
 10
-93.8
 20
113.7
 97
0
 92
3
 72
0
 73
1
 93
5
 10
-94.0
 20
131.0
 10
-92.4
 20
136.2
 10
-90.3
 20
139.1
 10
-86.6
 20
126.0
 10
-86.8
 20
121.1
 97
0
 92
3
 72
0
 73
1
 93
14
 10
-84.0
 20
80.6
 10
-78.0
 20
75.6
 10
-91.4
 20
73.7
 10
-96.1
 20
77.6
 10
-101.5
 20
74.0
 10
-105.9
 20
72.5
 10
-116.6
 20
71.0
 10
-128.3
 20
71.6
 10
-152.4
 20
76.0
 10
-133.5
 20
83.2
 10
-118.5
 20
80.5
 10
-108.7
 20
79.5
 10
-99.2
 20
79.2
 10
-90.5
 20
79.6
 97
0
 92
3
 72
0
 73
1
 93
11
 10
-60.3
 20
60.7
 10
-41.2
 20
44.1
 10
-16.4
 20
12.5
 10
-13.5
 20
10.8
 10
-10.3
 20
11.1
 10
-11.4
 20
9.8
 10
-14.5
 20
8.6
 10
-17.7
 20
9.6
 10
-47.6
 20
36.5
 10
-73.6
 20
58.9
 10
-66.0
 20
59.2
 97
0
 92
3
 72
0
 73
1
 93
5
 10
-136.4
 20
83.8
 10
-145.9
 20
81.5
 10
-162.8
 20
79.3
 10
-198.0
 20
78.1
 10
-166.0
 20
91.8
 97
0
 92
3
 72
0
 73
1
 93
7
 10
-155.0
 20
102.9
 10
-170.7
 20
99.8
 10
-186.1
 20
98.3
 10
-206.5
 20
97.9
 10
-239.1
 20
99.1
 10
-194.5
 20
111.7
 10
-172.3
 20
106.1
 97
0
 92
3
 72
0
 73
1
 93
11
 10
-163.7
 20
122.5
 10
-171.3
 20
119.0
 10
-178.9
 20
116.5
 10
-211.2
 20
116.3
 10
-196.2
 20
112.2
 10
-208.1
 20
110.2
 10
-237.5
 20
107.3
 10
-275.0
 20
106.0
 10
-228.0
 20
120.9
 10
-200.1
 20
128.4
 10
-181.1
 20
124.7
 97
0
 92
3
 72
0
 73
1
 93
7
 10
-204.5
 20
129.4
 10
-227.9
 20
123.3
 10
-254.3
 20
118.9
 10
-278.8
 20
116.4
 10
-308.6
 20
114.2
 10
-256.7
 20
131.6
 10
-236.2
 20
138.0
 97
0
 92
3
 72
0
 73
1
 93
8
 10
-218.9
 20
148.7
 10
-241.1
 20
143.1
 10
-269.3
 20
139.0
 10
-297.5
 20
136.9
 10
-342.5
 20
136.0
 10
-285.3
 20
150.6
 10
-254.8
 20
157.6
 10
-234.3
 20
152.1
 97
0
 92
3
 72
0
 73
1
 93
163
 10
-318.3
 20
231.9
 10
-332.3
 20
240.0
 10
-340.6
 20
234.7
 10
-350.0
 20
230.3
 10
-361.6
 20
225.9
 10
-382.5
 20
219.7
 10
-405.3
 20
214.5
 10
-435.6
 20
209.5
 10
-484.1
 20
204.0
 10
-442.6
 20
217.9
 10
-496.7
 20
207.5
 10
-440.2
 20
231.7
 10
-412.6
 20
242.9
 10
-386.6
 20
251.9
 10
-375.3
 20
255.0
 10
-363.2
 20
257.3
 10
-377.2
 20
264.9
 10
-384.0
 20
259.5
 10
-392.0
 20
254.8
 10
-407.8
 20
247.6
 10
-426.5
 20
240.7
 10
-440.1
 20
236.7
 10
-460.3
 20
231.7
 10
-510.0
 20
222.1
 10
-457.4
 20
245.7
 10
-431.7
 20
256.4
 10
-407.3
 20
265.0
 10
-396.8
 20
267.9
 10
-386.6
 20
269.8
 10
-400.3
 20
277.0
 10
-406.4
 20
272.4
 10
-413.9
 20
268.3
 10
-423.2
 20
264.2
 10
-440.0
 20
258.5
 10
-458.5
 20
253.7
 10
-483.2
 20
249.0
 10
-523.0
 20
243.6
 10
-487.7
 20
258.2
 10
-528.5
 20
248.9
 10
-487.3
 20
271.7
 10
-467.1
 20
281.8
 10
-447.7
 20
289.7
 10
-433.4
 20
293.5
 10
-445.6
 20
299.4
 10
-448.9
 20
295.4
 10
-453.6
 20
291.1
 10
-459.8
 20
286.5
 10
-475.7
 20
277.8
 10
-493.7
 20
270.4
 10
-532.0
 20
258.7
 10
-499.3
 20
282.2
 10
-483.1
 20
292.6
 10
-467.3
 20
300.7
 10
-456.1
 20
304.4
 10
-469.3
 20
310.6
 10
-471.8
 20
307.8
 10
-475.8
 20
304.6
 10
-481.0
 20
301.4
 10
-494.1
 20
296.1
 10
-509.0
 20
292.4
 10
-540.4
 20
288.1
 10
-519.7
 20
301.0
 10
-506.6
 20
308.4
 10
-493.1
 20
314.4
 10
-483.6
 20
317.0
 10
-501.8
 20
325.4
 10
-503.3
 20
327.3
 10
-503.6
 20
329.7
 10
-502.7
 20
332.0
 10
-501.3
 20
333.4
 10
-499.0
 20
334.1
 10
-497.1
 20
333.9
 10
-478.9
 20
325.9
 10
-483.4
 20
335.4
 10
-488.0
 20
349.7
 10
-496.5
 20
388.8
 10
-481.5
 20
368.4
 10
-473.4
 20
355.1
 10
-470.0
 20
348.1
 10
-467.3
 20
341.1
 10
-465.5
 20
334.4
 10
-464.5
 20
328.4
 10
-464.4
 20
323.3
 10
-465.0
 20
319.6
 10
-453.9
 20
314.4
 10
-458.3
 20
323.1
 10
-464.4
 20
339.9
 10
-480.1
 20
398.5
 10
-462.2
 20
371.8
 10
-454.9
 20
359.0
 10
-448.5
 20
345.4
 10
-445.2
 20
336.4
 10
-442.8
 20
328.0
 10
-441.5
 20
320.3
 10
-441.2
 20
313.9
 10
-441.8
 20
308.7
 10
-429.4
 20
302.7
 10
-435.5
 20
315.9
 10
-442.4
 20
335.9
 10
-456.8
 20
387.7
 10
-462.1
 20
404.6
 10
-441.7
 20
372.6
 10
-433.5
 20
357.3
 10
-426.3
 20
341.1
 10
-422.6
 20
330.4
 10
-420.0
 20
320.4
 10
-418.4
 20
311.4
 10
-418.0
 20
303.9
 10
-418.6
 20
297.4
 10
-405.0
 20
290.6
 10
-408.5
 20
298.6
 10
-415.4
 20
319.1
 10
-432.4
 20
384.9
 10
-439.6
 20
409.0
 10
-426.5
 20
387.0
 10
-418.1
 20
371.9
 10
-409.7
 20
354.2
 10
-402.5
 20
335.6
 10
-398.8
 20
323.4
 10
-395.5
 20
306.8
 10
-394.5
 20
293.3
 10
-395.3
 20
285.6
 10
-380.1
 20
277.7
 10
-384.1
 20
289.4
 10
-389.4
 20
312.3
 10
-402.4
 20
385.6
 10
-408.4
 20
412.5
 10
-401.1
 20
397.6
 10
-386.5
 20
374.5
 10
-376.0
 20
355.5
 10
-365.9
 20
334.5
 10
-360.1
 20
320.0
 10
-355.5
 20
305.7
 10
-351.0
 20
286.5
 10
-349.2
 20
270.7
 10
-349.8
 20
261.3
 10
-335.6
 20
253.4
 10
-340.6
 20
265.9
 10
-344.5
 20
277.7
 10
-367.4
 20
358.7
 10
-375.1
 20
382.7
 10
-381.9
 20
400.9
 10
-365.5
 20
373.9
 10
-356.4
 20
357.3
 10
-363.8
 20
375.9
 10
-369.9
 20
389.3
 10
-347.9
 20
356.8
 10
-332.1
 20
329.5
 10
-320.1
 20
303.9
 10
-312.5
 20
283.5
 10
-308.8
 20
270.5
 10
-318.6
 20
273.0
 10
-311.3
 20
269.5
 10
-316.1
 20
269.9
 10
-308.1
 20
267.4
 10
-305.8
 20
256.5
 10
-304.6
 20
245.9
 10
-304.9
 20
235.6
 10
-294.3
 20
229.3
 10
-300.2
 20
229.8
 10
-310.4
 20
232.5
 10
-305.5
 20
230.2
 10
-319.5
 20
231.8
 97
0
 92
2
 72
0
 73
1
 93
6
 10
-354.5
 20
252.5
 10
-362.0
 20
246.8
 10
-370.6
 20
242.0
 10
-378.6
 20
238.1
 10
-353.7
 20
243.7
 10
-341.5
 20
245.2
 97
0
 92
2
 72
0
 73
1
 93
5
 10
-422.9
 20
288.4
 10
-427.6
 20
283.8
 10
-439.2
 20
276.4
 10
-427.9
 20
279.5
 10
-411.3
 20
282.5
 97
0
 92
2
 72
0
 73
1
 93
5
 10
-358.9
 20
266.3
 10
-363.7
 20
277.2
 10
-370.3
 20
296.2
 10
-370.4
 20
281.9
 10
-372.0
 20
273.4
 97
0
 92
2
 72
0
 73
1
 93
5
 10
-314.1
 20
241.0
 10
-319.4
 20
252.9
 10
-327.8
 20
275.4
 10
-326.2
 20
258.5
 10
-327.0
 20
248.5
 97
0
 92
3
 72
0
 73
1
 93
6
 10
-290.4
 20
229.0
 10
-293.9
 20
241.3
 10
-298.6
 20
263.3
 10
-280.6
 20
255.1
 10
-279.9
 20
243.0
 10
-280.7
 20
228.3
 97
0
 92
3
 72
0
 73
1
 93
12
 10
-299.8
 20
269.1
 10
-313.3
 20
339.9
 10
-319.1
 20
365.4
 10
-324.6
 20
384.9
 10
-313.0
 20
361.5
 10
-304.3
 20
342.3
 10
-295.4
 20
319.7
 10
-289.9
 20
302.5
 10
-300.7
 20
304.2
 10
-288.7
 20
298.1
 10
-285.8
 20
286.9
 10
-282.3
 20
268.9
 97
0
 75
1
 76
1
 98
0
  0
HATCH
  5
C2
330
B3
100
AcDbEntity
  8
VEG-RELLENO
 62
63
420
9224050
100
AcDbHatch
 10
0.0
 20
0.0
 30
0.0
210
0.0
220
0.0
230
1.0
  2
SOLID
 70
1
 71
0
 91
5
 92
3
 72
0
 73
1
 93
293
 10
205.6
 20
128.6
 10
232.1
 20
123.3
 10
301.6
 20
107.2
 10
326.7
 20
102.2
 10
346.2
 20
99.3
 10
314.2
 20
98.1
 10
292.6
 20
98.1
 10
270.9
 20
99.5
 10
248.8
 20
102.3
 10
227.7
 20
106.6
 10
213.6
 20
110.6
 10
201.6
 20
115.1
 10
192.0
 20
119.5
 10
183.4
 20
125.2
 10
170.1
 20
114.5
 10
184.0
 20
113.4
 10
195.8
 20
111.5
 10
281.8
 20
93.4
 10
303.7
 20
89.4
 10
317.3
 20
87.6
 10
287.0
 20
85.9
 10
266.7
 20
85.6
 10
251.4
 20
86.0
 10
227.8
 20
88.2
 10
205.1
 20
92.2
 10
191.8
 20
95.8
 10
180.3
 20
99.8
 10
171.1
 20
103.8
 10
163.1
 20
109.0
 10
149.3
 20
98.3
 10
161.4
 20
96.7
 10
183.8
 20
91.4
 10
253.6
 20
70.6
 10
279.7
 20
64.0
 10
236.7
 20
65.1
 10
202.1
 20
62.3
 10
190.2
 20
62.1
 10
171.8
 20
63.0
 10
154.1
 20
65.3
 10
143.6
 20
67.6
 10
134.6
 20
70.5
 10
127.4
 20
73.6
 10
121.6
 20
77.3
 10
109.8
 20
68.6
 10
120.4
 20
67.5
 10
137.3
 20
63.4
 10
192.5
 20
44.0
 10
161.5
 20
43.9
 10
142.4
 20
45.5
 10
132.9
 20
47.1
 10
124.0
 20
49.3
 10
115.9
 20
52.0
 10
109.1
 20
55.1
 10
103.7
 20
58.3
 10
99.9
 20
61.5
 10
89.8
 20
54.3
 10
96.5
 20
52.9
 10
107.0
 20
48.8
 10
133.5
 20
33.2
 10
108.2
 20
33.3
 10
96.4
 20
35.1
 10
86.2
 20
38.9
 10
82.2
 20
41.4
 10
77.9
 20
45.9
 10
19.1
 20
6.4
 10
15.7
 20
6.0
 10
14.0
 20
6.7
 10
12.6
 20
8.1
 10
11.8
 20
11.4
 10
12.4
 20
13.3
 10
13.7
 20
14.8
 10
72.3
 20
54.1
 10
69.6
 20
59.9
 10
68.8
 20
64.4
 10
68.8
 20
75.2
 10
71.1
 20
86.8
 10
78.9
 20
110.1
 10
83.1
 20
91.5
 10
85.0
 20
80.2
 10
85.4
 20
68.9
 10
84.5
 20
62.7
 10
94.6
 20
70.0
 10
93.4
 20
74.8
 10
92.7
 20
81.1
 10
92.8
 20
88.5
 10
95.3
 20
105.8
 10
100.3
 20
124.0
 10
114.0
 20
160.3
 10
112.6
 20
112.1
 10
110.4
 20
94.0
 10
106.4
 20
78.5
 10
115.8
 20
85.5
 10
114.1
 20
92.1
 10
113.3
 20
104.6
 10
114.1
 20
119.9
 10
115.6
 20
131.3
 10
117.7
 20
143.0
 10
121.8
 20
160.2
 10
134.1
 20
201.3
 10
133.8
 20
193.4
 10
141.1
 20
237.8
 10
145.3
 20
181.3
 10
146.7
 20
153.9
 10
146.6
 20
128.6
 10
145.7
 20
117.9
 10
143.8
 20
106.7
 10
157.3
 20
117.1
 10
155.0
 20
126.4
 10
154.0
 20
136.3
 10
153.9
 20
155.1
 10
155.3
 20
176.7
 10
157.3
 20
191.8
 10
161.2
 20
214.0
 10
173.4
 20
267.2
 10
171.8
 20
175.0
 10
169.6
 20
147.1
 10
167.9
 20
135.4
 10
165.2
 20
123.4
 10
177.6
 20
133.3
 10
175.1
 20
143.2
 10
173.9
 20
153.7
 10
173.4
 20
173.6
 10
174.6
 20
196.4
 10
177.1
 20
217.8
 10
181.3
 20
243.5
 10
191.7
 20
292.4
 10
191.0
 20
195.0
 10
189.3
 20
165.5
 10
187.8
 20
153.1
 10
185.1
 20
139.4
 10
197.8
 20
149.9
 10
195.6
 20
160.1
 10
194.6
 20
170.8
 10
194.6
 20
191.1
 10
196.3
 20
214.3
 10
198.4
 20
230.6
 10
203.1
 20
257.0
 10
215.9
 20
311.7
 10
212.7
 20
212.5
 10
210.3
 20
182.5
 10
208.5
 20
169.9
 10
205.5
 20
156.3
 10
217.7
 20
166.7
 10
215.5
 20
176.6
 10
214.6
 20
187.2
 10
214.4
 20
199.9
 10
215.0
 20
214.4
 10
218.6
 20
246.0
 10
221.4
 20
261.9
 10
227.2
 20
289.2
 10
231.3
 20
335.5
 10
233.6
 20
315.1
 10
236.3
 20
325.8
 10
235.3
 20
303.1
 10
241.1
 20
258.1
 10
243.9
 20
228.4
 10
244.6
 20
202.9
 10
243.4
 20
188.9
 10
256.0
 20
200.2
 10
252.5
 20
208.0
 10
249.9
 20
216.8
 10
246.9
 20
233.9
 10
245.0
 20
253.7
 10
244.6
 20
267.7
 10
244.9
 20
288.5
 10
248.3
 20
338.8
 10
257.6
 20
282.1
 10
261.5
 20
254.7
 10
263.6
 20
229.1
 10
263.8
 20
218.3
 10
262.9
 20
206.5
 10
275.2
 20
217.8
 10
272.5
 20
224.3
 10
269.8
 20
236.8
 10
268.2
 20
252.3
 10
268.0
 20
264.0
 10
268.3
 20
276.2
 10
269.8
 20
294.1
 10
275.8
 20
337.5
 10
282.2
 20
288.1
 10
284.5
 20
264.2
 10
285.1
 20
242.0
 10
283.5
 20
225.5
 10
293.6
 20
235.0
 10
291.0
 20
239.6
 10
288.8
 20
245.6
 10
286.9
 20
253.0
 10
284.7
 20
271.0
 10
284.4
 20
280.7
 10
284.9
 20
295.1
 10
288.1
 20
330.3
 10
297.6
 20
291.3
 10
301.2
 20
272.4
 10
302.8
 20
254.7
 10
302.2
 20
243.2
 10
311.7
 20
252.5
 10
307.9
 20
258.4
 10
306.1
 20
263.3
 10
304.1
 20
275.0
 10
304.2
 20
288.0
 10
307.5
 20
314.8
 10
315.0
 20
295.4
 10
319.1
 20
283.3
 10
321.6
 20
271.1
 10
321.8
 20
262.4
 10
324.2
 20
264.7
 10
327.0
 20
265.5
 10
330.1
 20
264.4
 10
331.8
 20
262.0
 10
331.6
 20
258.6
 10
328.7
 20
255.2
 10
337.6
 20
255.0
 10
349.9
 20
252.5
 10
381.8
 20
241.5
 10
354.3
 20
237.4
 10
341.1
 20
237.3
 10
329.3
 20
239.4
 10
324.5
 20
241.3
 10
318.7
 20
245.3
 10
309.2
 20
236.1
 10
320.6
 20
236.5
 10
338.4
 20
234.8
 10
397.7
 20
223.5
 10
366.0
 20
218.9
 10
351.4
 20
217.9
 10
336.4
 20
218.0
 10
327.0
 20
218.9
 10
318.3
 20
220.5
 10
310.9
 20
222.6
 10
304.9
 20
225.1
 10
300.5
 20
227.8
 10
289.6
 20
217.6
 10
297.8
 20
217.9
 10
317.9
 20
216.6
 10
341.6
 20
213.5
 10
385.7
 20
206.3
 10
404.4
 20
204.1
 10
364.6
 20
198.9
 10
346.2
 20
198.0
 10
327.5
 20
198.4
 10
315.6
 20
199.6
 10
304.8
 20
201.5
 10
295.5
 20
204.0
 10
288.0
 20
206.8
 10
281.8
 20
210.3
 10
270.2
 20
199.6
 10
281.4
 20
200.0
 10
304.7
 20
198.5
 10
378.1
 20
190.0
 10
405.4
 20
188.0
 10
378.0
 20
183.6
 10
359.4
 20
181.4
 10
338.1
 20
180.1
 10
316.4
 20
180.3
 10
302.6
 20
181.5
 10
284.6
 20
184.7
 10
270.5
 20
189.0
 10
262.8
 20
192.9
 10
249.6
 20
181.1
 10
264.2
 20
180.2
 10
276.1
 20
178.6
 10
363.2
 20
162.3
 10
385.3
 20
158.8
 10
399.0
 20
157.3
 10
362.3
 20
154.5
 10
339.0
 20
154.1
 10
369.5
 20
151.5
 10
389.4
 20
150.8
 10
364.1
 20
146.9
 10
343.4
 20
144.4
 10
319.7
 20
142.8
 10
302.8
 20
142.6
 10
278.1
 20
144.1
 10
255.6
 20
147.5
 10
243.1
 20
150.6
 10
233.0
 20
154.0
 10
223.8
 20
158.7
 10
210.5
 20
147.4
 10
226.2
 20
146.7
 10
239.0
 20
145.3
 10
325.5
 20
132.4
 10
351.5
 20
129.4
 10
371.7
 20
128.1
 10
339.1
 20
124.3
 10
317.1
 20
122.7
 10
294.9
 20
122.4
 10
272.2
 20
123.6
 10
250.4
 20
126.3
 10
235.7
 20
129.4
 10
223.1
 20
133.0
 10
213.0
 20
136.8
 10
203.8
 20
141.9
 10
189.8
 20
130.3
 97
0
 92
2
 72
0
 73
1
 93
5
 10
236.7
 20
183.1
 10
233.1
 20
192.1
 10
230.7
 20
202.0
 10
228.5
 20
186.2
 10
225.7
 20
173.5
 97
0
 92
2
 72
0
 73
1
 93
7
 10
235.2
 20
164.8
 10
258.3
 20
163.5
 10
278.4
 20
161.3
 10
260.8
 20
166.5
 10
251.5
 20
170.5
 10
243.2
 20
175.5
 10
230.7
 20
164.6
 97
0
 92
2
 72
0
 73
1
 93
5
 10
146.8
 20
83.5
 10
161.4
 20
81.4
 10
148.9
 20
87.7
 10
142.2
 20
92.8
 10
131.0
 20
84.3
 97
0
 92
2
 72
0
 73
1
 93
5
 10
133.5
 20
108.8
 10
131.3
 20
122.5
 10
129.2
 20
107.4
 10
125.5
 20
92.7
 10
136.3
 20
100.9
 97
0
 75
1
 76
1
 98
0
  0
HATCH
  5
C3
330
B3
100
AcDbEntity
  8
VEG-RELLENO
 62
63
420
9420918
100
AcDbHatch
 10
0.0
 20
0.0
 30
0.0
210
0.0
220
0.0
230
1.0
  2
SOLID
 70
1
 71
0
 91
7
 92
3
 72
0
 73
1
 93
251
 10
-81.3
 20
-194.9
 10
-92.4
 20
-199.5
 10
-119.3
 20
-208.9
 10
-209.8
 20
-234.7
 10
-167.1
 20
-212.0
 10
-139.5
 20
-199.2
 10
-125.1
 20
-193.4
 10
-104.3
 20
-186.4
 10
-85.6
 20
-181.7
 10
-75.6
 20
-180.1
 10
-65.8
 20
-180.0
 10
-60.3
 20
-165.5
 10
-69.5
 20
-170.8
 10
-79.4
 20
-175.6
 10
-103.4
 20
-185.1
 10
-130.0
 20
-194.0
 10
-185.3
 20
-211.2
 10
-141.3
 20
-185.4
 10
-122.7
 20
-175.8
 10
-109.8
 20
-169.9
 10
-91.1
 20
-162.7
 10
-74.3
 20
-157.8
 10
-65.2
 20
-156.1
 10
-56.6
 20
-155.8
 10
-51.3
 20
-141.4
 10
-66.4
 20
-149.2
 10
-87.3
 20
-157.1
 10
-110.4
 20
-164.0
 10
-158.8
 20
-176.8
 10
-120.6
 20
-154.7
 10
-104.5
 20
-146.6
 10
-93.3
 20
-141.7
 10
-82.3
 20
-137.5
 10
-67.2
 20
-133.1
 10
-54.6
 20
-130.9
 10
-47.5
 20
-131.0
 10
-42.8
 20
-117.6
 10
-52.2
 20
-122.8
 10
-68.6
 20
-129.0
 10
-87.0
 20
-133.9
 10
-125.8
 20
-142.2
 10
-95.9
 20
-124.1
 10
-83.3
 20
-117.4
 10
-74.5
 20
-113.5
 10
-57.6
 20
-107.7
 10
-50.2
 20
-106.2
 10
-43.8
 20
-105.7
 10
-38.7
 20
-106.0
 10
-35.7
 20
-97.3
 10
-43.7
 20
-101.4
 10
-49.1
 20
-103.3
 10
-60.3
 20
-106.1
 10
-78.9
 20
-109.8
 10
-60.8
 20
-93.2
 10
-51.1
 20
-86.5
 10
-41.3
 20
-82.0
 10
-36.8
 20
-81.0
 10
-30.3
 20
-81.2
 10
-10.3
 20
-17.3
 10
-9.2
 20
-15.7
 10
-7.6
 20
-14.6
 10
-5.7
 20
-14.2
 10
-3.8
 20
-14.5
 10
-2.2
 20
-15.6
 10
-1.1
 20
-17.2
 10
-0.9
 20
-20.6
 10
-20.6
 20
-83.6
 10
-15.0
 20
-86.4
 10
-11.5
 20
-89.4
 10
-4.9
 20
-98.1
 10
0.3
 20
-108.8
 10
7.8
 20
-132.9
 10
-14.8
 20
-112.2
 10
-21.9
 20
-103.4
 10
-25.2
 20
-97.3
 10
-29.4
 20
-109.6
 10
-25.4
 20
-112.8
 10
-21.1
 20
-117.5
 10
-16.6
 20
-123.7
 10
-10.3
 20
-135.5
 10
-4.7
 20
-148.9
 10
0.8
 20
-167.5
 10
7.2
 20
-198.5
 10
-2.2
 20
-182.5
 10
7.0
 20
-204.8
 10
19.0
 20
-243.1
 10
9.1
 20
-227.1
 10
-15.9
 20
-189.9
 10
-28.7
 20
-169.7
 10
-38.3
 20
-151.8
 10
-41.5
 20
-143.8
 10
-47.1
 20
-158.9
 10
-40.4
 20
-164.5
 10
-30.9
 20
-175.9
 10
-20.7
 20
-191.3
 10
-14.1
 20
-203.6
 10
-5.2
 20
-223.6
 10
2.1
 20
-243.8
 10
7.5
 20
-261.8
 10
14.4
 20
-288.9
 10
1.7
 20
-264.5
 10
-35.5
 20
-200.0
 10
-46.2
 20
-178.9
 10
-50.5
 20
-167.8
 10
-56.6
 20
-183.7
 10
-49.7
 20
-190.7
 10
-43.7
 20
-198.9
 10
-37.3
 20
-209.5
 10
-30.8
 20
-222.0
 10
-21.9
 20
-243.7
 10
-14.6
 20
-266.7
 10
-10.8
 20
-281.8
 10
-6.6
 20
-302.1
 10
-1.7
 20
-332.6
 10
-6.4
 20
-319.5
 10
-15.1
 20
-298.5
 10
-51.7
 20
-216.7
 10
-56.2
 20
-205.4
 10
-60.1
 20
-192.9
 10
-66.4
 20
-208.4
 10
-59.9
 20
-216.5
 10
-54.5
 20
-225.7
 10
-48.8
 20
-237.4
 10
-40.9
 20
-258.9
 10
-34.3
 20
-283.0
 10
-29.6
 20
-307.7
 10
-26.8
 20
-330.9
 10
-24.2
 20
-369.8
 10
-29.5
 20
-348.7
 10
-23.9
 20
-391.9
 10
-33.9
 20
-361.3
 10
-44.5
 20
-333.7
 10
-71.4
 20
-267.1
 10
-75.8
 20
-255.0
 10
-79.8
 20
-241.0
 10
-86.4
 20
-256.3
 10
-79.9
 20
-264.0
 10
-74.4
 20
-272.9
 10
-68.7
 20
-284.2
 10
-60.6
 20
-305.0
 10
-53.7
 20
-328.3
 10
-50.1
 20
-344.4
 10
-47.1
 20
-362.6
 10
-39.8
 20
-386.7
 10
-32.6
 20
-415.0
 10
-43.8
 20
-392.6
 10
-42.3
 20
-412.7
 10
-46.0
 20
-398.9
 10
-53.6
 20
-375.0
 10
-83.9
 20
-321.9
 10
-95.0
 20
-299.9
 10
-100.0
 20
-287.1
 10
-107.4
 20
-303.3
 10
-102.0
 20
-308.9
 10
-94.6
 20
-320.4
 10
-87.0
 20
-335.6
 10
-82.5
 20
-347.5
 10
-76.8
 20
-366.8
 10
-72.5
 20
-386.1
 10
-69.8
 20
-403.1
 10
-66.6
 20
-428.6
 10
-73.8
 20
-409.8
 10
-94.8
 20
-361.5
 10
-89.7
 20
-375.8
 10
-85.4
 20
-391.3
 10
-78.5
 20
-425.7
 10
-110.5
 20
-367.7
 10
-118.7
 20
-349.8
 10
-123.0
 20
-336.4
 10
-129.4
 20
-349.3
 10
-126.5
 20
-351.5
 10
-123.0
 20
-355.2
 10
-119.5
 20
-360.1
 10
-113.4
 20
-372.9
 10
-111.0
 20
-380.3
 10
-107.6
 20
-395.3
 10
-104.2
 20
-420.1
 10
-125.2
 20
-386.5
 10
-131.8
 20
-373.2
 10
-135.5
 20
-361.7
 10
-139.9
 20
-370.2
 10
-141.4
 20
-371.5
 10
-143.8
 20
-372.2
 10
-145.7
 20
-371.8
 10
-147.3
 20
-370.8
 10
-148.5
 20
-369.2
 10
-148.9
 20
-367.3
 10
-148.5
 20
-365.3
 10
-144.4
 20
-357.0
 10
-156.1
 20
-360.8
 10
-170.6
 20
-362.9
 10
-209.8
 20
-364.0
 10
-181.2
 20
-350.7
 10
-166.7
 20
-345.8
 10
-152.8
 20
-343.3
 10
-146.8
 20
-343.2
 10
-141.8
 20
-343.8
 10
-138.3
 20
-344.8
 10
-131.9
 20
-331.7
 10
-145.5
 20
-336.3
 10
-164.7
 20
-340.0
 10
-185.7
 20
-342.3
 10
-229.6
 20
-345.1
 10
-193.4
 20
-331.3
 10
-178.3
 20
-326.5
 10
-168.0
 20
-323.8
 10
-148.4
 20
-320.6
 10
-140.0
 20
-320.2
 10
-132.9
 20
-320.6
 10
-127.2
 20
-321.9
 10
-120.4
 20
-307.6
 10
-129.8
 20
-311.4
 10
-139.5
 20
-314.2
 10
-162.8
 20
-319.3
 10
-188.2
 20
-323.1
 10
-241.2
 20
-329.8
 10
-197.4
 20
-312.7
 10
-179.1
 20
-306.6
 10
-166.5
 20
-303.2
 10
-148.5
 20
-299.5
 10
-132.5
 20
-297.7
 10
-124.0
 20
-297.7
 10
-116.3
 20
-298.8
 10
-109.5
 20
-284.0
 10
-121.2
 20
-289.0
 10
-132.1
 20
-292.6
 10
-158.2
 20
-299.4
 10
-246.1
 20
-316.6
 10
-214.5
 20
-302.6
 10
-241.6
 20
-311.3
 10
-198.4
 20
-287.2
 10
-165.6
 20
-271.5
 10
-141.4
 20
-261.9
 10
-127.9
 20
-257.6
 10
-115.7
 20
-254.5
 10
-105.5
 20
-252.7
 10
-95.5
 20
-252.3
 10
-88.6
 20
-236.1
 10
-102.7
 20
-242.4
 10
-128.6
 20
-250.8
 10
-159.4
 20
-258.9
 10
-240.3
 20
-278.1
 10
-221.1
 20
-269.0
 10
-192.0
 20
-251.2
 10
-166.1
 20
-236.5
 10
-136.8
 20
-222.2
 10
-115.4
 20
-213.7
 10
-96.2
 20
-207.6
 10
-85.8
 20
-205.3
 10
-75.5
 20
-204.5
 10
-69.2
 20
-188.7
 97
0
 92
2
 72
0
 73
1
 93
5
 10
-60.8
 20
-253.0
 10
-67.5
 20
-231.0
 10
-70.4
 20
-218.4
 10
-76.1
 20
-232.2
 10
-69.1
 20
-240.0
 97
0
 92
2
 72
0
 73
1
 93
5
 10
-96.5
 20
-279.3
 10
-89.5
 20
-285.2
 10
-82.9
 20
-292.7
 10
-87.4
 20
-278.4
 10
-90.4
 20
-265.7
 97
0
 92
2
 72
0
 73
1
 93
7
 10
-118.2
 20
-326.3
 10
-113.7
 20
-330.1
 10
-109.1
 20
-335.4
 10
-104.3
 20
-342.4
 10
-96.1
 20
-358.6
 10
-106.8
 20
-331.4
 10
-112.0
 20
-313.2
 97
0
 92
2
 72
0
 73
1
 93
6
 10
-99.5
 20
-261.4
 10
-111.2
 20
-267.7
 10
-133.0
 20
-276.7
 10
-124.5
 20
-275.5
 10
-114.8
 20
-274.8
 10
-105.7
 20
-275.5
 97
0
 92
2
 72
0
 73
1
 93
5
 10
-79.3
 20
-213.7
 10
-91.2
 20
-220.6
 10
-111.6
 20
-229.9
 10
-95.7
 20
-227.8
 10
-85.2
 20
-228.0
 97
0
 92
2
 72
0
 73
1
 93
6
 10
-29.2
 20
-135.1
 10
-33.9
 20
-122.4
 10
-38.0
 20
-134.1
 10
-32.3
 20
-138.3
 10
-26.6
 20
-144.0
 10
-22.2
 20
-149.3
 97
0
 75
1
 76
1
 98
0
  0
HATCH
  5
C4
330
B3
100
AcDbEntity
  8
VEG-RELLENO
 62
63
420
9486711
100
AcDbHatch
 10
0.0
 20
0.0
 30
0.0
210
0.0
220
0.0
230
1.0
  2
SOLID
 70
1
 71
0
 91
7
 92
3
 72
0
 73
1
 93
253
 10
-113.8
 20
170.5
 10
-109.6
 20
187.2
 10
-100.7
 20
214.5
 10
-73.3
 20
286.6
 10
-67.2
 20
304.1
 10
-74.4
 20
255.2
 10
-78.9
 20
232.6
 10
-84.8
 20
209.6
 10
-92.0
 20
188.5
 10
-99.6
 20
170.7
 10
-104.6
 20
161.7
 10
-110.5
 20
153.8
 10
-100.5
 20
139.9
 10
-98.6
 20
152.4
 10
-92.4
 20
175.3
 10
-83.2
 20
201.6
 10
-57.2
 20
270.0
 10
-61.3
 20
237.8
 10
-64.2
 20
219.3
 10
-60.6
 20
232.6
 10
-61.5
 20
187.6
 10
-63.0
 20
169.3
 10
-64.7
 20
157.0
 10
-67.0
 20
145.3
 10
-71.3
 20
130.0
 10
-76.2
 20
118.0
 10
-80.0
 20
111.9
 10
-71.9
 20
101.0
 10
-71.3
 20
111.2
 10
-67.9
 20
128.6
 10
-62.5
 20
147.1
 10
-49.4
 20
185.1
 10
-49.4
 20
149.5
 10
-50.3
 20
135.1
 10
-51.5
 20
125.4
 10
-55.6
 20
107.8
 10
-58.3
 20
100.7
 10
-61.2
 20
94.9
 10
-64.2
 20
90.7
 10
-56.3
 20
80.2
 10
-54.9
 20
87.3
 10
-50.7
 20
97.8
 10
-45.0
 20
107.8
 10
-34.8
 20
123.9
 10
-35.4
 20
99.1
 10
-37.2
 20
87.5
 10
-40.9
 20
77.3
 10
-43.3
 20
73.3
 10
-47.7
 20
68.9
 10
-8.3
 20
18.4
 10
-7.5
 20
16.6
 10
-7.6
 20
14.6
 10
-8.3
 20
12.8
 10
-9.7
 20
11.5
 10
-13.0
 20
10.7
 10
-16.0
 20
12.2
 10
-55.8
 20
63.1
 10
-61.4
 20
60.2
 10
-66.0
 20
59.2
 10
-76.8
 20
59.0
 10
-88.5
 20
61.1
 10
-112.4
 20
69.1
 10
-82.3
 20
75.3
 10
-71.0
 20
75.8
 10
-64.9
 20
75.1
 10
-72.0
 20
84.4
 10
-76.7
 20
82.3
 10
-82.9
 20
80.7
 10
-90.5
 20
79.6
 10
-99.2
 20
79.2
 10
-108.7
 20
79.5
 10
-118.5
 20
80.5
 10
-137.7
 20
84.1
 10
-168.2
 20
92.3
 10
-127.7
 20
95.4
 10
-108.4
 20
96.4
 10
-90.6
 20
95.8
 10
-79.0
 20
93.8
 10
-87.8
 20
105.6
 10
-94.5
 20
103.1
 10
-107.3
 20
100.9
 10
-123.3
 20
100.0
 10
-135.4
 20
100.5
 10
-154.1
 20
102.7
 10
-172.3
 20
106.1
 10
-211.2
 20
116.3
 10
-192.4
 20
116.2
 10
-147.2
 20
117.3
 10
-123.1
 20
117.1
 10
-102.7
 20
115.5
 10
-93.8
 20
113.7
 10
-103.4
 20
126.8
 10
-111.7
 20
124.0
 10
-126.6
 20
121.9
 10
-145.2
 20
121.3
 10
-159.2
 20
122.0
 10
-181.1
 20
124.7
 10
-202.2
 20
128.9
 10
-220.5
 20
133.5
 10
-247.3
 20
141.2
 10
-219.7
 20
139.7
 10
-144.8
 20
138.4
 10
-121.0
 20
136.5
 10
-108.7
 20
134.2
 10
-118.6
 20
148.0
 10
-128.1
 20
145.0
 10
-144.4
 20
142.8
 10
-164.8
 20
142.2
 10
-180.2
 20
143.0
 10
-204.1
 20
146.0
 10
-227.3
 20
150.4
 10
-247.3
 20
155.5
 10
-276.7
 20
164.1
 10
-246.5
 20
161.8
 10
-179.5
 20
159.9
 10
-150.5
 20
158.5
 10
-138.3
 20
157.4
 10
-123.6
 20
154.9
 10
-133.9
 20
169.5
 10
-144.0
 20
166.9
 10
-154.7
 20
165.8
 10
-167.7
 20
165.5
 10
-182.5
 20
166.1
 10
-204.0
 20
168.7
 10
-226.1
 20
173.0
 10
-247.3
 20
178.4
 10
-267.9
 20
184.8
 10
-298.1
 20
195.5
 10
-283.8
 20
193.1
 10
-260.3
 20
190.3
 10
-166.7
 20
181.6
 10
-154.1
 20
179.8
 10
-138.8
 20
176.6
 10
-149.0
 20
191.2
 10
-159.3
 20
189.6
 10
-176.5
 20
189.9
 10
-197.7
 20
192.4
 10
-213.6
 20
195.6
 10
-229.9
 20
199.9
 10
-246.0
 20
205.1
 10
-261.3
 20
210.7
 10
-285.0
 20
220.7
 10
-321.5
 20
232.1
 10
-305.5
 20
230.2
 10
-310.4
 20
232.5
 10
-300.2
 20
229.8
 10
-297.5
 20
229.5
 10
-195.1
 20
223.4
 10
-182.9
 20
221.9
 10
-168.1
 20
219.1
 10
-178.2
 20
234.2
 10
-186.9
 20
232.8
 10
-202.1
 20
233.2
 10
-220.6
 20
235.8
 10
-234.4
 20
238.9
 10
-248.6
 20
243.0
 10
-262.6
 20
247.8
 10
-282.0
 20
255.7
 10
-305.3
 20
266.6
 10
-316.1
 20
269.9
 10
-311.3
 20
269.5
 10
-318.6
 20
273.0
 10
-302.9
 20
269.2
 10
-251.6
 20
268.7
 10
-227.2
 20
267.7
 10
-206.7
 20
265.3
 10
-197.4
 20
263.2
 10
-206.4
 20
277.1
 10
-211.6
 20
276.0
 10
-218.1
 20
275.6
 10
-225.9
 20
276.1
 10
-234.7
 20
277.4
 10
-244.0
 20
279.6
 10
-253.6
 20
282.6
 10
-272.0
 20
289.9
 10
-300.7
 20
304.2
 10
-245.9
 20
296.9
 10
-260.4
 20
301.8
 10
-278.9
 20
310.2
 10
-246.7
 20
312.9
 10
-234.7
 20
312.2
 10
-227.7
 20
310.6
 10
-228.0
 20
312.4
 10
-227.5
 20
314.3
 10
-225.2
 20
316.8
 10
-221.8
 20
317.2
 10
-220.1
 20
316.4
 10
-218.7
 20
315.0
 10
-216.6
 20
322.9
 10
-211.3
 20
333.6
 10
-192.9
 20
360.0
 10
-194.8
 20
341.1
 10
-181.5
 20
378.0
 10
-182.1
 20
342.0
 10
-183.3
 20
327.4
 10
-184.7
 20
317.6
 10
-189.1
 20
299.8
 10
-191.9
 20
292.6
 10
-194.9
 20
286.8
 10
-198.1
 20
282.6
 10
-190.6
 20
271.0
 10
-188.8
 20
287.5
 10
-183.9
 20
309.7
 10
-177.1
 20
333.4
 10
-161.8
 20
382.3
 10
-163.8
 20
337.1
 10
-165.7
 20
318.6
 10
-167.7
 20
306.3
 10
-170.2
 20
294.5
 10
-174.9
 20
279.2
 10
-180.0
 20
267.2
 10
-184.1
 20
261.1
 10
-174.7
 20
246.9
 10
-172.6
 20
259.1
 10
-166.0
 20
282.0
 10
-156.5
 20
308.4
 10
-129.4
 20
376.8
 10
-135.3
 20
336.2
 10
-125.8
 20
372.0
 10
-128.5
 20
322.6
 10
-132.1
 20
291.8
 10
-136.5
 20
268.8
 10
-142.0
 20
247.7
 10
-146.1
 20
236.0
 10
-150.2
 20
226.6
 10
-155.4
 20
218.2
 10
-145.5
 20
203.8
 10
-143.3
 20
219.0
 10
-136.8
 20
245.4
 10
-127.5
 20
275.9
 10
-107.4
 20
336.9
 10
-102.0
 20
355.4
 10
-107.4
 20
304.1
 10
-111.7
 20
277.7
 10
-116.3
 20
256.2
 10
-122.9
 20
233.8
 10
-130.0
 20
214.9
 10
-134.8
 20
205.3
 10
-140.6
 20
196.6
 10
-131.0
 20
182.9
 10
-129.4
 20
197.7
 10
-123.9
 20
224.2
 10
-115.7
 20
255.0
 10
-97.9
 20
316.7
 10
-93.2
 20
335.3
 10
-96.6
 20
284.0
 10
-100.0
 20
257.4
 10
-103.8
 20
235.8
 10
-109.5
 20
213.2
 10
-116.0
 20
194.0
 10
-120.3
 20
184.3
 10
-125.8
 20
175.4
 10
-115.4
 20
160.7
 97
0
 92
2
 72
0
 73
1
 93
5
 10
-163.3
 20
212.1
 10
-172.9
 20
209.3
 10
-187.1
 20
207.6
 10
-168.2
 20
203.4
 10
-154.5
 20
199.2
 97
0
 92
2
 72
0
 73
1
 93
5
 10
-192.0
 20
255.0
 10
-198.9
 20
252.7
 10
-210.8
 20
251.0
 10
-194.1
 20
246.6
 10
-184.2
 20
243.2
 97
0
 92
2
 72
0
 73
1
 93
6
 10
-219.8
 20
298.0
 10
-226.2
 20
295.7
 10
-231.1
 20
295.1
 10
-237.5
 20
295.4
 10
-222.8
 20
291.9
 10
-213.8
 20
288.6
 97
0
 92
2
 72
0
 73
1
 93
5
 10
-205.5
 20
294.1
 10
-204.7
 20
303.5
 10
-203.2
 20
312.0
 10
-206.2
 20
307.5
 10
-211.2
 20
303.1
 97
0
 92
2
 72
0
 73
1
 93
6
 10
-160.8
 20
226.2
 10
-159.6
 20
239.5
 10
-154.8
 20
264.4
 10
-159.5
 20
254.4
 10
-164.1
 20
246.2
 10
-169.6
 20
239.2
 97
0
 92
2
 72
0
 73
1
 93
5
 10
-86.8
 20
121.1
 10
-85.4
 20
138.0
 10
-82.1
 20
155.1
 10
-89.9
 20
139.7
 10
-95.2
 20
132.7
 97
0
 75
1
 76
1
 98
0
  0
LWPOLYLINE
  5
C5
330
B3
100
AcDbEntity
  8
VEG-MACETA
100
AcDbPolyline
 90
2
 70
0
 10
213.8
 20
30.0
 10
215.5
 20
30.0
  0
LWPOLYLINE
  5
C6
330
B3
100
AcDbEntity
  8
VEG-MACETA
100
AcDbPolyline
 90
5
 70
0
 10
230.0
 20
9.2
 10
230.0
 20
12.6
 10
229.3
 20
14.8
 10
227.8
 20
16.6
 10
225.7
 20
17.8
  0
LWPOLYLINE
  5
C7
330
B3
100
AcDbEntity
  8
VEG-MACETA
100
AcDbPolyline
 90
2
 70
0
 10
230.0
 20
-11.6
 10
230.0
 20
-0.8
  0
LWPOLYLINE
  5
C8
330
B3
100
AcDbEntity
  8
VEG-MACETA
100
AcDbPolyline
 90
2
 70
0
 10
235.7
 20
28.6
 10
239.4
 20
25.4
  0
LWPOLYLINE
  5
C9
330
B3
100
AcDbEntity
  8
VEG-MACETA
100
AcDbPolyline
 90
2
 70
0
 10
242.0
 20
-18.1
 10
241.0
 20
-22.8
  0
LWPOLYLINE
  5
CA
330
B3
100
AcDbEntity
  8
VEG-MACETA
100
AcDbPolyline
 90
2
 70
0
 10
-242.0
 20
0.4
 10
-242.0
 20
2.5
  0
LWPOLYLINE
  5
CB
330
B3
100
AcDbEntity
  8
VEG-MACETA
100
AcDbPolyline
 90
2
 70
0
 10
-242.0
 20
12.6
 10
-242.0
 20
18.6
  0
LWPOLYLINE
  5
CC
330
B3
100
AcDbEntity
  8
VEG-MACETA
100
AcDbPolyline
 90
3
 70
0
 10
-238.4
 20
-26.5
 10
-241.1
 20
-22.6
 10
-242.0
 20
-18.4
  0
LWPOLYLINE
  5
CD
330
B3
100
AcDbEntity
  8
VEG-MACETA
100
AcDbPolyline
 90
3
 70
0
 10
-230.0
 20
-2.8
 10
-230.0
 20
-12.6
 10
-228.7
 20
-15.8
  0
LWPOLYLINE
  5
CE
330
B3
100
AcDbEntity
  8
VEG-MACETA
100
AcDbPolyline
 90
3
 70
0
 10
-222.5
 20
18.0
 10
-225.2
 20
17.9
 10
-227.7
 20
16.7
  0
LWPOLYLINE
  5
CF
330
B3
100
AcDbEntity
  8
VEG-MACETA
100
AcDbPolyline
 90
2
 70
0
 10
-211.1
 20
-30.0
 10
-218.7
 20
-30.0
  0
LWPOLYLINE
  5
D0
330
B3
100
AcDbEntity
  8
VEG-MACETA
100
AcDbPolyline
 90
2
 70
0
 10
-212.4
 20
30.0
 10
-207.8
 20
30.0
  0
LWPOLYLINE
  5
D1
330
B3
100
AcDbEntity
  8
VEG-MACETA
370
9
100
AcDbPolyline
 90
2
 70
0
 10
-204.2
 20
26.9
 10
-206.2
 20
27.1
  0
LWPOLYLINE
  5
D2
330
B3
100
AcDbEntity
  8
VEG-MACETA
370
9
100
AcDbPolyline
 90
2
 70
0
 10
-195.7
 20
-52.4
 10
-200.9
 20
-53.8
  0
LWPOLYLINE
  5
D3
330
B3
100
AcDbEntity
  8
VEG-MACETA
370
9
100
AcDbPolyline
 90
2
 70
0
 10
-189.4
 20
50.7
 10
-200.9
 20
53.8
  0
LWPOLYLINE
  5
D4
330
B3
100
AcDbEntity
  8
VEG-MACETA
370
9
100
AcDbPolyline
 90
2
 70
0
 10
-177.4
 20
-73.5
 10
-192.2
 20
-79.6
  0
LWPOLYLINE
  5
D5
330
B3
100
AcDbEntity
  8
VEG-MACETA
370
9
100
AcDbPolyline
 90
2
 70
0
 10
-177.4
 20
73.5
 10
-189.2
 20
78.4
  0
LWPOLYLINE
  5
D6
330
B3
100
AcDbEntity
  8
VEG-MACETA
370
9
100
AcDbPolyline
 90
2
 70
0
 10
-166.3
 20
-96.0
 10
-180.1
 20
-104.0
  0
LWPOLYLINE
  5
D7
330
B3
100
AcDbEntity
  8
VEG-MACETA
370
9
100
AcDbPolyline
 90
2
 70
0
 10
-166.3
 20
96.0
 10
-172.5
 20
99.6
  0
LWPOLYLINE
  5
D8
330
B3
100
AcDbEntity
  8
VEG-MACETA
370
9
100
AcDbPolyline
 90
2
 70
0
 10
-153.4
 20
-117.7
 10
-165.0
 20
-126.6
  0
LWPOLYLINE
  5
D9
330
B3
100
AcDbEntity
  8
VEG-MACETA
370
9
100
AcDbPolyline
 90
2
 70
0
 10
-154.3
 20
118.4
 10
-159.0
 20
122.0
  0
LWPOLYLINE
  5
DA
330
B3
100
AcDbEntity
  8
VEG-MACETA
370
9
100
AcDbPolyline
 90
2
 70
0
 10
-141.0
 20
-141.0
 10
-144.0
 20
-144.0
  0
LWPOLYLINE
  5
DB
330
B3
100
AcDbEntity
  8
VEG-MACETA
370
9
100
AcDbPolyline
 90
2
 70
0
 10
-96.0
 20
166.3
 10
-99.2
 20
171.7
  0
LWPOLYLINE
  5
DC
330
B3
100
AcDbEntity
  8
VEG-MACETA
370
9
100
AcDbPolyline
 90
2
 70
0
 10
-73.5
 20
-177.4
 10
-74.6
 20
-180.1
  0
LWPOLYLINE
  5
DD
330
B3
100
AcDbEntity
  8
VEG-MACETA
370
9
100
AcDbPolyline
 90
2
 70
0
 10
-25.1
 20
190.4
 10
-25.7
 20
195.2
  0
LWPOLYLINE
  5
DE
330
B3
100
AcDbEntity
  8
VEG-MACETA
370
9
100
AcDbPolyline
 90
2
 70
0
 10
0.0
 20
194.9
 10
0.0
 20
203.3
  0
LWPOLYLINE
  5
DF
330
B3
100
AcDbEntity
  8
VEG-MACETA
370
9
100
AcDbPolyline
 90
2
 70
0
 10
25.3
 20
191.9
 10
25.9
 20
196.4
  0
LWPOLYLINE
  5
E0
330
B3
100
AcDbEntity
  8
VEG-MACETA
370
9
100
AcDbPolyline
 90
2
 70
0
 10
26.9
 20
-204.6
 10
27.1
 20
-206.2
  0
LWPOLYLINE
  5
E1
330
B3
100
AcDbEntity
  8
VEG-MACETA
370
9
100
AcDbPolyline
 90
2
 70
0
 10
49.7
 20
185.5
 10
53.8
 20
200.9
  0
LWPOLYLINE
  5
E2
330
B3
100
AcDbEntity
  8
VEG-MACETA
370
9
100
AcDbPolyline
 90
2
 70
0
 10
50.6
 20
-188.7
 10
53.8
 20
-200.9
  0
LWPOLYLINE
  5
E3
330
B3
100
AcDbEntity
  8
VEG-MACETA
370
9
100
AcDbPolyline
 90
2
 70
0
 10
73.5
 20
177.4
 10
79.6
 20
192.2
  0
LWPOLYLINE
  5
E4
330
B3
100
AcDbEntity
  8
VEG-MACETA
370
9
100
AcDbPolyline
 90
2
 70
0
 10
73.5
 20
-177.4
 10
79.6
 20
-192.2
  0
LWPOLYLINE
  5
E5
330
B3
100
AcDbEntity
  8
VEG-MACETA
370
9
100
AcDbPolyline
 90
2
 70
0
 10
96.0
 20
-166.3
 10
101.9
 20
-176.6
  0
LWPOLYLINE
  5
E6
330
B3
100
AcDbEntity
  8
VEG-MACETA
370
9
100
AcDbPolyline
 90
2
 70
0
 10
96.0
 20
166.3
 10
104.0
 20
180.1
  0
LWPOLYLINE
  5
E7
330
B3
100
AcDbEntity
  8
VEG-MACETA
370
9
100
AcDbPolyline
 90
2
 70
0
 10
116.9
 20
-152.3
 10
121.0
 20
-157.7
  0
LWPOLYLINE
  5
E8
330
B3
100
AcDbEntity
  8
VEG-MACETA
370
9
100
AcDbPolyline
 90
2
 70
0
 10
118.1
 20
153.9
 10
121.3
 20
158.0
  0
LWPOLYLINE
  5
E9
330
B3
100
AcDbEntity
  8
VEG-MACETA
370
9
100
AcDbPolyline
 90
2
 70
0
 10
137.4
 20
-137.4
 10
144.0
 20
-144.0
  0
LWPOLYLINE
  5
EA
330
B3
100
AcDbEntity
  8
VEG-MACETA
370
9
100
AcDbPolyline
 90
2
 70
0
 10
156.6
 20
-120.2
 10
162.4
 20
-124.6
  0
LWPOLYLINE
  5
EB
330
B3
100
AcDbEntity
  8
VEG-MACETA
370
9
100
AcDbPolyline
 90
2
 70
0
 10
168.5
 20
-97.3
 10
175.3
 20
-101.2
  0
LWPOLYLINE
  5
EC
330
B3
100
AcDbEntity
  8
VEG-MACETA
370
9
100
AcDbPolyline
 90
2
 70
0
 10
177.4
 20
-73.5
 10
192.2
 20
-79.6
  0
LWPOLYLINE
  5
ED
330
B3
100
AcDbEntity
  8
VEG-MACETA
370
9
100
AcDbPolyline
 90
2
 70
0
 10
185.5
 20
-49.7
 10
200.9
 20
-53.8
  0
LWPOLYLINE
  5
EE
330
B3
100
AcDbEntity
  8
VEG-MACETA
370
9
100
AcDbPolyline
 90
2
 70
0
 10
185.5
 20
49.7
 10
186.9
 20
50.1
  0
LWPOLYLINE
  5
EF
330
B3
100
AcDbEntity
  8
VEG-MACETA
370
9
100
AcDbPolyline
 90
2
 70
0
 10
190.4
 20
-25.1
 10
197.4
 20
-26.0
  0
LWPOLYLINE
  5
F0
330
B3
100
AcDbEntity
  8
VEG-MACETA
100
AcDbPolyline
 90
2
 70
0
 10
-208.3
 20
-26.2
 10
-209.2
 20
-17.3
  0
LWPOLYLINE
  5
F1
330
B3
100
AcDbEntity
  8
VEG-MACETA
100
AcDbPolyline
 90
2
 70
0
 10
-208.5
 20
24.4
 10
-207.6
 20
31.2
  0
LWPOLYLINE
  5
F2
330
B3
100
AcDbEntity
  8
VEG-MACETA
100
AcDbPolyline
 90
2
 70
0
 10
-200.8
 20
-61.2
 10
-204.7
 20
-46.5
  0
LWPOLYLINE
  5
F3
330
B3
100
AcDbEntity
  8
VEG-MACETA
100
AcDbPolyline
 90
2
 70
0
 10
-203.6
 20
51.2
 10
-198.3
 20
69.1
  0
LWPOLYLINE
  5
F4
330
B3
100
AcDbEntity
  8
VEG-MACETA
100
AcDbPolyline
 90
5
 70
0
 10
-177.0
 20
-112.7
 10
-181.9
 20
-105.0
 10
-188.3
 20
-92.9
 10
-194.0
 20
-80.4
 10
-200.1
 20
-63.4
  0
LWPOLYLINE
  5
F5
330
B3
100
AcDbEntity
  8
VEG-MACETA
100
AcDbPolyline
 90
2
 70
0
 10
-197.8
 20
70.3
 10
-194.8
 20
78.3
  0
LWPOLYLINE
  5
F6
330
B3
100
AcDbEntity
  8
VEG-MACETA
100
AcDbPolyline
 90
2
 70
0
 10
-194.3
 20
79.5
 10
-185.4
 20
98.3
  0
LWPOLYLINE
  5
F7
330
B3
100
AcDbEntity
  8
VEG-MACETA
100
AcDbPolyline
 90
2
 70
0
 10
-166.5
 20
-128.0
 10
-175.3
 20
-115.6
  0
LWPOLYLINE
  5
F8
330
B3
100
AcDbEntity
  8
VEG-MACETA
100
AcDbPolyline
 90
2
 70
0
 10
-174.7
 20
116.6
 10
-173.4
 20
118.3
  0
LWPOLYLINE
  5
F9
330
B3
100
AcDbEntity
  8
VEG-MACETA
100
AcDbPolyline
 90
2
 70
0
 10
-118.7
 20
173.2
 10
-112.2
 20
177.4
  0
LWPOLYLINE
  5
FA
330
B3
100
AcDbEntity
  8
VEG-MACETA
100
AcDbPolyline
 90
2
 70
0
 10
-91.9
 20
188.8
 10
-87.0
 20
191.0
  0
LWPOLYLINE
  5
FB
330
B3
100
AcDbEntity
  8
VEG-MACETA
100
AcDbPolyline
 90
2
 70
0
 10
-72.5
 20
-197.0
 10
-79.9
 20
-194.2
  0
LWPOLYLINE
  5
FC
330
B3
100
AcDbEntity
  8
VEG-MACETA
100
AcDbPolyline
 90
2
 70
0
 10
-51.4
 20
203.5
 10
-43.5
 20
205.4
  0
LWPOLYLINE
  5
FD
330
B3
100
AcDbEntity
  8
VEG-MACETA
100
AcDbPolyline
 90
2
 70
0
 10
-36.6
 20
-206.7
 10
-39.2
 20
-206.3
  0
LWPOLYLINE
  5
FE
330
B3
100
AcDbEntity
  8
VEG-MACETA
100
AcDbPolyline
 90
2
 70
0
 10
-14.5
 20
209.5
 10
-12.6
 20
209.6
  0
LWPOLYLINE
  5
FF
330
B3
100
AcDbEntity
  8
VEG-MACETA
100
AcDbPolyline
 90
2
 70
0
 10
7.9
 20
209.7
 10
16.9
 20
209.2
  0
LWPOLYLINE
  5
100
330
B3
100
AcDbEntity
  8
VEG-MACETA
100
AcDbPolyline
 90
2
 70
0
 10
30.5
 20
-207.7
 10
28.9
 20
-208.0
  0
LWPOLYLINE
  5
101
330
B3
100
AcDbEntity
  8
VEG-MACETA
100
AcDbPolyline
 90
2
 70
0
 10
35.4
 20
206.9
 10
43.6
 20
205.4
  0
LWPOLYLINE
  5
102
330
B3
100
AcDbEntity
  8
VEG-MACETA
100
AcDbPolyline
 90
6
 70
0
 10
44.0
 20
205.3
 10
54.4
 20
202.8
 10
67.5
 20
198.9
 10
80.4
 20
194.0
 10
92.9
 20
188.3
 10
109.3
 20
179.2
  0
LWPOLYLINE
  5
103
330
B3
100
AcDbEntity
  8
VEG-MACETA
100
AcDbPolyline
 90
5
 70
0
 10
102.7
 20
-183.1
 10
92.9
 20
-188.3
 10
80.4
 20
-194.0
 10
67.5
 20
-198.9
 10
48.3
 20
-204.3
  0
LWPOLYLINE
  5
104
330
B3
100
AcDbEntity
  8
VEG-MACETA
100
AcDbPolyline
 90
2
 70
0
 10
121.7
 20
-171.0
 10
103.4
 20
-182.7
  0
LWPOLYLINE
  5
105
330
B3
100
AcDbEntity
  8
VEG-MACETA
100
AcDbPolyline
 90
2
 70
0
 10
112.7
 20
177.1
 10
124.3
 20
169.1
  0
LWPOLYLINE
  5
106
330
B3
100
AcDbEntity
  8
VEG-MACETA
100
AcDbPolyline
 90
2
 70
0
 10
141.9
 20
-154.7
 10
137.7
 20
-158.5
  0
LWPOLYLINE
  5
107
330
B3
100
AcDbEntity
  8
VEG-MACETA
100
AcDbPolyline
 90
2
 70
0
 10
146.7
 20
150.1
 10
149.2
 20
147.7
  0
LWPOLYLINE
  5
108
330
B3
100
AcDbEntity
  8
VEG-MACETA
100
AcDbPolyline
 90
2
 70
0
 10
166.4
 20
128.1
 10
168.1
 20
125.7
  0
LWPOLYLINE
  5
109
330
B3
100
AcDbEntity
  8
VEG-MACETA
100
AcDbPolyline
 90
2
 70
0
 10
173.5
 20
-118.2
 10
171.2
 20
-121.4
  0
LWPOLYLINE
  5
10A
330
B3
100
AcDbEntity
  8
VEG-MACETA
100
AcDbPolyline
 90
2
 70
0
 10
188.7
 20
-92.0
 10
184.1
 20
-100.9
  0
LWPOLYLINE
  5
10B
330
B3
100
AcDbEntity
  8
VEG-MACETA
100
AcDbPolyline
 90
2
 70
0
 10
187.9
 20
93.7
 10
189.8
 20
89.7
  0
LWPOLYLINE
  5
10C
330
B3
100
AcDbEntity
  8
VEG-MACETA
100
AcDbPolyline
 90
4
 70
0
 10
203.5
 20
-51.6
 10
198.9
 20
-67.5
 10
194.0
 20
-80.4
 10
190.4
 20
-88.5
  0
LWPOLYLINE
  5
10D
330
B3
100
AcDbEntity
  8
VEG-MACETA
100
AcDbPolyline
 90
2
 70
0
 10
200.4
 20
62.3
 10
201.1
 20
60.0
  0
LWPOLYLINE
  5
10E
330
B3
100
AcDbEntity
  8
VEG-MACETA
100
AcDbPolyline
 90
2
 70
0
 10
202.9
 20
54.1
 10
205.1
 20
44.7
  0
LWPOLYLINE
  5
10F
330
B3
100
AcDbEntity
  8
VEG-MACETA
100
AcDbPolyline
 90
2
 70
0
 10
207.0
 20
-34.4
 10
204.9
 20
-45.5
  0
LWPOLYLINE
  5
110
330
B3
100
AcDbEntity
  8
VEG-MACETA
100
AcDbPolyline
 90
2
 70
0
 10
208.5
 20
24.1
 10
209.0
 20
19.1
  0
LWPOLYLINE
  5
111
330
B3
100
AcDbEntity
  8
VEG-MACETA
100
AcDbPolyline
 90
2
 70
0
 10
209.7
 20
-10.4
 10
209.5
 20
-14.1
  0
LWPOLYLINE
  5
112
330
B3
100
AcDbEntity
  8
VEG-MACETA
100
AcDbPolyline
 90
2
 70
0
 10
-189.8
 20
-5.2
 10
-190.0
 20
-1.1
  0
LWPOLYLINE
  5
113
330
B3
100
AcDbEntity
  8
VEG-MACETA
100
AcDbPolyline
 90
2
 70
0
 10
-189.7
 20
8.9
 10
-189.6
 20
10.9
  0
LWPOLYLINE
  5
114
330
B3
100
AcDbEntity
  8
VEG-MACETA
100
AcDbPolyline
 90
2
 70
0
 10
-186.5
 20
-36.4
 10
-187.9
 20
-27.9
  0
LWPOLYLINE
  5
115
330
B3
100
AcDbEntity
  8
VEG-MACETA
100
AcDbPolyline
 90
2
 70
0
 10
-187.1
 20
32.2
 10
-185.1
 20
42.3
  0
LWPOLYLINE
  5
116
330
B3
100
AcDbEntity
  8
VEG-MACETA
100
AcDbPolyline
 90
6
 70
0
 10
-157.1
 20
-106.8
 10
-164.5
 20
-95.0
 10
-170.4
 20
-84.0
 10
-175.5
 20
-72.7
 10
-179.9
 20
-61.1
 10
-183.1
 20
-50.5
  0
LWPOLYLINE
  5
117
330
B3
100
AcDbEntity
  8
VEG-MACETA
100
AcDbPolyline
 90
3
 70
0
 10
-181.5
 20
55.8
 10
-175.5
 20
72.7
 10
-172.8
 20
78.7
  0
LWPOLYLINE
  5
118
330
B3
100
AcDbEntity
  8
VEG-MACETA
100
AcDbPolyline
 90
2
 70
0
 10
-166.0
 20
92.4
 10
-160.4
 20
101.6
  0
LWPOLYLINE
  5
119
330
B3
100
AcDbEntity
  8
VEG-MACETA
100
AcDbPolyline
 90
2
 70
0
 10
-143.5
 20
-124.5
 10
-148.7
 20
-118.1
  0
LWPOLYLINE
  5
11A
330
B3
100
AcDbEntity
  8
VEG-MACETA
100
AcDbPolyline
 90
2
 70
0
 10
-127.6
 20
-140.7
 10
-129.7
 20
-138.7
  0
LWPOLYLINE
  5
11B
330
B3
100
AcDbEntity
  8
VEG-MACETA
100
AcDbPolyline
 90
2
 70
0
 10
-127.9
 20
140.4
 10
-124.6
 20
143.4
  0
LWPOLYLINE
  5
11C
330
B3
100
AcDbEntity
  8
VEG-MACETA
100
AcDbPolyline
 90
2
 70
0
 10
-114.6
 20
-151.5
 10
-120.0
 20
-147.2
  0
LWPOLYLINE
  5
11D
330
B3
100
AcDbEntity
  8
VEG-MACETA
100
AcDbPolyline
 90
2
 70
0
 10
-108.8
 20
155.7
 10
-95.6
 20
164.1
  0
LWPOLYLINE
  5
11E
330
B3
100
AcDbEntity
  8
VEG-MACETA
100
AcDbPolyline
 90
2
 70
0
 10
-65.2
 20
-178.4
 10
-76.1
 20
-174.0
  0
LWPOLYLINE
  5
11F
330
B3
100
AcDbEntity
  8
VEG-MACETA
100
AcDbPolyline
 90
2
 70
0
 10
-31.0
 20
187.4
 10
-23.7
 20
188.5
  0
LWPOLYLINE
  5
120
330
B3
100
AcDbEntity
  8
VEG-MACETA
100
AcDbPolyline
 90
2
 70
0
 10
-16.3
 20
-189.2
 10
-22.4
 20
-188.6
  0
LWPOLYLINE
  5
121
330
B3
100
AcDbEntity
  8
VEG-MACETA
100
AcDbPolyline
 90
2
 70
0
 10
-13.7
 20
189.5
 10
-5.2
 20
189.8
  0
LWPOLYLINE
  5
122
330
B3
100
AcDbEntity
  8
VEG-MACETA
100
AcDbPolyline
 90
2
 70
0
 10
10.8
 20
-189.6
 10
5.4
 20
-189.8
  0
LWPOLYLINE
  5
123
330
B3
100
AcDbEntity
  8
VEG-MACETA
100
AcDbPolyline
 90
2
 70
0
 10
18.4
 20
189.0
 10
21.1
 20
188.7
  0
LWPOLYLINE
  5
124
330
B3
100
AcDbEntity
  8
VEG-MACETA
100
AcDbPolyline
 90
2
 70
0
 10
44.0
 20
-184.7
 10
32.6
 20
-187.1
  0
LWPOLYLINE
  5
125
330
B3
100
AcDbEntity
  8
VEG-MACETA
100
AcDbPolyline
 90
7
 70
0
 10
32.8
 20
187.0
 10
49.2
 20
183.5
 10
61.1
 20
179.9
 10
72.7
 20
175.5
 10
84.0
 20
170.4
 10
95.0
 20
164.5
 10
105.9
 20
157.7
  0
LWPOLYLINE
  5
126
330
B3
100
AcDbEntity
  8
VEG-MACETA
100
AcDbPolyline
 90
4
 70
0
 10
100.1
 20
-161.4
 10
84.0
 20
-170.4
 10
72.7
 20
-175.5
 10
54.1
 20
-182.0
  0
LWPOLYLINE
  5
127
330
B3
100
AcDbEntity
  8
VEG-MACETA
100
AcDbPolyline
 90
2
 70
0
 10
121.2
 20
-146.2
 10
111.3
 20
-153.8
  0
LWPOLYLINE
  5
128
330
B3
100
AcDbEntity
  8
VEG-MACETA
100
AcDbPolyline
 90
2
 70
0
 10
138.1
 20
-130.4
 10
136.8
 20
-131.7
  0
LWPOLYLINE
  5
129
330
B3
100
AcDbEntity
  8
VEG-MACETA
100
AcDbPolyline
 90
2
 70
0
 10
146.8
 20
-120.5
 10
144.8
 20
-122.9
  0
LWPOLYLINE
  5
12A
330
B3
100
AcDbEntity
  8
VEG-MACETA
100
AcDbPolyline
 90
2
 70
0
 10
162.1
 20
-98.9
 10
159.6
 20
-103.0
  0
LWPOLYLINE
  5
12B
330
B3
100
AcDbEntity
  8
VEG-MACETA
100
AcDbPolyline
 90
5
 70
0
 10
185.7
 20
-39.9
 10
183.5
 20
-49.2
 10
179.9
 20
-61.1
 10
175.5
 20
-72.7
 10
169.5
 20
-85.7
  0
LWPOLYLINE
  5
12C
330
B3
100
AcDbEntity
  8
VEG-MACETA
100
AcDbPolyline
 90
2
 70
0
 10
179.4
 20
62.4
 10
183.9
 20
47.7
  0
LWPOLYLINE
  5
12D
330
B3
100
AcDbEntity
  8
VEG-MACETA
100
AcDbPolyline
 90
2
 70
0
 10
187.4
 20
30.9
 10
188.2
 20
26.1
  0
LWPOLYLINE
  5
12E
330
B3
100
AcDbEntity
  8
VEG-MACETA
100
AcDbPolyline
 90
2
 70
0
 10
189.1
 20
-17.1
 10
188.5
 20
-23.1
  0
LWPOLYLINE
  5
12F
330
B3
100
AcDbEntity
  8
VEG-NERVIOS
100
AcDbPolyline
 90
5
 70
0
 10
-221.4
 20
-273.2
 10
-249.3
 20
-313.4
 10
-280.1
 20
-359.6
 10
-305.8
 20
-399.6
 10
-334.9
 20
-446.9
  0
LWPOLYLINE
  5
130
330
B3
100
AcDbEntity
  8
VEG-NERVIOS
100
AcDbPolyline
 90
2
 70
0
 10
-189.0
 20
-228.6
 10
-216.2
 20
-266.0
  0
LWPOLYLINE
  5
131
330
B3
100
AcDbEntity
  8
VEG-NERVIOS
100
AcDbPolyline
 90
2
 70
0
 10
-173.0
 20
-207.1
 10
-182.7
 20
-220.1
  0
LWPOLYLINE
  5
132
330
B3
100
AcDbEntity
  8
VEG-NERVIOS
100
AcDbPolyline
 90
2
 70
0
 10
-147.1
 20
-173.5
 10
-168.4
 20
-201.1
  0
LWPOLYLINE
  5
133
330
B3
100
AcDbEntity
  8
VEG-NERVIOS
100
AcDbPolyline
 90
2
 70
0
 10
-121.5
 20
-141.1
 10
-142.0
 20
-166.9
  0
LWPOLYLINE
  5
134
330
B3
100
AcDbEntity
  8
VEG-NERVIOS
100
AcDbPolyline
 90
3
 70
0
 10
-13.5
 20
-14.8
 10
-66.0
 20
-74.2
 10
-119.2
 20
-138.2
  0
LWPOLYLINE
  5
135
330
B3
100
AcDbEntity
  8
VEG-HOJAS
100
AcDbPolyline
 90
185
 70
0
 10
-245.3
 20
-316.4
 10
-248.5
 20
-321.1
 10
-243.5
 20
-329.4
 10
-239.5
 20
-338.7
 10
-235.5
 20
-350.3
 10
-231.8
 20
-363.7
 10
-228.6
 20
-378.4
 10
-224.0
 20
-409.2
 10
-221.6
 20
-437.7
 10
-220.0
 20
-472.5
 10
-224.4
 20
-454.9
 10
-237.2
 20
-410.2
 10
-232.5
 20
-437.6
 10
-227.4
 20
-483.3
 10
-256.7
 20
-399.2
 10
-264.1
 20
-373.5
 10
-266.5
 20
-362.4
 10
-268.1
 20
-350.4
 10
-277.0
 20
-363.9
 10
-272.3
 20
-370.5
 10
-266.1
 20
-383.2
 10
-260.2
 20
-399.6
 10
-256.8
 20
-412.2
 10
-253.8
 20
-425.4
 10
-249.6
 20
-451.6
 10
-245.2
 20
-493.8
 10
-272.8
 20
-416.4
 10
-279.4
 20
-392.7
 10
-281.5
 20
-382.4
 10
-282.7
 20
-372.7
 10
-291.1
 20
-385.8
 10
-287.1
 20
-391.5
 10
-281.8
 20
-403.0
 10
-276.9
 20
-417.7
 10
-274.2
 20
-429.1
 10
-272.0
 20
-441.0
 10
-269.7
 20
-458.8
 10
-266.8
 20
-502.5
 10
-283.1
 20
-455.6
 10
-290.4
 20
-432.9
 10
-295.6
 20
-411.4
 10
-297.5
 20
-395.8
 10
-304.8
 20
-407.4
 10
-301.2
 20
-411.8
 10
-297.8
 20
-417.8
 10
-294.5
 20
-425.2
 10
-288.9
 20
-443.7
 10
-286.8
 20
-453.9
 10
-284.6
 20
-469.2
 10
-281.5
 20
-506.9
 10
-297.9
 20
-467.3
 10
-304.9
 20
-448.0
 10
-309.9
 20
-429.7
 10
-311.4
 20
-418.1
 10
-318.2
 20
-429.1
 10
-315.4
 20
-432.2
 10
-312.3
 20
-436.8
 10
-309.4
 20
-442.7
 10
-304.6
 20
-457.4
 10
-301.6
 20
-474.0
 10
-299.2
 20
-508.6
 10
-317.4
 20
-470.1
 10
-314.0
 20
-484.3
 10
-311.4
 20
-503.1
 10
-323.6
 20
-488.4
 10
-330.5
 20
-479.2
 10
-336.0
 20
-469.3
 10
-338.2
 20
-462.3
 10
-340.9
 20
-465.6
 10
-344.2
 20
-466.2
 10
-346.8
 20
-465.0
 10
-348.2
 20
-463.0
 10
-348.3
 20
-460.1
 10
-347.0
 20
-457.4
 10
-354.0
 20
-458.8
 10
-365.3
 20
-458.9
 10
-395.7
 20
-454.6
 10
-372.4
 20
-445.1
 10
-360.8
 20
-442.3
 10
-350.0
 20
-441.9
 10
-345.4
 20
-442.7
 10
-339.7
 20
-445.1
 10
-332.9
 20
-434.0
 10
-341.2
 20
-436.2
 10
-356.4
 20
-437.8
 10
-373.0
 20
-437.9
 10
-408.0
 20
-436.5
 10
-378.5
 20
-425.9
 10
-366.2
 20
-422.6
 10
-357.9
 20
-421.1
 10
-349.8
 20
-420.2
 10
-342.3
 20
-420.1
 10
-335.7
 20
-420.7
 10
-330.3
 20
-421.9
 10
-326.5
 20
-423.4
 10
-318.8
 20
-410.9
 10
-332.3
 20
-414.0
 10
-341.3
 20
-415.2
 10
-361.6
 20
-416.4
 10
-415.4
 20
-416.8
 10
-390.9
 20
-408.3
 10
-416.4
 20
-413.2
 10
-380.8
 20
-396.1
 10
-363.9
 20
-389.5
 10
-346.2
 20
-383.9
 10
-334.7
 20
-381.2
 10
-319.1
 20
-379.2
 10
-306.4
 20
-379.1
 10
-299.5
 20
-380.4
 10
-290.2
 20
-365.8
 10
-301.3
 20
-368.4
 10
-323.6
 20
-370.9
 10
-399.4
 20
-374.3
 10
-420.1
 20
-375.9
 10
-404.6
 20
-370.8
 10
-383.3
 20
-360.7
 10
-357.3
 20
-350.2
 10
-343.0
 20
-345.4
 10
-328.5
 20
-341.3
 10
-314.5
 20
-338.3
 10
-295.5
 20
-335.9
 10
-280.2
 20
-335.6
 10
-271.3
 20
-337.0
 10
-261.9
 20
-323.0
 10
-275.1
 20
-326.6
 10
-286.9
 20
-328.9
 10
-381.3
 20
-341.9
 10
-410.9
 20
-347.3
 10
-382.7
 20
-335.7
 10
-363.5
 20
-328.6
 10
-341.0
 20
-321.8
 10
-317.7
 20
-316.4
 10
-302.6
 20
-314.0
 10
-282.4
 20
-312.6
 10
-266.2
 20
-313.2
 10
-256.6
 20
-315.3
 10
-247.2
 20
-301.4
 10
-261.3
 20
-305.1
 10
-273.6
 20
-307.5
 10
-365.3
 20
-320.5
 10
-388.4
 20
-324.5
 10
-402.4
 20
-327.5
 10
-373.1
 20
-315.4
 10
-353.1
 20
-308.0
 10
-332.4
 20
-301.6
 10
-310.9
 20
-296.3
 10
-289.8
 20
-292.7
 10
-275.3
 20
-291.4
 10
-262.5
 20
-291.1
 10
-252.0
 20
-291.8
 10
-241.9
 20
-293.9
 10
-231.4
 20
-278.7
 10
-247.6
 20
-281.2
 10
-260.4
 20
-282.1
 10
-354.7
 20
-285.0
 10
-378.4
 20
-286.5
 10
-392.9
 20
-288.0
 10
-368.3
 20
-280.8
 10
-345.9
 20
-275.0
 10
-376.7
 20
-280.1
 10
-352.7
 20
-270.9
 10
-332.9
 20
-264.1
 10
-310.0
 20
-257.4
 10
-293.4
 20
-253.5
 10
-268.7
 20
-249.5
 10
-245.8
 20
-247.7
 10
-232.7
 20
-247.8
 10
-222.0
 20
-248.9
 10
-211.8
 20
-251.3
 10
-201.9
 20
-237.6
 10
-216.3
 20
-240.9
 10
-228.7
 20
-242.8
 10
-321.1
 20
-252.9
 10
-344.3
 20
-256.1
 10
-358.5
 20
-258.7
 10
-328.7
 20
-247.4
 10
-308.4
 20
-240.7
 10
-292.9
 20
-236.3
 10
-276.7
 20
-232.5
 10
-260.3
 20
-229.5
 10
-244.5
 20
-227.6
 10
-229.8
 20
-226.7
 10
-217.0
 20
-226.9
 10
-206.5
 20
-227.9
 10
-199.6
 20
-229.3
  0
LWPOLYLINE
  5
136
330
B3
100
AcDbEntity
  8
VEG-HOJAS
100
AcDbPolyline
 90
3
 70
0
 10
-238.8
 20
-309.8
 10
-239.0
 20
-307.2
 10
-245.2
 20
-316.3
  0
LWPOLYLINE
  5
137
330
B3
100
AcDbEntity
  8
VEG-HOJAS
100
AcDbPolyline
 90
2
 70
0
 10
-238.5
 20
-313.3
 10
-238.8
 20
-310.3
  0
LWPOLYLINE
  5
138
330
B3
100
AcDbEntity
  8
VEG-HOJAS
100
AcDbPolyline
 90
2
 70
0
 10
-236.1
 20
-327.8
 10
-238.2
 20
-314.9
  0
LWPOLYLINE
  5
139
330
B3
100
AcDbEntity
  8
VEG-HOJAS
100
AcDbPolyline
 90
8
 70
0
 10
-215.2
 20
-344.0
 10
-210.5
 20
-364.0
 10
-205.9
 20
-390.5
 10
-202.6
 20
-420.0
 10
-199.8
 20
-456.2
 10
-204.8
 20
-438.0
 10
-227.7
 20
-362.4
 10
-235.9
 20
-328.9
  0
LWPOLYLINE
  5
13A
330
B3
100
AcDbEntity
  8
VEG-HOJAS
100
AcDbPolyline
 90
4
 70
0
 10
-221.1
 20
-299.7
 10
-223.5
 20
-285.0
 10
-233.7
 20
-299.6
 10
-230.2
 20
-304.9
  0
LWPOLYLINE
  5
13B
330
B3
100
AcDbEntity
  8
VEG-HOJAS
100
AcDbPolyline
 90
2
 70
0
 10
-229.0
 20
-307.0
 10
-228.1
 20
-308.6
  0
LWPOLYLINE
  5
13C
330
B3
100
AcDbEntity
  8
VEG-HOJAS
100
AcDbPolyline
 90
7
 70
0
 10
-226.2
 20
-271.4
 10
-217.0
 20
-258.5
 10
-232.0
 20
-261.9
 10
-261.8
 20
-265.9
 10
-242.0
 20
-268.0
 10
-236.7
 20
-268.9
 10
-227.2
 20
-271.9
  0
LWPOLYLINE
  5
13D
330
B3
100
AcDbEntity
  8
VEG-HOJAS
100
AcDbPolyline
 90
2
 70
0
 10
-226.3
 20
-312.6
 10
-222.3
 20
-322.1
  0
LWPOLYLINE
  5
13E
330
B3
100
AcDbEntity
  8
VEG-HOJAS
100
AcDbPolyline
 90
2
 70
0
 10
-220.5
 20
-327.0
 10
-216.4
 20
-340.0
  0
LWPOLYLINE
  5
13F
330
B3
100
AcDbEntity
  8
VEG-HOJAS
100
AcDbPolyline
 90
2
 70
0
 10
-215.9
 20
-319.6
 10
-218.3
 20
-311.1
  0
LWPOLYLINE
  5
140
330
B3
100
AcDbEntity
  8
VEG-HOJAS
100
AcDbPolyline
 90
4
 70
0
 10
-214.0
 20
-271.5
 10
-218.7
 20
-278.1
 10
-212.7
 20
-286.7
 10
-209.3
 20
-293.1
  0
LWPOLYLINE
  5
141
330
B3
100
AcDbEntity
  8
VEG-HOJAS
100
AcDbPolyline
 90
2
 70
0
 10
-210.3
 20
-337.6
 10
-214.0
 20
-326.2
  0
LWPOLYLINE
  5
142
330
B3
100
AcDbEntity
  8
VEG-HOJAS
100
AcDbPolyline
 90
2
 70
0
 10
-206.4
 20
-291.5
 10
-209.1
 20
-270.4
  0
LWPOLYLINE
  5
143
330
B3
100
AcDbEntity
  8
VEG-HOJAS
100
AcDbPolyline
 90
2
 70
0
 10
-202.5
 20
-360.5
 10
-208.3
 20
-343.7
  0
LWPOLYLINE
  5
144
330
B3
100
AcDbEntity
  8
VEG-HOJAS
100
AcDbPolyline
 90
4
 70
0
 10
-191.9
 20
-251.1
 10
-193.1
 20
-242.6
 10
-203.8
 20
-257.3
 10
-203.3
 20
-258.0
  0
LWPOLYLINE
  5
145
330
B3
100
AcDbEntity
  8
VEG-HOJAS
100
AcDbPolyline
 90
6
 70
0
 10
-178.5
 20
-363.4
 10
-176.1
 20
-418.5
 10
-181.0
 20
-397.4
 10
-176.0
 20
-436.0
 10
-183.7
 20
-412.7
 10
-201.3
 20
-363.7
  0
LWPOLYLINE
  5
146
330
B3
100
AcDbEntity
  8
VEG-HOJAS
100
AcDbPolyline
 90
2
 70
0
 10
-198.1
 20
-267.9
 10
-192.2
 20
-284.0
  0
LWPOLYLINE
  5
147
330
B3
100
AcDbEntity
  8
VEG-HOJAS
100
AcDbPolyline
 90
21
 70
0
 10
-193.1
 20
-225.7
 10
-185.6
 20
-215.6
 10
-200.6
 20
-217.5
 10
-212.7
 20
-218.1
 10
-241.6
 20
-218.3
 10
-278.6
 20
-217.7
 10
-310.8
 20
-224.2
 10
-296.1
 20
-217.5
 10
-319.7
 20
-217.7
 10
-338.6
 20
-218.7
 10
-295.8
 20
-208.3
 10
-273.5
 20
-204.4
 10
-260.3
 20
-202.7
 10
-237.9
 20
-195.5
 10
-223.2
 20
-191.8
 10
-209.0
 20
-189.1
 10
-195.7
 20
-187.4
 10
-184.0
 20
-186.9
 10
-174.3
 20
-187.2
 10
-165.4
 20
-188.9
 10
-155.2
 20
-175.7
  0
LWPOLYLINE
  5
148
330
B3
100
AcDbEntity
  8
VEG-HOJAS
100
AcDbPolyline
 90
2
 70
0
 10
-184.5
 20
-280.1
 10
-188.6
 20
-265.7
  0
LWPOLYLINE
  5
149
330
B3
100
AcDbEntity
  8
VEG-HOJAS
100
AcDbPolyline
 90
2
 70
0
 10
-186.6
 20
-305.3
 10
-185.9
 20
-308.8
  0
LWPOLYLINE
  5
14A
330
B3
100
AcDbEntity
  8
VEG-HOJAS
100
AcDbPolyline
 90
2
 70
0
 10
-183.3
 20
-322.4
 10
-182.5
 20
-327.7
  0
LWPOLYLINE
  5
14B
330
B3
100
AcDbEntity
  8
VEG-HOJAS
100
AcDbPolyline
 90
3
 70
0
 10
-181.2
 20
-226.4
 10
-188.2
 20
-235.9
 10
-181.8
 20
-245.2
  0
LWPOLYLINE
  5
14C
330
B3
100
AcDbEntity
  8
VEG-HOJAS
100
AcDbPolyline
 90
6
 70
0
 10
-180.0
 20
-208.2
 10
-172.1
 20
-197.7
 10
-182.2
 20
-200.8
 10
-196.8
 20
-204.1
 10
-189.8
 20
-205.6
 10
-181.0
 20
-208.8
  0
LWPOLYLINE
  5
14D
330
B3
100
AcDbEntity
  8
VEG-HOJAS
100
AcDbPolyline
 90
2
 70
0
 10
-180.6
 20
-341.8
 10
-179.6
 20
-350.1
  0
LWPOLYLINE
  5
14E
330
B3
100
AcDbEntity
  8
VEG-HOJAS
100
AcDbPolyline
 90
2
 70
0
 10
-174.5
 20
-241.1
 10
-177.5
 20
-225.4
  0
LWPOLYLINE
  5
14F
330
B3
100
AcDbEntity
  8
VEG-HOJAS
100
AcDbPolyline
 90
2
 70
0
 10
-176.0
 20
-305.8
 10
-176.9
 20
-303.4
  0
LWPOLYLINE
  5
150
330
B3
100
AcDbEntity
  8
VEG-HOJAS
100
AcDbPolyline
 90
2
 70
0
 10
-173.6
 20
-262.3
 10
-169.4
 20
-273.1
  0
LWPOLYLINE
  5
151
330
B3
100
AcDbEntity
  8
VEG-HOJAS
100
AcDbPolyline
 90
2
 70
0
 10
-164.8
 20
-204.6
 10
-172.5
 20
-214.8
  0
LWPOLYLINE
  5
152
330
B3
100
AcDbEntity
  8
VEG-HOJAS
100
AcDbPolyline
 90
2
 70
0
 10
-169.5
 20
-324.2
 10
-170.8
 20
-320.6
  0
LWPOLYLINE
  5
153
330
B3
100
AcDbEntity
  8
VEG-HOJAS
100
AcDbPolyline
 90
2
 70
0
 10
-166.0
 20
-271.6
 10
-169.2
 20
-261.2
  0
LWPOLYLINE
  5
154
330
B3
100
AcDbEntity
  8
VEG-HOJAS
100
AcDbPolyline
 90
2
 70
0
 10
-167.4
 20
-222.6
 10
-161.5
 20
-234.2
  0
LWPOLYLINE
  5
155
330
B3
100
AcDbEntity
  8
VEG-HOJAS
100
AcDbPolyline
 90
2
 70
0
 10
-161.9
 20
-344.8
 10
-163.7
 20
-339.9
  0
LWPOLYLINE
  5
156
330
B3
100
AcDbEntity
  8
VEG-HOJAS
100
AcDbPolyline
 90
2
 70
0
 10
-162.5
 20
-209.8
 10
-162.9
 20
-204.0
  0
LWPOLYLINE
  5
157
330
B3
100
AcDbEntity
  8
VEG-HOJAS
100
AcDbPolyline
 90
2
 70
0
 10
-161.1
 20
-300.0
 10
-160.7
 20
-301.9
  0
LWPOLYLINE
  5
158
330
B3
100
AcDbEntity
  8
VEG-HOJAS
100
AcDbPolyline
 90
2
 70
0
 10
-158.8
 20
-232.8
 10
-161.0
 20
-220.9
  0
LWPOLYLINE
  5
159
330
B3
100
AcDbEntity
  8
VEG-HOJAS
100
AcDbPolyline
 90
2
 70
0
 10
-156.9
 20
-318.1
 10
-156.1
 20
-321.6
  0
LWPOLYLINE
  5
15A
330
B3
100
AcDbEntity
  8
VEG-HOJAS
100
AcDbPolyline
 90
3
 70
0
 10
-145.9
 20
-187.9
 10
-146.6
 20
-180.9
 10
-156.8
 20
-194.2
  0
LWPOLYLINE
  5
15B
330
B3
100
AcDbEntity
  8
VEG-HOJAS
100
AcDbPolyline
 90
2
 70
0
 10
-156.0
 20
-300.9
 10
-156.7
 20
-299.0
  0
LWPOLYLINE
  5
15C
330
B3
100
AcDbEntity
  8
VEG-HOJAS
100
AcDbPolyline
 90
3
 70
0
 10
-148.3
 20
-369.4
 10
-145.5
 20
-391.1
 10
-156.0
 20
-360.7
  0
LWPOLYLINE
  5
15D
330
B3
100
AcDbEntity
  8
VEG-HOJAS
100
AcDbPolyline
 90
50
 70
0
 10
-155.5
 20
-174.9
 10
-166.0
 20
-176.3
 10
-188.7
 20
-177.0
 10
-265.4
 20
-173.9
 10
-286.3
 20
-173.9
 10
-260.4
 20
-167.8
 10
-242.7
 20
-164.2
 10
-229.4
 20
-162.2
 10
-211.2
 20
-160.4
 10
-236.5
 20
-160.4
 10
-255.3
 20
-161.1
 10
-216.8
 20
-149.8
 10
-193.4
 20
-145.0
 10
-220.8
 20
-146.6
 10
-197.5
 20
-137.5
 10
-178.4
 20
-131.1
 10
-162.6
 20
-127.2
 10
-147.0
 20
-124.7
 10
-137.5
 20
-124.1
 10
-129.1
 20
-124.4
 10
-122.2
 20
-125.3
 10
-116.6
 20
-127.0
 10
-108.2
 20
-116.7
 10
-115.6
 20
-118.1
 10
-131.4
 20
-118.9
 10
-148.6
 20
-118.2
 10
-184.6
 20
-115.0
 10
-153.4
 20
-105.9
 10
-140.6
 20
-103.2
 10
-131.9
 20
-102.1
 10
-123.6
 20
-101.7
 10
-115.8
 20
-102.0
 10
-109.1
 20
-103.0
 10
-103.5
 20
-104.5
 10
-99.6
 20
-106.3
 10
-92.4
 20
-97.7
 10
-97.9
 20
-98.2
 10
-109.2
 20
-97.5
 10
-139.1
 20
-90.9
 10
-115.1
 20
-83.2
 10
-103.4
 20
-81.3
 10
-92.5
 20
-81.7
 10
-88.0
 20
-82.8
 10
-82.4
 20
-85.8
 10
-47.6
 20
-45.5
 10
-16.8
 20
-11.1
 10
-14.2
 20
-9.8
 10
-11.3
 20
-10.3
 10
-9.2
 20
-12.2
 10
-8.5
 20
-15.0
  0
LWPOLYLINE
  5
15E
330
B3
100
AcDbEntity
  8
VEG-HOJAS
100
AcDbPolyline
 90
2
 70
0
 10
-153.1
 20
-201.0
 10
-151.4
 20
-204.5
  0
LWPOLYLINE
  5
15F
330
B3
100
AcDbEntity
  8
VEG-HOJAS
100
AcDbPolyline
 90
2
 70
0
 10
-153.0
 20
-338.0
 10
-152.1
 20
-343.3
  0
LWPOLYLINE
  5
160
330
B3
100
AcDbEntity
  8
VEG-HOJAS
100
AcDbPolyline
 90
2
 70
0
 10
-148.9
 20
-320.7
 10
-150.3
 20
-316.8
  0
LWPOLYLINE
  5
161
330
B3
100
AcDbEntity
  8
VEG-HOJAS
100
AcDbPolyline
 90
2
 70
0
 10
-149.7
 20
-359.1
 10
-148.8
 20
-366.1
  0
LWPOLYLINE
  5
162
330
B3
100
AcDbEntity
  8
VEG-HOJAS
100
AcDbPolyline
 90
2
 70
0
 10
-146.5
 20
-216.9
 10
-143.8
 20
-225.4
  0
LWPOLYLINE
  5
163
330
B3
100
AcDbEntity
  8
VEG-HOJAS
100
AcDbPolyline
 90
2
 70
0
 10
-143.4
 20
-200.9
 10
-144.0
 20
-198.3
  0
LWPOLYLINE
  5
164
330
B3
100
AcDbEntity
  8
VEG-HOJAS
100
AcDbPolyline
 90
2
 70
0
 10
-140.5
 20
-344.2
 10
-143.5
 20
-335.7
  0
LWPOLYLINE
  5
165
330
B3
100
AcDbEntity
  8
VEG-HOJAS
100
AcDbPolyline
 90
2
 70
0
 10
-143.2
 20
-295.7
 10
-142.7
 20
-298.6
  0
LWPOLYLINE
  5
166
330
B3
100
AcDbEntity
  8
VEG-HOJAS
100
AcDbPolyline
 90
2
 70
0
 10
-141.4
 20
-298.5
 10
-142.3
 20
-295.5
  0
LWPOLYLINE
  5
167
330
B3
100
AcDbEntity
  8
VEG-HOJAS
100
AcDbPolyline
 90
2
 70
0
 10
-139.9
 20
-314.4
 10
-139.0
 20
-320.3
  0
LWPOLYLINE
  5
168
330
B3
100
AcDbEntity
  8
VEG-HOJAS
100
AcDbPolyline
 90
2
 70
0
 10
-137.4
 20
-222.5
 10
-139.7
 20
-214.9
  0
LWPOLYLINE
  5
169
330
B3
100
AcDbEntity
  8
VEG-HOJAS
100
AcDbPolyline
 90
3
 70
0
 10
-139.2
 20
-171.4
 10
-140.9
 20
-173.7
 10
-135.2
 20
-182.0
  0
LWPOLYLINE
  5
16A
330
B3
100
AcDbEntity
  8
VEG-HOJAS
100
AcDbPolyline
 90
2
 70
0
 10
-137.4
 20
-253.2
 10
-136.3
 20
-260.3
  0
LWPOLYLINE
  5
16B
330
B3
100
AcDbEntity
  8
VEG-HOJAS
100
AcDbPolyline
 90
2
 70
0
 10
-137.2
 20
-333.8
 10
-136.4
 20
-340.8
  0
LWPOLYLINE
  5
16C
330
B3
100
AcDbEntity
  8
VEG-HOJAS
100
AcDbPolyline
 90
2
 70
0
 10
-135.0
 20
-320.5
 10
-137.0
 20
-313.5
  0
LWPOLYLINE
  5
16D
330
B3
100
AcDbEntity
  8
VEG-HOJAS
100
AcDbPolyline
 90
2
 70
0
 10
-132.6
 20
-180.8
 10
-133.1
 20
-169.9
  0
LWPOLYLINE
  5
16E
330
B3
100
AcDbEntity
  8
VEG-HOJAS
100
AcDbPolyline
 90
2
 70
0
 10
-132.6
 20
-292.7
 10
-132.2
 20
-297.7
  0
LWPOLYLINE
  5
16F
330
B3
100
AcDbEntity
  8
VEG-HOJAS
100
AcDbPolyline
 90
2
 70
0
 10
-131.4
 20
-311.8
 10
-131.0
 20
-321.0
  0
LWPOLYLINE
  5
170
330
B3
100
AcDbEntity
  8
VEG-HOJAS
100
AcDbPolyline
 90
2
 70
0
 10
-125.4
 20
-257.0
 10
-127.8
 20
-250.6
  0
LWPOLYLINE
  5
171
330
B3
100
AcDbEntity
  8
VEG-HOJAS
100
AcDbPolyline
 90
4
 70
0
 10
-114.5
 20
-151.5
 10
-115.4
 20
-141.4
 10
-125.2
 20
-153.8
 10
-123.7
 20
-156.4
  0
LWPOLYLINE
  5
172
330
B3
100
AcDbEntity
  8
VEG-HOJAS
100
AcDbPolyline
 90
2
 70
0
 10
-118.7
 20
-275.1
 10
-120.0
 20
-271.5
  0
LWPOLYLINE
  5
173
330
B3
100
AcDbEntity
  8
VEG-HOJAS
100
AcDbPolyline
 90
2
 70
0
 10
-119.7
 20
-166.4
 10
-117.8
 20
-173.5
  0
LWPOLYLINE
  5
174
330
B3
100
AcDbEntity
  8
VEG-HOJAS
100
AcDbPolyline
 90
2
 70
0
 10
-112.7
 20
-290.9
 10
-114.4
 20
-286.3
  0
LWPOLYLINE
  5
175
330
B3
100
AcDbEntity
  8
VEG-HOJAS
100
AcDbPolyline
 90
2
 70
0
 10
-113.7
 20
-246.2
 10
-113.8
 20
-254.2
  0
LWPOLYLINE
  5
176
330
B3
100
AcDbEntity
  8
VEG-HOJAS
100
AcDbPolyline
 90
2
 70
0
 10
-113.3
 20
-206.9
 10
-113.0
 20
-212.8
  0
LWPOLYLINE
  5
177
330
B3
100
AcDbEntity
  8
VEG-HOJAS
100
AcDbPolyline
 90
2
 70
0
 10
-110.5
 20
-170.2
 10
-112.1
 20
-164.4
  0
LWPOLYLINE
  5
178
330
B3
100
AcDbEntity
  8
VEG-HOJAS
100
AcDbPolyline
 90
2
 70
0
 10
-111.9
 20
-268.0
 10
-111.0
 20
-275.0
  0
LWPOLYLINE
  5
179
330
B3
100
AcDbEntity
  8
VEG-HOJAS
100
AcDbPolyline
 90
3
 70
0
 10
-101.3
 20
-127.2
 10
-101.2
 20
-124.1
 10
-106.1
 20
-130.1
  0
LWPOLYLINE
  5
17A
330
B3
100
AcDbEntity
  8
VEG-HOJAS
100
AcDbPolyline
 90
2
 70
0
 10
-104.8
 20
-137.7
 10
-101.0
 20
-145.1
  0
LWPOLYLINE
  5
17B
330
B3
100
AcDbEntity
  8
VEG-HOJAS
100
AcDbPolyline
 90
2
 70
0
 10
-99.9
 20
-144.6
 10
-100.9
 20
-136.9
  0
LWPOLYLINE
  5
17C
330
B3
100
AcDbEntity
  8
VEG-HOJAS
100
AcDbPolyline
 90
2
 70
0
 10
-97.7
 20
-208.0
 10
-99.9
 20
-202.2
  0
LWPOLYLINE
  5
17D
330
B3
100
AcDbEntity
  8
VEG-HOJAS
100
AcDbPolyline
 90
2
 70
0
 10
-91.4
 20
-224.3
 10
-92.6
 20
-221.2
  0
LWPOLYLINE
  5
17E
330
B3
100
AcDbEntity
  8
VEG-HOJAS
100
AcDbPolyline
 90
2
 70
0
 10
-91.5
 20
-180.6
 10
-91.2
 20
-182.9
  0
LWPOLYLINE
  5
17F
330
B3
100
AcDbEntity
  8
VEG-HOJAS
100
AcDbPolyline
 90
2
 70
0
 10
-90.3
 20
-182.8
 10
-91.0
 20
-180.5
  0
LWPOLYLINE
  5
180
330
B3
100
AcDbEntity
  8
VEG-HOJAS
100
AcDbPolyline
 90
2
 70
0
 10
-90.2
 20
-227.7
 10
-91.0
 20
-225.5
  0
LWPOLYLINE
  5
181
330
B3
100
AcDbEntity
  8
VEG-HOJAS
100
AcDbPolyline
 90
2
 70
0
 10
-89.5
 20
-198.3
 10
-88.9
 20
-206.0
  0
LWPOLYLINE
  5
182
330
B3
100
AcDbEntity
  8
VEG-HOJAS
100
AcDbPolyline
 90
2
 70
0
 10
-88.3
 20
-219.0
 10
-88.2
 20
-221.1
  0
LWPOLYLINE
  5
183
330
B3
100
AcDbEntity
  8
VEG-HOJAS
100
AcDbPolyline
 90
5
 70
0
 10
-82.9
 20
-117.3
 10
-84.6
 20
-109.5
 10
-85.0
 20
-104.5
 10
-92.0
 20
-112.9
 10
-88.2
 20
-119.9
  0
LWPOLYLINE
  5
184
330
B3
100
AcDbEntity
  8
VEG-HOJAS
100
AcDbPolyline
 90
2
 70
0
 10
-88.1
 20
-224.0
 10
-88.0
 20
-227.7
  0
LWPOLYLINE
  5
185
330
B3
100
AcDbEntity
  8
VEG-HOJAS
100
AcDbPolyline
 90
2
 70
0
 10
-84.3
 20
-177.6
 10
-84.7
 20
-181.5
  0
LWPOLYLINE
  5
186
330
B3
100
AcDbEntity
  8
VEG-HOJAS
100
AcDbPolyline
 90
2
 70
0
 10
-84.5
 20
-133.3
 10
-83.8
 20
-138.0
  0
LWPOLYLINE
  5
187
330
B3
100
AcDbEntity
  8
VEG-HOJAS
100
AcDbPolyline
 90
2
 70
0
 10
-82.9
 20
-155.5
 10
-83.0
 20
-160.1
  0
LWPOLYLINE
  5
188
330
B3
100
AcDbEntity
  8
VEG-HOJAS
100
AcDbPolyline
 90
2
 70
0
 10
-76.0
 20
-135.5
 10
-77.7
 20
-131.6
  0
LWPOLYLINE
  5
189
330
B3
100
AcDbEntity
  8
VEG-HOJAS
100
AcDbPolyline
 90
5
 70
0
 10
-11.0
 20
-19.5
 10
-45.1
 20
-57.8
 10
-74.8
 20
-92.3
 10
-71.0
 20
-97.5
 10
-69.6
 20
-101.0
  0
LWPOLYLINE
  5
18A
330
B3
100
AcDbEntity
  8
VEG-HOJAS
100
AcDbPolyline
 90
2
 70
0
 10
-67.4
 20
-128.6
 10
-68.0
 20
-133.3
  0
LWPOLYLINE
  5
18B
330
B3
100
AcDbEntity
  8
VEG-HOJAS
100
AcDbPolyline
 90
2
 70
0
 10
-67.8
 20
-107.5
 10
-67.3
 20
-110.8
  0
LWPOLYLINE
  5
18C
330
B3
100
AcDbEntity
  8
VEG-HOJAS
100
AcDbPolyline
 90
6
 70
1
 10
-331.1
 20
-450.2
 10
-326.2
 20
-454.0
 10
-323.3
 20
-457.7
 10
-319.7
 20
-464.2
 10
-323.0
 20
-454.5
 10
-325.6
 20
-441.2
  0
LWPOLYLINE
  5
18D
330
B3
100
AcDbEntity
  8
VEG-HOJAS
100
AcDbPolyline
 90
6
 70
1
 10
-305.9
 20
-390.4
 10
-321.0
 20
-395.4
 10
-331.5
 20
-398.0
 10
-325.0
 20
-398.5
 10
-318.3
 20
-399.7
 10
-313.0
 20
-401.6
  0
LWPOLYLINE
  5
18E
330
B3
100
AcDbEntity
  8
VEG-HOJAS
100
AcDbPolyline
 90
5
 70
1
 10
-277.0
 20
-345.7
 10
-287.7
 20
-349.3
 10
-306.5
 20
-354.0
 10
-292.9
 20
-355.7
 10
-285.1
 20
-358.1
  0
LWPOLYLINE
  5
18F
330
B3
100
AcDbEntity
  8
VEG-HOJAS
100
AcDbPolyline
 90
7
 70
1
 10
-262.8
 20
-342.3
 10
-257.6
 20
-349.7
 10
-253.2
 20
-358.2
 10
-246.0
 20
-376.9
 10
-251.1
 20
-353.9
 10
-253.0
 20
-342.1
 10
-254.1
 20
-329.3
  0
LWPOLYLINE
  5
190
330
B3
100
AcDbEntity
  8
VEG-HOJAS
100
AcDbPolyline
 90
7
 70
1
 10
-152.0
 20
-158.0
 10
-167.6
 20
-159.5
 10
-183.6
 20
-160.1
 10
-165.1
 20
-162.3
 10
-156.4
 20
-164.4
 10
-148.8
 20
-167.5
 10
-139.6
 20
-155.8
  0
LWPOLYLINE
  5
191
330
B3
100
AcDbEntity
  8
VEG-HOJAS
100
AcDbPolyline
 90
7
 70
1
 10
-131.9
 20
-139.2
 10
-145.2
 20
-141.7
 10
-154.4
 20
-142.7
 10
-147.5
 20
-143.3
 10
-139.5
 20
-144.8
 10
-132.8
 20
-147.2
 10
-124.9
 20
-137.4
  0
LWPOLYLINE
  5
192
330
B3
100
AcDbEntity
  8
VEG-NERVIOS
100
AcDbPolyline
 90
5
 70
0
 10
-12.8
 20
-303.7
 10
-18.6
 20
-362.3
 10
-25.0
 20
-417.8
 10
-32.4
 20
-473.2
 10
-40.8
 20
-528.4
  0
LWPOLYLINE
  5
193
330
B3
100
AcDbEntity
  8
VEG-NERVIOS
100
AcDbPolyline
 90
2
 70
0
 10
-8.3
 20
-247.1
 10
-10.9
 20
-281.2
  0
LWPOLYLINE
  5
194
330
B3
100
AcDbEntity
  8
VEG-NERVIOS
100
AcDbPolyline
 90
2
 70
0
 10
-5.6
 20
-205.2
 10
-6.5
 20
-220.4
  0
LWPOLYLINE
  5
195
330
B3
100
AcDbEntity
  8
VEG-NERVIOS
100
AcDbPolyline
 90
2
 70
0
 10
-1.8
 20
-124.3
 10
-3.0
 20
-154.2
  0
LWPOLYLINE
  5
196
330
B3
100
AcDbEntity
  8
VEG-NERVIOS
100
AcDbPolyline
 90
2
 70
0
 10
-0.0
 20
-20.0
 10
-1.3
 20
-105.2
  0
LWPOLYLINE
  5
197
330
B3
100
AcDbEntity
  8
VEG-HOJAS
100
AcDbPolyline
 90
3
 70
0
 10
-128.1
 20
-381.0
 10
-147.3
 20
-393.9
 10
-130.2
 20
-376.8
  0
LWPOLYLINE
  5
198
330
B3
100
AcDbEntity
  8
VEG-HOJAS
100
AcDbPolyline
 90
2
 70
0
 10
-120.2
 20
-345.6
 10
-128.1
 20
-350.2
  0
LWPOLYLINE
  5
199
330
B3
100
AcDbEntity
  8
VEG-HOJAS
100
AcDbPolyline
 90
2
 70
0
 10
-126.6
 20
-343.6
 10
-122.2
 20
-339.5
  0
LWPOLYLINE
  5
19A
330
B3
100
AcDbEntity
  8
VEG-HOJAS
100
AcDbPolyline
 90
3
 70
0
 10
-113.9
 20
-404.6
 10
-145.4
 20
-427.8
 10
-118.3
 20
-397.9
  0
LWPOLYLINE
  5
19B
330
B3
100
AcDbEntity
  8
VEG-HOJAS
100
AcDbPolyline
 90
2
 70
0
 10
-117.3
 20
-364.2
 10
-113.8
 20
-360.9
  0
LWPOLYLINE
  5
19C
330
B3
100
AcDbEntity
  8
VEG-HOJAS
100
AcDbPolyline
 90
2
 70
0
 10
-116.7
 20
-323.2
 10
-111.0
 20
-317.2
  0
LWPOLYLINE
  5
19D
330
B3
100
AcDbEntity
  8
VEG-HOJAS
100
AcDbPolyline
 90
2
 70
0
 10
-109.4
 20
-323.3
 10
-116.3
 20
-327.8
  0
LWPOLYLINE
  5
19E
330
B3
100
AcDbEntity
  8
VEG-HOJAS
100
AcDbPolyline
 90
2
 70
0
 10
-109.6
 20
-369.3
 10
-113.8
 20
-372.0
  0
LWPOLYLINE
  5
19F
330
B3
100
AcDbEntity
  8
VEG-HOJAS
100
AcDbPolyline
 90
2
 70
0
 10
-112.8
 20
-331.1
 10
-108.2
 20
-327.0
  0
LWPOLYLINE
  5
1A0
330
B3
100
AcDbEntity
  8
VEG-HOJAS
100
AcDbPolyline
 90
5
 70
0
 10
-104.2
 20
-420.0
 10
-132.6
 20
-439.5
 10
-148.0
 20
-450.9
 10
-123.0
 20
-423.8
 10
-110.0
 20
-410.6
  0
LWPOLYLINE
  5
1A1
330
B3
100
AcDbEntity
  8
VEG-HOJAS
100
AcDbPolyline
 90
2
 70
0
 10
-109.0
 20
-388.1
 10
-102.8
 20
-381.9
  0
LWPOLYLINE
  5
1A2
330
B3
100
AcDbEntity
  8
VEG-HOJAS
100
AcDbPolyline
 90
2
 70
0
 10
-104.8
 20
-336.7
 10
-107.3
 20
-338.1
  0
LWPOLYLINE
  5
1A3
330
B3
100
AcDbEntity
  8
VEG-HOJAS
100
AcDbPolyline
 90
2
 70
0
 10
-96.8
 20
-392.5
 10
-106.9
 20
-399.7
  0
LWPOLYLINE
  5
1A4
330
B3
100
AcDbEntity
  8
VEG-HOJAS
100
AcDbPolyline
 90
2
 70
0
 10
-105.9
 20
-406.6
 10
-94.8
 20
-396.2
  0
LWPOLYLINE
  5
1A5
330
B3
100
AcDbEntity
  8
VEG-HOJAS
100
AcDbPolyline
 90
2
 70
0
 10
-87.6
 20
-408.6
 10
-104.2
 20
-419.9
  0
LWPOLYLINE
  5
1A6
330
B3
100
AcDbEntity
  8
VEG-HOJAS
100
AcDbPolyline
 90
2
 70
0
 10
-102.8
 20
-308.1
 10
-95.6
 20
-298.4
  0
LWPOLYLINE
  5
1A7
330
B3
100
AcDbEntity
  8
VEG-HOJAS
100
AcDbPolyline
 90
2
 70
0
 10
-89.8
 20
-310.6
 10
-97.4
 20
-315.5
  0
LWPOLYLINE
  5
1A8
330
B3
100
AcDbEntity
  8
VEG-HOJAS
100
AcDbPolyline
 90
2
 70
0
 10
-96.4
 20
-317.1
 10
-89.3
 20
-311.5
  0
LWPOLYLINE
  5
1A9
330
B3
100
AcDbEntity
  8
VEG-HOJAS
100
AcDbPolyline
 90
2
 70
0
 10
-95.1
 20
-227.8
 10
-83.6
 20
-216.4
  0
LWPOLYLINE
  5
1AA
330
B3
100
AcDbEntity
  8
VEG-HOJAS
100
AcDbPolyline
 90
2
 70
0
 10
-82.3
 20
-221.1
 10
-95.1
 20
-227.8
  0
LWPOLYLINE
  5
1AB
330
B3
100
AcDbEntity
  8
VEG-HOJAS
100
AcDbPolyline
 90
2
 70
0
 10
-82.7
 20
-324.0
 10
-90.3
 20
-328.4
  0
LWPOLYLINE
  5
1AC
330
B3
100
AcDbEntity
  8
VEG-HOJAS
100
AcDbPolyline
 90
2
 70
0
 10
-87.4
 20
-287.5
 10
-85.3
 20
-284.9
  0
LWPOLYLINE
  5
1AD
330
B3
100
AcDbEntity
  8
VEG-HOJAS
100
AcDbPolyline
 90
2
 70
0
 10
-84.9
 20
-384.1
 10
-86.9
 20
-385.5
  0
LWPOLYLINE
  5
1AE
330
B3
100
AcDbEntity
  8
VEG-HOJAS
100
AcDbPolyline
 90
2
 70
0
 10
-86.5
 20
-336.9
 10
-78.8
 20
-330.9
  0
LWPOLYLINE
  5
1AF
330
B3
100
AcDbEntity
  8
VEG-HOJAS
100
AcDbPolyline
 90
2
 70
0
 10
-86.1
 20
-388.5
 10
-83.9
 20
-386.6
  0
LWPOLYLINE
  5
1B0
330
B3
100
AcDbEntity
  8
VEG-HOJAS
100
AcDbPolyline
 90
2
 70
0
 10
-85.1
 20
-253.5
 10
-78.6
 20
-245.9
  0
LWPOLYLINE
  5
1B1
330
B3
100
AcDbEntity
  8
VEG-HOJAS
100
AcDbPolyline
 90
12
 70
0
 10
-33.9
 20
-412.0
 10
-49.5
 20
-422.6
 10
-60.9
 20
-429.3
 10
-86.7
 20
-443.0
 10
-114.6
 20
-456.7
 10
-142.8
 20
-478.4
 10
-131.4
 20
-465.0
 10
-155.2
 20
-477.3
 10
-129.0
 20
-455.6
 10
-111.1
 20
-441.7
 10
-99.9
 20
-429.8
 10
-84.2
 20
-414.6
  0
LWPOLYLINE
  5
1B2
330
B3
100
AcDbEntity
  8
VEG-HOJAS
100
AcDbPolyline
 90
2
 70
0
 10
-75.5
 20
-255.6
 10
-82.7
 20
-260.4
  0
LWPOLYLINE
  5
1B3
330
B3
100
AcDbEntity
  8
VEG-HOJAS
100
AcDbPolyline
 90
2
 70
0
 10
-77.4
 20
-401.4
 10
-82.4
 20
-405.0
  0
LWPOLYLINE
  5
1B4
330
B3
100
AcDbEntity
  8
VEG-HOJAS
100
AcDbPolyline
 90
2
 70
0
 10
-70.9
 20
-344.8
 10
-81.2
 20
-351.4
  0
LWPOLYLINE
  5
1B5
330
B3
100
AcDbEntity
  8
VEG-HOJAS
100
AcDbPolyline
 90
2
 70
0
 10
-81.1
 20
-411.8
 10
-75.2
 20
-406.5
  0
LWPOLYLINE
  5
1B6
330
B3
100
AcDbEntity
  8
VEG-HOJAS
100
AcDbPolyline
 90
2
 70
0
 10
-78.6
 20
-359.7
 10
-67.6
 20
-350.6
  0
LWPOLYLINE
  5
1B7
330
B3
100
AcDbEntity
  8
VEG-HOJAS
100
AcDbPolyline
 90
2
 70
0
 10
-74.9
 20
-272.1
 10
-71.2
 20
-267.8
  0
LWPOLYLINE
  5
1B8
330
B3
100
AcDbEntity
  8
VEG-HOJAS
100
AcDbPolyline
 90
2
 70
0
 10
-59.1
 20
-365.3
 10
-74.4
 20
-376.6
  0
LWPOLYLINE
  5
1B9
330
B3
100
AcDbEntity
  8
VEG-HOJAS
100
AcDbPolyline
 90
2
 70
0
 10
-74.0
 20
-378.6
 10
-58.2
 20
-366.9
  0
LWPOLYLINE
  5
1BA
330
B3
100
AcDbEntity
  8
VEG-HOJAS
100
AcDbPolyline
 90
2
 70
0
 10
-71.0
 20
-237.7
 10
-66.8
 20
-233.3
  0
LWPOLYLINE
  5
1BB
330
B3
100
AcDbEntity
  8
VEG-HOJAS
100
AcDbPolyline
 90
2
 70
0
 10
-51.2
 20
-382.3
 10
-70.7
 20
-396.7
  0
LWPOLYLINE
  5
1BC
330
B3
100
AcDbEntity
  8
VEG-HOJAS
100
AcDbPolyline
 90
2
 70
0
 10
-69.9
 20
-402.1
 10
-49.7
 20
-387.0
  0
LWPOLYLINE
  5
1BD
330
B3
100
AcDbEntity
  8
VEG-HOJAS
100
AcDbPolyline
 90
2
 70
0
 10
-55.3
 20
-207.5
 10
-63.5
 20
-211.7
  0
LWPOLYLINE
  5
1BE
330
B3
100
AcDbEntity
  8
VEG-HOJAS
100
AcDbPolyline
 90
2
 70
0
 10
-61.2
 20
-195.4
 10
-59.8
 20
-194.3
  0
LWPOLYLINE
  5
1BF
330
B3
100
AcDbEntity
  8
VEG-HOJAS
100
AcDbPolyline
 90
2
 70
0
 10
-55.2
 20
-307.5
 10
-58.9
 20
-309.8
  0
LWPOLYLINE
  5
1C0
330
B3
100
AcDbEntity
  8
VEG-HOJAS
100
AcDbPolyline
 90
2
 70
0
 10
-57.2
 20
-315.5
 10
-53.0
 20
-312.9
  0
LWPOLYLINE
  5
1C1
330
B3
100
AcDbEntity
  8
VEG-HOJAS
100
AcDbPolyline
 90
2
 70
0
 10
-56.1
 20
-222.9
 10
-51.1
 20
-218.2
  0
LWPOLYLINE
  5
1C2
330
B3
100
AcDbEntity
  8
VEG-HOJAS
100
AcDbPolyline
 90
2
 70
0
 10
-54.9
 20
-179.5
 10
-49.0
 20
-172.0
  0
LWPOLYLINE
  5
1C3
330
B3
100
AcDbEntity
  8
VEG-HOJAS
100
AcDbPolyline
 90
2
 70
0
 10
-46.6
 20
-328.4
 10
-52.7
 20
-332.7
  0
LWPOLYLINE
  5
1C4
330
B3
100
AcDbEntity
  8
VEG-HOJAS
100
AcDbPolyline
 90
2
 70
0
 10
-51.3
 20
-338.8
 10
-44.3
 20
-334.3
  0
LWPOLYLINE
  5
1C5
330
B3
100
AcDbEntity
  8
VEG-HOJAS
100
AcDbPolyline
 90
2
 70
0
 10
-44.3
 20
-233.8
 10
-48.9
 20
-237.2
  0
LWPOLYLINE
  5
1C6
330
B3
100
AcDbEntity
  8
VEG-HOJAS
100
AcDbPolyline
 90
2
 70
0
 10
-38.5
 20
-349.0
 10
-48.0
 20
-356.7
  0
LWPOLYLINE
  5
1C7
330
B3
100
AcDbEntity
  8
VEG-HOJAS
100
AcDbPolyline
 90
2
 70
0
 10
-47.5
 20
-360.0
 10
-36.6
 20
-354.0
  0
LWPOLYLINE
  5
1C8
330
B3
100
AcDbEntity
  8
VEG-HOJAS
100
AcDbPolyline
 90
2
 70
0
 10
-46.7
 20
-242.7
 10
-42.1
 20
-238.7
  0
LWPOLYLINE
  5
1C9
330
B3
100
AcDbEntity
  8
VEG-HOJAS
100
AcDbPolyline
 90
3
 70
0
 10
-44.8
 20
-403.1
 10
-45.6
 20
-403.7
 10
-44.7
 20
-403.4
  0
LWPOLYLINE
  5
1CA
330
B3
100
AcDbEntity
  8
VEG-HOJAS
100
AcDbPolyline
 90
2
 70
0
 10
-39.9
 20
-147.9
 10
-43.6
 20
-149.4
  0
LWPOLYLINE
  5
1CB
330
B3
100
AcDbEntity
  8
VEG-HOJAS
100
AcDbPolyline
 90
2
 70
0
 10
-40.4
 20
-399.1
 10
-43.1
 20
-401.6
  0
LWPOLYLINE
  5
1CC
330
B3
100
AcDbEntity
  8
VEG-HOJAS
100
AcDbPolyline
 90
2
 70
0
 10
-43.0
 20
-402.9
 10
-39.1
 20
-401.6
  0
LWPOLYLINE
  5
1CD
330
B3
100
AcDbEntity
  8
VEG-HOJAS
100
AcDbPolyline
 90
2
 70
0
 10
-32.0
 20
-366.6
 10
-42.9
 20
-375.8
  0
LWPOLYLINE
  5
1CE
330
B3
100
AcDbEntity
  8
VEG-HOJAS
100
AcDbPolyline
 90
2
 70
0
 10
-36.9
 20
-197.3
 10
-42.6
 20
-200.6
  0
LWPOLYLINE
  5
1CF
330
B3
100
AcDbEntity
  8
VEG-HOJAS
100
AcDbPolyline
 90
2
 70
0
 10
-41.6
 20
-163.5
 10
-35.5
 20
-157.3
  0
LWPOLYLINE
  5
1D0
330
B3
100
AcDbEntity
  8
VEG-HOJAS
100
AcDbPolyline
 90
2
 70
0
 10
-41.2
 20
-381.7
 10
-28.9
 20
-375.6
  0
LWPOLYLINE
  5
1D1
330
B3
100
AcDbEntity
  8
VEG-HOJAS
100
AcDbPolyline
 90
2
 70
0
 10
-38.2
 20
-207.9
 10
-33.1
 20
-204.2
  0
LWPOLYLINE
  5
1D2
330
B3
100
AcDbEntity
  8
VEG-HOJAS
100
AcDbPolyline
 90
4
 70
0
 10
-36.2
 20
-400.7
 10
-27.8
 20
-399.2
 10
-26.1
 20
-384.7
 10
-37.3
 20
-396.2
  0
LWPOLYLINE
  5
1D3
330
B3
100
AcDbEntity
  8
VEG-HOJAS
100
AcDbPolyline
 90
2
 70
0
 10
-36.6
 20
-135.0
 10
-31.7
 20
-129.0
  0
LWPOLYLINE
  5
1D4
330
B3
100
AcDbEntity
  8
VEG-HOJAS
100
AcDbPolyline
 90
2
 70
0
 10
-28.8
 20
-267.8
 10
-36.5
 20
-273.9
  0
LWPOLYLINE
  5
1D5
330
B3
100
AcDbEntity
  8
VEG-HOJAS
100
AcDbPolyline
 90
2
 70
0
 10
-35.7
 20
-277.2
 10
-26.3
 20
-273.3
  0
LWPOLYLINE
  5
1D6
330
B3
100
AcDbEntity
  8
VEG-HOJAS
100
AcDbPolyline
 90
152
 70
0
 10
-2.7
 20
-325.9
 10
9.0
 20
-333.2
 10
25.0
 20
-346.1
 10
42.0
 20
-362.5
 10
53.2
 20
-375.2
 10
63.8
 20
-388.4
 10
77.8
 20
-407.8
 10
102.4
 20
-447.1
 10
92.7
 20
-436.2
 10
76.2
 20
-419.1
 10
8.5
 20
-353.1
 10
-0.3
 20
-343.8
 10
-10.4
 20
-331.2
 10
-12.2
 20
-349.0
 10
-2.9
 20
-353.8
 10
5.8
 20
-359.9
 10
15.7
 20
-368.3
 10
26.3
 20
-378.5
 10
40.6
 20
-394.7
 10
54.3
 20
-412.4
 10
66.5
 20
-430.4
 10
77.7
 20
-448.8
 10
93.1
 20
-476.8
 10
84.0
 20
-465.6
 10
68.3
 20
-447.9
 10
4.3
 20
-379.7
 10
-4.0
 20
-370.1
 10
-13.1
 20
-357.7
 10
-15.0
 20
-375.2
 10
-6.5
 20
-380.5
 10
1.4
 20
-387.1
 10
10.4
 20
-395.9
 10
19.8
 20
-406.7
 10
33.9
 20
-425.7
 10
47.0
 20
-446.3
 10
54.6
 20
-460.1
 10
63.9
 20
-478.7
 10
76.7
 20
-507.0
 10
73.2
 20
-501.8
 10
81.2
 20
-515.5
 10
61.5
 20
-494.2
 10
5.9
 20
-438.8
 10
-10.9
 20
-420.2
 10
-19.0
 20
-409.3
 10
-21.2
 20
-427.0
 10
-14.2
 20
-431.7
 10
-3.8
 20
-441.9
 10
7.6
 20
-455.9
 10
15.3
 20
-467.2
 10
26.0
 20
-485.7
 10
35.2
 20
-504.5
 10
42.3
 20
-521.3
 10
52.1
 20
-546.6
 10
40.1
 20
-528.9
 10
-6.2
 20
-465.9
 10
-18.6
 20
-446.4
 10
-22.7
 20
-438.7
 10
-24.5
 20
-452.6
 10
-18.4
 20
-456.5
 10
-8.8
 20
-465.5
 10
1.5
 20
-477.9
 10
8.4
 20
-488.0
 10
18.0
 20
-504.6
 10
26.3
 20
-521.4
 10
41.6
 20
-559.1
 10
30.4
 20
-543.6
 10
7.8
 20
-514.8
 10
18.7
 20
-534.1
 10
33.4
 20
-566.0
 10
-11.2
 20
-516.6
 10
-23.2
 20
-501.0
 10
-29.8
 20
-490.0
 10
-31.8
 20
-503.0
 10
-27.7
 20
-504.8
 10
-22.9
 20
-507.9
 10
-17.6
 20
-512.3
 10
-12.2
 20
-517.9
 10
-6.9
 20
-524.5
 10
-1.8
 20
-531.8
 10
4.8
 20
-543.1
 10
19.0
 20
-572.5
 10
-7.6
 20
-547.7
 10
-19.8
 20
-535.3
 10
-29.7
 20
-522.9
 10
-33.8
 20
-516.3
 10
-35.7
 20
-528.2
 10
-29.8
 20
-530.6
 10
-26.1
 20
-533.4
 10
-18.9
 20
-541.6
 10
-12.9
 20
-551.9
 10
-3.6
 20
-575.2
 10
-27.7
 20
-556.3
 10
-35.5
 20
-548.0
 10
-38.2
 20
-544.0
 10
-38.8
 20
-546.2
 10
-40.0
 20
-547.7
 10
-41.7
 20
-548.7
 10
-44.1
 20
-548.9
 10
-46.0
 20
-548.2
 10
-47.4
 20
-546.9
 10
-48.2
 20
-545.1
 10
-48.2
 20
-542.8
 10
-56.4
 20
-548.4
 10
-61.6
 20
-551.0
 10
-72.3
 20
-555.2
 10
-90.4
 20
-561.2
 10
-74.4
 20
-542.3
 10
-65.6
 20
-534.5
 10
-56.3
 20
-528.9
 10
-51.9
 20
-527.3
 10
-45.6
 20
-526.7
 10
-43.6
 20
-514.4
 10
-49.9
 20
-519.6
 10
-63.3
 20
-527.9
 10
-78.9
 20
-535.4
 10
-112.2
 20
-549.1
 10
-89.1
 20
-527.1
 10
-79.1
 20
-518.8
 10
-72.0
 20
-513.7
 10
-58.0
 20
-505.8
 10
-51.6
 20
-503.3
 10
-46.0
 20
-501.8
 10
-41.6
 20
-501.4
 10
-39.4
 20
-486.3
 10
-51.5
 20
-494.9
 10
-59.7
 20
-499.5
 10
-68.9
 20
-504.0
 10
-88.5
 20
-512.4
 10
-130.0
 20
-528.4
 10
-98.0
 20
-503.2
 10
-134.3
 20
-523.5
 10
-101.6
 20
-491.9
 10
-87.5
 20
-479.9
 10
-77.5
 20
-472.3
 10
-67.5
 20
-465.5
 10
-53.5
 20
-457.6
 10
-41.5
 20
-452.4
 10
-34.4
 20
-450.8
 10
-32.2
 20
-434.4
 10
-41.0
 20
-441.8
 10
-49.8
 20
-447.9
 10
-71.5
 20
-461.1
 10
-146.6
 20
-500.3
 10
-113.6
 20
-471.5
 10
-97.5
 20
-459.0
 10
-80.3
 20
-447.0
 10
-68.8
 20
-440.0
 10
-52.8
 20
-431.8
 10
-39.3
 20
-426.6
 10
-31.0
 20
-425.0
 10
-28.8
 20
-407.8
 10
-33.5
 20
-411.6
  0
LWPOLYLINE
  5
1D7
330
B3
100
AcDbEntity
  8
VEG-HOJAS
100
AcDbPolyline
 90
2
 70
0
 10
-21.5
 20
-283.9
 10
-32.3
 20
-292.3
  0
LWPOLYLINE
  5
1D8
330
B3
100
AcDbEntity
  8
VEG-HOJAS
100
AcDbPolyline
 90
4
 70
0
 10
-30.7
 20
-300.9
 10
-19.5
 20
-296.7
 10
-17.2
 20
-296.3
 10
-17.0
 20
-294.0
  0
LWPOLYLINE
  5
1D9
330
B3
100
AcDbEntity
  8
VEG-HOJAS
100
AcDbPolyline
 90
2
 70
0
 10
-25.0
 20
-218.4
 10
-30.4
 20
-223.0
  0
LWPOLYLINE
  5
1DA
330
B3
100
AcDbEntity
  8
VEG-HOJAS
100
AcDbPolyline
 90
4
 70
0
 10
-27.4
 20
-325.2
 10
-19.6
 20
-322.5
 10
-18.0
 20
-305.1
 10
-28.6
 20
-314.8
  0
LWPOLYLINE
  5
1DB
330
B3
100
AcDbEntity
  8
VEG-HOJAS
100
AcDbPolyline
 90
2
 70
0
 10
-28.2
 20
-227.9
 10
-21.9
 20
-223.9
  0
LWPOLYLINE
  5
1DC
330
B3
100
AcDbEntity
  8
VEG-HOJAS
100
AcDbPolyline
 90
2
 70
0
 10
-26.1
 20
-141.8
 10
-27.9
 20
-142.7
  0
LWPOLYLINE
  5
1DD
330
B3
100
AcDbEntity
  8
VEG-HOJAS
100
AcDbPolyline
 90
2
 70
0
 10
-26.2
 20
-361.1
 10
-27.5
 20
-362.3
  0
LWPOLYLINE
  5
1DE
330
B3
100
AcDbEntity
  8
VEG-HOJAS
100
AcDbPolyline
 90
4
 70
0
 10
-25.4
 20
-349.1
 10
-22.1
 20
-348.3
 10
-20.5
 20
-332.0
 10
-26.2
 20
-337.9
  0
LWPOLYLINE
  5
1DF
330
B3
100
AcDbEntity
  8
VEG-HOJAS
100
AcDbPolyline
 90
3
 70
0
 10
-25.9
 20
-374.5
 10
-24.9
 20
-374.3
 10
-24.4
 20
-369.1
  0
LWPOLYLINE
  5
1E0
330
B3
100
AcDbEntity
  8
VEG-HOJAS
100
AcDbPolyline
 90
3
 70
0
 10
-24.3
 20
-368.5
 10
-23.1
 20
-357.8
 10
-24.8
 20
-359.6
  0
LWPOLYLINE
  5
1E1
330
B3
100
AcDbEntity
  8
VEG-HOJAS
100
AcDbPolyline
 90
2
 70
0
 10
-18.9
 20
-185.2
 10
-22.7
 20
-188.0
  0
LWPOLYLINE
  5
1E2
330
B3
100
AcDbEntity
  8
VEG-HOJAS
100
AcDbPolyline
 90
2
 70
0
 10
-15.5
 20
-234.8
 10
-22.4
 20
-242.5
  0
LWPOLYLINE
  5
1E3
330
B3
100
AcDbEntity
  8
VEG-HOJAS
100
AcDbPolyline
 90
3
 70
0
 10
-20.8
 20
-246.9
 10
-13.1
 20
-244.5
 10
-12.8
 20
-239.5
  0
LWPOLYLINE
  5
1E4
330
B3
100
AcDbEntity
  8
VEG-HOJAS
100
AcDbPolyline
 90
2
 70
0
 10
-20.3
 20
-118.5
 10
-12.6
 20
-114.4
  0
LWPOLYLINE
  5
1E5
330
B3
100
AcDbEntity
  8
VEG-HOJAS
100
AcDbPolyline
 90
2
 70
0
 10
-18.3
 20
-195.6
 10
-13.4
 20
-193.6
  0
LWPOLYLINE
  5
1E6
330
B3
100
AcDbEntity
  8
VEG-HOJAS
100
AcDbPolyline
 90
3
 70
0
 10
-14.7
 20
-266.2
 10
-13.8
 20
-253.9
 10
-17.3
 20
-257.6
  0
LWPOLYLINE
  5
1E7
330
B3
100
AcDbEntity
  8
VEG-HOJAS
100
AcDbPolyline
 90
3
 70
0
 10
-10.9
 20
-210.4
 10
-10.5
 20
-203.8
 10
-12.8
 20
-206.4
  0
LWPOLYLINE
  5
1E8
330
B3
100
AcDbEntity
  8
VEG-HOJAS
100
AcDbPolyline
 90
4
 70
0
 10
-8.1
 20
-140.2
 10
-7.4
 20
-140.1
 10
-7.0
 20
-128.9
 10
-11.5
 20
-132.9
  0
LWPOLYLINE
  5
1E9
330
B3
100
AcDbEntity
  8
VEG-HOJAS
100
AcDbPolyline
 90
3
 70
0
 10
-8.7
 20
-313.6
 10
-9.6
 20
-322.9
 10
-4.2
 20
-325.2
  0
LWPOLYLINE
  5
1EA
330
B3
100
AcDbEntity
  8
VEG-HOJAS
100
AcDbPolyline
 90
2
 70
0
 10
-6.0
 20
-96.4
 10
-5.1
 20
-34.6
  0
LWPOLYLINE
  5
1EB
330
B3
100
AcDbEntity
  8
VEG-HOJAS
100
AcDbPolyline
 90
14
 70
0
 10
13.2
 20
-284.4
 10
20.9
 20
-291.5
 10
35.6
 20
-308.0
 10
50.1
 20
-327.2
 10
59.0
 20
-340.8
 10
74.0
 20
-367.1
 10
90.6
 20
-400.6
 10
73.5
 20
-378.5
 10
84.2
 20
-395.6
 10
100.1
 20
-423.3
 10
90.8
 20
-412.2
 10
74.9
 20
-394.8
 10
9.7
 20
-327.6
 10
-5.2
 20
-309.9
  0
LWPOLYLINE
  5
1EC
330
B3
100
AcDbEntity
  8
VEG-HOJAS
100
AcDbPolyline
 90
40
 70
0
 10
-2.3
 20
-15.5
 10
-0.0
 20
-15.0
 10
2.3
 20
-15.6
 10
4.1
 20
-17.2
 10
4.9
 20
-19.5
 10
4.6
 20
-66.9
 10
3.5
 20
-113.8
 10
9.6
 20
-115.7
 10
13.6
 20
-118.1
 10
21.5
 20
-125.6
 10
28.4
 20
-135.3
 10
39.9
 20
-157.7
 10
14.1
 20
-141.1
 10
9.6
 20
-137.4
 10
2.9
 20
-130.4
 10
2.6
 20
-139.9
 10
6.9
 20
-140.8
 10
12.3
 20
-143.0
 10
18.3
 20
-146.3
 10
24.8
 20
-150.8
 10
31.3
 20
-156.3
 10
37.7
 20
-162.5
 10
46.5
 20
-172.4
 10
66.1
 20
-198.6
 10
35.1
 20
-179.2
 10
20.7
 20
-169.4
 10
8.5
 20
-159.1
 10
2.1
 20
-151.9
 10
1.5
 20
-166.5
 10
7.2
 20
-168.5
 10
13.4
 20
-171.8
 10
20.5
 20
-176.6
 10
28.0
 20
-182.8
 10
35.7
 20
-190.0
 10
46.7
 20
-202.3
 10
56.6
 20
-215.1
 10
76.2
 20
-244.4
 10
24.3
 20
-202.4
 10
9.9
 20
-188.7
 10
4.0
 20
-182.0
  0
LWPOLYLINE
  5
1ED
330
B3
100
AcDbEntity
  8
VEG-HOJAS
100
AcDbPolyline
 90
6
 70
0
 10
3.8
 20
-249.1
 10
12.9
 20
-255.8
 10
24.6
 20
-266.5
 10
9.1
 20
-247.5
 10
-2.2
 20
-231.0
 10
-2.2
 20
-231.4
  0
LWPOLYLINE
  5
1EE
330
B3
100
AcDbEntity
  8
VEG-HOJAS
100
AcDbPolyline
 90
3
 70
0
 10
-1.0
 20
-212.0
 10
-1.4
 20
-219.5
 10
7.8
 20
-225.1
  0
LWPOLYLINE
  5
1EF
330
B3
100
AcDbEntity
  8
VEG-HOJAS
100
AcDbPolyline
 90
5
 70
0
 10
-0.3
 20
-261.1
 10
-3.9
 20
-255.6
 10
-5.1
 20
-271.5
 10
3.5
 20
-276.5
 10
11.5
 20
-282.8
  0
LWPOLYLINE
  5
1F0
330
B3
100
AcDbEntity
  8
VEG-HOJAS
100
AcDbPolyline
 90
2
 70
0
 10
0.5
 20
-186.8
 10
0.4
 20
-188.4
  0
LWPOLYLINE
  5
1F1
330
B3
100
AcDbEntity
  8
VEG-HOJAS
100
AcDbPolyline
 90
2
 70
0
 10
2.4
 20
-193.0
 10
4.6
 20
-193.8
  0
LWPOLYLINE
  5
1F2
330
B3
100
AcDbEntity
  8
VEG-HOJAS
100
AcDbPolyline
 90
10
 70
0
 10
6.3
 20
-194.4
 10
14.5
 20
-198.3
 10
27.5
 20
-206.9
 10
41.3
 20
-218.2
 10
50.5
 20
-227.0
 10
67.3
 20
-245.8
 10
92.0
 20
-278.2
 10
77.1
 20
-266.2
 10
30.5
 20
-231.2
 10
9.9
 20
-213.2
  0
LWPOLYLINE
  5
1F3
330
B3
100
AcDbEntity
  8
VEG-HOJAS
100
AcDbPolyline
 90
17
 70
0
 10
15.5
 20
-231.5
 10
21.2
 20
-236.8
 10
29.7
 20
-246.0
 10
38.3
 20
-256.7
 10
50.5
 20
-274.3
 10
61.2
 20
-292.3
 10
69.7
 20
-308.5
 10
81.6
 20
-333.0
 10
68.2
 20
-316.3
 10
44.1
 20
-288.8
 10
54.6
 20
-303.3
 10
66.8
 20
-322.4
 10
76.5
 20
-339.7
 10
90.0
 20
-365.8
 10
71.4
 20
-343.4
 10
28.2
 20
-295.8
 10
11.1
 20
-276.0
  0
LWPOLYLINE
  5
1F4
330
B3
100
AcDbEntity
  8
VEG-HOJAS
100
AcDbPolyline
 90
6
 70
1
 10
-35.9
 20
-461.8
 10
-49.2
 20
-473.2
 10
-62.1
 20
-482.1
 10
-50.7
 20
-477.8
 10
-43.8
 20
-476.2
 10
-37.9
 20
-475.8
  0
LWPOLYLINE
  5
1F5
330
B3
100
AcDbEntity
  8
VEG-HOJAS
100
AcDbPolyline
 90
6
 70
1
 10
-28.0
 20
-477.8
 10
-22.7
 20
-480.6
 10
-17.1
 20
-484.8
 10
-8.4
 20
-493.4
 10
-18.4
 20
-478.8
 10
-26.2
 20
-464.8
  0
LWPOLYLINE
  5
1F6
330
B3
100
AcDbEntity
  8
VEG-HOJAS
100
AcDbPolyline
 90
5
 70
1
 10
-17.9
 20
-400.5
 10
-9.5
 20
-404.5
 10
4.1
 20
-414.2
 10
-9.1
 20
-396.4
 10
-16.1
 20
-385.1
  0
LWPOLYLINE
  5
1F7
330
B3
100
AcDbEntity
  8
VEG-HOJAS
100
AcDbPolyline
 90
6
 70
1
 10
2.1
 20
-301.8
 10
10.9
 20
-307.8
 10
18.2
 20
-313.8
 10
1.4
 20
-292.5
 10
-5.9
 20
-281.5
 10
-7.2
 20
-297.1
  0
LWPOLYLINE
  5
1F8
330
B3
100
AcDbEntity
  8
VEG-NERVIOS
100
AcDbPolyline
 90
11
 70
0
 10
-2.8
 20
19.8
 10
-8.1
 20
59.3
 10
-11.6
 20
91.0
 10
-16.8
 20
154.6
 10
-19.7
 20
218.3
 10
-20.3
 20
282.0
 10
-18.5
 20
345.8
 10
-14.3
 20
409.4
 10
-10.5
 20
449.1
 10
-6.8
 20
480.7
 10
2.4
 20
543.8
  0
LWPOLYLINE
  5
1F9
330
B3
100
AcDbEntity
  8
VEG-HOJAS
100
AcDbPolyline
 90
2
 70
0
 10
-121.0
 20
295.6
 10
-130.1
 20
306.9
  0
LWPOLYLINE
  5
1FA
330
B3
100
AcDbEntity
  8
VEG-HOJAS
100
AcDbPolyline
 90
2
 70
0
 10
-130.0
 20
307.6
 10
-119.7
 20
299.6
  0
LWPOLYLINE
  5
1FB
330
B3
100
AcDbEntity
  8
VEG-HOJAS
100
AcDbPolyline
 90
2
 70
0
 10
-114.5
 20
315.0
 10
-127.9
 20
331.8
  0
LWPOLYLINE
  5
1FC
330
B3
100
AcDbEntity
  8
VEG-HOJAS
100
AcDbPolyline
 90
2
 70
0
 10
-127.5
 20
336.5
 10
-111.6
 20
323.8
  0
LWPOLYLINE
  5
1FD
330
B3
100
AcDbEntity
  8
VEG-HOJAS
100
AcDbPolyline
 90
2
 70
0
 10
-108.3
 20
280.5
 10
-110.7
 20
283.2
  0
LWPOLYLINE
  5
1FE
330
B3
100
AcDbEntity
  8
VEG-HOJAS
100
AcDbPolyline
 90
2
 70
0
 10
-109.2
 20
292.0
 10
-105.7
 20
289.5
  0
LWPOLYLINE
  5
1FF
330
B3
100
AcDbEntity
  8
VEG-HOJAS
100
AcDbPolyline
 90
2
 70
0
 10
-102.3
 20
301.1
 10
-107.1
 20
306.3
  0
LWPOLYLINE
  5
200
330
B3
100
AcDbEntity
  8
VEG-HOJAS
100
AcDbPolyline
 90
2
 70
0
 10
-105.5
 20
319.1
 10
-98.7
 20
313.9
  0
LWPOLYLINE
  5
201
330
B3
100
AcDbEntity
  8
VEG-HOJAS
100
AcDbPolyline
 90
281
 70
0
 10
-105.2
 20
344.1
 10
-118.6
 20
363.6
 10
-135.0
 20
390.3
 10
-121.9
 20
376.1
 10
-104.2
 20
358.5
 10
-43.1
 20
301.6
 10
-34.5
 20
292.9
 10
-25.3
 20
282.2
 10
-25.0
 20
299.0
 10
-34.6
 20
302.9
 10
-43.8
 20
308.3
 10
-54.3
 20
315.8
 10
-65.7
 20
325.2
 10
-81.2
 20
340.3
 10
-96.1
 20
357.1
 10
-109.6
 20
374.5
 10
-121.9
 20
392.4
 10
-138.9
 20
420.0
 10
-117.1
 20
396.8
 10
-80.8
 20
362.4
 10
-98.6
 20
380.8
 10
-112.9
 20
397.9
 10
-126.1
 20
415.6
 10
-144.4
 20
442.8
 10
-134.2
 20
432.2
 10
-116.6
 20
415.7
 10
-44.8
 20
353.6
 10
-35.3
 20
344.9
 10
-24.0
 20
332.9
 10
-23.2
 20
350.9
 10
-33.0
 20
354.7
 10
-42.3
 20
359.9
 10
-53.1
 20
367.2
 10
-64.7
 20
376.5
 10
-80.7
 20
391.4
 10
-96.1
 20
408.0
 10
-110.0
 20
425.3
 10
-122.7
 20
443.1
 10
-140.4
 20
470.6
 10
-126.6
 20
455.9
 10
-107.8
 20
438.0
 10
-42.9
 20
379.9
 10
-33.7
 20
371.1
 10
-22.8
 20
359.1
 10
-21.7
 20
377.7
 10
-30.3
 20
382.9
 10
-38.4
 20
389.6
 10
-47.5
 20
398.5
 10
-57.1
 20
409.4
 10
-69.9
 20
426.6
 10
-81.7
 20
445.3
 10
-92.1
 20
464.3
 10
-101.3
 20
483.8
 10
-113.6
 20
513.2
 10
-105.8
 20
501.1
 10
-92.1
 20
482.0
 10
-35.3
 20
409.1
 10
-27.9
 20
399.0
 10
-21.0
 20
388.1
 10
-19.8
 20
403.7
 10
-27.7
 20
408.9
 10
-39.5
 20
419.9
 10
-52.5
 20
435.1
 10
-61.3
 20
447.5
 10
-73.6
 20
467.9
 10
-86.1
 20
493.3
 10
-99.3
 20
513.8
 10
-113.4
 20
538.4
 10
-97.4
 20
521.0
 10
-103.1
 20
536.2
 10
-85.6
 20
509.2
 10
-40.5
 20
465.3
 10
-24.2
 20
447.8
 10
-16.7
 20
437.9
 10
-14.8
 20
455.3
 10
-21.5
 20
459.3
 10
-31.7
 20
468.5
 10
-42.8
 20
481.3
 10
-50.3
 20
491.8
 10
-57.4
 20
503.2
 10
-66.9
 20
521.0
 10
-74.6
 20
537.9
 10
-84.8
 20
563.9
 10
-87.3
 20
568.1
 10
-74.7
 20
555.7
 10
-35.2
 20
519.1
 10
-20.5
 20
503.8
 10
-10.5
 20
490.7
 10
-8.5
 20
505.6
 10
-13.3
 20
507.3
 10
-18.9
 20
510.4
 10
-25.1
 20
514.8
 10
-31.7
 20
520.5
 10
-38.3
 20
527.3
 10
-47.6
 20
538.8
 10
-55.9
 20
550.8
 10
-71.9
 20
578.3
 10
-26.4
 20
539.4
 10
-14.0
 20
526.6
 10
-6.9
 20
516.9
 10
-4.7
 20
531.1
 10
-8.0
 20
532.0
 10
-12.4
 20
534.2
 10
-17.2
 20
537.6
 10
-27.0
 20
547.3
 10
-31.6
 20
553.2
 10
-39.6
 20
565.9
 10
-50.7
 20
587.6
 10
-20.3
 20
563.9
 10
-9.9
 20
554.0
 10
-2.6
 20
544.3
 10
0.6
 20
562.1
 10
1.8
 20
563.7
 10
4.0
 20
564.8
 10
5.9
 20
564.8
 10
8.2
 20
563.8
 10
9.7
 20
561.9
 10
10.1
 20
559.5
 10
7.2
 20
542.4
 10
17.6
 20
549.1
 10
30.7
 20
554.6
 10
67.4
 20
564.8
 10
43.8
 20
545.4
 10
31.5
 20
537.2
 10
19.0
 20
531.5
 10
13.4
 20
530.0
 10
8.5
 20
529.3
 10
5.1
 20
529.5
 10
3.0
 20
515.1
 10
13.0
 20
522.2
 10
28.8
 20
530.0
 10
46.6
 20
536.8
 10
84.6
 20
549.0
 10
52.8
 20
525.4
 10
36.3
 20
515.3
 10
20.0
 20
507.8
 10
12.7
 20
505.5
 10
6.4
 20
504.3
 10
1.4
 20
504.1
 10
-0.6
 20
489.6
 10
12.2
 20
499.4
 10
30.4
 20
509.9
 10
50.9
 20
519.7
 10
94.3
 20
538.4
 10
66.6
 20
515.5
 10
53.9
 20
505.9
 10
97.7
 20
531.1
 10
64.1
 20
498.6
 10
49.7
 20
485.9
 10
39.5
 20
477.8
 10
24.3
 20
467.4
 10
10.4
 20
459.4
 10
2.6
 20
455.9
 10
-4.9
 20
453.9
 10
-6.5
 20
439.1
 10
0.6
 20
446.6
 10
8.8
 20
454.1
 10
29.4
 20
470.1
 10
52.6
 20
486.2
 10
101.3
 20
518.2
 10
66.0
 20
481.1
 10
50.7
 20
466.7
 10
39.9
 20
457.3
 10
23.8
 20
445.1
 10
9.0
 20
435.5
 10
0.7
 20
431.3
 10
-7.6
 20
428.4
 10
-9.1
 20
410.9
 10
1.4
 20
420.1
 10
22.2
 20
434.4
 10
47.6
 20
449.5
 10
77.4
 20
465.7
 10
102.5
 20
485.8
 10
92.6
 20
473.8
 10
115.6
 20
486.5
 10
72.8
 20
449.9
 10
50.1
 20
424.9
 10
27.4
 20
403.3
 10
16.4
 20
394.3
 10
6.3
 20
386.8
 10
-2.6
 20
381.3
 10
-11.7
 20
377.1
 10
-12.8
 20
358.8
 10
-1.0
 20
369.4
 10
20.9
 20
385.2
 10
47.7
 20
402.2
 10
119.0
 20
444.2
 10
88.5
 20
416.6
 10
108.5
 20
431.5
 10
90.9
 20
412.0
 10
94.9
 20
415.8
 10
65.1
 20
375.6
 10
48.6
 20
355.4
 10
34.2
 20
339.4
 10
17.9
 20
323.3
 10
2.7
 20
310.4
 10
-6.0
 20
304.3
 10
-15.0
 20
299.5
 10
-15.3
 20
280.7
 10
-4.1
 20
291.0
 10
5.5
 20
298.5
 10
29.3
 20
314.6
 10
110.8
 20
363.4
 10
69.3
 20
325.5
 10
51.4
 20
310.8
 10
38.9
 20
301.3
 10
20.4
 20
289.0
 10
3.5
 20
279.4
 10
-5.8
 20
275.3
 10
-15.3
 20
272.5
 10
-15.3
 20
255.6
 10
-6.2
 20
265.3
 10
2.4
 20
272.9
 10
23.9
 20
289.5
 10
48.1
 20
306.1
 10
98.7
 20
339.6
 10
59.7
 20
299.4
 10
47.3
 20
282.0
 10
35.0
 20
266.0
 10
17.0
 20
245.9
 10
8.1
 20
237.4
 10
-0.1
 20
230.4
 10
-7.5
 20
225.2
 10
-14.8
 20
221.4
 10
-14.4
 20
207.0
 10
-4.6
 20
220.0
 10
11.1
 20
236.2
 10
29.2
 20
252.6
 10
67.8
 20
285.1
 10
42.4
 20
248.7
 10
31.3
 20
234.3
 10
23.2
 20
224.9
 10
10.9
 20
212.6
 10
-0.7
 20
202.7
 10
-7.4
 20
198.2
 10
-13.9
 20
195.1
 10
-13.3
 20
180.0
 10
-4.6
 20
190.5
 10
9.8
 20
203.6
 10
26.6
 20
216.4
 10
62.6
 20
241.5
 10
38.9
 20
211.1
 10
28.6
 20
199.2
 10
21.1
 20
191.5
 10
6.1
 20
178.6
 10
-0.9
 20
173.9
 10
-7.1
 20
170.5
 10
-12.7
 20
168.5
 10
-11.9
 20
156.6
 10
-2.9
 20
167.9
 10
9.3
 20
179.4
 10
44.7
 20
206.3
 10
25.6
 20
176.1
 10
15.0
 20
162.4
 10
3.6
 20
151.1
 10
-1.9
 20
147.0
 10
-6.9
 20
144.1
 10
-11.0
 20
142.6
 10
-10.2
 20
132.4
 10
-3.7
 20
139.8
 10
0.7
 20
143.5
 10
10.1
 20
150.1
 10
26.2
 20
160.2
 10
15.2
 20
138.3
 10
8.6
 20
128.5
 10
1.0
 20
120.9
 10
-2.9
 20
118.3
 10
-8.9
 20
116.1
 10
-4.5
 20
71.9
 10
2.2
 20
20.0
 10
1.2
 20
16.8
 10
-1.2
 20
15.1
 10
-3.6
 20
14.9
 10
-5.4
 20
15.5
 10
-7.1
 20
17.2
 10
-7.8
 20
19.1
 10
-14.4
 20
70.5
 10
-18.8
 20
114.8
 10
-25.1
 20
115.2
 10
-29.5
 20
116.7
 10
-34.9
 20
119.6
  0
LWPOLYLINE
  5
202
330
B3
100
AcDbEntity
  8
VEG-HOJAS
100
AcDbPolyline
 90
2
 70
0
 10
-94.4
 20
330.1
 10
-103.3
 20
341.6
  0
LWPOLYLINE
  5
203
330
B3
100
AcDbEntity
  8
VEG-HOJAS
100
AcDbPolyline
 90
2
 70
0
 10
-86.5
 20
252.1
 10
-98.3
 20
269.6
  0
LWPOLYLINE
  5
204
330
B3
100
AcDbEntity
  8
VEG-HOJAS
100
AcDbPolyline
 90
2
 70
0
 10
-96.7
 20
283.3
 10
-79.1
 20
271.1
  0
LWPOLYLINE
  5
205
330
B3
100
AcDbEntity
  8
VEG-HOJAS
100
AcDbPolyline
 90
2
 70
0
 10
-77.0
 20
276.6
 10
-95.8
 20
294.2
  0
LWPOLYLINE
  5
206
330
B3
100
AcDbEntity
  8
VEG-HOJAS
100
AcDbPolyline
 90
3
 70
0
 10
-95.4
 20
228.8
 10
-103.2
 20
238.9
 10
-94.1
 20
232.3
  0
LWPOLYLINE
  5
207
330
B3
100
AcDbEntity
  8
VEG-HOJAS
100
AcDbPolyline
 90
2
 70
0
 10
-94.6
 20
310.8
 10
-70.9
 20
293.1
  0
LWPOLYLINE
  5
208
330
B3
100
AcDbEntity
  8
VEG-HOJAS
100
AcDbPolyline
 90
3
 70
0
 10
-68.0
 20
301.6
 10
-81.3
 20
315.0
 10
-93.6
 20
329.1
  0
LWPOLYLINE
  5
209
330
B3
100
AcDbEntity
  8
VEG-HOJAS
100
AcDbPolyline
 90
2
 70
0
 10
-80.1
 20
209.7
 10
-83.7
 20
213.8
  0
LWPOLYLINE
  5
20A
330
B3
100
AcDbEntity
  8
VEG-HOJAS
100
AcDbPolyline
 90
2
 70
0
 10
-81.1
 20
223.6
 10
-76.1
 20
220.3
  0
LWPOLYLINE
  5
20B
330
B3
100
AcDbEntity
  8
VEG-HOJAS
100
AcDbPolyline
 90
2
 70
0
 10
-71.4
 20
232.2
 10
-77.4
 20
239.6
  0
LWPOLYLINE
  5
20C
330
B3
100
AcDbEntity
  8
VEG-HOJAS
100
AcDbPolyline
 90
2
 70
0
 10
-72.5
 20
266.6
 10
-61.2
 20
258.7
  0
LWPOLYLINE
  5
20D
330
B3
100
AcDbEntity
  8
VEG-HOJAS
100
AcDbPolyline
 90
2
 70
0
 10
-59.5
 20
263.2
 10
-71.6
 20
272.2
  0
LWPOLYLINE
  5
20E
330
B3
100
AcDbEntity
  8
VEG-HOJAS
100
AcDbPolyline
 90
9
 70
0
 10
-68.9
 20
291.7
 10
-43.9
 20
272.3
 10
-35.1
 20
264.8
 10
-25.3
 20
255.1
 10
-25.3
 20
273.0
 10
-34.5
 20
276.7
 10
-43.4
 20
281.9
 10
-53.5
 20
289.2
 10
-67.6
 20
301.2
  0
LWPOLYLINE
  5
20F
330
B3
100
AcDbEntity
  8
VEG-HOJAS
100
AcDbPolyline
 90
2
 70
0
 10
-55.5
 20
167.1
 10
-62.4
 20
175.8
  0
LWPOLYLINE
  5
210
330
B3
100
AcDbEntity
  8
VEG-HOJAS
100
AcDbPolyline
 90
3
 70
0
 10
-62.2
 20
147.8
 10
-63.9
 20
149.7
 10
-61.9
 20
148.8
  0
LWPOLYLINE
  5
211
330
B3
100
AcDbEntity
  8
VEG-HOJAS
100
AcDbPolyline
 90
3
 70
0
 10
-61.4
 20
190.0
 10
-59.3
 20
188.6
 10
-61.3
 20
190.4
  0
LWPOLYLINE
  5
212
330
B3
100
AcDbEntity
  8
VEG-HOJAS
100
AcDbPolyline
 90
10
 70
0
 10
-60.8
 20
210.1
 10
-40.2
 20
195.2
 10
-32.9
 20
189.2
 10
-23.3
 20
179.5
 10
-23.9
 20
194.7
 10
-30.7
 20
197.3
 10
-37.7
 20
201.3
 10
-45.7
 20
207.0
 10
-54.3
 20
214.3
 10
-60.7
 20
220.6
  0
LWPOLYLINE
  5
213
330
B3
100
AcDbEntity
  8
VEG-HOJAS
100
AcDbPolyline
 90
8
 70
0
 10
-58.9
 20
257.0
 10
-41.9
 20
244.4
 10
-33.6
 20
237.6
 10
-25.0
 20
229.2
 10
-25.3
 20
246.4
 10
-34.1
 20
249.0
 10
-43.0
 20
253.1
 10
-58.2
 20
262.4
  0
LWPOLYLINE
  5
214
330
B3
100
AcDbEntity
  8
VEG-HOJAS
100
AcDbPolyline
 90
3
 70
0
 10
-36.6
 20
120.7
 10
-43.5
 20
126.0
 10
-50.5
 20
133.2
  0
LWPOLYLINE
  5
215
330
B3
100
AcDbEntity
  8
VEG-HOJAS
100
AcDbPolyline
 90
11
 70
0
 10
-49.6
 20
144.6
 10
-40.5
 20
141.4
 10
-29.9
 20
136.5
 10
-25.2
 20
133.6
 10
-20.0
 20
129.4
 10
-21.0
 20
142.0
 10
-25.3
 20
143.2
 10
-30.6
 20
145.6
 10
-36.4
 20
149.2
 10
-42.6
 20
154.0
 10
-49.2
 20
160.1
  0
LWPOLYLINE
  5
216
330
B3
100
AcDbEntity
  8
VEG-HOJAS
100
AcDbPolyline
 90
9
 70
1
 10
-74.0
 20
356.2
 10
-43.9
 20
328.2
 10
-34.9
 20
319.3
 10
-24.8
 20
307.7
 10
-24.3
 20
324.8
 10
-34.2
 20
328.4
 10
-43.7
 20
333.5
 10
-60.6
 20
345.2
 10
-75.3
 20
357.4
  0
LWPOLYLINE
  5
217
330
B3
100
AcDbEntity
  8
VEG-HOJAS
100
AcDbPolyline
 90
6
 70
1
 10
-34.9
 20
172.0
 10
-42.1
 20
175.9
 10
-31.4
 20
166.9
 10
-22.0
 20
156.8
 10
-22.6
 20
168.0
 10
-28.4
 20
169.3
  0
LWPOLYLINE
  5
218
330
B3
100
AcDbEntity
  8
VEG-HOJAS
100
AcDbPolyline
 90
5
 70
1
 10
-32.9
 20
222.2
 10
-41.9
 20
226.1
 10
-35.0
 20
219.1
 10
-24.4
 20
206.6
 10
-24.8
 20
220.2
  0
LWPOLYLINE
  5
219
330
B3
100
AcDbEntity
  8
VEG-HOJAS
100
AcDbPolyline
 90
5
 70
1
 10
-17.6
 20
428.8
 10
-25.6
 20
432.3
 10
-32.6
 20
436.7
 10
-24.5
 20
424.6
 10
-18.8
 20
414.9
  0
LWPOLYLINE
  5
21A
330
B3
100
AcDbEntity
  8
VEG-HOJAS
100
AcDbPolyline
 90
5
 70
1
 10
-14.8
 20
310.2
 10
-7.0
 20
320.4
 10
7.3
 20
336.0
 10
-4.6
 20
329.0
 10
-14.3
 20
325.0
  0
LWPOLYLINE
  5
21B
330
B3
100
AcDbEntity
  8
VEG-HOJAS
100
AcDbPolyline
 90
6
 70
1
 10
-14.0
 20
334.3
 10
-4.0
 20
345.1
 10
16.2
 20
362.9
 10
6.5
 20
357.8
 10
-3.2
 20
353.4
 10
-13.2
 20
350.5
  0
LWPOLYLINE
  5
21C
330
B3
100
AcDbEntity
  8
VEG-HOJAS
100
AcDbPolyline
 90
5
 70
1
 10
-11.9
 20
480.2
 10
-18.0
 20
482.6
 10
-26.9
 20
488.4
 10
-17.2
 20
473.8
 10
-13.5
 20
467.1
  0
LWPOLYLINE
  5
21D
330
B3
100
AcDbEntity
  8
VEG-HOJAS
100
AcDbPolyline
 90
5
 70
1
 10
-11.0
 20
387.8
 10
-2.9
 20
397.3
 10
7.4
 20
407.7
 10
-0.6
 20
404.5
 10
-9.9
 20
402.1
  0
LWPOLYLINE
  5
21E
330
B3
100
AcDbEntity
  8
VEG-HOJAS
100
AcDbPolyline
 90
6
 70
1
 10
-10.1
 20
240.1
 10
-3.4
 20
248.4
 10
1.5
 20
253.8
 10
-6.5
 20
249.7
 10
-15.3
 20
246.7
 10
-15.1
 20
233.0
  0
LWPOLYLINE
  5
21F
330
B3
100
AcDbEntity
  8
VEG-HOJAS
100
AcDbPolyline
 90
7
 70
1
 10
-3.7
 20
464.8
 10
2.5
 20
470.8
 10
10.2
 20
477.3
 10
25.4
 20
488.2
 10
11.7
 20
482.1
 10
4.5
 20
479.9
 10
-2.0
 20
479.0
  0
LWPOLYLINE
  5
220
330
B3
100
AcDbEntity
  8
VEG-NERVIOS
100
AcDbPolyline
 90
5
 70
0
 10
20.0
 20
0.5
 10
162.5
 20
3.3
 10
305.0
 20
4.7
 10
447.5
 20
4.8
 10
597.9
 20
3.4
  0
LWPOLYLINE
  5
221
330
B3
100
AcDbEntity
  8
VEG-HOJAS
100
AcDbPolyline
 90
346
 70
0
 10
312.0
 20
87.3
 10
281.9
 20
50.4
 10
264.9
 20
30.8
 10
249.3
 20
15.1
 10
242.2
 20
9.3
 10
257.9
 20
9.4
 10
261.7
 20
17.3
 10
267.0
 20
25.2
 10
274.2
 20
34.0
 10
288.1
 20
48.4
 10
304.4
 20
62.7
 10
316.1
 20
71.7
 10
333.5
 20
83.8
 10
355.3
 20
104.4
 10
382.2
 20
127.4
 10
362.9
 20
102.1
 10
367.0
 20
104.6
 10
360.1
 20
98.2
 10
317.9
 20
39.5
 10
301.9
 20
19.8
 10
291.8
 20
9.7
 10
309.6
 20
9.8
 10
313.3
 20
19.1
 10
322.1
 20
33.4
 10
334.6
 20
49.8
 10
345.0
 20
61.5
 10
360.4
 20
76.7
 10
380.3
 20
94.1
 10
396.6
 20
106.9
 10
421.4
 20
125.1
 10
401.0
 20
102.4
 10
347.5
 20
38.8
 10
329.5
 20
19.4
 10
318.7
 20
9.8
 10
336.1
 20
9.9
 10
340.8
 20
19.1
 10
347.0
 20
27.8
 10
355.2
 20
37.7
 10
365.4
 20
48.4
 10
377.0
 20
59.4
 10
389.8
 20
70.1
 10
416.1
 20
89.5
 10
433.9
 20
101.1
 10
460.9
 20
117.3
 10
442.4
 20
100.6
 10
412.1
 20
70.7
 10
427.1
 20
83.1
 10
440.0
 20
92.9
 10
457.6
 20
105.1
 10
484.2
 20
122.4
 10
461.6
 20
100.3
 10
402.5
 20
38.0
 10
382.8
 20
19.0
 10
371.5
 20
9.9
 10
388.0
 20
9.9
 10
392.5
 20
19.3
 10
402.5
 20
33.2
 10
416.4
 20
49.2
 10
427.8
 20
60.5
 10
444.7
 20
75.0
 10
466.3
 20
91.5
 10
483.9
 20
103.5
 10
510.4
 20
120.4
 10
487.8
 20
98.7
 10
428.6
 20
37.3
 10
408.8
 20
18.7
 10
397.7
 20
9.9
 10
414.0
 20
9.9
 10
418.6
 20
18.9
 10
424.5
 20
27.5
 10
432.5
 20
37.3
 10
448.0
 20
53.2
 10
466.2
 20
69.1
 10
491.8
 20
88.2
 10
509.2
 20
99.6
 10
535.5
 20
115.7
 10
521.3
 20
102.8
 10
498.1
 20
79.7
 10
521.1
 20
97.5
 10
550.3
 20
117.9
 10
530.2
 20
96.4
 10
477.3
 20
36.3
 10
459.3
 20
18.2
 10
449.3
 20
9.8
 10
465.7
 20
9.7
 10
469.3
 20
17.9
 10
474.3
 20
25.9
 10
481.2
 20
35.1
 10
494.6
 20
50.1
 10
510.5
 20
65.1
 10
533.2
 20
83.2
 10
571.8
 20
109.6
 10
547.1
 20
83.1
 10
579.9
 20
110.2
 10
567.6
 20
94.1
 10
539.1
 20
54.4
 10
523.3
 20
33.5
 10
508.6
 20
16.8
 10
500.7
 20
9.5
 10
517.7
 20
9.3
 10
520.6
 20
15.7
 10
528.0
 20
26.0
 10
538.5
 20
37.5
 10
547.1
 20
45.5
 10
561.6
 20
56.9
 10
576.4
 20
67.1
 10
609.8
 20
87.1
 10
576.0
 20
51.3
 10
590.1
 20
62.5
 10
618.1
 20
81.6
 10
591.4
 20
47.0
 10
578.1
 20
30.8
 10
564.9
 20
16.8
 10
555.3
 20
8.9
 10
568.9
 20
8.8
 10
570.4
 20
13.0
 10
573.2
 20
18.0
 10
577.2
 20
23.5
 10
588.4
 20
35.1
 10
595.2
 20
40.6
 10
605.9
 20
48.1
 10
633.6
 20
64.6
 10
605.8
 20
29.5
 10
594.3
 20
17.2
 10
583.7
 20
8.6
 10
594.5
 20
8.4
 10
596.8
 20
15.0
 10
599.6
 20
19.1
 10
607.7
 20
27.3
 10
618.0
 20
34.6
 10
641.5
 20
46.7
 10
623.2
 20
19.9
 10
619.2
 20
15.2
 10
611.5
 20
8.2
 10
616.9
 20
8.0
 10
619.4
 20
6.6
 10
620.8
 20
3.5
 10
619.9
 20
0.3
 10
618.5
 20
-1.1
 10
616.7
 20
-1.8
 10
608.7
 20
-1.8
 10
613.8
 20
-6.9
 10
620.6
 20
-16.8
 10
634.8
 20
-46.0
 10
613.3
 20
-30.6
 10
604.2
 20
-22.0
 10
597.3
 20
-12.7
 10
595.2
 20
-8.2
 10
593.8
 20
-1.6
 10
580.0
 20
-1.4
 10
586.7
 20
-8.1
 10
595.9
 20
-20.9
 10
604.5
 20
-35.9
 10
620.7
 20
-68.0
 10
596.9
 20
-46.6
 10
587.9
 20
-37.3
 10
582.3
 20
-30.6
 10
573.4
 20
-17.1
 10
570.5
 20
-11.0
 10
568.7
 20
-5.5
 10
568.1
 20
-1.2
 10
553.6
 20
-1.0
 10
563.4
 20
-10.9
 10
575.0
 20
-26.2
 10
586.3
 20
-43.8
 10
608.7
 20
-81.2
 10
579.6
 20
-55.5
 10
568.6
 20
-44.3
 10
561.6
 20
-36.3
 10
555.5
 20
-28.1
 10
550.3
 20
-20.3
 10
546.4
 20
-12.9
 10
543.8
 20
-6.5
 10
542.5
 20
-0.9
 10
528.3
 20
-0.8
 10
540.6
 20
-12.1
 10
555.1
 20
-28.8
 10
599.6
 20
-88.1
 10
569.0
 20
-64.4
 10
555.6
 20
-52.6
 10
542.5
 20
-39.8
 10
534.8
 20
-30.9
 10
525.6
 20
-18.3
 10
519.4
 20
-7.3
 10
517.1
 20
-0.7
 10
502.5
 20
-0.5
 10
517.2
 20
-13.3
 10
534.2
 20
-31.1
 10
576.8
 20
-81.9
 10
587.4
 20
-93.8
 10
552.5
 20
-68.9
 10
537.1
 20
-56.4
 10
522.1
 20
-42.7
 10
513.0
 20
-33.2
 10
502.2
 20
-19.7
 10
494.6
 20
-7.9
 10
491.5
 20
-0.5
 10
475.2
 20
-0.3
 10
484.1
 20
-8.2
 10
500.5
 20
-25.8
 10
518.5
 20
-47.6
 10
553.9
 20
-92.7
 10
565.0
 20
-105.9
 10
528.5
 20
-77.3
 10
512.5
 20
-63.0
 10
496.9
 20
-47.4
 10
487.6
 20
-36.8
 10
476.4
 20
-21.7
 10
468.6
 20
-8.6
 10
465.4
 20
-0.3
 10
449.2
 20
-0.2
 10
459.1
 20
-8.8
 10
476.8
 20
-27.2
 10
496.3
 20
-49.9
 10
531.9
 20
-92.9
 10
547.4
 20
-110.2
 10
508.2
 20
-80.6
 10
490.9
 20
-65.7
 10
474.1
 20
-49.5
 10
464.1
 20
-38.4
 10
451.9
 20
-22.7
 10
443.3
 20
-9.0
 10
439.6
 20
-0.2
 10
422.4
 20
-0.1
 10
433.2
 20
-10.1
 10
450.9
 20
-29.9
 10
506.3
 20
-100.0
 10
521.8
 20
-118.4
 10
505.8
 20
-105.8
 10
510.2
 20
-109.7
 10
484.0
 20
-92.8
 10
466.6
 20
-80.9
 10
453.8
 20
-71.4
 10
439.4
 20
-59.8
 10
470.3
 20
-89.8
 10
488.8
 20
-106.4
 10
456.4
 20
-86.9
 10
426.3
 20
-66.4
 10
404.5
 20
-49.1
 10
392.5
 20
-38.3
 10
382.1
 20
-27.7
 10
373.6
 20
-17.9
 10
367.2
 20
-9.2
 10
362.2
 20
-0.1
 10
346.4
 20
-0.1
 10
357.2
 20
-8.1
 10
377.5
 20
-26.1
 10
437.7
 20
-85.9
 10
460.4
 20
-107.1
 10
433.9
 20
-90.7
 10
416.2
 20
-79.2
 10
394.5
 20
-63.3
 10
377.4
 20
-49.2
 10
365.7
 20
-38.4
 10
351.4
 20
-22.9
 10
341.0
 20
-9.3
 10
336.1
 20
-0.1
 10
320.5
 20
-0.2
 10
330.8
 20
-7.8
 10
350.6
 20
-25.3
 10
413.6
 20
-88.2
 10
431.2
 20
-104.6
 10
388.1
 20
-77.4
 10
366.9
 20
-61.9
 10
350.2
 20
-48.2
 10
338.9
 20
-37.6
 10
324.9
 20
-22.4
 10
314.8
 20
-9.1
 10
310.1
 20
-0.2
 10
292.3
 20
-0.3
 10
302.4
 20
-9.8
 10
319.1
 20
-28.9
 10
337.5
 20
-52.5
 10
366.0
 20
-90.5
 10
368.8
 20
-92.9
 10
367.0
 20
-91.9
 10
370.9
 20
-96.9
 10
385.4
 20
-114.9
 10
358.2
 20
-92.6
 10
338.0
 20
-74.5
 10
311.9
 20
-56.8
 10
300.3
 20
-47.9
 10
289.4
 20
-38.6
 10
275.1
 20
-24.7
 10
267.6
 20
-16.0
 10
262.1
 20
-8.4
 10
258.0
 20
-0.6
 10
243.2
 20
-0.7
 10
257.8
 20
-12.3
 10
275.3
 20
-29.3
 10
330.7
 20
-89.3
 10
295.0
 20
-66.1
 10
279.2
 20
-54.3
 10
263.7
 20
-41.3
 10
254.4
 20
-32.4
 10
243.1
 20
-19.4
 10
235.1
 20
-8.0
 10
231.7
 20
-0.8
 10
217.1
 20
-1.0
 10
229.3
 20
-10.9
 10
244.6
 20
-26.6
 10
291.8
 20
-82.7
 10
260.3
 20
-61.1
 10
241.6
 20
-46.4
 10
232.6
 20
-38.2
 10
258.1
 20
-67.2
 10
229.5
 20
-50.4
 10
212.5
 20
-38.8
 10
200.6
 20
-28.9
 10
190.5
 20
-18.8
 10
185.4
 20
-12.4
 10
181.7
 20
-6.7
 10
179.4
 20
-1.5
 10
167.1
 20
-1.6
 10
177.5
 20
-10.6
 10
188.4
 20
-22.9
 10
214.2
 20
-58.2
 10
187.7
 20
-41.3
 10
177.5
 20
-33.7
 10
171.1
 20
-28.1
 10
160.4
 20
-16.5
 10
156.6
 20
-11.0
 10
154.1
 20
-5.9
 10
152.8
 20
-1.8
 10
143.1
 20
-2.0
 10
149.8
 20
-8.5
 10
153.5
 20
-13.0
 10
169.6
 20
-39.0
 10
147.6
 20
-27.3
 10
138.0
 20
-20.3
 10
130.7
 20
-12.4
 10
128.2
 20
-8.4
 10
126.3
 20
-2.3
 10
20.1
 20
-4.5
 10
16.9
 20
-3.5
 10
15.2
 20
-1.1
 10
15.1
 20
1.3
 10
15.8
 20
3.2
 10
17.5
 20
4.8
 10
19.4
 20
5.5
 10
125.5
 20
7.7
 10
126.4
 20
13.9
 10
128.1
 20
18.2
 10
134.1
 20
27.3
 10
142.5
 20
35.7
 10
153.6
 20
44.4
  0
LWPOLYLINE
  5
222
330
B3
100
AcDbEntity
  8
VEG-HOJAS
100
AcDbPolyline
 90
10
 70
0
 10
159.5
 20
44.0
 10
150.6
 20
22.5
 10
144.6
 20
12.9
 10
140.1
 20
8.0
 10
152.6
 20
8.2
 10
153.7
 20
12.3
 10
156.0
 20
17.4
 10
159.5
 20
23.2
 10
169.6
 20
35.2
 10
179.1
 20
43.9
  0
LWPOLYLINE
  5
223
330
B3
100
AcDbEntity
  8
VEG-HOJAS
100
AcDbPolyline
 90
2
 70
0
 10
183.1
 20
47.1
 10
204.8
 20
62.5
  0
LWPOLYLINE
  5
224
330
B3
100
AcDbEntity
  8
VEG-HOJAS
100
AcDbPolyline
 90
12
 70
0
 10
208.5
 20
62.6
 10
192.1
 20
37.7
 10
182.1
 20
24.1
 10
171.7
 20
12.7
 10
166.6
 20
8.4
 10
179.0
 20
8.5
 10
180.8
 20
13.9
 10
184.0
 20
20.0
 10
188.6
 20
26.7
 10
194.5
 20
33.9
 10
209.1
 20
48.4
 10
229.5
 20
64.4
  0
LWPOLYLINE
  5
225
330
B3
100
AcDbEntity
  8
VEG-HOJAS
100
AcDbPolyline
 90
11
 70
0
 10
240.8
 20
64.9
 10
226.6
 20
45.9
 10
213.7
 20
29.9
 10
200.7
 20
16.1
 10
191.8
 20
8.7
 10
205.1
 20
8.9
 10
207.2
 20
15.4
 10
210.7
 20
22.4
 10
219.0
 20
34.7
 10
229.8
 20
47.8
 10
246.9
 20
64.5
  0
LWPOLYLINE
  5
226
330
B3
100
AcDbEntity
  8
VEG-HOJAS
100
AcDbPolyline
 90
3
 70
0
 10
243.2
 20
73.7
 10
252.8
 20
80.2
 10
246.7
 20
72.7
  0
LWPOLYLINE
  5
227
330
B3
100
AcDbEntity
  8
VEG-HOJAS
100
AcDbPolyline
 90
2
 70
0
 10
253.9
 20
70.5
 10
272.9
 20
85.6
  0
LWPOLYLINE
  5
228
330
B3
100
AcDbEntity
  8
VEG-HOJAS
100
AcDbPolyline
 90
12
 70
0
 10
262.9
 20
64.1
 10
249.9
 20
46.3
 10
235.3
 20
28.1
 10
228.3
 20
20.3
 10
216.1
 20
9.0
 10
231.4
 20
9.2
 10
234.3
 20
16.6
 10
238.6
 20
24.2
 10
244.6
 20
32.8
 10
252.1
 20
42.1
 10
261.0
 20
51.6
 10
274.2
 20
64.1
  0
LWPOLYLINE
  5
229
330
B3
100
AcDbEntity
  8
VEG-HOJAS
100
AcDbPolyline
 90
2
 70
0
 10
278.6
 20
85.7
 10
265.3
 20
67.4
  0
LWPOLYLINE
  5
22A
330
B3
100
AcDbEntity
  8
VEG-HOJAS
100
AcDbPolyline
 90
3
 70
0
 10
275.1
 20
64.9
 10
291.0
 20
78.1
 10
302.5
 20
86.7
  0
LWPOLYLINE
  5
22B
330
B3
100
AcDbEntity
  8
VEG-HOJAS
100
AcDbPolyline
 90
3
 70
0
 10
283.1
 20
93.2
 10
286.6
 20
95.9
 10
284.1
 20
93.0
  0
LWPOLYLINE
  5
22C
330
B3
100
AcDbEntity
  8
VEG-HOJAS
100
AcDbPolyline
 90
2
 70
0
 10
305.8
 20
89.1
 10
318.7
 20
98.2
  0
LWPOLYLINE
  5
22D
330
B3
100
AcDbEntity
  8
VEG-HOJAS
100
AcDbPolyline
 90
2
 70
0
 10
321.2
 20
98.2
 10
312.7
 20
88.2
  0
LWPOLYLINE
  5
22E
330
B3
100
AcDbEntity
  8
VEG-HOJAS
100
AcDbPolyline
 90
3
 70
0
 10
324.9
 20
102.6
 10
325.7
 20
103.2
 10
325.1
 20
102.5
  0
LWPOLYLINE
  5
22F
330
B3
100
AcDbEntity
  8
VEG-HOJAS
100
AcDbPolyline
 90
7
 70
1
 10
198.4
 20
-4.8
 10
208.5
 20
-13.1
 10
217.7
 20
-22.1
 10
212.0
 20
-14.3
 10
208.0
 20
-7.5
 10
205.4
 20
-1.1
 10
193.3
 20
-1.3
  0
LWPOLYLINE
  5
230
330
B3
100
AcDbEntity
  8
VEG-HOJAS
100
AcDbPolyline
 90
6
 70
1
 10
273.6
 20
-3.4
 10
277.4
 20
-6.0
 10
290.6
 20
-17.0
 10
286.6
 20
-9.4
 10
283.4
 20
-0.4
 10
269.6
 20
-0.5
  0
LWPOLYLINE
  5
231
330
B3
100
AcDbEntity
  8
VEG-HOJAS
100
AcDbPolyline
 90
6
 70
1
 10
285.6
 20
22.8
 10
277.1
 20
15.5
 10
269.1
 20
9.5
 10
283.2
 20
9.6
 10
286.0
 20
18.7
 10
289.9
 20
26.7
  0
LWPOLYLINE
  5
232
330
B3
100
AcDbEntity
  8
VEG-HOJAS
100
AcDbPolyline
 90
7
 70
1
 10
364.5
 20
15.8
 10
372.3
 20
28.4
 10
383.9
 20
42.7
 10
366.7
 20
26.4
 10
357.1
 20
18.1
 10
346.2
 20
9.9
 10
361.9
 20
9.9
  0
LWPOLYLINE
  5
233
330
B3
100
AcDbEntity
  8
VEG-HOJAS
100
AcDbPolyline
 90
7
 70
1
 10
372.6
 20
-0.1
 10
383.5
 20
-8.0
 10
393.3
 20
-16.2
 10
409.1
 20
-30.6
 10
395.7
 20
-13.7
 10
392.7
 20
-9.3
 10
388.0
 20
-0.1
  0
LWPOLYLINE
  5
234
330
B3
100
AcDbEntity
  8
VEG-HOJAS
100
AcDbPolyline
 90
5
 70
1
 10
398.0
 20
-0.1
 10
409.0
 20
-8.5
 10
425.4
 20
-23.7
 10
417.1
 20
-9.5
 10
413.5
 20
-0.1
  0
LWPOLYLINE
  5
235
330
B3
100
AcDbEntity
  8
VEG-HOJAS
100
AcDbPolyline
 90
6
 70
1
 10
439.7
 20
9.8
 10
443.4
 20
18.7
 10
448.7
 20
27.3
 10
455.9
 20
37.2
 10
434.7
 20
17.8
 10
424.2
 20
9.9
  0
LWPOLYLINE
  5
236
330
B3
100
AcDbEntity
  8
VEG-HOJAS
100
AcDbPolyline
 90
6
 70
1
 10
491.1
 20
9.5
 10
493.5
 20
17.2
 10
497.4
 20
25.1
 10
502.8
 20
34.1
 10
484.8
 20
16.6
 10
476.0
 20
9.6
  0
LWPOLYLINE
  5
237
330
B3
100
AcDbEntity
  8
VEG-HOJAS
100
AcDbPolyline
 90
6
 70
1
 10
543.1
 20
9.1
 10
544.9
 20
14.5
 10
548.2
 20
20.6
 10
554.1
 20
29.0
 10
542.2
 20
18.2
 10
530.2
 20
9.2
  0
LWPOLYLINE
  5
238
330
B3
100
AcDbEntity
  8
VEG-NERVIOS
100
AcDbPolyline
 90
9
 70
0
 10
15.3
 20
-12.9
 10
63.1
 20
-54.4
 10
115.8
 20
-102.4
 10
167.2
 20
-151.7
 10
217.3
 20
-202.3
 10
266.1
 20
-254.1
 10
308.4
 20
-301.3
 10
354.7
 20
-355.4
 10
399.5
 20
-410.7
  0
LWPOLYLINE
  5
239
330
B3
100
AcDbEntity
  8
VEG-HOJAS
100
AcDbPolyline
 90
7
 70
1
 10
156.6
 20
-157.1
 10
157.7
 20
-172.4
 10
157.8
 20
-183.6
 10
159.5
 20
-172.3
 10
161.6
 20
-163.7
 10
164.6
 20
-156.2
 10
155.0
 20
-146.7
  0
LWPOLYLINE
  5
23A
330
B3
100
AcDbEntity
  8
VEG-HOJAS
100
AcDbPolyline
 90
6
 70
1
 10
172.9
 20
-168.8
 10
173.8
 20
-183.5
 10
173.7
 20
-195.0
 10
178.3
 20
-182.0
 10
182.7
 20
-174.1
 10
172.3
 20
-163.8
  0
LWPOLYLINE
  5
23B
330
B3
100
AcDbEntity
  8
VEG-HOJAS
100
AcDbPolyline
 90
6
 70
1
 10
209.9
 20
-207.8
 10
210.5
 20
-212.8
 10
211.2
 20
-230.2
 10
214.6
 20
-220.5
 10
219.2
 20
-211.4
 10
209.0
 20
-200.9
  0
LWPOLYLINE
  5
23C
330
B3
100
AcDbEntity
  8
VEG-HOJAS
100
AcDbPolyline
 90
383
 70
1
 10
224.8
 20
-232.9
 10
223.6
 20
-245.3
 10
219.1
 20
-274.5
 10
206.3
 20
-337.6
 10
206.1
 20
-347.0
 10
205.3
 20
-342.3
 10
200.1
 20
-370.4
 10
199.5
 20
-334.2
 10
199.8
 20
-309.8
 10
196.5
 20
-284.3
 10
195.2
 20
-268.9
 10
194.4
 20
-253.3
 10
194.4
 20
-238.3
 10
195.2
 20
-224.5
 10
196.6
 20
-212.3
 10
198.5
 20
-202.4
 10
201.6
 20
-193.3
 10
188.8
 20
-180.3
 10
188.6
 20
-193.6
 10
185.4
 20
-217.6
 10
179.8
 20
-245.5
 10
163.0
 20
-318.2
 10
163.0
 20
-277.4
 10
158.3
 20
-241.5
 10
156.6
 20
-212.1
 10
153.5
 20
-257.7
 10
145.7
 20
-220.3
 10
142.2
 20
-196.7
 10
141.0
 20
-178.7
 10
141.1
 20
-162.0
 10
142.1
 20
-152.5
 10
143.7
 20
-144.7
 10
146.1
 20
-138.1
 10
136.2
 20
-128.6
 10
137.7
 20
-140.3
 10
137.6
 20
-159.5
 10
135.9
 20
-180.2
 10
130.4
 20
-223.2
 10
123.5
 20
-185.5
 10
121.6
 20
-170.0
 10
121.0
 20
-159.5
 10
121.7
 20
-140.0
 10
122.9
 20
-131.8
 10
124.7
 20
-125.1
 10
127.0
 20
-119.8
 10
116.5
 20
-109.9
 10
117.0
 20
-118.7
 10
115.6
 20
-134.2
 10
112.1
 20
-150.8
 10
102.9
 20
-185.1
 10
99.4
 20
-153.9
 10
98.8
 20
-141.2
 10
99.0
 20
-132.6
 10
101.1
 20
-116.8
 10
103.0
 20
-110.3
 10
105.2
 20
-105.1
 10
107.4
 20
-101.5
 10
101.1
 20
-95.6
 10
101.6
 20
-104.3
 10
101.2
 20
-110.1
 10
99.3
 20
-121.5
 10
95.3
 20
-140.0
 10
87.3
 20
-116.7
 10
84.9
 20
-105.2
 10
84.8
 20
-94.4
 10
85.7
 20
-89.8
 10
88.4
 20
-83.9
 10
53.5
 20
-52.6
 10
11.7
 20
-16.4
 10
10.6
 20
-14.8
 10
10.3
 20
-12.9
 10
10.7
 20
-10.9
 10
11.8
 20
-9.3
 10
13.4
 20
-8.3
 10
15.3
 20
-7.9
 10
18.5
 20
-9.1
 10
54.2
 20
-39.9
 10
95.1
 20
-76.5
 10
100.7
 20
-73.2
 10
105.2
 20
-71.9
 10
116.0
 20
-71.1
 10
127.8
 20
-72.5
 10
152.1
 20
-79.1
 10
122.5
 20
-87.0
 10
116.7
 20
-87.9
 10
107.7
 20
-88.1
 10
114.4
 20
-94.3
 10
118.0
 20
-91.9
 10
123.1
 20
-89.5
 10
129.6
 20
-87.5
 10
137.2
 20
-86.0
 10
145.5
 20
-85.1
 10
154.2
 20
-84.9
 10
167.1
 20
-85.5
 10
199.1
 20
-89.7
 10
164.2
 20
-98.4
 10
147.5
 20
-101.8
 10
131.9
 20
-103.5
 10
123.9
 20
-103.2
 10
133.6
 20
-112.3
 10
138.5
 20
-109.3
 10
144.9
 20
-106.6
 10
152.9
 20
-104.3
 10
162.2
 20
-102.5
 10
172.4
 20
-101.4
 10
188.4
 20
-100.9
 10
204.2
 20
-101.6
 10
238.2
 20
-105.4
 10
174.5
 20
-118.1
 10
155.4
 20
-120.3
 10
141.8
 20
-120.1
 10
152.4
 20
-130.3
 10
158.3
 20
-126.5
 10
165.6
 20
-123.2
 10
174.7
 20
-120.3
 10
185.3
 20
-117.7
 10
197.0
 20
-115.8
 10
215.6
 20
-114.2
 10
233.8
 20
-113.9
 10
273.4
 20
-116.1
 10
255.1
 20
-119.7
 10
211.9
 20
-129.9
 10
188.6
 20
-134.5
 10
168.6
 20
-137.0
 10
159.3
 20
-137.0
 10
171.6
 20
-149.0
 10
179.0
 20
-145.7
 10
192.8
 20
-142.4
 10
210.2
 20
-140.3
 10
223.5
 20
-139.9
 10
244.3
 20
-140.9
 10
264.5
 20
-143.2
 10
308.0
 20
-151.5
 10
287.2
 20
-152.2
 10
211.3
 20
-157.4
 10
188.8
 20
-157.3
 10
179.1
 20
-156.4
 10
190.3
 20
-167.6
 10
198.8
 20
-164.7
 10
208.3
 20
-162.9
 10
219.8
 20
-161.7
 10
233.0
 20
-161.4
 10
254.9
 20
-162.6
 10
269.9
 20
-164.5
 10
284.5
 20
-167.0
 10
304.7
 20
-171.5
 10
327.1
 20
-177.6
 10
365.5
 20
-184.2
 10
335.5
 20
-185.2
 10
269.4
 20
-190.8
 10
240.8
 20
-192.7
 10
228.7
 20
-192.9
 10
214.5
 20
-192.2
 10
226.9
 20
-205.0
 10
236.6
 20
-202.1
 10
247.0
 20
-200.5
 10
259.8
 20
-199.6
 10
274.4
 20
-199.6
 10
290.2
 20
-200.7
 10
306.6
 20
-202.7
 10
323.0
 20
-205.6
 10
338.7
 20
-209.1
 10
359.2
 20
-214.7
 10
389.4
 20
-224.1
 10
364.7
 20
-221.4
 10
327.0
 20
-219.1
 10
342.8
 20
-221.4
 10
366.3
 20
-226.2
 10
411.1
 20
-238.3
 10
391.2
 20
-236.5
 10
365.4
 20
-235.3
 10
278.5
 20
-233.4
 10
265.7
 20
-232.6
 10
251.2
 20
-230.6
 10
262.6
 20
-242.9
 10
272.6
 20
-239.8
 10
283.2
 20
-238.2
 10
303.7
 20
-237.1
 10
327.4
 20
-238.2
 10
344.2
 20
-240.2
 10
361.0
 20
-243.1
 10
391.7
 20
-250.4
 10
429.0
 20
-261.8
 10
409.1
 20
-259.4
 10
380.7
 20
-257.4
 10
407.3
 20
-262.3
 10
444.7
 20
-271.5
 10
430.3
 20
-270.5
 10
406.7
 20
-270.0
 10
313.5
 20
-270.6
 10
300.9
 20
-270.1
 10
285.9
 20
-268.5
 10
297.3
 20
-281.1
 10
306.6
 20
-277.7
 10
322.9
 20
-274.8
 10
343.3
 20
-273.4
 10
358.8
 20
-273.6
 10
382.9
 20
-275.7
 10
406.4
 20
-279.4
 10
426.7
 20
-283.7
 10
456.7
 20
-291.4
 10
426.2
 20
-290.0
 10
329.7
 20
-290.3
 10
317.4
 20
-289.7
 10
303.4
 20
-288.0
 10
314.5
 20
-300.6
 10
323.3
 20
-297.5
 10
338.8
 20
-295.0
 10
358.2
 20
-293.9
 10
372.9
 20
-294.4
 10
395.8
 20
-296.8
 10
418.0
 20
-300.7
 10
437.3
 20
-305.1
 10
465.6
 20
-312.8
 10
436.6
 20
-311.4
 10
358.2
 20
-311.0
 10
333.3
 20
-309.7
 10
320.8
 20
-307.9
 10
331.6
 20
-320.4
 10
339.7
 20
-317.9
 10
348.7
 20
-316.5
 10
359.7
 20
-315.8
 10
372.3
 20
-316.0
 10
393.0
 20
-318.0
 10
414.1
 20
-321.8
 10
427.6
 20
-325.1
 10
445.2
 20
-330.1
 10
471.2
 20
-338.5
 10
463.0
 20
-337.6
 10
474.9
 20
-339.9
 10
459.7
 20
-340.8
 10
409.7
 20
-346.0
 10
385.0
 20
-347.9
 10
364.0
 20
-348.0
 10
354.1
 20
-347.0
 10
364.8
 20
-359.8
 10
370.7
 20
-357.6
 10
377.8
 20
-356.2
 10
386.5
 20
-355.3
 10
396.5
 20
-355.3
 10
407.3
 20
-356.0
 10
424.2
 20
-358.5
 10
440.4
 20
-362.1
 10
475.1
 20
-372.4
 10
406.5
 20
-372.8
 10
386.2
 20
-371.5
 10
372.4
 20
-369.0
 10
380.9
 20
-379.5
 10
385.3
 20
-377.5
 10
391.2
 20
-375.8
 10
398.4
 20
-374.6
 10
406.7
 20
-374.1
 10
415.8
 20
-374.3
 10
425.1
 20
-375.2
 10
443.5
 20
-378.4
 10
472.7
 20
-386.1
 10
434.1
 20
-389.9
 10
415.7
 20
-391.1
 10
398.7
 20
-390.7
 10
388.7
 20
-389.1
 10
397.3
 20
-399.9
 10
400.2
 20
-398.5
 10
404.7
 20
-397.3
 10
410.3
 20
-396.7
 10
423.3
 20
-397.6
 10
430.2
 20
-399.0
 10
443.6
 20
-403.3
 10
464.9
 20
-412.0
 10
428.5
 20
-414.4
 10
415.0
 20
-413.8
 10
407.0
 20
-412.2
 10
414.0
 20
-421.1
 10
415.0
 20
-423.4
 10
415.0
 20
-425.3
 10
414.2
 20
-427.1
 10
412.8
 20
-428.4
 10
410.4
 20
-429.2
 10
408.5
 20
-429.0
 10
406.5
 20
-427.7
 10
398.1
 20
-417.0
 10
397.0
 20
-426.8
 10
393.3
 20
-439.7
 10
378.8
 20
-472.9
 10
377.9
 20
-443.7
 10
379.1
 20
-429.7
 10
382.3
 20
-417.1
 10
384.5
 20
-412.1
 10
387.1
 20
-408.1
 10
389.2
 20
-405.8
 10
381.9
 20
-396.6
 10
381.8
 20
-405.3
 10
379.5
 20
-422.0
 10
375.1
 20
-439.8
 10
364.1
 20
-476.4
 10
362.2
 20
-442.7
 10
362.3
 20
-428.9
 10
363.0
 20
-419.6
 10
366.0
 20
-402.7
 10
368.2
 20
-395.8
 10
370.7
 20
-390.2
 10
373.4
 20
-386.1
 10
365.3
 20
-376.2
 10
365.6
 20
-389.1
 10
363.5
 20
-409.2
 10
359.5
 20
-430.8
 10
349.7
 20
-475.4
 10
346.7
 20
-435.2
 10
346.4
 20
-418.7
 10
346.9
 20
-407.6
 10
349.7
 20
-387.2
 10
351.8
 20
-378.7
 10
354.3
 20
-371.9
 10
357.3
 20
-366.4
 10
347.1
 20
-354.2
 10
346.8
 20
-363.2
 10
345.7
 20
-372.9
 10
341.3
 20
-395.5
 10
334.9
 20
-419.7
 10
320.5
 20
-469.6
 10
321.6
 20
-423.8
 10
323.2
 20
-405.1
 10
324.9
 20
-392.5
 10
327.3
 20
-380.5
 10
331.6
 20
-364.9
 10
336.5
 20
-352.6
 10
340.5
 20
-346.3
 10
329.6
 20
-333.4
 10
328.8
 20
-345.3
 10
327.1
 20
-356.0
 10
321.4
 20
-380.8
 10
297.2
 20
-462.0
 10
299.7
 20
-418.3
 10
301.9
 20
-398.1
 10
304.4
 20
-382.1
 10
288.8
 20
-454.6
 10
288.4
 20
-434.5
 10
283.4
 20
-395.5
 10
281.3
 20
-364.7
 10
281.3
 20
-341.3
 10
282.7
 20
-319.7
 10
284.5
 20
-307.4
 10
286.8
 20
-297.4
 10
290.2
 20
-288.2
 10
279.2
 20
-275.9
 10
279.9
 20
-289.9
 10
278.7
 20
-316.7
 10
275.5
 20
-348.1
 10
268.1
 20
-405.9
 10
265.6
 20
-429.9
 10
261.2
 20
-379.3
 10
260.4
 20
-352.9
 10
260.8
 20
-331.1
 10
262.8
 20
-308.3
 10
266.1
 20
-288.5
 10
268.8
 20
-278.2
 10
272.7
 20
-268.7
 10
261.7
 20
-256.6
 10
262.5
 20
-271.1
 10
261.4
 20
-298.3
 10
258.5
 20
-330.1
 10
251.4
 20
-388.8
 10
249.2
 20
-413.1
 10
244.3
 20
-361.8
 10
243.3
 20
-335.1
 10
243.6
 20
-313.0
 10
245.4
 20
-289.8
 10
248.6
 20
-269.7
 10
251.3
 20
-259.3
 10
255.2
 20
-249.6
 10
244.1
 20
-237.7
 10
245.1
 20
-251.9
 10
244.5
 20
-279.1
 10
241.9
 20
-310.8
 10
235.7
 20
-369.4
 10
233.8
 20
-393.8
 10
228.3
 20
-342.7
 10
226.9
 20
-316.0
 10
226.8
 20
-294.1
 10
228.3
 20
-270.9
 10
231.2
 20
-250.8
 10
233.7
 20
-240.4
 10
237.5
 20
-230.7
 10
225.1
 20
-217.6
  0
LWPOLYLINE
  5
23D
330
B3
100
AcDbEntity
  8
VEG-HOJAS
100
AcDbPolyline
 90
6
 70
1
 10
226.4
 20
-178.1
 10
208.6
 20
-176.9
 10
198.0
 20
-175.3
 10
208.3
 20
-185.8
 10
217.2
 20
-181.8
 10
230.2
 20
-178.3
  0
LWPOLYLINE
  5
23E
330
B3
100
AcDbEntity
  8
VEG-HOJAS
100
AcDbPolyline
 90
7
 70
1
 10
250.7
 20
-221.6
 10
265.2
 20
-218.5
 10
282.1
 20
-217.1
 10
259.6
 20
-215.8
 10
247.1
 20
-214.5
 10
233.9
 20
-212.4
 10
244.7
 20
-223.7
  0
LWPOLYLINE
  5
23F
330
B3
100
AcDbEntity
  8
VEG-HOJAS
100
AcDbPolyline
 90
6
 70
1
 10
279.9
 20
-261.8
 10
289.6
 20
-258.3
 10
300.0
 20
-256.1
 10
313.3
 20
-254.4
 10
283.3
 20
-252.2
 10
269.1
 20
-250.0
  0
LWPOLYLINE
  5
240
330
B3
100
AcDbEntity
  8
VEG-HOJAS
100
AcDbPolyline
 90
5
 70
1
 10
297.3
 20
-296.2
 10
298.4
 20
-308.3
 10
298.5
 20
-327.2
 10
302.6
 20
-315.4
 10
306.9
 20
-307.2
  0
LWPOLYLINE
  5
241
330
B3
100
AcDbEntity
  8
VEG-HOJAS
100
AcDbPolyline
 90
8
 70
1
 10
313.1
 20
-314.3
 10
313.0
 20
-327.1
 10
311.9
 20
-338.6
 10
306.3
 20
-372.6
 10
311.6
 20
-352.2
 10
315.3
 20
-341.9
 10
319.1
 20
-333.6
 10
323.7
 20
-326.5
  0
LWPOLYLINE
  5
242
330
B3
100
AcDbEntity
  8
VEG-HOJAS
100
AcDbPolyline
 90
5
 70
1
 10
348.0
 20
-339.6
 10
354.7
 20
-336.4
 10
368.8
 20
-332.8
 10
348.4
 20
-330.5
 10
338.6
 20
-328.5
  0
LWPOLYLINE
  5
243
330
B3
100
AcDbEntity
  8
VEG-NERVIOS
100
AcDbPolyline
 90
2
 70
0
 10
28.6
 20
24.5
 10
69.6
 20
60.1
  0
LWPOLYLINE
  5
244
330
B3
100
AcDbEntity
  8
VEG-NERVIOS
100
AcDbPolyline
 90
2
 70
0
 10
85.4
 20
73.9
 10
92.8
 20
80.4
  0
LWPOLYLINE
  5
245
330
B3
100
AcDbEntity
  8
VEG-NERVIOS
100
AcDbPolyline
 90
2
 70
0
 10
110.7
 20
96.3
 10
113.5
 20
98.7
  0
LWPOLYLINE
  5
246
330
B3
100
AcDbEntity
  8
VEG-NERVIOS
100
AcDbPolyline
 90
2
 70
0
 10
130.1
 20
113.6
 10
132.2
 20
115.5
  0
LWPOLYLINE
  5
247
330
B3
100
AcDbEntity
  8
VEG-NERVIOS
100
AcDbPolyline
 90
2
 70
0
 10
146.5
 20
128.4
 10
154.1
 20
135.2
  0
LWPOLYLINE
  5
248
330
B3
100
AcDbEntity
  8
VEG-NERVIOS
100
AcDbPolyline
 90
2
 70
0
 10
169.8
 20
149.4
 10
174.0
 20
153.2
  0
LWPOLYLINE
  5
249
330
B3
100
AcDbEntity
  8
VEG-NERVIOS
100
AcDbPolyline
 90
2
 70
0
 10
189.4
 20
167.4
 10
194.6
 20
172.1
  0
LWPOLYLINE
  5
24A
330
B3
100
AcDbEntity
  8
VEG-NERVIOS
100
AcDbPolyline
 90
2
 70
0
 10
210.7
 20
187.0
 10
214.5
 20
190.6
  0
LWPOLYLINE
  5
24B
330
B3
100
AcDbEntity
  8
VEG-NERVIOS
100
AcDbPolyline
 90
2
 70
0
 10
244.4
 20
218.4
 10
248.8
 20
222.6
  0
LWPOLYLINE
  5
24C
330
B3
100
AcDbEntity
  8
VEG-NERVIOS
100
AcDbPolyline
 90
2
 70
0
 10
263.2
 20
236.1
 10
269.1
 20
241.7
  0
LWPOLYLINE
  5
24D
330
B3
100
AcDbEntity
  8
VEG-NERVIOS
100
AcDbPolyline
 90
2
 70
0
 10
284.9
 20
256.7
 10
286.1
 20
257.9
  0
LWPOLYLINE
  5
24E
330
B3
100
AcDbEntity
  8
VEG-NERVIOS
100
AcDbPolyline
 90
2
 70
0
 10
301.2
 20
272.4
 10
304.1
 20
275.2
  0
LWPOLYLINE
  5
24F
330
B3
100
AcDbEntity
  8
VEG-NERVIOS
100
AcDbPolyline
 90
3
 70
0
 10
317.6
 20
288.2
 10
377.5
 20
346.9
 10
439.2
 20
408.9
  0
LWPOLYLINE
  5
250
330
B3
100
AcDbEntity
  8
VEG-HOJAS
100
AcDbPolyline
 90
6
 70
0
 10
12.1
 20
9.0
 10
10.8
 20
10.6
 10
10.2
 20
12.4
 10
10.4
 20
14.4
 10
11.6
 20
16.5
 10
68.7
 20
65.9
  0
LWPOLYLINE
  5
251
330
B3
100
AcDbEntity
  8
VEG-HOJAS
100
AcDbPolyline
 90
2
 70
0
 10
71.6
 20
55.2
 10
63.2
 20
47.9
  0
LWPOLYLINE
  5
252
330
B3
100
AcDbEntity
  8
VEG-HOJAS
100
AcDbPolyline
 90
8
 70
0
 10
85.0
 20
80.2
 10
92.3
 20
86.6
 10
89.3
 20
92.3
 10
88.2
 20
96.8
 10
87.9
 20
107.6
 10
89.8
 20
119.3
 10
97.0
 20
143.1
 10
101.2
 20
126.5
  0
LWPOLYLINE
  5
253
330
B3
100
AcDbEntity
  8
VEG-HOJAS
100
AcDbPolyline
 90
2
 70
0
 10
93.5
 20
74.4
 10
85.2
 20
67.0
  0
LWPOLYLINE
  5
254
330
B3
100
AcDbEntity
  8
VEG-HOJAS
100
AcDbPolyline
 90
4
 70
0
 10
104.5
 20
136.0
 10
105.7
 20
156.2
 10
110.6
 20
187.1
 10
119.1
 20
149.0
  0
LWPOLYLINE
  5
255
330
B3
100
AcDbEntity
  8
VEG-HOJAS
100
AcDbPolyline
 90
2
 70
0
 10
109.1
 20
88.1
 10
115.1
 20
87.5
  0
LWPOLYLINE
  5
256
330
B3
100
AcDbEntity
  8
VEG-HOJAS
100
AcDbPolyline
 90
2
 70
0
 10
114.1
 20
92.6
 10
109.1
 20
88.2
  0
LWPOLYLINE
  5
257
330
B3
100
AcDbEntity
  8
VEG-HOJAS
100
AcDbPolyline
 90
3
 70
0
 10
139.1
 20
69.1
 10
123.6
 20
68.9
 10
112.6
 20
70.7
  0
LWPOLYLINE
  5
258
330
B3
100
AcDbEntity
  8
VEG-HOJAS
100
AcDbPolyline
 90
4
 70
0
 10
125.8
 20
174.3
 10
127.9
 20
191.5
 10
134.0
 20
223.9
 10
136.0
 20
207.8
  0
LWPOLYLINE
  5
259
330
B3
100
AcDbEntity
  8
VEG-HOJAS
100
AcDbPolyline
 90
3
 70
0
 10
133.3
 20
109.8
 10
129.8
 20
106.7
 10
134.1
 20
107.0
  0
LWPOLYLINE
  5
25A
330
B3
100
AcDbEntity
  8
VEG-HOJAS
100
AcDbPolyline
 90
2
 70
0
 10
145.9
 20
89.8
 10
139.0
 20
90.4
  0
LWPOLYLINE
  5
25B
330
B3
100
AcDbEntity
  8
VEG-HOJAS
100
AcDbPolyline
 90
2
 70
0
 10
147.2
 20
109.3
 10
144.6
 20
110.5
  0
LWPOLYLINE
  5
25C
330
B3
100
AcDbEntity
  8
VEG-HOJAS
100
AcDbPolyline
 90
11
 70
0
 10
146.7
 20
135.3
 10
151.5
 20
139.6
 10
149.5
 20
146.2
 10
148.2
 20
153.9
 10
147.7
 20
163.3
 10
148.3
 20
179.8
 10
150.5
 20
197.5
 10
155.3
 20
220.6
 10
165.3
 20
256.6
 10
170.3
 20
289.1
 10
172.6
 20
263.6
  0
LWPOLYLINE
  5
25D
330
B3
100
AcDbEntity
  8
VEG-HOJAS
100
AcDbPolyline
 90
3
 70
0
 10
154.7
 20
129.0
 10
146.9
 20
122.0
 10
155.9
 20
122.0
  0
LWPOLYLINE
  5
25E
330
B3
100
AcDbEntity
  8
VEG-HOJAS
100
AcDbPolyline
 90
2
 70
0
 10
158.4
 20
105.3
 10
174.5
 20
102.3
  0
LWPOLYLINE
  5
25F
330
B3
100
AcDbEntity
  8
VEG-HOJAS
100
AcDbPolyline
 90
2
 70
0
 10
172.7
 20
103.1
 10
158.8
 20
105.6
  0
LWPOLYLINE
  5
260
330
B3
100
AcDbEntity
  8
VEG-HOJAS
100
AcDbPolyline
 90
2
 70
0
 10
170.6
 20
127.7
 10
166.5
 20
128.8
  0
LWPOLYLINE
  5
261
330
B3
100
AcDbEntity
  8
VEG-HOJAS
100
AcDbPolyline
 90
2
 70
0
 10
168.6
 20
140.7
 10
175.5
 20
141.5
  0
LWPOLYLINE
  5
262
330
B3
100
AcDbEntity
  8
VEG-HOJAS
100
AcDbPolyline
 90
2
 70
0
 10
174.7
 20
147.1
 10
168.8
 20
141.8
  0
LWPOLYLINE
  5
263
330
B3
100
AcDbEntity
  8
VEG-HOJAS
100
AcDbPolyline
 90
2
 70
0
 10
173.1
 20
259.4
 10
177.4
 20
220.0
  0
LWPOLYLINE
  5
264
330
B3
100
AcDbEntity
  8
VEG-HOJAS
100
AcDbPolyline
 90
2
 70
0
 10
176.5
 20
119.6
 10
208.3
 20
112.5
  0
LWPOLYLINE
  5
265
330
B3
100
AcDbEntity
  8
VEG-HOJAS
100
AcDbPolyline
 90
2
 70
0
 10
194.4
 20
95.1
 10
180.2
 20
92.3
  0
LWPOLYLINE
  5
266
330
B3
100
AcDbEntity
  8
VEG-HOJAS
100
AcDbPolyline
 90
5
 70
0
 10
183.9
 20
256.9
 10
187.9
 20
285.9
 10
193.8
 20
318.3
 10
194.4
 20
301.2
 10
198.8
 20
232.6
  0
LWPOLYLINE
  5
267
330
B3
100
AcDbEntity
  8
VEG-HOJAS
100
AcDbPolyline
 90
2
 70
0
 10
185.7
 20
141.9
 10
188.1
 20
141.9
  0
LWPOLYLINE
  5
268
330
B3
100
AcDbEntity
  8
VEG-HOJAS
100
AcDbPolyline
 90
2
 70
0
 10
189.7
 20
143.2
 10
186.3
 20
144.5
  0
LWPOLYLINE
  5
269
330
B3
100
AcDbEntity
  8
VEG-HOJAS
100
AcDbPolyline
 90
2
 70
0
 10
188.2
 20
156.1
 10
196.3
 20
155.9
  0
LWPOLYLINE
  5
26A
330
B3
100
AcDbEntity
  8
VEG-HOJAS
100
AcDbPolyline
 90
2
 70
0
 10
195.0
 20
165.8
 10
188.6
 20
159.9
  0
LWPOLYLINE
  5
26B
330
B3
100
AcDbEntity
  8
VEG-HOJAS
100
AcDbPolyline
 90
10
 70
0
 10
200.6
 20
243.5
 10
201.0
 20
266.9
 10
202.2
 20
282.3
 10
204.8
 20
303.8
 10
211.6
 20
345.0
 10
213.5
 20
306.9
 10
214.7
 20
332.6
 10
218.0
 20
368.9
 10
220.6
 20
345.1
 10
227.7
 20
295.0
  0
LWPOLYLINE
  5
26C
330
B3
100
AcDbEntity
  8
VEG-HOJAS
100
AcDbPolyline
 90
2
 70
0
 10
211.6
 20
161.5
 10
207.1
 20
162.8
  0
LWPOLYLINE
  5
26D
330
B3
100
AcDbEntity
  8
VEG-HOJAS
100
AcDbPolyline
 90
2
 70
0
 10
209.1
 20
174.5
 10
215.9
 20
174.8
  0
LWPOLYLINE
  5
26E
330
B3
100
AcDbEntity
  8
VEG-HOJAS
100
AcDbPolyline
 90
2
 70
0
 10
214.9
 20
184.1
 10
209.8
 20
179.4
  0
LWPOLYLINE
  5
26F
330
B3
100
AcDbEntity
  8
VEG-HOJAS
100
AcDbPolyline
 90
3
 70
0
 10
217.9
 20
240.8
 10
217.4
 20
244.0
 10
217.6
 20
238.6
  0
LWPOLYLINE
  5
270
330
B3
100
AcDbEntity
  8
VEG-HOJAS
100
AcDbPolyline
 90
5
 70
0
 10
217.7
 20
153.5
 10
242.3
 20
149.2
 10
294.0
 20
138.8
 10
309.7
 20
136.2
 10
302.3
 20
135.7
  0
LWPOLYLINE
  5
271
330
B3
100
AcDbEntity
  8
VEG-HOJAS
100
AcDbPolyline
 90
2
 70
0
 10
241.0
 20
128.3
 10
220.7
 20
125.7
  0
LWPOLYLINE
  5
272
330
B3
100
AcDbEntity
  8
VEG-HOJAS
100
AcDbPolyline
 90
2
 70
0
 10
232.7
 20
179.6
 10
227.4
 20
180.9
  0
LWPOLYLINE
  5
273
330
B3
100
AcDbEntity
  8
VEG-HOJAS
100
AcDbPolyline
 90
2
 70
0
 10
229.4
 20
192.7
 10
232.9
 20
192.9
  0
LWPOLYLINE
  5
274
330
B3
100
AcDbEntity
  8
VEG-HOJAS
100
AcDbPolyline
 90
2
 70
0
 10
237.1
 20
104.5
 10
232.1
 20
104.0
  0
LWPOLYLINE
  5
275
330
B3
100
AcDbEntity
  8
VEG-HOJAS
100
AcDbPolyline
 90
7
 70
0
 10
238.4
 20
279.6
 10
238.6
 20
302.3
 10
240.0
 20
324.3
 10
243.8
 20
354.5
 10
250.1
 20
391.2
 10
250.7
 20
366.7
 10
254.4
 20
300.8
  0
LWPOLYLINE
  5
276
330
B3
100
AcDbEntity
  8
VEG-HOJAS
100
AcDbPolyline
 90
2
 70
0
 10
241.1
 20
173.7
 10
246.6
 20
173.2
  0
LWPOLYLINE
  5
277
330
B3
100
AcDbEntity
  8
VEG-HOJAS
100
AcDbPolyline
 90
4
 70
0
 10
244.0
 20
225.0
 10
247.1
 20
227.8
 10
246.0
 20
229.9
 10
242.9
 20
240.5
  0
LWPOLYLINE
  5
278
330
B3
100
AcDbEntity
  8
VEG-HOJAS
100
AcDbPolyline
 90
2
 70
0
 10
244.0
 20
193.3
 10
248.3
 20
193.3
  0
LWPOLYLINE
  5
279
330
B3
100
AcDbEntity
  8
VEG-HOJAS
100
AcDbPolyline
 90
2
 70
0
 10
249.9
 20
194.8
 10
244.2
 20
197.0
  0
LWPOLYLINE
  5
27A
330
B3
100
AcDbEntity
  8
VEG-HOJAS
100
AcDbPolyline
 90
2
 70
0
 10
250.0
 20
216.8
 10
244.5
 20
211.7
  0
LWPOLYLINE
  5
27B
330
B3
100
AcDbEntity
  8
VEG-HOJAS
100
AcDbPolyline
 90
2
 70
0
 10
244.5
 20
208.0
 10
252.7
 20
207.5
  0
LWPOLYLINE
  5
27C
330
B3
100
AcDbEntity
  8
VEG-HOJAS
100
AcDbPolyline
 90
12
 70
0
 10
262.7
 20
242.6
 10
266.0
 20
245.7
 10
262.6
 20
255.6
 10
260.5
 20
266.2
 10
259.0
 20
279.1
 10
258.1
 20
293.9
 10
258.6
 20
321.1
 10
260.3
 20
343.2
 10
262.3
 20
359.1
 10
271.4
 20
410.6
 10
271.8
 20
379.4
 10
274.2
 20
326.0
  0
LWPOLYLINE
  5
27D
330
B3
100
AcDbEntity
  8
VEG-HOJAS
100
AcDbPolyline
 90
2
 70
0
 10
270.0
 20
235.7
 10
263.6
 20
229.6
  0
LWPOLYLINE
  5
27E
330
B3
100
AcDbEntity
  8
VEG-HOJAS
100
AcDbPolyline
 90
2
 70
0
 10
263.6
 20
228.5
 10
271.2
 20
229.5
  0
LWPOLYLINE
  5
27F
330
B3
100
AcDbEntity
  8
VEG-HOJAS
100
AcDbPolyline
 90
2
 70
0
 10
273.4
 20
216.1
 10
263.8
 20
217.8
  0
LWPOLYLINE
  5
280
330
B3
100
AcDbEntity
  8
VEG-HOJAS
100
AcDbPolyline
 90
2
 70
0
 10
275.5
 20
204.5
 10
311.5
 20
197.8
  0
LWPOLYLINE
  5
281
330
B3
100
AcDbEntity
  8
VEG-HOJAS
100
AcDbPolyline
 90
8
 70
0
 10
277.6
 20
322.2
 10
278.6
 20
344.1
 10
281.3
 20
368.4
 10
284.8
 20
390.7
 10
292.0
 20
427.4
 10
292.0
 20
402.8
 10
294.3
 20
327.3
 10
294.3
 20
304.7
  0
LWPOLYLINE
  5
282
330
B3
100
AcDbEntity
  8
VEG-HOJAS
100
AcDbPolyline
 90
2
 70
0
 10
284.2
 20
230.6
 10
289.3
 20
230.9
  0
LWPOLYLINE
  5
283
330
B3
100
AcDbEntity
  8
VEG-HOJAS
100
AcDbPolyline
 90
2
 70
0
 10
289.3
 20
230.9
 10
284.5
 20
232.6
  0
LWPOLYLINE
  5
284
330
B3
100
AcDbEntity
  8
VEG-HOJAS
100
AcDbPolyline
 90
2
 70
0
 10
287.2
 20
252.0
 10
285.1
 20
250.0
  0
LWPOLYLINE
  5
285
330
B3
100
AcDbEntity
  8
VEG-HOJAS
100
AcDbPolyline
 90
2
 70
0
 10
285.1
 20
244.1
 10
289.4
 20
243.9
  0
LWPOLYLINE
  5
286
330
B3
100
AcDbEntity
  8
VEG-HOJAS
100
AcDbPolyline
 90
3
 70
0
 10
327.2
 20
180.0
 10
306.4
 20
177.3
 10
290.7
 20
176.1
  0
LWPOLYLINE
  5
287
330
B3
100
AcDbEntity
  8
VEG-HOJAS
100
AcDbPolyline
 90
151
 70
0
 10
300.2
 20
278.3
 10
303.7
 20
281.8
 10
300.7
 20
291.4
 10
299.0
 20
301.7
 10
297.9
 20
314.3
 10
297.8
 20
336.5
 10
299.4
 20
360.4
 10
303.9
 20
391.8
 10
314.5
 20
441.5
 10
314.1
 20
426.6
 10
317.4
 20
453.4
 10
318.8
 20
435.2
 10
325.7
 20
374.9
 10
328.5
 20
345.0
 10
329.5
 20
319.5
 10
328.6
 20
305.8
 10
340.5
 20
317.5
 10
336.9
 20
325.7
 10
333.1
 20
340.5
 10
330.3
 20
359.1
 10
329.3
 20
373.2
 10
329.1
 20
395.3
 10
330.2
 20
416.7
 10
335.1
 20
462.8
 10
337.4
 20
441.0
 10
342.6
 20
401.5
 10
341.8
 20
425.9
 10
343.2
 20
468.8
 10
346.3
 20
453.1
 10
357.9
 20
401.2
 10
362.8
 20
375.4
 10
365.3
 20
353.2
 10
365.2
 20
341.8
 10
377.4
 20
353.9
 10
374.5
 20
360.3
 10
371.3
 20
372.7
 10
369.2
 20
388.2
 10
368.7
 20
400.0
 10
368.8
 20
412.3
 10
370.6
 20
436.3
 10
376.0
 20
474.7
 10
381.3
 20
433.7
 10
381.5
 20
451.6
 10
382.6
 20
475.9
 10
394.4
 20
433.5
 10
399.4
 20
413.0
 10
402.5
 20
393.9
 10
402.8
 20
379.3
 10
413.5
 20
390.0
 10
411.0
 20
393.7
 10
408.5
 20
399.0
 10
406.4
 20
405.6
 10
403.7
 20
421.7
 10
403.1
 20
430.5
 10
403.2
 20
443.7
 10
405.9
 20
476.0
 10
416.1
 20
440.9
 10
420.2
 20
424.0
 10
422.3
 20
408.1
 10
422.1
 20
398.7
 10
431.5
 20
408.3
 10
427.8
 20
414.3
 10
426.1
 20
419.2
 10
424.5
 20
431.0
 10
425.0
 20
444.1
 10
429.5
 20
470.9
 10
439.8
 20
439.0
 10
441.9
 20
426.7
 10
441.9
 20
418.9
 10
448.5
 20
425.6
 10
450.2
 20
426.5
 10
452.2
 20
426.7
 10
454.0
 20
426.2
 10
455.5
 20
425.0
 10
456.5
 20
423.3
 10
456.6
 20
420.8
 10
455.9
 20
419.0
 10
448.1
 20
410.9
 10
457.3
 20
410.5
 10
469.5
 20
407.9
 10
501.1
 20
396.3
 10
473.8
 20
392.8
 10
460.7
 20
392.9
 10
449.0
 20
395.1
 10
444.2
 20
397.0
 10
438.4
 20
401.0
 10
429.7
 20
392.1
 10
438.4
 20
392.7
 10
454.4
 20
391.5
 10
471.6
 20
388.4
 10
507.5
 20
380.4
 10
475.0
 20
375.6
 10
461.8
 20
374.7
 10
452.9
 20
374.8
 10
436.6
 20
376.7
 10
429.9
 20
378.5
 10
424.5
 20
380.7
 10
420.7
 20
383.1
 10
410.1
 20
372.4
 10
424.5
 20
372.3
 10
443.8
 20
369.6
 10
507.5
 20
355.1
 10
473.3
 20
352.4
 10
452.1
 20
352.3
 10
441.3
 20
353.0
 10
431.1
 20
354.4
 10
421.8
 20
356.4
 10
413.8
 20
358.8
 10
407.3
 20
361.6
 10
402.4
 20
364.7
 10
391.4
 20
353.7
 10
400.1
 20
354.0
 10
409.6
 20
353.6
 10
431.7
 20
350.8
 10
505.4
 20
337.1
 10
466.3
 20
333.7
 10
448.1
 20
333.3
 10
429.6
 20
334.2
 10
417.8
 20
335.6
 10
402.4
 20
338.9
 10
390.3
 20
343.0
 10
384.2
 20
346.5
 10
372.6
 20
335.0
 10
383.6
 20
335.2
 10
405.9
 20
333.2
 10
432.0
 20
329.2
 10
484.6
 20
319.7
 10
500.6
 20
317.5
 10
457.2
 20
314.0
 10
437.1
 20
313.7
 10
416.5
 20
314.8
 10
403.4
 20
316.4
 10
386.4
 20
320.0
 10
372.9
 20
324.5
 10
365.8
 20
328.3
 10
354.0
 20
316.7
 10
366.7
 20
317.0
 10
390.8
 20
315.1
 10
471.6
 20
303.3
 10
493.7
 20
300.9
 10
467.2
 20
298.0
 10
484.5
 20
298.2
 10
442.5
 20
289.6
 10
420.5
 20
286.4
 10
397.0
 20
284.5
 10
374.0
 20
284.3
 10
360.1
 20
285.2
 10
348.1
 20
286.9
 10
338.2
 20
289.1
 10
329.2
 20
292.5
 10
319.2
 20
282.8
  0
LWPOLYLINE
  5
288
330
B3
100
AcDbEntity
  8
VEG-HOJAS
100
AcDbPolyline
 90
2
 70
0
 10
304.8
 20
268.9
 10
301.9
 20
266.2
  0
LWPOLYLINE
  5
289
330
B3
100
AcDbEntity
  8
VEG-HOJAS
100
AcDbPolyline
 90
2
 70
0
 10
302.2
 20
264.3
 10
305.8
 20
264.7
  0
LWPOLYLINE
  5
28A
330
B3
100
AcDbEntity
  8
VEG-HOJAS
100
AcDbPolyline
 90
2
 70
0
 10
310.9
 20
251.7
 10
302.8
 20
253.2
  0
LWPOLYLINE
  5
28B
330
B3
100
AcDbEntity
  8
VEG-HOJAS
100
AcDbPolyline
 90
5
 70
0
 10
315.7
 20
293.4
 10
322.0
 20
299.4
 10
318.2
 20
308.3
 10
314.4
 20
324.3
 10
312.9
 20
300.9
  0
LWPOLYLINE
  5
28C
330
B3
100
AcDbEntity
  8
VEG-HOJAS
100
AcDbPolyline
 90
2
 70
0
 10
314.9
 20
241.7
 10
327.8
 20
240.0
  0
LWPOLYLINE
  5
28D
330
B3
100
AcDbEntity
  8
VEG-HOJAS
100
AcDbPolyline
 90
11
 70
0
 10
319.8
 20
280.5
 10
331.6
 20
280.5
 10
358.1
 20
278.4
 10
444.5
 20
267.7
 10
457.0
 20
268.5
 10
450.9
 20
267.0
 10
471.7
 20
265.5
 10
423.7
 20
260.3
 10
389.4
 20
253.6
 10
372.8
 20
251.5
 10
357.2
 20
250.2
  0
LWPOLYLINE
  5
28E
330
B3
100
AcDbEntity
  8
VEG-HOJAS
100
AcDbPolyline
 90
3
 70
0
 10
321.9
 20
266.0
 10
330.3
 20
266.4
 10
321.7
 20
269.0
  0
LWPOLYLINE
  5
28F
330
B3
100
AcDbEntity
  8
VEG-HOJAS
100
AcDbPolyline
 90
2
 70
0
 10
344.3
 20
217.8
 10
325.7
 20
215.7
  0
LWPOLYLINE
  5
290
330
B3
100
AcDbEntity
  8
VEG-HOJAS
100
AcDbPolyline
 90
9
 70
0
 10
348.0
 20
237.1
 10
378.7
 20
232.4
 10
404.4
 20
233.3
 10
418.8
 20
234.4
 10
399.8
 20
229.4
 10
424.2
 20
226.4
 10
438.6
 20
225.2
 10
406.9
 20
222.1
 10
379.4
 20
220.7
  0
LWPOLYLINE
  5
291
330
B3
100
AcDbEntity
  8
VEG-HOJAS
100
AcDbPolyline
 90
3
 70
0
 10
382.3
 20
184.3
 10
394.1
 20
182.7
 10
353.4
 20
180.9
  0
LWPOLYLINE
  5
292
330
B3
100
AcDbEntity
  8
VEG-HOJAS
100
AcDbPolyline
 90
6
 70
1
 10
336.5
 20
299.6
 10
348.9
 20
300.9
 10
371.8
 20
301.3
 10
364.4
 20
303.1
 10
355.4
 20
306.2
 10
347.4
 20
310.3
  0
LWPOLYLINE
  5
293
330
B3
100
AcDbEntity
  8
VEG-HOJAS
100
AcDbPolyline
 90
8
 70
1
 10
358.7
 20
335.4
 10
354.7
 20
342.4
 10
351.5
 20
350.6
 10
348.6
 20
360.8
 10
346.0
 20
372.6
 10
347.9
 20
347.7
 10
348.1
 20
336.4
 10
347.3
 20
324.1
  0
LWPOLYLINE
  5
294
330
B3
100
AcDbEntity
  8
VEG-HOJAS
100
AcDbPolyline
 90
6
 70
1
 10
395.3
 20
371.7
 10
392.1
 20
376.6
 10
389.3
 20
383.0
 10
385.7
 20
395.1
 10
386.4
 20
378.6
 10
385.4
 20
361.8
  0
LWPOLYLINE
  5
295
330
B3
100
AcDbEntity
  8
VEG-NERVIOS
100
AcDbPolyline
 90
9
 70
0
 10
-20.0
 20
-0.2
 10
-83.6
 20
-0.0
 10
-155.0
 20
2.1
 10
-226.4
 20
6.4
 10
-297.7
 20
12.6
 10
-368.7
 20
21.0
 10
-431.6
 20
30.1
 10
-502.1
 20
42.3
 10
-572.2
 20
56.5
  0
LWPOLYLINE
  5
296
330
B3
100
AcDbEntity
  8
VEG-HOJAS
100
AcDbPolyline
 90
3
 70
0
 10
-396.2
 20
148.0
 10
-396.8
 20
148.8
 10
-396.1
 20
148.0
  0
LWPOLYLINE
  5
297
330
B3
100
AcDbEntity
  8
VEG-HOJAS
100
AcDbPolyline
 90
366
 70
0
 10
-297.1
 20
115.1
 10
-282.0
 20
98.9
 10
-267.7
 20
82.5
 10
-254.4
 20
72.1
 10
-241.0
 20
60.6
 10
-227.8
 20
48.0
 10
-219.9
 20
39.4
 10
-213.1
 20
31.0
 10
-207.6
 20
23.1
 10
-203.7
 20
16.2
 10
-201.2
 20
9.7
 10
-187.1
 20
8.8
 10
-196.0
 20
17.1
 10
-208.1
 20
31.9
 10
-219.9
 20
49.0
 10
-242.9
 20
85.6
 10
-213.7
 20
60.9
 10
-202.5
 20
50.2
 10
-195.3
 20
42.5
 10
-183.4
 20
27.0
 10
-179.2
 20
19.9
 10
-176.3
 20
13.7
 10
-174.7
 20
8.1
 10
-160.8
 20
7.4
 10
-166.7
 20
13.3
 10
-175.9
 20
25.9
 10
-184.3
 20
40.6
 10
-200.1
 20
72.4
 10
-173.9
 20
48.5
 10
-162.5
 20
35.7
 10
-153.6
 20
22.5
 10
-150.6
 20
16.5
 10
-148.8
 20
11.1
 10
-148.1
 20
6.9
 10
-138.9
 20
6.5
 10
-145.2
 20
13.3
 10
-148.5
 20
18.0
 10
-154.3
 20
28.0
 10
-162.9
 20
44.9
 10
-141.9
 20
31.9
 10
-132.8
 20
24.5
 10
-125.9
 20
16.2
 10
-123.7
 20
12.1
 10
-122.1
 20
5.9
 10
-75.0
 20
4.9
 10
-19.6
 20
4.8
 10
-17.3
 20
4.0
 10
-15.6
 20
2.2
 10
-15.0
 20
-0.1
 10
-15.4
 20
-2.1
 10
-17.2
 20
-4.3
 10
-19.9
 20
-5.2
 10
-67.1
 20
-5.2
 10
-122.2
 20
-4.1
 10
-123.9
 20
-10.3
 10
-126.2
 20
-14.3
 10
-133.4
 20
-22.4
 10
-142.9
 20
-29.6
 10
-165.0
 20
-41.7
 10
-149.1
 20
-15.5
 10
-141.8
 20
-6.8
 10
-138.2
 20
-3.5
 10
-148.2
 20
-3.2
 10
-149.0
 20
-7.3
 10
-150.9
 20
-12.6
 10
-154.0
 20
-18.7
 10
-158.2
 20
-25.1
 10
-163.4
 20
-31.6
 10
-169.3
 20
-38.0
 10
-178.8
 20
-46.8
 10
-204.2
 20
-66.6
 10
-186.0
 20
-35.7
 10
-176.8
 20
-21.4
 10
-167.0
 20
-9.1
 10
-160.0
 20
-2.6
 10
-174.6
 20
-1.9
 10
-176.1
 20
-7.4
 10
-178.8
 20
-13.8
 10
-183.0
 20
-21.0
 10
-188.4
 20
-28.7
 10
-195.0
 20
-36.6
 10
-206.2
 20
-48.0
 10
-218.0
 20
-58.4
 10
-245.3
 20
-79.2
 10
-208.1
 20
-26.0
 10
-195.8
 20
-11.2
 10
-185.3
 20
-1.3
 10
-201.1
 20
-0.4
 10
-203.3
 20
-7.0
 10
-207.1
 20
-14.0
 10
-212.4
 20
-22.0
 10
-219.2
 20
-30.6
 10
-227.2
 20
-39.4
 10
-240.8
 20
-52.0
 10
-255.0
 20
-63.5
 10
-287.6
 20
-86.1
 10
-275.4
 20
-72.0
 10
-247.6
 20
-37.4
 10
-232.2
 20
-19.4
 10
-218.0
 20
-5.2
 10
-211.2
 20
0.3
 10
-227.9
 20
1.5
 10
-231.7
 20
-5.7
 10
-237.0
 20
-12.8
 10
-244.1
 20
-20.7
 10
-253.0
 20
-29.1
 10
-263.2
 20
-37.6
 10
-280.2
 20
-49.5
 10
-303.1
 20
-63.1
 10
-337.2
 20
-80.1
 10
-324.5
 20
-69.8
 10
-300.0
 20
-48.0
 10
-314.5
 20
-58.5
 10
-326.7
 20
-66.5
 10
-343.4
 20
-76.3
 10
-368.7
 20
-89.9
 10
-347.3
 20
-71.3
 10
-291.7
 20
-18.4
 10
-273.2
 20
-2.6
 10
-263.4
 20
4.3
 10
-279.9
 20
5.9
 10
-284.6
 20
-2.6
 10
-295.0
 20
-15.1
 10
-309.3
 20
-29.3
 10
-321.1
 20
-39.0
 10
-340.6
 20
-52.8
 10
-360.7
 20
-65.0
 10
-378.8
 20
-74.6
 10
-406.2
 20
-87.9
 10
-382.4
 20
-69.5
 10
-310.1
 20
-7.7
 10
-300.5
 20
-0.4
 10
-289.6
 20
6.8
 10
-306.2
 20
8.5
 10
-311.9
 20
0.1
 10
-319.0
 20
-7.6
 10
-328.4
 20
-16.3
 10
-346.2
 20
-30.0
 10
-366.9
 20
-43.2
 10
-381.5
 20
-51.2
 10
-402.7
 20
-61.3
 10
-445.1
 20
-78.3
 10
-418.7
 20
-61.4
 10
-380.3
 20
-33.8
 10
-403.3
 20
-47.7
 10
-429.0
 20
-60.7
 10
-450.7
 20
-74.9
 10
-484.6
 20
-94.3
 10
-461.4
 20
-74.2
 10
-472.9
 20
-78.7
 10
-451.9
 20
-65.3
 10
-387.7
 20
-3.0
 10
-378.2
 20
5.5
 10
-365.3
 20
15.5
 10
-383.0
 20
17.8
 10
-387.7
 20
8.7
 10
-393.9
 20
-0.0
 10
-402.2
 20
-9.9
 10
-412.5
 20
-20.4
 10
-428.7
 20
-34.7
 10
-446.4
 20
-48.2
 10
-464.6
 20
-60.3
 10
-483.1
 20
-71.2
 10
-511.3
 20
-86.3
 10
-495.9
 20
-73.9
 10
-476.7
 20
-57.0
 10
-413.7
 20
1.6
 10
-404.0
 20
9.7
 10
-391.4
 20
19.0
 10
-408.8
 20
21.5
 10
-413.6
 20
12.8
 10
-419.7
 20
4.5
 10
-428.0
 20
-4.8
 10
-438.2
 20
-14.8
 10
-453.2
 20
-27.4
 10
-469.6
 20
-39.3
 10
-489.7
 20
-52.1
 10
-507.9
 20
-62.3
 10
-535.6
 20
-76.3
 10
-524.4
 20
-67.8
 10
-506.9
 20
-53.1
 10
-439.2
 20
6.9
 10
-429.6
 20
14.6
 10
-417.5
 20
22.8
 10
-434.6
 20
25.5
 10
-439.2
 20
17.4
 10
-449.3
 20
5.3
 10
-463.3
 20
-8.3
 10
-474.8
 20
-17.6
 10
-493.8
 20
-30.7
 10
-513.3
 20
-42.3
 10
-530.9
 20
-51.5
 10
-557.5
 20
-64.1
 10
-534.5
 20
-46.3
 10
-474.6
 20
4.7
 10
-454.8
 20
20.0
 10
-443.8
 20
27.0
 10
-460.1
 20
29.7
 10
-464.2
 20
22.2
 10
-473.5
 20
10.9
 10
-486.5
 20
-1.8
 10
-497.2
 20
-10.5
 10
-514.8
 20
-22.8
 10
-532.9
 20
-33.7
 10
-549.3
 20
-42.3
 10
-574.0
 20
-54.2
 10
-553.0
 20
-37.1
 10
-497.8
 20
11.1
 10
-479.3
 20
25.3
 10
-469.6
 20
31.3
 10
-485.5
 20
34.1
 10
-488.8
 20
27.4
 10
-496.9
 20
16.8
 10
-508.4
 20
4.9
 10
-517.8
 20
-3.2
 10
-533.6
 20
-14.7
 10
-549.8
 20
-24.9
 10
-586.6
 20
-44.4
 10
-572.0
 20
-31.4
 10
-538.3
 20
0.8
 10
-519.9
 20
17.6
 10
-503.4
 20
30.7
 10
-495.2
 20
35.9
 10
-511.3
 20
38.9
 10
-514.4
 20
33.5
 10
-519.1
 20
27.7
 10
-525.4
 20
21.5
 10
-533.1
 20
15.0
 10
-542.0
 20
8.7
 10
-556.7
 20
-0.1
 10
-571.7
 20
-7.7
 10
-605.5
 20
-21.8
 10
-552.0
 20
22.2
 10
-535.3
 20
34.2
 10
-522.9
 20
41.2
 10
-536.1
 20
43.8
 10
-538.1
 20
39.3
 10
-541.4
 20
34.1
 10
-546.2
 20
28.4
 10
-552.2
 20
22.4
 10
-559.2
 20
16.6
 10
-566.9
 20
11.0
 10
-583.1
 20
1.2
 10
-610.6
 20
-12.4
 10
-583.5
 20
16.1
 10
-570.2
 20
29.3
 10
-557.0
 20
40.3
 10
-547.7
 20
46.2
 10
-561.7
 20
49.1
 10
-563.1
 20
46.1
 10
-566.0
 20
42.2
 10
-569.9
 20
38.1
 10
-580.7
 20
30.2
 10
-587.2
 20
26.8
 10
-600.5
 20
21.2
 10
-622.9
 20
13.9
 10
-595.8
 20
39.6
 10
-584.7
 20
48.0
 10
-576.7
 20
52.4
 10
-590.5
 20
55.4
 10
-592.2
 20
56.4
 10
-593.6
 20
58.4
 10
-594.0
 20
60.3
 10
-593.3
 20
62.7
 10
-592.0
 20
64.1
 10
-589.8
 20
65.1
 10
-575.6
 20
62.3
 10
-580.5
 20
68.7
 10
-587.3
 20
80.7
 10
-601.2
 20
115.0
 10
-579.4
 20
94.6
 10
-570.1
 20
83.6
 10
-563.2
 20
72.3
 10
-561.1
 20
67.0
 10
-560.0
 20
62.3
 10
-559.8
 20
58.9
 10
-548.4
 20
56.5
 10
-553.8
 20
62.9
 10
-563.1
 20
77.2
 10
-571.6
 20
93.7
 10
-587.6
 20
129.0
 10
-563.8
 20
104.4
 10
-554.8
 20
93.8
 10
-549.1
 20
86.3
 10
-540.2
 20
71.4
 10
-537.2
 20
64.6
 10
-535.4
 20
58.6
 10
-534.7
 20
53.7
 10
-522.3
 20
51.3
 10
-530.8
 20
60.9
 10
-542.4
 20
77.7
 10
-553.4
 20
96.9
 10
-574.9
 20
137.6
 10
-546.4
 20
108.6
 10
-535.6
 20
96.1
 10
-528.7
 20
87.2
 10
-522.6
 20
78.3
 10
-515.5
 20
65.8
 10
-511.0
 20
55.0
 10
-509.7
 20
48.8
 10
-494.8
 20
46.0
 10
-505.9
 20
60.4
 10
-517.8
 20
80.3
 10
-529.4
 20
102.6
 10
-552.2
 20
149.5
 10
-522.3
 20
114.6
 10
-510.9
 20
99.6
 10
-503.7
 20
89.0
 10
-497.4
 20
78.5
 10
-490.0
 20
63.9
 10
-485.4
 20
51.4
 10
-484.1
 20
44.0
 10
-467.0
 20
41.0
 10
-474.0
 20
51.1
 10
-479.3
 20
60.5
 10
-490.4
 20
83.5
 10
-501.1
 20
109.1
 10
-513.2
 20
140.2
 10
-522.3
 20
154.5
 10
-516.4
 20
148.4
 10
-522.3
 20
162.4
 10
-502.1
 20
134.0
 10
-484.8
 20
115.6
 10
-470.3
 20
98.8
 10
-452.8
 20
75.0
 10
-445.6
 20
63.7
 10
-440.0
 20
53.3
 10
-436.0
 20
44.4
 10
-433.4
 20
35.4
 10
-415.5
 20
32.6
 10
-424.3
 20
44.9
 10
-437.1
 20
67.5
 10
-450.6
 20
95.0
 10
-474.0
 20
146.5
 10
-480.4
 20
155.7
 10
-476.4
 20
151.7
 10
-484.2
 20
167.7
 10
-459.6
 20
135.1
 10
-434.1
 20
108.3
 10
-423.5
 20
96.0
 10
-408.7
 20
76.9
 10
-396.2
 20
58.3
 10
-389.9
 20
47.2
 10
-385.3
 20
37.6
 10
-382.2
 20
27.8
 10
-365.5
 20
25.6
 10
-375.5
 20
36.6
 10
-391.6
 20
58.5
 10
-409.1
 20
85.2
 10
-440.1
 20
135.5
 10
-453.4
 20
156.0
 10
-422.8
 20
124.2
 10
-403.1
 20
101.8
 10
-434.9
 20
146.5
 10
-397.4
 20
111.6
 10
-375.2
 20
88.4
 10
-359.6
 20
69.8
 10
-346.2
 20
51.5
 10
-339.4
 20
40.5
 10
-334.4
 20
31.1
 10
-330.8
 20
21.3
 10
-313.4
 20
19.3
 10
-323.2
 20
30.5
 10
-338.5
 20
52.1
 10
-355.1
 20
78.6
 10
-396.1
 20
147.8
  0
LWPOLYLINE
  5
298
330
B3
100
AcDbEntity
  8
VEG-HOJAS
100
AcDbPolyline
 90
39
 70
0
 10
-396.0
 20
147.9
 10
-362.7
 20
111.8
 10
-346.1
 20
91.7
 10
-333.2
 20
74.4
 10
-320.8
 20
55.3
 10
-311.3
 20
37.9
 10
-307.2
 20
28.2
 10
-304.5
 20
18.4
 10
-286.9
 20
16.6
 10
-296.1
 20
27.8
 10
-310.0
 20
49.3
 10
-324.8
 20
75.5
 10
-352.9
 20
129.1
 10
-361.7
 20
145.0
 10
-330.4
 20
108.0
 10
-316.7
 20
90.0
 10
-303.4
 20
70.8
 10
-292.4
 20
51.9
 10
-284.0
 20
34.7
 10
-280.5
 20
25.2
 10
-278.4
 20
15.8
 10
-261.5
 20
14.2
 10
-270.0
 20
23.9
 10
-276.7
 20
33.0
 10
-291.0
 20
55.6
 10
-334.3
 20
133.2
 10
-303.7
 20
99.1
 10
-285.8
 20
76.7
 10
-277.3
 20
64.7
 10
-266.4
 20
47.2
 10
-258.1
 20
31.1
 10
-254.6
 20
22.2
 10
-252.5
 20
13.4
 10
-236.0
 20
12.1
 10
-243.4
 20
20.2
 10
-249.7
 20
28.6
 10
-263.1
 20
49.3
 10
-276.3
 20
72.5
 10
-299.1
 20
114.9
  0
LWPOLYLINE
  5
299
330
B3
100
AcDbEntity
  8
VEG-HOJAS
100
AcDbPolyline
 90
3
 70
0
 10
-300.1
 20
116.8
 10
-302.7
 20
121.2
 10
-299.1
 20
117.2
  0
LWPOLYLINE
  5
29A
330
B3
100
AcDbEntity
  8
VEG-HOJAS
100
AcDbPolyline
 90
5
 70
1
 10
-443.7
 20
37.1
 10
-451.6
 20
45.6
 10
-462.1
 20
59.2
 10
-459.1
 20
48.0
 10
-458.2
 20
39.5
  0
LWPOLYLINE
  5
29B
330
B3
100
AcDbEntity
  8
VEG-HOJAS
100
AcDbPolyline
 90
5
 70
1
 10
-391.9
 20
29.2
 10
-401.4
 20
39.3
 10
-413.1
 20
54.3
 10
-408.8
 20
41.2
 10
-407.2
 20
31.4
  0
LWPOLYLINE
  5
29C
330
B3
100
AcDbEntity
  8
VEG-HOJAS
100
AcDbPolyline
 90
5
 70
1
 10
-357.1
 20
14.4
 10
-361.7
 20
5.0
 10
-367.8
 20
-4.0
 10
-353.9
 20
5.5
 10
-341.9
 20
12.6
  0
LWPOLYLINE
  5
29D
330
B3
100
AcDbEntity
  8
VEG-HOJAS
100
AcDbPolyline
 90
9
 70
1
 10
-356.3
 20
-16.3
 10
-338.3
 20
-3.6
 10
-327.8
 20
3.3
 10
-316.7
 20
9.6
 10
-332.0
 20
11.4
 10
-337.8
 20
2.7
 10
-345.0
 20
-5.3
 10
-354.4
 20
-14.2
 10
-361.3
 20
-19.9
  0
LWPOLYLINE
  5
29E
330
B3
100
AcDbEntity
  8
VEG-HOJAS
100
AcDbPolyline
 90
7
 70
1
 10
-340.7
 20
22.5
 10
-350.6
 20
32.2
 10
-358.9
 20
41.8
 10
-370.7
 20
56.7
 10
-363.8
 20
44.2
 10
-359.4
 20
34.4
 10
-356.3
 20
24.4
  0
LWPOLYLINE
  5
29F
330
B3
100
AcDbEntity
  8
VEG-HOJAS
100
AcDbPolyline
 90
6
 70
1
 10
-257.7
 20
-4.6
 10
-263.2
 20
-12.4
 10
-272.6
 20
-23.4
 10
-255.0
 20
-8.8
 10
-239.1
 20
2.3
 10
-253.7
 20
3.5
  0
LWPOLYLINE
  5
2A0
330
B3
100
AcDbEntity
  8
VEG-HOJAS
100
AcDbPolyline
 90
6
 70
1
 10
-221.6
 20
17.2
 10
-225.0
 20
20.3
 10
-231.2
 20
26.8
 10
-228.3
 20
19.3
 10
-226.5
 20
11.4
 10
-213.8
 20
10.5
  0
LWPOLYLINE
  5
2A1
330
B3
100
AcDbEntity
  8
VEG-NERVIOS
100
AcDbPolyline
 90
5
 70
0
 10
-308.4
 20
231.9
 10
-355.0
 20
258.5
 10
-397.0
 20
280.9
 10
-439.5
 20
302.1
 10
-482.7
 20
322.1
  0
LWPOLYLINE
  5
2A2
330
B3
100
AcDbEntity
  8
VEG-NERVIOS
100
AcDbPolyline
 90
2
 70
0
 10
-238.3
 20
188.2
 10
-294.2
 20
223.4
  0
LWPOLYLINE
  5
2A3
330
B3
100
AcDbEntity
  8
VEG-NERVIOS
100
AcDbPolyline
 90
2
 70
0
 10
-197.2
 20
160.3
 10
-211.1
 20
169.9
  0
LWPOLYLINE
  5
2A4
330
B3
100
AcDbEntity
  8
VEG-NERVIOS
100
AcDbPolyline
 90
2
 70
0
 10
-167.4
 20
139.0
 10
-172.2
 20
142.5
  0
LWPOLYLINE
  5
2A5
330
B3
100
AcDbEntity
  8
VEG-NERVIOS
100
AcDbPolyline
 90
2
 70
0
 10
-138.4
 20
117.3
 10
-143.6
 20
121.3
  0
LWPOLYLINE
  5
2A6
330
B3
100
AcDbEntity
  8
VEG-NERVIOS
100
AcDbPolyline
 90
2
 70
0
 10
-111.3
 20
96.3
 10
-116.3
 20
100.2
  0
LWPOLYLINE
  5
2A7
330
B3
100
AcDbEntity
  8
VEG-NERVIOS
100
AcDbPolyline
 90
2
 70
0
 10
-84.9
 20
74.9
 10
-90.7
 20
79.6
  0
LWPOLYLINE
  5
2A8
330
B3
100
AcDbEntity
  8
VEG-NERVIOS
100
AcDbPolyline
 90
2
 70
0
 10
-23.7
 20
21.7
 10
-66.2
 20
59.2
  0
LWPOLYLINE
  5
2A9
330
B3
100
AcDbEntity
  8
VEG-HOJAS
100
AcDbPolyline
 90
39
 70
0
 10
-256.7
 20
158.2
 10
-264.8
 20
156.2
 10
-287.0
 20
152.2
 10
-309.8
 20
149.4
 10
-324.4
 20
148.2
 10
-372.0
 20
145.9
 10
-334.4
 20
156.0
 10
-362.0
 20
151.9
 10
-397.2
 20
147.7
 10
-370.6
 20
156.6
 10
-418.1
 20
146.1
 10
-342.5
 20
179.8
 10
-313.2
 20
191.8
 10
-287.6
 20
200.5
 10
-272.1
 20
204.0
 10
-287.4
 20
213.4
 10
-296.0
 20
207.4
 10
-305.5
 20
202.5
 10
-324.3
 20
194.8
 10
-346.4
 20
187.5
 10
-367.6
 20
182.1
 10
-393.5
 20
176.6
 10
-443.6
 20
168.3
 10
-350.9
 20
203.4
 10
-322.2
 20
212.5
 10
-309.9
 20
215.6
 10
-295.2
 20
218.1
 10
-309.8
 20
226.9
 10
-318.4
 20
221.2
 10
-327.9
 20
216.7
 10
-346.7
 20
209.6
 10
-368.7
 20
203.2
 10
-389.8
 20
198.4
 10
-415.7
 20
193.8
 10
-465.4
 20
187.2
 10
-372.8
 20
219.2
 10
-344.2
 20
227.3
 10
-331.9
 20
230.0
 10
-320.3
 20
231.7
  0
LWPOLYLINE
  5
2AA
330
B3
100
AcDbEntity
  8
VEG-HOJAS
100
AcDbPolyline
 90
153
 70
0
 10
-319.5
 20
231.8
 10
-318.3
 20
231.9
 10
-332.3
 20
240.0
 10
-340.6
 20
234.7
 10
-350.0
 20
230.3
 10
-368.3
 20
223.8
 10
-389.8
 20
217.8
 10
-405.3
 20
214.5
 10
-428.2
 20
210.6
 10
-484.1
 20
204.0
 10
-442.6
 20
217.9
 10
-496.7
 20
207.5
 10
-440.2
 20
231.7
 10
-412.6
 20
242.9
 10
-386.6
 20
251.9
 10
-375.3
 20
255.0
 10
-363.2
 20
257.3
 10
-377.2
 20
264.9
 10
-384.0
 20
259.5
 10
-392.0
 20
254.8
 10
-407.8
 20
247.6
 10
-426.5
 20
240.7
 10
-440.1
 20
236.7
 10
-460.3
 20
231.7
 10
-510.0
 20
222.1
 10
-457.4
 20
245.7
 10
-431.7
 20
256.4
 10
-407.3
 20
265.0
 10
-396.8
 20
267.9
 10
-386.6
 20
269.8
 10
-400.3
 20
277.0
 10
-406.4
 20
272.4
 10
-413.9
 20
268.3
 10
-428.6
 20
262.3
 10
-445.9
 20
256.8
 10
-458.5
 20
253.7
 10
-477.2
 20
250.1
 10
-523.0
 20
243.6
 10
-487.7
 20
258.2
 10
-528.5
 20
248.9
 10
-487.3
 20
271.7
 10
-467.1
 20
281.8
 10
-447.7
 20
289.7
 10
-433.4
 20
293.5
 10
-445.6
 20
299.4
 10
-448.9
 20
295.4
 10
-453.6
 20
291.1
 10
-459.8
 20
286.5
 10
-475.7
 20
277.8
 10
-493.7
 20
270.4
 10
-532.0
 20
258.7
 10
-499.3
 20
282.2
 10
-483.1
 20
292.6
 10
-467.3
 20
300.7
 10
-456.1
 20
304.4
 10
-469.3
 20
310.6
 10
-471.8
 20
307.8
 10
-475.8
 20
304.6
 10
-481.0
 20
301.4
 10
-494.1
 20
296.1
 10
-509.0
 20
292.4
 10
-540.4
 20
288.1
 10
-519.7
 20
301.0
 10
-506.6
 20
308.4
 10
-493.1
 20
314.4
 10
-483.6
 20
317.0
 10
-501.8
 20
325.4
 10
-503.3
 20
327.3
 10
-503.6
 20
329.7
 10
-502.7
 20
332.0
 10
-501.3
 20
333.4
 10
-499.0
 20
334.1
 10
-497.1
 20
333.9
 10
-478.9
 20
325.9
 10
-483.4
 20
335.4
 10
-488.0
 20
349.7
 10
-496.5
 20
388.8
 10
-481.5
 20
368.4
 10
-473.4
 20
355.1
 10
-470.0
 20
348.1
 10
-467.3
 20
341.1
 10
-465.5
 20
334.4
 10
-464.5
 20
328.4
 10
-464.4
 20
323.3
 10
-465.0
 20
319.6
 10
-453.9
 20
314.4
 10
-458.3
 20
323.1
 10
-464.4
 20
339.9
 10
-480.1
 20
398.5
 10
-462.2
 20
371.8
 10
-454.9
 20
359.0
 10
-448.5
 20
345.4
 10
-445.2
 20
336.4
 10
-442.8
 20
328.0
 10
-441.5
 20
320.3
 10
-441.2
 20
313.9
 10
-441.8
 20
308.7
 10
-429.4
 20
302.7
 10
-435.5
 20
315.9
 10
-442.4
 20
335.9
 10
-456.8
 20
387.7
 10
-462.1
 20
404.6
 10
-441.7
 20
372.6
 10
-433.5
 20
357.3
 10
-426.3
 20
341.1
 10
-422.6
 20
330.4
 10
-420.0
 20
320.4
 10
-418.4
 20
311.4
 10
-418.0
 20
303.9
 10
-418.6
 20
297.4
 10
-405.0
 20
290.6
 10
-408.5
 20
298.6
 10
-415.4
 20
319.1
 10
-432.4
 20
384.9
 10
-439.6
 20
409.0
 10
-426.5
 20
387.0
 10
-418.1
 20
371.9
 10
-409.7
 20
354.2
 10
-402.5
 20
335.6
 10
-398.8
 20
323.4
 10
-395.5
 20
306.8
 10
-394.5
 20
293.3
 10
-395.3
 20
285.6
 10
-380.1
 20
277.7
 10
-384.1
 20
289.4
 10
-389.4
 20
312.3
 10
-402.4
 20
385.6
 10
-408.4
 20
412.5
 10
-401.1
 20
397.6
 10
-386.5
 20
374.5
 10
-376.0
 20
355.5
 10
-365.9
 20
334.5
 10
-360.1
 20
320.0
 10
-355.5
 20
305.7
 10
-351.0
 20
286.5
 10
-349.2
 20
270.7
 10
-349.8
 20
261.3
 10
-335.6
 20
253.4
 10
-340.6
 20
265.9
 10
-344.5
 20
277.7
 10
-367.4
 20
358.7
 10
-375.1
 20
382.7
 10
-381.9
 20
400.9
 10
-365.5
 20
373.9
 10
-356.4
 20
357.3
 10
-363.8
 20
375.9
 10
-369.9
 20
389.3
 10
-351.6
 20
362.4
 10
-336.0
 20
336.7
 10
-324.5
 20
314.3
 10
-317.9
 20
298.7
 10
-312.5
 20
283.5
 10
-308.8
 20
270.5
  0
LWPOLYLINE
  5
2AB
330
B3
100
AcDbEntity
  8
VEG-HOJAS
100
AcDbPolyline
 90
5
 70
0
 10
-308.1
 20
267.4
 10
-305.8
 20
256.5
 10
-304.6
 20
245.9
 10
-304.9
 20
235.6
 10
-294.3
 20
229.3
  0
LWPOLYLINE
  5
2AC
330
B3
100
AcDbEntity
  8
VEG-HOJAS
100
AcDbPolyline
 90
8
 70
0
 10
-299.8
 20
269.1
 10
-313.3
 20
339.9
 10
-319.1
 20
365.4
 10
-324.6
 20
384.9
 10
-313.0
 20
361.5
 10
-304.3
 20
342.3
 10
-295.4
 20
319.7
 10
-289.9
 20
302.5
  0
LWPOLYLINE
  5
2AD
330
B3
100
AcDbEntity
  8
VEG-HOJAS
100
AcDbPolyline
 90
3
 70
0
 10
-290.4
 20
229.0
 10
-293.9
 20
241.3
 10
-298.6
 20
263.3
  0
LWPOLYLINE
  5
2AE
330
B3
100
AcDbEntity
  8
VEG-HOJAS
100
AcDbPolyline
 90
3
 70
0
 10
-288.7
 20
298.1
 10
-285.8
 20
286.9
 10
-282.3
 20
268.9
  0
LWPOLYLINE
  5
2AF
330
B3
100
AcDbEntity
  8
VEG-HOJAS
100
AcDbPolyline
 90
7
 70
0
 10
-286.9
 20
302.2
 10
-294.7
 20
339.1
 10
-303.1
 20
370.2
 10
-288.2
 20
340.1
 10
-291.7
 20
349.5
 10
-278.8
 20
327.6
 10
-269.7
 20
311.0
  0
LWPOLYLINE
  5
2B0
330
B3
100
AcDbEntity
  8
VEG-HOJAS
100
AcDbPolyline
 90
2
 70
0
 10
-280.6
 20
268.9
 10
-285.8
 20
296.6
  0
LWPOLYLINE
  5
2B1
330
B3
100
AcDbEntity
  8
VEG-HOJAS
100
AcDbPolyline
 90
3
 70
0
 10
-280.6
 20
255.1
 10
-279.9
 20
243.0
 10
-280.7
 20
228.3
  0
LWPOLYLINE
  5
2B2
330
B3
100
AcDbEntity
  8
VEG-HOJAS
100
AcDbPolyline
 90
3
 70
0
 10
-280.1
 20
189.0
 10
-292.8
 20
182.4
 10
-274.6
 20
187.0
  0
LWPOLYLINE
  5
2B3
330
B3
100
AcDbEntity
  8
VEG-HOJAS
100
AcDbPolyline
 90
2
 70
0
 10
-272.0
 20
227.9
 10
-277.7
 20
253.9
  0
LWPOLYLINE
  5
2B4
330
B3
100
AcDbEntity
  8
VEG-HOJAS
100
AcDbPolyline
 90
4
 70
0
 10
-258.2
 20
190.1
 10
-251.5
 20
190.8
 10
-265.0
 20
199.5
 10
-275.0
 20
192.0
  0
LWPOLYLINE
  5
2B5
330
B3
100
AcDbEntity
  8
VEG-HOJAS
100
AcDbPolyline
 90
3
 70
0
 10
-269.1
 20
213.8
 10
-267.5
 20
212.9
 10
-267.7
 20
213.3
  0
LWPOLYLINE
  5
2B6
330
B3
100
AcDbEntity
  8
VEG-HOJAS
100
AcDbPolyline
 90
2
 70
0
 10
-266.3
 20
304.4
 10
-263.9
 20
299.5
  0
LWPOLYLINE
  5
2B7
330
B3
100
AcDbEntity
  8
VEG-HOJAS
100
AcDbPolyline
 90
3
 70
0
 10
-260.0
 20
312.1
 10
-265.9
 20
329.5
 10
-256.1
 20
312.4
  0
LWPOLYLINE
  5
2B8
330
B3
100
AcDbEntity
  8
VEG-HOJAS
100
AcDbPolyline
 90
4
 70
0
 10
-259.4
 20
210.0
 10
-259.9
 20
208.1
 10
-247.1
 20
199.8
 10
-249.6
 20
206.4
  0
LWPOLYLINE
  5
2B9
330
B3
100
AcDbEntity
  8
VEG-HOJAS
100
AcDbPolyline
 90
3
 70
0
 10
-256.2
 20
227.0
 10
-258.2
 20
234.3
 10
-258.0
 20
227.1
  0
LWPOLYLINE
  5
2BA
330
B3
100
AcDbEntity
  8
VEG-HOJAS
100
AcDbPolyline
 90
2
 70
0
 10
-256.8
 20
283.8
 10
-250.8
 20
268.6
  0
LWPOLYLINE
  5
2BB
330
B3
100
AcDbEntity
  8
VEG-HOJAS
100
AcDbPolyline
 90
2
 70
0
 10
-256.1
 20
298.5
 10
-256.6
 20
300.3
  0
LWPOLYLINE
  5
2BC
330
B3
100
AcDbEntity
  8
VEG-HOJAS
100
AcDbPolyline
 90
7
 70
0
 10
-218.9
 20
148.7
 10
-241.1
 20
143.1
 10
-269.3
 20
139.0
 10
-297.5
 20
136.9
 10
-342.5
 20
136.0
 10
-285.3
 20
150.6
 10
-254.8
 20
157.6
  0
LWPOLYLINE
  5
2BD
330
B3
100
AcDbEntity
  8
VEG-HOJAS
100
AcDbPolyline
 90
4
 70
0
 10
-252.5
 20
179.9
 10
-270.4
 20
172.2
 10
-254.6
 20
175.1
 10
-241.4
 20
176.8
  0
LWPOLYLINE
  5
2BE
330
B3
100
AcDbEntity
  8
VEG-HOJAS
100
AcDbPolyline
 90
2
 70
0
 10
-248.3
 20
268.5
 10
-251.7
 20
282.0
  0
LWPOLYLINE
  5
2BF
330
B3
100
AcDbEntity
  8
VEG-HOJAS
100
AcDbPolyline
 90
6
 70
0
 10
-233.7
 20
161.3
 10
-220.1
 20
162.8
 10
-210.0
 20
163.1
 10
-222.2
 20
171.4
 10
-230.6
 20
166.7
 10
-244.3
 20
161.7
  0
LWPOLYLINE
  5
2C0
330
B3
100
AcDbEntity
  8
VEG-HOJAS
100
AcDbPolyline
 90
2
 70
0
 10
-242.4
 20
241.2
 10
-239.4
 20
226.2
  0
LWPOLYLINE
  5
2C1
330
B3
100
AcDbEntity
  8
VEG-HOJAS
100
AcDbPolyline
 90
2
 70
0
 10
-237.8
 20
226.1
 10
-241.5
 20
240.9
  0
LWPOLYLINE
  5
2C2
330
B3
100
AcDbEntity
  8
VEG-HOJAS
100
AcDbPolyline
 90
2
 70
0
 10
-238.5
 20
278.3
 10
-234.0
 20
268.0
  0
LWPOLYLINE
  5
2C3
330
B3
100
AcDbEntity
  8
VEG-HOJAS
100
AcDbPolyline
 90
3
 70
0
 10
-237.5
 20
202.3
 10
-238.3
 20
194.2
 10
-227.9
 20
187.3
  0
LWPOLYLINE
  5
2C4
330
B3
100
AcDbEntity
  8
VEG-HOJAS
100
AcDbPolyline
 90
7
 70
0
 10
-204.5
 20
129.4
 10
-227.9
 20
123.3
 10
-247.7
 20
119.9
 10
-267.1
 20
117.5
 10
-308.6
 20
114.2
 10
-256.7
 20
131.6
 10
-236.2
 20
138.0
  0
LWPOLYLINE
  5
2C5
330
B3
100
AcDbEntity
  8
VEG-HOJAS
100
AcDbPolyline
 90
2
 70
0
 10
-226.2
 20
187.1
 10
-230.6
 20
200.2
  0
LWPOLYLINE
  5
2C6
330
B3
100
AcDbEntity
  8
VEG-HOJAS
100
AcDbPolyline
 90
3
 70
0
 10
-229.0
 20
140.0
 10
-219.1
 20
142.6
 10
-203.1
 20
145.8
  0
LWPOLYLINE
  5
2C7
330
B3
100
AcDbEntity
  8
VEG-HOJAS
100
AcDbPolyline
 90
2
 70
0
 10
-228.8
 20
295.4
 10
-227.7
 20
293.1
  0
LWPOLYLINE
  5
2C8
330
B3
100
AcDbEntity
  8
VEG-HOJAS
100
AcDbPolyline
 90
2
 70
0
 10
-225.4
 20
267.5
 10
-227.3
 20
276.3
  0
LWPOLYLINE
  5
2C9
330
B3
100
AcDbEntity
  8
VEG-HOJAS
100
AcDbPolyline
 90
2
 70
0
 10
-222.9
 20
236.3
 10
-219.9
 20
225.2
  0
LWPOLYLINE
  5
2CA
330
B3
100
AcDbEntity
  8
VEG-HOJAS
100
AcDbPolyline
 90
2
 70
0
 10
-217.1
 20
225.0
 10
-219.2
 20
235.5
  0
LWPOLYLINE
  5
2CB
330
B3
100
AcDbEntity
  8
VEG-HOJAS
100
AcDbPolyline
 90
2
 70
0
 10
-219.1
 20
275.7
 10
-214.9
 20
266.5
  0
LWPOLYLINE
  5
2CC
330
B3
100
AcDbEntity
  8
VEG-HOJAS
100
AcDbPolyline
 90
2
 70
0
 10
-215.7
 20
196.2
 10
-215.7
 20
186.3
  0
LWPOLYLINE
  5
2CD
330
B3
100
AcDbEntity
  8
VEG-HOJAS
100
AcDbPolyline
 90
2
 70
0
 10
-208.4
 20
185.6
 10
-210.8
 20
195.1
  0
LWPOLYLINE
  5
2CE
330
B3
100
AcDbEntity
  8
VEG-HOJAS
100
AcDbPolyline
 90
2
 70
0
 10
-203.7
 20
264.7
 10
-206.2
 20
276.7
  0
LWPOLYLINE
  5
2CF
330
B3
100
AcDbEntity
  8
VEG-HOJAS
100
AcDbPolyline
 90
2
 70
0
 10
-202.5
 20
233.3
 10
-199.8
 20
223.7
  0
LWPOLYLINE
  5
2D0
330
B3
100
AcDbEntity
  8
VEG-HOJAS
100
AcDbPolyline
 90
2
 70
0
 10
-201.7
 20
269.7
 10
-198.7
 20
263.6
  0
LWPOLYLINE
  5
2D1
330
B3
100
AcDbEntity
  8
VEG-HOJAS
100
AcDbPolyline
 90
2
 70
0
 10
-200.8
 20
248.5
 10
-201.4
 20
252.2
  0
LWPOLYLINE
  5
2D2
330
B3
100
AcDbEntity
  8
VEG-HOJAS
100
AcDbPolyline
 90
6
 70
0
 10
-196.2
 20
112.2
 10
-214.0
 20
109.3
 10
-226.0
 20
108.1
 10
-275.0
 20
106.0
 10
-228.0
 20
120.9
 10
-200.1
 20
128.4
  0
LWPOLYLINE
  5
2D3
330
B3
100
AcDbEntity
  8
VEG-HOJAS
100
AcDbPolyline
 90
2
 70
0
 10
-196.8
 20
223.5
 10
-198.2
 20
232.9
  0
LWPOLYLINE
  5
2D4
330
B3
100
AcDbEntity
  8
VEG-HOJAS
100
AcDbPolyline
 90
6
 70
0
 10
-155.0
 20
102.9
 10
-165.7
 20
100.5
 10
-186.1
 20
98.3
 10
-206.5
 20
97.9
 10
-239.1
 20
99.1
 10
-194.5
 20
111.7
  0
LWPOLYLINE
  5
2D5
330
B3
100
AcDbEntity
  8
VEG-HOJAS
100
AcDbPolyline
 90
2
 70
0
 10
-194.3
 20
254.1
 10
-190.6
 20
245.4
  0
LWPOLYLINE
  5
2D6
330
B3
100
AcDbEntity
  8
VEG-HOJAS
100
AcDbPolyline
 90
3
 70
0
 10
-194.3
 20
167.4
 10
-194.9
 20
164.8
 10
-188.2
 20
160.1
  0
LWPOLYLINE
  5
2D7
330
B3
100
AcDbEntity
  8
VEG-HOJAS
100
AcDbPolyline
 90
2
 70
0
 10
-193.9
 20
191.9
 10
-193.4
 20
184.3
  0
LWPOLYLINE
  5
2D8
330
B3
100
AcDbEntity
  8
VEG-HOJAS
100
AcDbPolyline
 90
2
 70
0
 10
-190.0
 20
184.0
 10
-191.4
 20
191.5
  0
LWPOLYLINE
  5
2D9
330
B3
100
AcDbEntity
  8
VEG-HOJAS
100
AcDbPolyline
 90
2
 70
0
 10
-184.0
 20
160.0
 10
-186.0
 20
166.5
  0
LWPOLYLINE
  5
2DA
330
B3
100
AcDbEntity
  8
VEG-HOJAS
100
AcDbPolyline
 90
2
 70
0
 10
-185.7
 20
233.0
 10
-181.7
 20
221.8
  0
LWPOLYLINE
  5
2DB
330
B3
100
AcDbEntity
  8
VEG-HOJAS
100
AcDbPolyline
 90
3
 70
0
 10
-176.1
 20
139.2
 10
-179.2
 20
141.4
 10
-182.2
 20
139.2
  0
LWPOLYLINE
  5
2DC
330
B3
100
AcDbEntity
  8
VEG-HOJAS
100
AcDbPolyline
 90
3
 70
0
 10
-163.7
 20
122.5
 10
-171.3
 20
119.0
 10
-178.9
 20
116.5
  0
LWPOLYLINE
  5
2DD
330
B3
100
AcDbEntity
  8
VEG-HOJAS
100
AcDbPolyline
 90
2
 70
0
 10
-177.9
 20
208.6
 10
-177.0
 20
205.5
  0
LWPOLYLINE
  5
2DE
330
B3
100
AcDbEntity
  8
VEG-HOJAS
100
AcDbPolyline
 90
2
 70
0
 10
-173.7
 20
189.7
 10
-172.7
 20
182.2
  0
LWPOLYLINE
  5
2DF
330
B3
100
AcDbEntity
  8
VEG-HOJAS
100
AcDbPolyline
 90
2
 70
0
 10
-171.6
 20
165.6
 10
-171.8
 20
159.5
  0
LWPOLYLINE
  5
2E0
330
B3
100
AcDbEntity
  8
VEG-HOJAS
100
AcDbPolyline
 90
4
 70
0
 10
-171.0
 20
116.7
 10
-159.0
 20
118.2
 10
-148.0
 20
118.3
 10
-152.3
 20
121.6
  0
LWPOLYLINE
  5
2E1
330
B3
100
AcDbEntity
  8
VEG-HOJAS
100
AcDbPolyline
 90
2
 70
0
 10
-169.3
 20
219.4
 10
-169.4
 20
221.1
  0
LWPOLYLINE
  5
2E2
330
B3
100
AcDbEntity
  8
VEG-HOJAS
100
AcDbPolyline
 90
2
 70
0
 10
-168.5
 20
203.5
 10
-168.9
 20
210.3
  0
LWPOLYLINE
  5
2E3
330
B3
100
AcDbEntity
  8
VEG-HOJAS
100
AcDbPolyline
 90
2
 70
0
 10
-167.2
 20
181.7
 10
-167.7
 20
189.5
  0
LWPOLYLINE
  5
2E4
330
B3
100
AcDbEntity
  8
VEG-HOJAS
100
AcDbPolyline
 90
2
 70
0
 10
-167.4
 20
241.7
 10
-162.7
 20
229.0
  0
LWPOLYLINE
  5
2E5
330
B3
100
AcDbEntity
  8
VEG-HOJAS
100
AcDbPolyline
 90
5
 70
0
 10
-136.4
 20
83.8
 10
-145.9
 20
81.5
 10
-162.8
 20
79.3
 10
-198.0
 20
78.1
 10
-166.0
 20
91.8
  0
LWPOLYLINE
  5
2E6
330
B3
100
AcDbEntity
  8
VEG-HOJAS
100
AcDbPolyline
 90
2
 70
0
 10
-164.8
 20
159.3
 10
-165.6
 20
165.5
  0
LWPOLYLINE
  5
2E7
330
B3
100
AcDbEntity
  8
VEG-HOJAS
100
AcDbPolyline
 90
3
 70
0
 10
-164.5
 20
92.4
 10
-149.6
 20
97.7
 10
-137.0
 20
100.7
  0
LWPOLYLINE
  5
2E8
330
B3
100
AcDbEntity
  8
VEG-HOJAS
100
AcDbPolyline
 90
3
 70
0
 10
-163.3
 20
142.2
 10
-161.0
 20
140.5
 10
-161.5
 20
142.2
  0
LWPOLYLINE
  5
2E9
330
B3
100
AcDbEntity
  8
VEG-HOJAS
100
AcDbPolyline
 90
2
 70
0
 10
-151.9
 20
190.5
 10
-149.9
 20
179.1
  0
LWPOLYLINE
  5
2EA
330
B3
100
AcDbEntity
  8
VEG-HOJAS
100
AcDbPolyline
 90
2
 70
0
 10
-149.7
 20
142.4
 10
-150.6
 20
138.5
  0
LWPOLYLINE
  5
2EB
330
B3
100
AcDbEntity
  8
VEG-HOJAS
100
AcDbPolyline
 90
2
 70
0
 10
-148.7
 20
166.4
 10
-148.4
 20
158.3
  0
LWPOLYLINE
  5
2EC
330
B3
100
AcDbEntity
  8
VEG-HOJAS
100
AcDbPolyline
 90
3
 70
0
 10
-148.5
 20
208.1
 10
-149.5
 20
221.4
 10
-144.9
 20
209.7
  0
LWPOLYLINE
  5
2ED
330
B3
100
AcDbEntity
  8
VEG-HOJAS
100
AcDbPolyline
 90
2
 70
0
 10
-147.5
 20
178.6
 10
-147.9
 20
189.6
  0
LWPOLYLINE
  5
2EE
330
B3
100
AcDbEntity
  8
VEG-HOJAS
100
AcDbPolyline
 90
2
 70
0
 10
-146.4
 20
158.1
 10
-147.0
 20
166.6
  0
LWPOLYLINE
  5
2EF
330
B3
100
AcDbEntity
  8
VEG-HOJAS
100
AcDbPolyline
 90
2
 70
0
 10
-144.1
 20
138.3
 10
-144.8
 20
142.8
  0
LWPOLYLINE
  5
2F0
330
B3
100
AcDbEntity
  8
VEG-HOJAS
100
AcDbPolyline
 90
2
 70
0
 10
-140.1
 20
197.1
 10
-139.2
 20
194.6
  0
LWPOLYLINE
  5
2F1
330
B3
100
AcDbEntity
  8
VEG-HOJAS
100
AcDbPolyline
 90
9
 70
0
 10
-91.4
 20
73.7
 10
-96.1
 20
77.6
 10
-101.5
 20
74.0
 10
-105.9
 20
72.5
 10
-111.0
 20
71.5
 10
-122.4
 20
71.1
 10
-133.9
 20
72.4
 10
-152.4
 20
76.0
 10
-133.5
 20
83.2
  0
LWPOLYLINE
  5
2F2
330
B3
100
AcDbEntity
  8
VEG-HOJAS
100
AcDbPolyline
 90
2
 70
0
 10
-130.9
 20
165.2
 10
-129.3
 20
156.1
  0
LWPOLYLINE
  5
2F3
330
B3
100
AcDbEntity
  8
VEG-HOJAS
100
AcDbPolyline
 90
3
 70
0
 10
-130.0
 20
121.6
 10
-131.2
 20
118.1
 10
-130.0
 20
117.2
  0
LWPOLYLINE
  5
2F4
330
B3
100
AcDbEntity
  8
VEG-HOJAS
100
AcDbPolyline
 90
2
 70
0
 10
-128.1
 20
145.0
 10
-127.9
 20
137.1
  0
LWPOLYLINE
  5
2F5
330
B3
100
AcDbEntity
  8
VEG-HOJAS
100
AcDbPolyline
 90
2
 70
0
 10
-124.5
 20
136.8
 10
-124.6
 20
146.0
  0
LWPOLYLINE
  5
2F6
330
B3
100
AcDbEntity
  8
VEG-HOJAS
100
AcDbPolyline
 90
2
 70
0
 10
-123.6
 20
172.3
 10
-123.3
 20
179.0
  0
LWPOLYLINE
  5
2F7
330
B3
100
AcDbEntity
  8
VEG-HOJAS
100
AcDbPolyline
 90
2
 70
0
 10
-122.8
 20
117.1
 10
-123.5
 20
122.2
  0
LWPOLYLINE
  5
2F8
330
B3
100
AcDbEntity
  8
VEG-HOJAS
100
AcDbPolyline
 90
2
 70
0
 10
-121.9
 20
181.5
 10
-115.1
 20
163.3
  0
LWPOLYLINE
  5
2F9
330
B3
100
AcDbEntity
  8
VEG-HOJAS
100
AcDbPolyline
 90
2
 70
0
 10
-108.9
 20
100.7
 10
-103.4
 20
96.3
  0
LWPOLYLINE
  5
2FA
330
B3
100
AcDbEntity
  8
VEG-HOJAS
100
AcDbPolyline
 90
2
 70
0
 10
-106.8
 20
125.5
 10
-106.9
 20
115.9
  0
LWPOLYLINE
  5
2FB
330
B3
100
AcDbEntity
  8
VEG-HOJAS
100
AcDbPolyline
 90
2
 70
0
 10
-100.5
 20
96.3
 10
-100.6
 20
101.8
  0
LWPOLYLINE
  5
2FC
330
B3
100
AcDbEntity
  8
VEG-HOJAS
100
AcDbPolyline
 90
2
 70
0
 10
-98.7
 20
114.7
 10
-97.6
 20
119.0
  0
LWPOLYLINE
  5
2FD
330
B3
100
AcDbEntity
  8
VEG-HOJAS
100
AcDbPolyline
 90
2
 70
0
 10
-94.0
 20
131.0
 10
-92.4
 20
136.2
  0
LWPOLYLINE
  5
2FE
330
B3
100
AcDbEntity
  8
VEG-HOJAS
100
AcDbPolyline
 90
2
 70
0
 10
-90.3
 20
139.1
 10
-86.6
 20
126.0
  0
LWPOLYLINE
  5
2FF
330
B3
100
AcDbEntity
  8
VEG-HOJAS
100
AcDbPolyline
 90
2
 70
0
 10
-83.6
 20
99.9
 10
-84.4
 20
94.9
  0
LWPOLYLINE
  5
300
330
B3
100
AcDbEntity
  8
VEG-HOJAS
100
AcDbPolyline
 90
2
 70
0
 10
-84.0
 20
80.6
 10
-78.0
 20
75.6
  0
LWPOLYLINE
  5
301
330
B3
100
AcDbEntity
  8
VEG-HOJAS
100
AcDbPolyline
 90
7
 70
0
 10
-10.3
 20
11.1
 10
-11.8
 20
9.5
 10
-13.5
 20
8.7
 10
-15.5
 20
8.6
 10
-17.7
 20
9.6
 10
-47.6
 20
36.5
 10
-73.6
 20
58.9
  0
LWPOLYLINE
  5
302
330
B3
100
AcDbEntity
  8
VEG-HOJAS
100
AcDbPolyline
 90
2
 70
0
 10
-60.3
 20
60.7
 10
-41.2
 20
44.1
  0
LWPOLYLINE
  5
303
330
B3
100
AcDbEntity
  8
VEG-HOJAS
100
AcDbPolyline
 90
5
 70
1
 10
-422.9
 20
288.4
 10
-427.6
 20
283.8
 10
-439.2
 20
276.4
 10
-427.9
 20
279.5
 10
-411.3
 20
282.5
  0
LWPOLYLINE
  5
304
330
B3
100
AcDbEntity
  8
VEG-HOJAS
100
AcDbPolyline
 90
5
 70
1
 10
-358.9
 20
266.3
 10
-363.7
 20
277.2
 10
-370.3
 20
296.2
 10
-370.4
 20
281.9
 10
-372.0
 20
273.4
  0
LWPOLYLINE
  5
305
330
B3
100
AcDbEntity
  8
VEG-HOJAS
100
AcDbPolyline
 90
6
 70
1
 10
-354.5
 20
252.5
 10
-362.0
 20
246.8
 10
-370.6
 20
242.0
 10
-378.6
 20
238.1
 10
-353.7
 20
243.7
 10
-341.5
 20
245.2
  0
LWPOLYLINE
  5
306
330
B3
100
AcDbEntity
  8
VEG-HOJAS
100
AcDbPolyline
 90
5
 70
1
 10
-314.1
 20
241.0
 10
-319.4
 20
252.9
 10
-327.8
 20
275.4
 10
-326.2
 20
258.5
 10
-327.0
 20
248.5
  0
LWPOLYLINE
  5
307
330
B3
100
AcDbEntity
  8
VEG-NERVIOS
100
AcDbPolyline
 90
9
 70
0
 10
16.8
 20
10.8
 10
56.3
 20
37.0
 10
95.1
 20
64.2
 10
133.2
 20
92.3
 10
170.7
 20
121.4
 10
207.4
 20
151.3
 10
249.2
 20
187.4
 10
284.2
 20
219.3
 10
318.5
 20
252.1
  0
LWPOLYLINE
  5
308
330
B3
100
AcDbEntity
  8
VEG-HOJAS
100
AcDbPolyline
 90
5
 70
1
 10
133.5
 20
108.8
 10
131.3
 20
122.5
 10
129.2
 20
107.4
 10
125.5
 20
92.7
 10
136.3
 20
100.9
  0
LWPOLYLINE
  5
309
330
B3
100
AcDbEntity
  8
VEG-HOJAS
100
AcDbPolyline
 90
6
 70
1
 10
142.2
 20
83.9
 10
146.8
 20
83.5
 10
161.4
 20
81.4
 10
148.9
 20
87.7
 10
142.2
 20
92.8
 10
131.0
 20
84.3
  0
LWPOLYLINE
  5
30A
330
B3
100
AcDbEntity
  8
VEG-HOJAS
100
AcDbPolyline
 90
293
 70
1
 10
200.4
 20
129.3
 10
232.1
 20
123.3
 10
308.8
 20
105.7
 10
331.9
 20
101.3
 10
346.2
 20
99.3
 10
314.2
 20
98.1
 10
292.6
 20
98.1
 10
270.9
 20
99.5
 10
248.8
 20
102.3
 10
227.7
 20
106.6
 10
213.6
 20
110.6
 10
201.6
 20
115.1
 10
192.0
 20
119.5
 10
183.4
 20
125.2
 10
170.1
 20
114.5
 10
184.0
 20
113.4
 10
195.8
 20
111.5
 10
281.8
 20
93.4
 10
303.7
 20
89.4
 10
317.3
 20
87.6
 10
287.0
 20
85.9
 10
266.7
 20
85.6
 10
251.4
 20
86.0
 10
227.8
 20
88.2
 10
205.1
 20
92.2
 10
191.8
 20
95.8
 10
180.3
 20
99.8
 10
171.1
 20
103.8
 10
163.1
 20
109.0
 10
149.3
 20
98.3
 10
161.4
 20
96.7
 10
183.8
 20
91.4
 10
253.6
 20
70.6
 10
279.7
 20
64.0
 10
236.7
 20
65.1
 10
202.1
 20
62.3
 10
190.2
 20
62.1
 10
171.8
 20
63.0
 10
154.1
 20
65.3
 10
143.6
 20
67.6
 10
134.6
 20
70.5
 10
127.4
 20
73.6
 10
121.6
 20
77.3
 10
109.8
 20
68.6
 10
120.4
 20
67.5
 10
137.3
 20
63.4
 10
192.5
 20
44.0
 10
161.5
 20
43.9
 10
142.4
 20
45.5
 10
132.9
 20
47.1
 10
124.0
 20
49.3
 10
115.9
 20
52.0
 10
109.1
 20
55.1
 10
103.7
 20
58.3
 10
99.9
 20
61.5
 10
89.8
 20
54.3
 10
96.5
 20
52.9
 10
107.0
 20
48.8
 10
133.5
 20
33.2
 10
108.2
 20
33.3
 10
96.4
 20
35.1
 10
86.2
 20
38.9
 10
82.2
 20
41.4
 10
77.9
 20
45.9
 10
19.1
 20
6.4
 10
15.7
 20
6.0
 10
14.0
 20
6.7
 10
12.6
 20
8.1
 10
11.8
 20
11.4
 10
12.4
 20
13.3
 10
13.7
 20
14.8
 10
72.3
 20
54.1
 10
69.6
 20
59.9
 10
68.8
 20
64.4
 10
68.8
 20
75.2
 10
71.1
 20
86.8
 10
78.9
 20
110.1
 10
83.1
 20
91.5
 10
85.0
 20
80.2
 10
85.4
 20
68.9
 10
84.5
 20
62.7
 10
94.6
 20
70.0
 10
93.4
 20
74.8
 10
92.7
 20
81.1
 10
92.8
 20
88.5
 10
95.3
 20
105.8
 10
100.3
 20
124.0
 10
114.0
 20
160.3
 10
112.6
 20
112.1
 10
110.4
 20
94.0
 10
106.4
 20
78.5
 10
115.8
 20
85.5
 10
114.1
 20
92.1
 10
113.3
 20
104.6
 10
114.1
 20
119.9
 10
115.6
 20
131.3
 10
117.7
 20
143.0
 10
121.8
 20
160.2
 10
134.1
 20
201.3
 10
133.8
 20
193.4
 10
141.1
 20
237.8
 10
145.3
 20
181.3
 10
146.7
 20
153.9
 10
146.6
 20
128.6
 10
145.7
 20
117.9
 10
143.8
 20
106.7
 10
157.3
 20
117.1
 10
155.0
 20
126.4
 10
154.0
 20
136.3
 10
153.9
 20
155.1
 10
155.3
 20
176.7
 10
157.3
 20
191.8
 10
161.2
 20
214.0
 10
173.4
 20
267.2
 10
171.8
 20
175.0
 10
169.6
 20
147.1
 10
167.9
 20
135.4
 10
165.2
 20
123.4
 10
177.6
 20
133.3
 10
175.1
 20
143.2
 10
173.9
 20
153.7
 10
173.4
 20
173.6
 10
174.6
 20
196.4
 10
177.1
 20
217.8
 10
181.3
 20
243.5
 10
191.7
 20
292.4
 10
191.0
 20
195.0
 10
189.3
 20
165.5
 10
187.8
 20
153.1
 10
185.1
 20
139.4
 10
197.8
 20
149.9
 10
195.6
 20
160.1
 10
194.6
 20
170.8
 10
194.6
 20
191.1
 10
196.3
 20
214.3
 10
198.4
 20
230.6
 10
203.1
 20
257.0
 10
215.9
 20
311.7
 10
212.7
 20
212.5
 10
210.3
 20
182.5
 10
208.5
 20
169.9
 10
205.5
 20
156.3
 10
217.7
 20
166.7
 10
215.5
 20
176.6
 10
214.6
 20
187.2
 10
214.4
 20
199.9
 10
215.0
 20
214.4
 10
218.6
 20
246.0
 10
221.4
 20
261.9
 10
227.2
 20
289.2
 10
231.3
 20
335.5
 10
233.6
 20
315.1
 10
236.3
 20
325.8
 10
235.3
 20
303.1
 10
241.1
 20
258.1
 10
243.9
 20
228.4
 10
244.6
 20
202.9
 10
243.4
 20
188.9
 10
256.0
 20
200.2
 10
252.5
 20
208.0
 10
249.9
 20
216.8
 10
246.9
 20
233.9
 10
245.0
 20
253.7
 10
244.6
 20
267.7
 10
244.9
 20
288.5
 10
248.3
 20
338.8
 10
257.6
 20
282.1
 10
261.5
 20
254.7
 10
263.6
 20
229.1
 10
263.8
 20
218.3
 10
262.9
 20
206.5
 10
275.2
 20
217.8
 10
272.5
 20
224.3
 10
269.8
 20
236.8
 10
268.2
 20
252.3
 10
268.0
 20
264.0
 10
268.3
 20
276.2
 10
269.8
 20
294.1
 10
275.8
 20
337.5
 10
282.2
 20
288.1
 10
284.5
 20
264.2
 10
285.1
 20
242.0
 10
283.5
 20
225.5
 10
293.6
 20
235.0
 10
291.0
 20
239.6
 10
288.8
 20
245.6
 10
286.9
 20
253.0
 10
284.7
 20
271.0
 10
284.4
 20
280.7
 10
284.9
 20
295.1
 10
288.1
 20
330.3
 10
297.6
 20
291.3
 10
301.2
 20
272.4
 10
302.8
 20
254.7
 10
302.2
 20
243.2
 10
311.7
 20
252.5
 10
307.9
 20
258.4
 10
306.1
 20
263.3
 10
304.1
 20
275.0
 10
304.2
 20
288.0
 10
307.5
 20
314.8
 10
315.0
 20
295.4
 10
319.1
 20
283.3
 10
321.6
 20
271.1
 10
321.8
 20
262.4
 10
324.2
 20
264.7
 10
327.0
 20
265.5
 10
330.1
 20
264.4
 10
331.8
 20
262.0
 10
331.6
 20
258.6
 10
328.7
 20
255.2
 10
337.6
 20
255.0
 10
349.9
 20
252.5
 10
381.8
 20
241.5
 10
354.3
 20
237.4
 10
341.1
 20
237.3
 10
329.3
 20
239.4
 10
324.5
 20
241.3
 10
318.7
 20
245.3
 10
309.2
 20
236.1
 10
320.6
 20
236.5
 10
338.4
 20
234.8
 10
397.7
 20
223.5
 10
366.0
 20
218.9
 10
351.4
 20
217.9
 10
336.4
 20
218.0
 10
327.0
 20
218.9
 10
318.3
 20
220.5
 10
310.9
 20
222.6
 10
304.9
 20
225.1
 10
300.5
 20
227.8
 10
289.6
 20
217.6
 10
297.8
 20
217.9
 10
317.9
 20
216.6
 10
341.6
 20
213.5
 10
385.7
 20
206.3
 10
404.4
 20
204.1
 10
364.6
 20
198.9
 10
346.2
 20
198.0
 10
327.5
 20
198.4
 10
315.6
 20
199.6
 10
304.8
 20
201.5
 10
295.5
 20
204.0
 10
288.0
 20
206.8
 10
281.8
 20
210.3
 10
270.2
 20
199.6
 10
281.4
 20
200.0
 10
304.7
 20
198.5
 10
378.1
 20
190.0
 10
405.4
 20
188.0
 10
378.0
 20
183.6
 10
359.4
 20
181.4
 10
338.1
 20
180.1
 10
316.4
 20
180.3
 10
302.6
 20
181.5
 10
284.6
 20
184.7
 10
270.5
 20
189.0
 10
262.8
 20
192.9
 10
249.6
 20
181.1
 10
264.2
 20
180.2
 10
276.1
 20
178.6
 10
363.2
 20
162.3
 10
385.3
 20
158.8
 10
399.0
 20
157.3
 10
362.3
 20
154.5
 10
339.0
 20
154.1
 10
369.5
 20
151.5
 10
389.4
 20
150.8
 10
364.1
 20
146.9
 10
343.4
 20
144.4
 10
319.7
 20
142.8
 10
302.8
 20
142.6
 10
278.1
 20
144.1
 10
255.6
 20
147.5
 10
243.1
 20
150.6
 10
233.0
 20
154.0
 10
223.8
 20
158.7
 10
210.5
 20
147.4
 10
226.2
 20
146.7
 10
239.0
 20
145.3
 10
325.5
 20
132.4
 10
351.5
 20
129.4
 10
371.7
 20
128.1
 10
339.1
 20
124.3
 10
317.1
 20
122.7
 10
294.9
 20
122.4
 10
272.2
 20
123.6
 10
250.4
 20
126.3
 10
235.7
 20
129.4
 10
223.1
 20
133.0
 10
213.0
 20
136.8
 10
203.8
 20
141.9
 10
189.8
 20
130.3
  0
LWPOLYLINE
  5
30B
330
B3
100
AcDbEntity
  8
VEG-HOJAS
100
AcDbPolyline
 90
6
 70
1
 10
230.7
 20
164.6
 10
245.6
 20
164.5
 10
278.4
 20
161.3
 10
260.8
 20
166.5
 10
251.5
 20
170.5
 10
243.2
 20
175.5
  0
LWPOLYLINE
  5
30C
330
B3
100
AcDbEntity
  8
VEG-HOJAS
100
AcDbPolyline
 90
5
 70
1
 10
236.7
 20
183.1
 10
233.1
 20
192.1
 10
230.7
 20
202.0
 10
228.5
 20
186.2
 10
225.7
 20
173.5
  0
LWPOLYLINE
  5
30D
330
B3
100
AcDbEntity
  8
VEG-NERVIOS
100
AcDbPolyline
 90
9
 70
0
 10
-5.7
 20
-19.2
 10
-17.2
 20
-57.0
 10
-32.1
 20
-102.0
 10
-47.9
 20
-146.7
 10
-64.8
 20
-191.1
 10
-82.7
 20
-235.0
 10
-98.4
 20
-271.3
 10
-118.1
 20
-314.4
 10
-138.8
 20
-357.1
  0
LWPOLYLINE
  5
30E
330
B3
100
AcDbEntity
  8
VEG-HOJAS
100
AcDbPolyline
 90
7
 70
1
 10
-118.2
 20
-326.3
 10
-113.7
 20
-330.1
 10
-106.7
 20
-338.9
 10
-99.7
 20
-350.8
 10
-96.1
 20
-358.6
 10
-106.8
 20
-331.4
 10
-112.0
 20
-313.2
  0
LWPOLYLINE
  5
30F
330
B3
100
AcDbEntity
  8
VEG-HOJAS
100
AcDbPolyline
 90
6
 70
1
 10
-99.5
 20
-261.4
 10
-111.2
 20
-267.7
 10
-133.0
 20
-276.7
 10
-124.5
 20
-275.5
 10
-114.8
 20
-274.8
 10
-105.7
 20
-275.5
  0
LWPOLYLINE
  5
310
330
B3
100
AcDbEntity
  8
VEG-HOJAS
100
AcDbPolyline
 90
5
 70
1
 10
-96.5
 20
-279.3
 10
-89.5
 20
-285.2
 10
-82.9
 20
-292.7
 10
-87.4
 20
-278.4
 10
-90.4
 20
-265.7
  0
LWPOLYLINE
  5
311
330
B3
100
AcDbEntity
  8
VEG-HOJAS
100
AcDbPolyline
 90
5
 70
1
 10
-79.3
 20
-213.7
 10
-91.2
 20
-220.6
 10
-111.6
 20
-229.9
 10
-95.7
 20
-227.8
 10
-85.2
 20
-228.0
  0
LWPOLYLINE
  5
312
330
B3
100
AcDbEntity
  8
VEG-HOJAS
100
AcDbPolyline
 90
251
 70
1
 10
-76.8
 20
-192.7
 10
-92.4
 20
-199.5
 10
-119.3
 20
-208.9
 10
-209.8
 20
-234.7
 10
-167.1
 20
-212.0
 10
-139.5
 20
-199.2
 10
-125.1
 20
-193.4
 10
-104.3
 20
-186.4
 10
-85.6
 20
-181.7
 10
-75.6
 20
-180.1
 10
-65.8
 20
-180.0
 10
-60.3
 20
-165.5
 10
-69.5
 20
-170.8
 10
-79.4
 20
-175.6
 10
-103.4
 20
-185.1
 10
-130.0
 20
-194.0
 10
-185.3
 20
-211.2
 10
-141.3
 20
-185.4
 10
-122.7
 20
-175.8
 10
-109.8
 20
-169.9
 10
-91.1
 20
-162.7
 10
-74.3
 20
-157.8
 10
-65.2
 20
-156.1
 10
-56.6
 20
-155.8
 10
-51.3
 20
-141.4
 10
-66.4
 20
-149.2
 10
-87.3
 20
-157.1
 10
-110.4
 20
-164.0
 10
-158.8
 20
-176.8
 10
-120.6
 20
-154.7
 10
-104.5
 20
-146.6
 10
-93.3
 20
-141.7
 10
-82.3
 20
-137.5
 10
-67.2
 20
-133.1
 10
-54.6
 20
-130.9
 10
-47.5
 20
-131.0
 10
-42.8
 20
-117.6
 10
-52.2
 20
-122.8
 10
-68.6
 20
-129.0
 10
-87.0
 20
-133.9
 10
-125.8
 20
-142.2
 10
-95.9
 20
-124.1
 10
-83.3
 20
-117.4
 10
-74.5
 20
-113.5
 10
-57.6
 20
-107.7
 10
-50.2
 20
-106.2
 10
-43.8
 20
-105.7
 10
-38.7
 20
-106.0
 10
-35.7
 20
-97.3
 10
-43.7
 20
-101.4
 10
-49.1
 20
-103.3
 10
-60.3
 20
-106.1
 10
-78.9
 20
-109.8
 10
-60.8
 20
-93.2
 10
-51.1
 20
-86.5
 10
-41.3
 20
-82.0
 10
-36.8
 20
-81.0
 10
-30.3
 20
-81.2
 10
-10.3
 20
-17.3
 10
-9.2
 20
-15.7
 10
-7.6
 20
-14.6
 10
-5.7
 20
-14.2
 10
-3.8
 20
-14.5
 10
-2.2
 20
-15.6
 10
-1.1
 20
-17.2
 10
-0.9
 20
-20.6
 10
-20.6
 20
-83.6
 10
-15.0
 20
-86.4
 10
-11.5
 20
-89.4
 10
-4.9
 20
-98.1
 10
0.3
 20
-108.8
 10
7.8
 20
-132.9
 10
-14.8
 20
-112.2
 10
-21.9
 20
-103.4
 10
-25.2
 20
-97.3
 10
-29.4
 20
-109.6
 10
-25.4
 20
-112.8
 10
-21.1
 20
-117.5
 10
-16.6
 20
-123.7
 10
-10.3
 20
-135.5
 10
-4.7
 20
-148.9
 10
0.8
 20
-167.5
 10
7.2
 20
-198.5
 10
-2.2
 20
-182.5
 10
7.0
 20
-204.8
 10
19.0
 20
-243.1
 10
9.1
 20
-227.1
 10
-15.9
 20
-189.9
 10
-28.7
 20
-169.7
 10
-38.3
 20
-151.8
 10
-41.5
 20
-143.8
 10
-47.1
 20
-158.9
 10
-40.4
 20
-164.5
 10
-30.9
 20
-175.9
 10
-20.7
 20
-191.3
 10
-14.1
 20
-203.6
 10
-5.2
 20
-223.6
 10
2.1
 20
-243.8
 10
7.5
 20
-261.8
 10
14.4
 20
-288.9
 10
1.7
 20
-264.5
 10
-35.5
 20
-200.0
 10
-46.2
 20
-178.9
 10
-50.5
 20
-167.8
 10
-56.6
 20
-183.7
 10
-49.7
 20
-190.7
 10
-43.7
 20
-198.9
 10
-37.3
 20
-209.5
 10
-30.8
 20
-222.0
 10
-21.9
 20
-243.7
 10
-14.6
 20
-266.7
 10
-10.8
 20
-281.8
 10
-6.6
 20
-302.1
 10
-1.7
 20
-332.6
 10
-6.4
 20
-319.5
 10
-15.1
 20
-298.5
 10
-51.7
 20
-216.7
 10
-56.2
 20
-205.4
 10
-60.1
 20
-192.9
 10
-66.4
 20
-208.4
 10
-59.9
 20
-216.5
 10
-54.5
 20
-225.7
 10
-48.8
 20
-237.4
 10
-40.9
 20
-258.9
 10
-34.3
 20
-283.0
 10
-29.6
 20
-307.7
 10
-26.8
 20
-330.9
 10
-24.2
 20
-369.8
 10
-29.5
 20
-348.7
 10
-23.9
 20
-391.9
 10
-33.9
 20
-361.3
 10
-44.5
 20
-333.7
 10
-71.4
 20
-267.1
 10
-75.8
 20
-255.0
 10
-79.8
 20
-241.0
 10
-86.4
 20
-256.3
 10
-79.9
 20
-264.0
 10
-74.4
 20
-272.9
 10
-68.7
 20
-284.2
 10
-60.6
 20
-305.0
 10
-53.7
 20
-328.3
 10
-50.1
 20
-344.4
 10
-47.1
 20
-362.6
 10
-39.8
 20
-386.7
 10
-32.6
 20
-415.0
 10
-43.8
 20
-392.6
 10
-42.3
 20
-412.7
 10
-46.0
 20
-398.9
 10
-53.6
 20
-375.0
 10
-83.9
 20
-321.9
 10
-95.0
 20
-299.9
 10
-100.0
 20
-287.1
 10
-107.4
 20
-303.3
 10
-102.0
 20
-308.9
 10
-94.6
 20
-320.4
 10
-87.0
 20
-335.6
 10
-82.5
 20
-347.5
 10
-76.8
 20
-366.8
 10
-72.5
 20
-386.1
 10
-69.8
 20
-403.1
 10
-66.6
 20
-428.6
 10
-73.8
 20
-409.8
 10
-94.8
 20
-361.5
 10
-89.7
 20
-375.8
 10
-85.4
 20
-391.3
 10
-78.5
 20
-425.7
 10
-110.5
 20
-367.7
 10
-118.7
 20
-349.8
 10
-123.0
 20
-336.4
 10
-129.4
 20
-349.3
 10
-126.5
 20
-351.5
 10
-123.0
 20
-355.2
 10
-119.5
 20
-360.1
 10
-113.4
 20
-372.9
 10
-111.0
 20
-380.3
 10
-107.6
 20
-395.3
 10
-104.2
 20
-420.1
 10
-125.2
 20
-386.5
 10
-131.8
 20
-373.2
 10
-135.5
 20
-361.7
 10
-139.9
 20
-370.2
 10
-141.4
 20
-371.5
 10
-143.8
 20
-372.2
 10
-145.7
 20
-371.8
 10
-147.3
 20
-370.8
 10
-148.5
 20
-369.2
 10
-148.9
 20
-367.3
 10
-148.5
 20
-365.3
 10
-144.4
 20
-357.0
 10
-156.1
 20
-360.8
 10
-170.6
 20
-362.9
 10
-209.8
 20
-364.0
 10
-181.2
 20
-350.7
 10
-166.7
 20
-345.8
 10
-152.8
 20
-343.3
 10
-146.8
 20
-343.2
 10
-141.8
 20
-343.8
 10
-138.3
 20
-344.8
 10
-131.9
 20
-331.7
 10
-145.5
 20
-336.3
 10
-164.7
 20
-340.0
 10
-185.7
 20
-342.3
 10
-229.6
 20
-345.1
 10
-193.4
 20
-331.3
 10
-178.3
 20
-326.5
 10
-168.0
 20
-323.8
 10
-148.4
 20
-320.6
 10
-140.0
 20
-320.2
 10
-132.9
 20
-320.6
 10
-127.2
 20
-321.9
 10
-120.4
 20
-307.6
 10
-129.8
 20
-311.4
 10
-139.5
 20
-314.2
 10
-162.8
 20
-319.3
 10
-188.2
 20
-323.1
 10
-241.2
 20
-329.8
 10
-197.4
 20
-312.7
 10
-179.1
 20
-306.6
 10
-166.5
 20
-303.2
 10
-148.5
 20
-299.5
 10
-132.5
 20
-297.7
 10
-124.0
 20
-297.7
 10
-116.3
 20
-298.8
 10
-109.5
 20
-284.0
 10
-121.2
 20
-289.0
 10
-132.1
 20
-292.6
 10
-158.2
 20
-299.4
 10
-246.1
 20
-316.6
 10
-214.5
 20
-302.6
 10
-241.6
 20
-311.3
 10
-198.4
 20
-287.2
 10
-165.6
 20
-271.5
 10
-141.4
 20
-261.9
 10
-127.9
 20
-257.6
 10
-115.7
 20
-254.5
 10
-105.5
 20
-252.7
 10
-95.5
 20
-252.3
 10
-88.6
 20
-236.1
 10
-102.7
 20
-242.4
 10
-128.6
 20
-250.8
 10
-159.4
 20
-258.9
 10
-240.3
 20
-278.1
 10
-221.1
 20
-269.0
 10
-192.0
 20
-251.2
 10
-166.1
 20
-236.5
 10
-136.8
 20
-222.2
 10
-115.4
 20
-213.7
 10
-96.2
 20
-207.6
 10
-85.8
 20
-205.3
 10
-75.5
 20
-204.5
 10
-69.2
 20
-188.7
  0
LWPOLYLINE
  5
313
330
B3
100
AcDbEntity
  8
VEG-HOJAS
100
AcDbPolyline
 90
6
 70
1
 10
-61.7
 20
-250.1
 10
-67.5
 20
-231.0
 10
-70.4
 20
-218.4
 10
-76.1
 20
-232.2
 10
-69.1
 20
-240.0
 10
-60.8
 20
-253.0
  0
LWPOLYLINE
  5
314
330
B3
100
AcDbEntity
  8
VEG-HOJAS
100
AcDbPolyline
 90
7
 70
1
 10
-27.5
 20
-139.0
 10
-30.9
 20
-131.2
 10
-33.9
 20
-122.4
 10
-38.0
 20
-134.1
 10
-32.3
 20
-138.3
 10
-26.6
 20
-144.0
 10
-22.2
 20
-149.3
  0
LWPOLYLINE
  5
315
330
B3
100
AcDbEntity
  8
VEG-NERVIOS
100
AcDbPolyline
 90
5
 70
0
 10
-12.5
 20
15.6
 10
-65.3
 20
83.9
 10
-116.4
 20
153.4
 10
-169.9
 20
230.8
 10
-217.1
 20
303.1
  0
LWPOLYLINE
  5
316
330
B3
100
AcDbEntity
  8
VEG-HOJAS
100
AcDbPolyline
 90
6
 70
1
 10
-219.8
 20
298.0
 10
-226.2
 20
295.7
 10
-231.1
 20
295.1
 10
-237.5
 20
295.4
 10
-222.8
 20
291.9
 10
-213.8
 20
288.6
  0
LWPOLYLINE
  5
317
330
B3
100
AcDbEntity
  8
VEG-HOJAS
100
AcDbPolyline
 90
5
 70
1
 10
-205.5
 20
294.1
 10
-204.7
 20
303.5
 10
-203.2
 20
312.0
 10
-206.2
 20
307.5
 10
-211.2
 20
303.1
  0
LWPOLYLINE
  5
318
330
B3
100
AcDbEntity
  8
VEG-HOJAS
100
AcDbPolyline
 90
5
 70
1
 10
-192.0
 20
255.0
 10
-198.9
 20
252.7
 10
-210.8
 20
251.0
 10
-194.1
 20
246.6
 10
-184.2
 20
243.2
  0
LWPOLYLINE
  5
319
330
B3
100
AcDbEntity
  8
VEG-HOJAS
100
AcDbPolyline
 90
5
 70
1
 10
-163.3
 20
212.1
 10
-172.9
 20
209.3
 10
-187.1
 20
207.6
 10
-168.2
 20
203.4
 10
-154.5
 20
199.2
  0
LWPOLYLINE
  5
31A
330
B3
100
AcDbEntity
  8
VEG-HOJAS
100
AcDbPolyline
 90
6
 70
1
 10
-160.8
 20
226.2
 10
-159.6
 20
239.5
 10
-154.8
 20
264.4
 10
-159.5
 20
254.4
 10
-164.1
 20
246.2
 10
-169.6
 20
239.2
  0
LWPOLYLINE
  5
31B
330
B3
100
AcDbEntity
  8
VEG-HOJAS
100
AcDbPolyline
 90
253
 70
1
 10
-113.8
 20
170.5
 10
-109.6
 20
187.2
 10
-100.7
 20
214.5
 10
-73.3
 20
286.6
 10
-67.2
 20
304.1
 10
-74.4
 20
255.2
 10
-78.9
 20
232.6
 10
-84.8
 20
209.6
 10
-92.0
 20
188.5
 10
-99.6
 20
170.7
 10
-104.6
 20
161.7
 10
-110.5
 20
153.8
 10
-100.5
 20
139.9
 10
-98.6
 20
152.4
 10
-92.4
 20
175.3
 10
-83.2
 20
201.6
 10
-57.2
 20
270.0
 10
-61.3
 20
237.8
 10
-64.2
 20
219.3
 10
-60.6
 20
232.6
 10
-61.5
 20
187.6
 10
-63.0
 20
169.3
 10
-64.7
 20
157.0
 10
-67.0
 20
145.3
 10
-71.3
 20
130.0
 10
-76.2
 20
118.0
 10
-80.0
 20
111.9
 10
-71.9
 20
101.0
 10
-71.3
 20
111.2
 10
-67.9
 20
128.6
 10
-62.5
 20
147.1
 10
-49.4
 20
185.1
 10
-49.4
 20
149.5
 10
-50.3
 20
135.1
 10
-51.5
 20
125.4
 10
-55.6
 20
107.8
 10
-58.3
 20
100.7
 10
-61.2
 20
94.9
 10
-64.2
 20
90.7
 10
-56.3
 20
80.2
 10
-54.9
 20
87.3
 10
-50.7
 20
97.8
 10
-45.0
 20
107.8
 10
-34.8
 20
123.9
 10
-35.4
 20
99.1
 10
-37.2
 20
87.5
 10
-40.9
 20
77.3
 10
-43.3
 20
73.3
 10
-47.7
 20
68.9
 10
-8.3
 20
18.4
 10
-7.5
 20
16.6
 10
-7.6
 20
14.6
 10
-8.3
 20
12.8
 10
-9.7
 20
11.5
 10
-13.0
 20
10.7
 10
-16.0
 20
12.2
 10
-55.8
 20
63.1
 10
-61.4
 20
60.2
 10
-66.0
 20
59.2
 10
-76.8
 20
59.0
 10
-88.5
 20
61.1
 10
-112.4
 20
69.1
 10
-82.3
 20
75.3
 10
-71.0
 20
75.8
 10
-64.9
 20
75.1
 10
-72.0
 20
84.4
 10
-76.7
 20
82.3
 10
-82.9
 20
80.7
 10
-90.5
 20
79.6
 10
-99.2
 20
79.2
 10
-108.7
 20
79.5
 10
-118.5
 20
80.5
 10
-137.7
 20
84.1
 10
-168.2
 20
92.3
 10
-127.7
 20
95.4
 10
-108.4
 20
96.4
 10
-90.6
 20
95.8
 10
-79.0
 20
93.8
 10
-87.8
 20
105.6
 10
-94.5
 20
103.1
 10
-107.3
 20
100.9
 10
-123.3
 20
100.0
 10
-135.4
 20
100.5
 10
-154.1
 20
102.7
 10
-172.3
 20
106.1
 10
-211.2
 20
116.3
 10
-192.4
 20
116.2
 10
-147.2
 20
117.3
 10
-123.1
 20
117.1
 10
-102.7
 20
115.5
 10
-93.8
 20
113.7
 10
-103.4
 20
126.8
 10
-111.7
 20
124.0
 10
-126.6
 20
121.9
 10
-145.2
 20
121.3
 10
-159.2
 20
122.0
 10
-181.1
 20
124.7
 10
-202.2
 20
128.9
 10
-220.5
 20
133.5
 10
-247.3
 20
141.2
 10
-219.7
 20
139.7
 10
-144.8
 20
138.4
 10
-121.0
 20
136.5
 10
-108.7
 20
134.2
 10
-118.6
 20
148.0
 10
-128.1
 20
145.0
 10
-144.4
 20
142.8
 10
-164.8
 20
142.2
 10
-180.2
 20
143.0
 10
-204.1
 20
146.0
 10
-227.3
 20
150.4
 10
-247.3
 20
155.5
 10
-276.7
 20
164.1
 10
-246.5
 20
161.8
 10
-179.5
 20
159.9
 10
-150.5
 20
158.5
 10
-138.3
 20
157.4
 10
-123.6
 20
154.9
 10
-133.9
 20
169.5
 10
-144.0
 20
166.9
 10
-154.7
 20
165.8
 10
-167.7
 20
165.5
 10
-182.5
 20
166.1
 10
-204.0
 20
168.7
 10
-226.1
 20
173.0
 10
-247.3
 20
178.4
 10
-267.9
 20
184.8
 10
-298.1
 20
195.5
 10
-283.8
 20
193.1
 10
-260.3
 20
190.3
 10
-166.7
 20
181.6
 10
-154.1
 20
179.8
 10
-138.8
 20
176.6
 10
-149.0
 20
191.2
 10
-159.3
 20
189.6
 10
-176.5
 20
189.9
 10
-197.7
 20
192.4
 10
-213.6
 20
195.6
 10
-229.9
 20
199.9
 10
-246.0
 20
205.1
 10
-261.3
 20
210.7
 10
-285.0
 20
220.7
 10
-321.5
 20
232.1
 10
-305.5
 20
230.2
 10
-310.4
 20
232.5
 10
-300.2
 20
229.8
 10
-297.5
 20
229.5
 10
-195.1
 20
223.4
 10
-182.9
 20
221.9
 10
-168.1
 20
219.1
 10
-178.2
 20
234.2
 10
-186.9
 20
232.8
 10
-202.1
 20
233.2
 10
-220.6
 20
235.8
 10
-234.4
 20
238.9
 10
-248.6
 20
243.0
 10
-262.6
 20
247.8
 10
-282.0
 20
255.7
 10
-305.3
 20
266.6
 10
-316.1
 20
269.9
 10
-311.3
 20
269.5
 10
-318.6
 20
273.0
 10
-302.9
 20
269.2
 10
-251.6
 20
268.7
 10
-227.2
 20
267.7
 10
-206.7
 20
265.3
 10
-197.4
 20
263.2
 10
-206.4
 20
277.1
 10
-211.6
 20
276.0
 10
-218.1
 20
275.6
 10
-225.9
 20
276.1
 10
-234.7
 20
277.4
 10
-244.0
 20
279.6
 10
-253.6
 20
282.6
 10
-272.0
 20
289.9
 10
-300.7
 20
304.2
 10
-245.9
 20
296.9
 10
-260.4
 20
301.8
 10
-278.9
 20
310.2
 10
-246.7
 20
312.9
 10
-234.7
 20
312.2
 10
-227.7
 20
310.6
 10
-228.0
 20
312.4
 10
-227.5
 20
314.3
 10
-225.2
 20
316.8
 10
-221.8
 20
317.2
 10
-220.1
 20
316.4
 10
-218.7
 20
315.0
 10
-216.6
 20
322.9
 10
-211.3
 20
333.6
 10
-192.9
 20
360.0
 10
-194.8
 20
341.1
 10
-181.5
 20
378.0
 10
-182.1
 20
342.0
 10
-183.3
 20
327.4
 10
-184.7
 20
317.6
 10
-189.1
 20
299.8
 10
-191.9
 20
292.6
 10
-194.9
 20
286.8
 10
-198.1
 20
282.6
 10
-190.6
 20
271.0
 10
-188.8
 20
287.5
 10
-183.9
 20
309.7
 10
-177.1
 20
333.4
 10
-161.8
 20
382.3
 10
-163.8
 20
337.1
 10
-165.7
 20
318.6
 10
-167.7
 20
306.3
 10
-170.2
 20
294.5
 10
-174.9
 20
279.2
 10
-180.0
 20
267.2
 10
-184.1
 20
261.1
 10
-174.7
 20
246.9
 10
-172.6
 20
259.1
 10
-166.0
 20
282.0
 10
-156.5
 20
308.4
 10
-129.4
 20
376.8
 10
-135.3
 20
336.2
 10
-125.8
 20
372.0
 10
-128.5
 20
322.6
 10
-132.1
 20
291.8
 10
-136.5
 20
268.8
 10
-142.0
 20
247.7
 10
-146.1
 20
236.0
 10
-150.2
 20
226.6
 10
-155.4
 20
218.2
 10
-145.5
 20
203.8
 10
-143.3
 20
219.0
 10
-136.8
 20
245.4
 10
-127.5
 20
275.9
 10
-107.4
 20
336.9
 10
-102.0
 20
355.4
 10
-107.4
 20
304.1
 10
-111.7
 20
277.7
 10
-116.3
 20
256.2
 10
-122.9
 20
233.8
 10
-130.0
 20
214.9
 10
-134.8
 20
205.3
 10
-140.6
 20
196.6
 10
-131.0
 20
182.9
 10
-129.4
 20
197.7
 10
-123.9
 20
224.2
 10
-115.7
 20
255.0
 10
-97.9
 20
316.7
 10
-93.2
 20
335.3
 10
-96.6
 20
284.0
 10
-100.0
 20
257.4
 10
-103.8
 20
235.8
 10
-109.5
 20
213.2
 10
-116.0
 20
194.0
 10
-120.3
 20
184.3
 10
-125.8
 20
175.4
 10
-115.4
 20
160.7
  0
LWPOLYLINE
  5
31C
330
B3
100
AcDbEntity
  8
VEG-HOJAS
100
AcDbPolyline
 90
6
 70
1
 10
-86.5
 20
128.5
 10
-85.4
 20
138.0
 10
-82.1
 20
155.1
 10
-89.9
 20
139.7
 10
-95.2
 20
132.7
 10
-86.8
 20
121.1
  0
ENDBLK
  5
B5
330
B3
100
AcDbEntity
  8
0
100
AcDbBlockEnd
  0
BLOCK
  5
320
330
31F
100
AcDbEntity
  8
0
100
AcDbBlockBegin
  2
VEG_Monstera_PLANTA
 70
0
 10
0.0
 20
0.0
 30
0.0
  3
VEG_Monstera_PLANTA
  1

  0
HATCH
  5
322
330
31F
100
AcDbEntity
  8
VEG-RELLENO
 62
11
420
14716518
100
AcDbHatch
 10
0.0
 20
0.0
 30
0.0
210
0.0
220
0.0
230
1.0
  2
SOLID
 70
1
 71
0
 91
3
 92
3
 72
0
 73
1
 93
5
 10
174.5
 20
45.7
 10
177.3
 20
44.0
 10
176.3
 20
40.7
 10
172.4
 20
43.9
 10
172.8
 20
45.6
 97
0
 92
3
 72
0
 73
1
 93
4
 10
167.5
 20
-60.1
 10
168.6
 20
-57.2
 10
170.1
 20
-52.2
 10
173.3
 20
-57.5
 97
0
 92
3
 72
0
 73
1
 93
4
 10
-163.3
 20
-70.7
 10
-159.6
 20
-78.7
 10
-159.3
 20
-79.3
 10
-169.8
 20
-71.9
 97
0
 75
1
 76
1
 98
0
  0
HATCH
  5
323
330
31F
100
AcDbEntity
  8
VEG-RELLENO
 62
35
420
8019530
100
AcDbHatch
 10
0.0
 20
0.0
 30
0.0
210
0.0
220
0.0
230
1.0
  2
SOLID
 70
1
 71
0
 91
15
 92
3
 72
0
 73
1
 93
5
 10
170.1
 20
-52.2
 10
167.5
 20
-60.1
 10
166.0
 20
-60.8
 10
162.4
 20
-53.8
 10
168.9
 20
-50.3
 97
0
 92
3
 72
0
 73
1
 93
6
 10
-159.6
 20
-78.7
 10
-163.3
 20
-70.7
 10
-155.2
 20
-77.1
 10
-154.4
 20
-79.0
 10
-155.2
 20
-80.5
 10
-156.7
 20
-80.9
 97
0
 92
3
 72
0
 73
1
 93
5
 10
-144.2
 20
87.6
 10
-147.3
 20
93.9
 10
-148.1
 20
93.5
 10
-148.0
 20
95.3
 10
-143.9
 20
90.0
 97
0
 92
3
 72
0
 73
1
 93
6
 10
-63.0
 20
139.4
 10
-79.1
 20
139.9
 10
-83.0
 20
145.3
 10
-63.1
 20
143.3
 10
-61.5
 20
141.8
 10
-61.7
 20
140.3
 97
0
 92
3
 72
0
 73
1
 93
6
 10
-41.8
 20
26.7
 10
-50.3
 20
68.3
 10
-45.4
 20
71.5
 10
-39.2
 20
27.3
 10
-40.2
 20
25.8
 10
-41.2
 20
25.9
 97
0
 92
3
 72
0
 73
1
 93
3
 10
-28.4
 20
98.0
 10
-27.6
 20
94.5
 10
-29.5
 20
95.3
 97
0
 92
3
 72
0
 73
1
 93
4
 10
14.1
 20
164.4
 10
8.1
 20
161.4
 10
4.6
 20
164.3
 10
10.5
 20
167.8
 97
0
 92
3
 72
0
 73
1
 93
5
 10
-72.4
 20
31.3
 10
-75.1
 20
32.1
 10
-82.3
 20
54.4
 10
-79.0
 20
58.2
 10
-72.3
 20
32.3
 97
0
 92
3
 72
0
 73
1
 93
6
 10
3.5
 20
-60.7
 10
3.1
 20
-61.7
 10
-13.3
 20
-75.8
 10
-17.4
 20
-73.7
 10
1.3
 20
-59.6
 10
2.7
 20
-59.4
 97
0
 92
3
 72
0
 73
1
 93
4
 10
-75.6
 20
-79.7
 10
-68.4
 20
-63.9
 10
-66.6
 20
-62.4
 10
-66.9
 20
-75.5
 97
0
 92
3
 72
0
 73
1
 93
6
 10
-82.3
 20
-12.7
 10
-82.2
 20
-14.2
 10
-97.4
 20
-42.3
 10
-98.9
 20
-35.9
 10
-84.5
 20
-12.9
 10
-83.2
 20
-12.2
 97
0
 92
3
 72
0
 73
1
 93
8
 10
49.5
 20
47.0
 10
47.9
 20
46.7
 10
47.0
 20
47.9
 10
44.6
 20
70.5
 10
47.3
 20
75.7
 10
47.9
 20
67.5
 10
49.5
 20
60.1
 10
50.0
 20
48.0
 97
0
 92
3
 72
0
 73
1
 93
5
 10
-46.6
 20
-16.3
 10
-45.3
 20
-15.4
 10
-44.1
 20
-16.4
 10
-45.8
 20
-21.6
 10
-52.0
 20
-28.1
 97
0
 92
3
 72
0
 73
1
 93
3
 10
16.8
 20
17.2
 10
19.4
 20
16.5
 10
15.6
 20
14.7
 97
0
 92
3
 72
0
 73
1
 93
3
 10
13.8
 20
-5.2
 10
16.6
 20
-4.9
 10
15.6
 20
-7.3
 97
0
 75
1
 76
1
 98
0
  0
HATCH
  5
324
330
31F
100
AcDbEntity
  8
VEG-RELLENO
 62
63
420
9878646
100
AcDbHatch
 10
0.0
 20
0.0
 30
0.0
210
0.0
220
0.0
230
1.0
  2
SOLID
 70
1
 71
0
 91
1
 92
3
 72
0
 73
1
 93
4
 10
13.8
 20
-5.2
 10
11.5
 20
-2.5
 10
19.8
 20
1.2
 10
16.6
 20
-4.9
 97
0
 75
1
 76
1
 98
0
  0
HATCH
  5
325
330
31F
100
AcDbEntity
  8
VEG-RELLENO
 62
83
420
6262872
100
AcDbHatch
 10
0.0
 20
0.0
 30
0.0
210
0.0
220
0.0
230
1.0
  2
SOLID
 70
1
 71
0
 91
17
 92
3
 72
0
 73
1
 93
86
 10
431.5
 20
84.7
 10
426.5
 20
69.6
 10
392.4
 20
81.0
 10
390.8
 20
81.1
 10
389.6
 20
79.9
 10
389.5
 20
78.3
 10
390.6
 20
77.1
 10
423.5
 20
60.9
 10
416.6
 20
42.6
 10
409.5
 20
26.5
 10
349.7
 20
56.1
 10
348.0
 20
56.2
 10
346.7
 20
55.1
 10
346.6
 20
53.5
 10
347.6
 20
52.3
 10
404.7
 20
17.4
 10
394.4
 20
0.8
 10
379.6
 20
-19.8
 10
340.3
 20
6.3
 10
301.8
 20
33.0
 10
299.8
 20
33.4
 10
298.5
 20
32.3
 10
298.3
 20
30.7
 10
299.1
 20
29.6
 10
335.6
 20
0.3
 10
372.7
 20
-28.5
 10
359.8
 20
-43.3
 10
351.9
 20
-51.4
 10
343.8
 20
-58.8
 10
331.2
 20
-69.0
 10
287.5
 20
-29.0
 10
244.8
 20
11.6
 10
242.6
 20
12.2
 10
241.3
 20
11.2
 10
241.5
 20
8.8
 10
254.6
 20
-5.7
 10
287.6
 20
-41.1
 10
321.2
 20
-76.2
 10
298.9
 20
-89.9
 10
283.6
 20
-97.8
 10
245.2
 20
-53.5
 10
204.6
 20
-4.9
 10
216.2
 20
9.4
 10
176.3
 20
40.7
 10
177.3
 20
44.0
 10
220.4
 20
15.1
 10
232.7
 20
33.6
 10
243.7
 20
56.1
 10
223.3
 20
68.3
 10
222.5
 20
69.8
 10
223.1
 20
70.8
 10
224.6
 20
70.9
 10
246.3
 20
61.9
 10
250.3
 20
71.1
 10
257.1
 20
90.6
 10
240.2
 20
105.0
 10
249.8
 20
147.5
 10
259.4
 20
193.6
 10
272.3
 20
191.7
 10
291.9
 20
187.3
 10
281.5
 20
140.3
 10
270.2
 20
93.2
 10
270.2
 20
92.0
 10
271.3
 20
90.7
 10
272.9
 20
90.6
 10
274.3
 20
92.0
 10
288.7
 20
138.3
 10
302.1
 20
184.5
 10
323.6
 20
177.8
 10
344.8
 20
170.1
 10
323.0
 20
103.9
 10
323.0
 20
102.5
 10
324.1
 20
101.2
 10
325.7
 20
101.1
 10
326.9
 20
102.2
 10
353.9
 20
166.2
 10
367.3
 20
159.7
 10
390.9
 20
146.3
 10
376.7
 20
112.2
 10
376.6
 20
110.6
 10
377.7
 20
109.4
 10
379.4
 20
109.3
 10
380.5
 20
110.3
 10
398.7
 20
141.7
 10
413.0
 20
133.0
 10
438.5
 20
115.0
 97
0
 92
2
 72
0
 73
1
 93
14
 10
264.5
 20
79.2
 10
262.6
 20
73.0
 10
262.3
 20
70.0
 10
263.1
 20
65.7
 10
264.1
 20
64.9
 10
265.5
 20
65.0
 10
266.9
 20
66.2
 10
269.8
 20
70.8
 10
271.6
 20
77.1
 10
271.9
 20
80.1
 10
271.1
 20
84.3
 10
270.1
 20
85.2
 10
268.8
 20
85.0
 10
267.3
 20
83.9
 97
0
 92
2
 72
0
 73
1
 93
15
 10
294.2
 20
39.0
 10
291.0
 20
43.3
 10
286.0
 20
47.2
 10
281.0
 20
49.2
 10
279.2
 20
49.2
 10
278.0
 20
48.6
 10
277.6
 20
47.3
 10
278.1
 20
45.5
 10
279.4
 20
43.4
 10
283.7
 20
39.1
 10
286.4
 20
37.3
 10
289.0
 20
36.0
 10
293.2
 20
35.3
 10
294.4
 20
35.9
 10
294.7
 20
37.2
 97
0
 92
3
 72
0
 73
1
 93
4
 10
201.4
 20
-8.5
 10
209.2
 20
-19.2
 10
213.0
 20
-24.5
 10
197.3
 20
-12.9
 97
0
 92
3
 72
0
 73
1
 93
4
 10
214.3
 20
-26.4
 10
221.7
 20
-36.4
 10
173.3
 20
-57.5
 10
168.9
 20
-50.3
 97
0
 92
3
 72
0
 73
1
 93
4
 10
248.6
 20
-72.8
 10
255.9
 20
-82.4
 10
199.4
 20
-99.1
 10
195.2
 20
-92.4
 97
0
 92
3
 72
0
 73
1
 93
4
 10
162.4
 20
-53.8
 10
166.0
 20
-60.8
 10
151.2
 20
-67.5
 10
146.0
 20
-62.6
 97
0
 92
3
 72
0
 73
1
 93
4
 10
188.2
 20
-102.5
 10
178.6
 20
-105.5
 10
175.5
 20
-100.0
 10
184.9
 20
-96.4
 97
0
 92
3
 72
0
 73
1
 93
4
 10
49.5
 20
60.1
 10
47.3
 20
73.8
 10
47.3
 20
75.7
 10
48.8
 20
78.5
 97
0
 92
3
 72
0
 73
1
 93
9
 10
101.0
 20
160.7
 10
106.8
 20
159.5
 10
109.1
 20
158.5
 10
110.4
 20
157.3
 10
110.9
 20
156.2
 10
110.2
 20
155.2
 10
106.3
 20
153.8
 10
98.0
 20
154.0
 10
99.2
 20
159.6
 97
0
 92
3
 72
0
 73
1
 93
6
 10
124.8
 20
157.0
 10
124.9
 20
152.7
 10
117.6
 20
153.8
 10
116.7
 20
154.9
 10
116.8
 20
156.4
 10
118.7
 20
157.4
 97
0
 92
3
 72
0
 73
1
 93
4
 10
135.3
 20
156.3
 10
179.6
 20
153.4
 10
179.2
 20
145.8
 10
135.1
 20
151.4
 97
0
 92
3
 72
0
 73
1
 93
3
 10
174.4
 20
190.2
 10
181.4
 20
191.5
 10
181.3
 20
189.9
 97
0
 92
3
 72
0
 73
1
 93
18
 10
187.8
 20
144.7
 10
188.7
 20
152.8
 10
231.9
 20
149.8
 10
238.2
 20
172.5
 10
241.0
 20
187.9
 10
192.6
 20
189.6
 10
193.0
 20
193.3
 10
203.4
 20
194.4
 10
222.8
 20
195.4
 10
248.5
 20
194.7
 10
235.1
 20
108.7
 10
229.9
 20
112.2
 10
214.3
 20
89.8
 10
212.7
 20
90.3
 10
212.5
 20
91.9
 10
224.7
 20
115.8
 10
219.5
 20
119.2
 10
228.3
 20
139.4
 97
0
 92
3
 72
0
 73
1
 93
4
 10
106.0
 20
112.7
 10
100.2
 20
114.1
 10
100.6
 20
118.2
 10
106.8
 20
117.2
 97
0
 92
3
 72
0
 73
1
 93
4
 10
158.4
 20
100.5
 10
160.7
 20
108.1
 10
165.6
 20
107.3
 10
162.6
 20
99.5
 97
0
 92
3
 72
0
 73
1
 93
6
 10
117.9
 20
21.0
 10
117.5
 20
22.1
 10
118.0
 20
23.1
 10
119.6
 20
23.3
 10
133.1
 20
10.9
 10
127.7
 20
10.8
 97
0
 75
1
 76
1
 98
0
  0
HATCH
  5
326
330
31F
100
AcDbEntity
  8
VEG-RELLENO
 62
63
420
9878646
100
AcDbHatch
 10
0.0
 20
0.0
 30
0.0
210
0.0
220
0.0
230
1.0
  2
SOLID
 70
1
 71
0
 91
1
 92
3
 72
0
 73
1
 93
7
 10
-11.4
 20
85.7
 10
-19.2
 20
90.4
 10
-27.6
 20
94.5
 10
-28.4
 20
98.0
 10
-28.1
 20
98.8
 10
-19.1
 20
92.0
 10
-12.0
 20
88.5
 97
0
 75
1
 76
1
 98
0
  0
HATCH
  5
327
330
31F
100
AcDbEntity
  8
VEG-RELLENO
 62
83
420
6262872
100
AcDbHatch
 10
0.0
 20
0.0
 30
0.0
210
0.0
220
0.0
230
1.0
  2
SOLID
 70
1
 71
0
 91
12
 92
3
 72
0
 73
1
 93
116
 10
-75.3
 20
424.5
 10
-45.2
 20
408.5
 10
-32.7
 20
400.5
 10
-53.4
 20
370.4
 10
-53.8
 20
369.0
 10
-53.1
 20
367.7
 10
-51.7
 20
367.3
 10
-50.4
 20
368.0
 10
-25.7
 20
396.1
 10
-2.6
 20
380.4
 10
-41.7
 20
334.0
 10
-42.0
 20
332.6
 10
-41.3
 20
331.3
 10
-39.9
 20
330.9
 10
-38.7
 20
331.6
 10
4.4
 20
374.9
 10
17.1
 20
363.6
 10
32.5
 20
348.5
 10
-1.8
 20
316.1
 10
-28.8
 20
289.4
 10
-29.4
 20
287.7
 10
-28.6
 20
286.4
 10
-27.2
 20
286.1
 10
-26.1
 20
286.6
 10
2.6
 20
311.5
 10
39.0
 20
341.7
 10
54.5
 20
323.8
 10
62.9
 20
308.3
 10
56.2
 20
303.3
 10
41.0
 20
327.4
 10
32.0
 20
320.9
 10
17.7
 20
308.6
 10
-0.1
 20
290.1
 10
14.4
 20
270.4
 10
7.2
 20
264.6
 10
-7.2
 20
281.6
 10
-13.4
 20
273.5
 10
-23.3
 20
258.7
 10
-27.8
 20
251.0
 10
-35.7
 20
235.2
 10
-42.3
 20
219.1
 10
10.5
 20
167.8
 10
4.6
 20
164.3
 10
-46.1
 20
207.4
 10
-50.8
 20
188.2
 10
-53.1
 20
172.7
 10
-53.7
 20
157.7
 10
-52.3
 20
143.9
 10
-48.6
 20
130.9
 10
-42.9
 20
118.5
 10
-35.8
 20
107.6
 10
-28.1
 20
98.8
 10
-29.5
 20
95.3
 10
-38.9
 20
98.8
 10
-49.5
 20
101.9
 10
-45.4
 20
71.5
 10
-50.3
 20
68.3
 10
-57.5
 20
103.6
 10
-66.3
 20
105.0
 10
-68.0
 20
114.0
 10
-72.0
 20
126.5
 10
-74.7
 20
132.5
 10
-79.1
 20
139.9
 10
-63.0
 20
139.4
 10
-61.5
 20
141.0
 10
-62.4
 20
143.0
 10
-83.0
 20
145.3
 10
-90.9
 20
154.4
 10
-101.9
 20
164.6
 10
-114.1
 20
174.1
 10
-130.3
 20
184.5
 10
-135.2
 20
151.0
 10
-143.8
 20
152.0
 10
-140.7
 20
190.2
 10
-145.4
 20
192.6
 10
-74.3
 20
180.9
 10
-72.3
 20
181.8
 10
-72.3
 20
184.0
 10
-73.6
 20
184.8
 10
-129.6
 20
197.6
 10
-185.6
 20
211.7
 10
-184.9
 20
238.8
 10
-182.9
 20
255.8
 10
-100.8
 20
230.3
 10
-82.4
 20
225.0
 10
-80.4
 20
225.8
 10
-80.1
 20
227.3
 10
-81.4
 20
228.8
 10
-135.8
 20
248.9
 10
-181.0
 20
266.7
 10
-175.6
 20
287.4
 10
-168.8
 20
305.9
 10
-132.9
 20
289.4
 10
-87.8
 20
269.7
 10
-86.7
 20
269.5
 10
-85.5
 20
270.3
 10
-85.1
 20
271.8
 10
-86.2
 20
273.3
 10
-129.9
 20
296.1
 10
-164.7
 20
315.2
 10
-155.2
 20
334.5
 10
-145.5
 20
351.2
 10
-89.7
 20
317.7
 10
-88.4
 20
317.4
 10
-87.1
 20
318.1
 10
-86.8
 20
319.6
 10
-87.5
 20
320.9
 10
-140.3
 20
359.1
 10
-130.7
 20
371.6
 10
-112.4
 20
391.5
 10
-86.7
 20
371.7
 10
-84.6
 20
371.5
 10
-83.6
 20
372.7
 10
-84.2
 20
374.7
 10
-106.6
 20
397.4
 10
-93.3
 20
410.0
 97
0
 92
2
 72
0
 73
1
 93
13
 10
-73.4
 20
222.0
 10
-68.9
 20
219.2
 10
-62.7
 20
217.3
 10
-57.4
 20
217.0
 10
-55.7
 20
217.5
 10
-54.9
 20
218.4
 10
-55.0
 20
219.6
 10
-58.1
 20
222.4
 10
-63.8
 20
224.9
 10
-69.8
 20
226.1
 10
-73.9
 20
225.5
 10
-74.7
 20
224.6
 10
-74.6
 20
223.4
 97
0
 92
2
 72
0
 73
1
 93
13
 10
-79.8
 20
265.8
 10
-76.0
 20
262.6
 10
-70.6
 20
260.2
 10
-65.7
 20
259.4
 10
-64.1
 20
259.7
 10
-63.2
 20
260.6
 10
-63.2
 20
261.8
 10
-65.6
 20
264.8
 10
-73.2
 20
268.9
 10
-78.1
 20
269.7
 10
-79.8
 20
269.3
 10
-80.6
 20
268.5
 10
-80.7
 20
267.3
 97
0
 92
3
 72
0
 73
1
 93
4
 10
10.9
 20
260.2
 10
18.2
 20
265.4
 10
40.2
 20
235.7
 10
34.7
 20
232.0
 97
0
 92
3
 72
0
 73
1
 93
4
 10
61.2
 20
295.4
 10
67.5
 20
299.7
 10
86.1
 20
265.8
 10
81.8
 20
263.0
 97
0
 92
3
 72
0
 73
1
 93
4
 10
39.2
 20
226.7
 10
44.6
 20
229.9
 10
66.9
 20
200.1
 10
63.4
 20
198.2
 97
0
 92
3
 72
0
 73
1
 93
5
 10
90.7
 20
256.8
 10
92.5
 20
251.6
 10
93.9
 20
246.6
 10
91.9
 20
247.2
 10
87.1
 20
254.7
 97
0
 92
3
 72
0
 73
1
 93
6
 10
8.1
 20
161.4
 10
14.1
 20
164.4
 10
38.7
 20
140.6
 10
38.9
 20
138.5
 10
37.8
 20
137.5
 10
35.9
 20
137.9
 97
0
 92
3
 72
0
 73
1
 93
13
 10
71.7
 20
193.1
 10
75.1
 20
191.3
 10
77.3
 20
189.4
 10
81.4
 20
184.3
 10
83.7
 20
179.4
 10
83.9
 20
177.6
 10
83.3
 20
176.5
 10
82.1
 20
176.2
 10
80.4
 20
176.8
 10
78.4
 20
178.1
 10
72.1
 20
185.1
 10
70.6
 20
187.7
 10
69.6
 20
191.8
 97
0
 92
3
 72
0
 73
1
 93
8
 10
99.4
 20
160.8
 10
98.0
 20
154.0
 10
91.8
 20
155.9
 10
90.4
 20
157.0
 10
90.0
 20
158.2
 10
90.6
 20
159.2
 10
92.2
 20
160.1
 10
94.6
 20
160.6
 97
0
 92
3
 72
0
 73
1
 93
4
 10
-143.9
 20
90.0
 10
-148.0
 20
95.3
 10
-144.5
 20
142.5
 10
-136.5
 20
142.1
 97
0
 92
3
 72
0
 73
1
 93
4
 10
-178.4
 20
161.3
 10
-182.7
 20
181.3
 10
-185.0
 20
199.8
 10
-176.2
 20
198.1
 97
0
 75
1
 76
1
 98
0
  0
HATCH
  5
328
330
31F
100
AcDbEntity
  8
VEG-RELLENO
 62
63
420
9878646
100
AcDbHatch
 10
0.0
 20
0.0
 30
0.0
210
0.0
220
0.0
230
1.0
  2
SOLID
 70
1
 71
0
 91
1
 92
3
 72
0
 73
1
 93
6
 10
-120.8
 20
40.5
 10
-117.5
 20
40.6
 10
-115.6
 20
36.0
 10
-116.1
 20
34.6
 10
-117.1
 20
34.4
 10
-117.9
 20
34.9
 97
0
 75
1
 76
1
 98
0
  0
HATCH
  5
329
330
31F
100
AcDbEntity
  8
VEG-RELLENO
 62
83
420
6394714
100
AcDbHatch
 10
0.0
 20
0.0
 30
0.0
210
0.0
220
0.0
230
1.0
  2
SOLID
 70
1
 71
0
 91
6
 92
3
 72
0
 73
1
 93
104
 10
-418.6
 20
165.3
 10
-390.2
 20
181.4
 10
-376.8
 20
187.6
 10
-361.6
 20
155.6
 10
-360.6
 20
154.5
 10
-359.1
 20
154.5
 10
-358.0
 20
155.5
 10
-357.9
 20
157.0
 10
-369.1
 20
191.2
 10
-352.0
 20
198.5
 10
-338.9
 20
203.1
 10
-319.1
 20
144.9
 10
-318.1
 20
143.8
 10
-316.6
 20
143.8
 10
-315.5
 20
144.8
 10
-315.4
 20
146.2
 10
-330.0
 20
205.7
 10
-311.0
 20
210.1
 10
-292.5
 20
213.5
 10
-274.4
 20
131.6
 10
-273.3
 20
130.2
 10
-271.8
 20
130.1
 10
-270.7
 20
131.2
 10
-270.6
 20
132.3
 10
-282.7
 20
214.9
 10
-262.8
 20
216.8
 10
-240.9
 20
216.8
 10
-229.7
 20
115.8
 10
-229.1
 20
114.6
 10
-227.8
 20
114.0
 10
-226.4
 20
114.6
 10
-225.8
 20
115.9
 10
-230.4
 20
216.0
 10
-207.5
 20
212.8
 10
-186.4
 20
208.1
 10
-185.6
 20
98.1
 10
-185.0
 20
96.7
 10
-183.6
 20
96.2
 10
-182.3
 20
96.8
 10
-181.7
 20
98.1
 10
-175.8
 20
204.9
 10
-157.0
 20
197.9
 10
-140.7
 20
190.2
 10
-148.1
 20
93.5
 10
-159.4
 20
88.2
 10
-176.2
 20
78.9
 10
-152.6
 20
37.2
 10
-152.6
 20
35.8
 10
-153.9
 20
35.2
 10
-154.8
 20
35.7
 10
-181.6
 20
75.5
 10
-191.5
 20
68.5
 10
-202.7
 20
58.9
 10
-201.8
 20
61.8
 10
-202.2
 20
63.0
 10
-203.3
 20
63.4
 10
-205.1
 20
63.1
 10
-207.4
 20
62.0
 10
-212.3
 20
58.1
 10
-216.4
 20
53.3
 10
-217.9
 20
49.3
 10
-217.5
 20
48.1
 10
-216.3
 20
47.7
 10
-214.0
 20
48.3
 10
-222.3
 20
39.8
 10
-232.6
 20
27.7
 10
-224.9
 20
12.3
 10
-241.3
 20
5.7
 10
-250.7
 20
1.1
 10
-219.8
 20
-24.6
 10
-225.8
 20
-31.5
 10
-261.7
 20
-4.9
 10
-276.0
 20
-14.1
 10
-221.7
 20
41.3
 10
-221.3
 20
43.4
 10
-223.1
 20
44.6
 10
-224.5
 20
44.1
 10
-309.6
 20
-32.1
 10
-318.5
 20
-25.5
 10
-333.4
 20
-13.0
 10
-349.4
 20
3.1
 10
-271.2
 20
63.4
 10
-270.6
 20
64.2
 10
-270.6
 20
65.7
 10
-271.7
 20
66.8
 10
-273.6
 20
66.6
 10
-356.1
 20
11.1
 10
-371.7
 20
32.7
 10
-382.2
 20
50.0
 10
-388.6
 20
61.7
 10
-328.7
 20
94.6
 10
-327.8
 20
95.6
 10
-327.7
 20
97.1
 10
-328.8
 20
98.2
 10
-330.3
 20
98.2
 10
-392.8
 20
70.1
 10
-401.0
 20
90.1
 10
-406.9
 20
109.5
 10
-372.5
 20
123.9
 10
-371.3
 20
125.7
 10
-371.8
 20
127.1
 10
-373.9
 20
127.6
 10
-409.1
 20
117.6
 10
-414.1
 20
137.2
 97
0
 92
2
 72
0
 73
1
 93
13
 10
-229.1
 20
106.6
 10
-229.9
 20
101.6
 10
-229.4
 20
95.5
 10
-227.7
 20
90.6
 10
-226.5
 20
89.3
 10
-225.4
 20
88.9
 10
-224.3
 20
89.5
 10
-222.8
 20
93.3
 10
-223.1
 20
102.2
 10
-224.9
 20
107.0
 10
-226.0
 20
108.3
 10
-227.1
 20
108.7
 10
-228.2
 20
108.1
 97
0
 92
3
 72
0
 73
1
 93
21
 10
-144.2
 20
87.6
 10
-137.1
 20
137.7
 10
-130.3
 20
184.5
 10
-120.5
 20
178.4
 10
-107.9
 20
169.4
 10
-96.2
 20
159.6
 10
-86.1
 20
149.1
 10
-77.9
 20
138.2
 10
-72.0
 20
126.5
 10
-68.0
 20
114.0
 10
-66.3
 20
105.0
 10
-78.7
 20
106.1
 10
-91.3
 20
106.1
 10
-79.0
 20
58.2
 10
-82.3
 20
54.4
 10
-98.8
 20
105.6
 10
-109.5
 20
104.4
 10
-122.2
 20
102.1
 10
-140.9
 20
96.5
 10
-117.5
 20
40.6
 10
-120.8
 20
40.5
 97
0
 92
3
 72
0
 73
1
 93
4
 10
-163.2
 20
-70.7
 10
-169.8
 20
-71.9
 10
-218.6
 20
-36.8
 10
-213.4
 20
-29.9
 97
0
 92
3
 72
0
 73
1
 93
5
 10
-270.6
 20
-54.5
 10
-286.9
 20
-46.4
 10
-300.2
 20
-38.4
 10
-296.2
 20
-34.5
 10
-263.3
 20
-57.5
 97
0
 92
3
 72
0
 73
1
 93
7
 10
-210.6
 20
50.2
 10
-206.5
 20
53.9
 10
-192.9
 20
35.2
 10
-192.6
 20
34.2
 10
-193.1
 20
33.3
 10
-194.1
 20
33.0
 10
-195.0
 20
33.5
 97
0
 75
1
 76
1
 98
0
  0
HATCH
  5
32A
330
31F
100
AcDbEntity
  8
VEG-RELLENO
 62
83
420
6394970
100
AcDbHatch
 10
0.0
 20
0.0
 30
0.0
210
0.0
220
0.0
230
1.0
  2
SOLID
 70
1
 71
0
 91
14
 92
3
 72
0
 73
1
 93
78
 10
102.5
 20
-440.7
 10
80.4
 20
-434.1
 10
91.9
 20
-401.5
 10
91.9
 20
-399.9
 10
90.8
 20
-398.6
 10
89.1
 20
-398.5
 10
87.8
 20
-399.6
 10
71.6
 20
-430.9
 10
38.6
 20
-418.0
 10
17.6
 20
-407.3
 10
57.0
 20
-339.0
 10
57.1
 20
-337.3
 10
56.0
 20
-336.0
 10
54.3
 20
-335.8
 10
53.1
 20
-336.7
 10
8.6
 20
-401.8
 10
-5.4
 20
-392.5
 10
-24.1
 20
-378.7
 10
-45.0
 20
-360.7
 10
27.9
 20
-272.3
 10
28.4
 20
-270.2
 10
27.3
 20
-268.9
 10
25.6
 20
-268.7
 10
24.6
 20
-269.3
 10
-53.4
 20
-352.4
 10
-65.4
 20
-339.0
 10
-72.2
 20
-330.3
 10
-84.8
 20
-311.9
 10
-92.8
 20
-298.3
 10
-4.7
 20
-219.4
 10
-1.0
 20
-225.3
 10
14.9
 20
-202.3
 10
18.2
 20
-201.3
 10
15.6
 20
-205.6
 10
21.5
 20
-209.1
 10
5.7
 20
-234.9
 10
20.9
 20
-253.4
 10
34.9
 20
-267.1
 10
59.1
 20
-225.7
 10
61.5
 20
-226.5
 10
71.9
 20
-204.5
 10
73.2
 20
-203.6
 10
74.2
 20
-204.1
 10
74.5
 20
-205.5
 10
68.0
 20
-225.7
 10
43.2
 20
-274.1
 10
61.1
 20
-287.3
 10
81.5
 20
-299.6
 10
103.7
 20
-252.7
 10
110.8
 20
-254.7
 10
90.6
 20
-304.3
 10
102.2
 20
-309.5
 10
128.7
 20
-318.7
 10
148.7
 20
-264.8
 10
154.6
 20
-266.4
 10
138.1
 20
-321.5
 10
159.6
 20
-326.9
 10
176.3
 20
-330.4
 10
191.2
 20
-275.9
 10
195.7
 20
-277.1
 10
185.5
 20
-331.7
 10
189.6
 20
-332.2
 10
186.1
 20
-341.7
 10
113.2
 20
-317.1
 10
111.7
 20
-317.0
 10
110.4
 20
-318.1
 10
110.3
 20
-319.8
 10
111.4
 20
-321.1
 10
182.3
 20
-351.4
 10
171.7
 20
-373.1
 10
158.4
 20
-395.6
 10
122.1
 20
-379.3
 10
119.7
 20
-379.6
 10
118.9
 20
-381.2
 10
120.1
 20
-383.3
 10
153.4
 20
-403.6
 10
142.9
 20
-420.0
 10
123.4
 20
-445.7
 97
0
 92
3
 72
0
 73
1
 93
16
 10
-7.5
 20
-214.7
 10
-54.9
 20
-251.9
 10
-98.8
 20
-286.8
 10
-103.6
 20
-276.5
 10
-92.2
 20
-268.5
 10
-76.0
 20
-255.0
 10
-94.3
 20
-200.9
 10
-86.7
 20
-195.9
 10
-65.9
 20
-245.4
 10
-50.9
 20
-228.6
 10
-40.1
 20
-214.1
 10
-31.2
 20
-199.2
 10
-27.5
 20
-191.7
 10
-23.0
 20
-179.4
 10
-18.2
 20
-192.8
 10
-15.1
 20
-199.9
 97
0
 92
3
 72
0
 73
1
 93
7
 10
-90.9
 20
-186.1
 10
-98.0
 20
-190.2
 10
-116.9
 20
-136.9
 10
-116.6
 20
-135.3
 10
-115.3
 20
-134.3
 10
-113.7
 20
-134.5
 10
-112.8
 20
-135.6
 97
0
 92
3
 72
0
 73
1
 93
5
 10
-75.6
 20
-79.7
 10
-66.9
 20
-75.5
 10
-66.8
 20
-76.8
 10
-69.4
 20
-83.5
 10
-77.1
 20
-82.9
 97
0
 92
3
 72
0
 73
1
 93
4
 10
-13.3
 20
-75.8
 10
-40.7
 20
-99.3
 10
-45.7
 20
-95.0
 10
-17.4
 20
-73.7
 97
0
 92
3
 72
0
 73
1
 93
4
 10
146.0
 20
-62.6
 10
151.2
 20
-67.5
 10
138.9
 20
-73.0
 10
137.5
 20
-67.2
 97
0
 92
3
 72
0
 73
1
 93
7
 10
175.5
 20
-100.0
 10
178.6
 20
-105.5
 10
147.5
 20
-115.5
 10
145.9
 20
-115.4
 10
144.9
 20
-114.2
 10
144.9
 20
-112.6
 10
146.1
 20
-111.6
 97
0
 92
3
 72
0
 73
1
 93
7
 10
198.4
 20
-151.9
 10
199.8
 20
-156.9
 10
184.1
 20
-159.3
 10
182.8
 20
-159.1
 10
181.8
 20
-157.9
 10
181.9
 20
-156.4
 10
183.1
 20
-155.4
 97
0
 92
3
 72
0
 73
1
 93
13
 10
130.9
 20
-191.6
 10
130.9
 20
-188.2
 10
131.5
 20
-185.1
 10
134.0
 20
-178.7
 10
137.3
 20
-174.0
 10
138.8
 20
-172.9
 10
140.1
 20
-172.8
 10
141.0
 20
-173.7
 10
141.4
 20
-175.5
 10
141.2
 20
-178.1
 10
140.6
 20
-181.2
 10
138.1
 20
-187.6
 10
135.1
 20
-191.9
 97
0
 92
3
 72
0
 73
1
 93
7
 10
156.8
 20
-258.5
 10
151.3
 20
-257.4
 10
159.2
 20
-234.5
 10
160.6
 20
-233.1
 10
162.1
 20
-233.3
 10
163.1
 20
-234.5
 10
163.1
 20
-235.6
 97
0
 92
3
 72
0
 73
1
 93
7
 10
112.8
 20
-249.6
 10
105.8
 20
-248.2
 10
127.2
 20
-200.1
 10
128.4
 20
-199.1
 10
130.0
 20
-199.2
 10
130.9
 20
-200.4
 10
130.9
 20
-201.8
 97
0
 92
3
 72
0
 73
1
 93
4
 10
25.6
 20
-186.7
 10
26.8
 20
-184.9
 10
33.1
 20
-175.5
 10
26.9
 20
-186.2
 97
0
 92
3
 72
0
 73
1
 93
4
 10
106.1
 20
-151.3
 10
99.6
 20
-149.3
 10
101.1
 20
-145.5
 10
108.4
 20
-147.1
 97
0
 92
3
 72
0
 73
1
 93
15
 10
170.5
 20
-216.3
 10
169.7
 20
-219.3
 10
167.4
 20
-224.8
 10
165.9
 20
-226.7
 10
164.5
 20
-227.8
 10
163.3
 20
-228.0
 10
162.4
 20
-227.2
 10
161.8
 20
-225.5
 10
161.6
 20
-223.2
 10
162.6
 20
-217.3
 10
165.0
 20
-211.8
 10
167.8
 20
-208.7
 10
169.0
 20
-208.6
 10
170.0
 20
-209.4
 10
170.6
 20
-211.0
 97
0
 75
1
 76
1
 98
0
  0
HATCH
  5
32B
330
31F
100
AcDbEntity
  8
VEG-RELLENO
 62
63
420
9878646
100
AcDbHatch
 10
0.0
 20
0.0
 30
0.0
210
0.0
220
0.0
230
1.0
  2
SOLID
 70
1
 71
0
 91
1
 92
3
 72
0
 73
1
 93
4
 10
-102.0
 20
-84.8
 10
-106.2
 20
-86.3
 10
-108.0
 20
-86.7
 10
-106.5
 20
-83.9
 97
0
 75
1
 76
1
 98
0
  0
HATCH
  5
32C
330
31F
100
AcDbEntity
  8
VEG-RELLENO
 62
83
420
6526555
100
AcDbHatch
 10
0.0
 20
0.0
 30
0.0
210
0.0
220
0.0
230
1.0
  2
SOLID
 70
1
 71
0
 91
5
 92
3
 72
0
 73
1
 93
165
 10
-389.4
 20
-251.8
 10
-388.1
 20
-237.0
 10
-353.0
 20
-241.5
 10
-351.5
 20
-241.2
 10
-350.6
 20
-239.8
 10
-350.9
 20
-238.2
 10
-352.2
 20
-237.3
 10
-387.2
 20
-228.2
 10
-384.9
 20
-207.2
 10
-382.1
 20
-189.6
 10
-316.9
 20
-206.1
 10
-315.3
 20
-205.8
 10
-314.4
 20
-204.4
 10
-314.7
 20
-202.8
 10
-315.9
 20
-202.0
 10
-380.1
 20
-180.0
 10
-375.1
 20
-162.0
 10
-367.2
 20
-138.4
 10
-323.0
 20
-155.2
 10
-278.2
 20
-171.4
 10
-276.2
 20
-171.2
 10
-275.4
 20
-169.9
 10
-275.7
 20
-168.3
 10
-276.7
 20
-167.5
 10
-320.4
 20
-148.4
 10
-363.6
 20
-128.7
 10
-352.3
 20
-102.7
 10
-345.1
 20
-89.6
 10
-292.9
 20
-115.5
 10
-248.9
 20
-136.3
 10
-239.4
 20
-140.6
 10
-237.3
 20
-139.7
 10
-237.1
 20
-138.1
 10
-238.0
 20
-136.7
 10
-289.1
 20
-108.9
 10
-339.4
 20
-80.4
 10
-325.5
 20
-61.1
 10
-307.3
 20
-40.5
 10
-248.2
 20
-77.2
 10
-196.9
 20
-107.8
 10
-195.3
 20
-108.1
 10
-194.0
 20
-107.1
 10
-193.8
 20
-105.5
 10
-194.7
 20
-104.2
 10
-243.2
 20
-71.5
 10
-299.0
 20
-32.5
 10
-286.0
 20
-21.5
 10
-278.8
 20
-16.0
 10
-261.7
 20
-4.9
 10
-206.0
 20
-45.9
 10
-157.7
 20
-80.5
 10
-155.9
 20
-80.8
 10
-154.6
 20
-79.8
 10
-154.4
 20
-78.2
 10
-155.2
 20
-77.1
 10
-250.7
 20
1.1
 10
-241.3
 20
5.7
 10
-224.9
 20
12.3
 10
-217.0
 20
-0.9
 10
-196.4
 20
12.5
 10
-194.9
 20
12.6
 10
-194.2
 20
11.3
 10
-194.7
 20
10.4
 10
-213.9
 20
-5.8
 10
-202.6
 20
-21.9
 10
-194.0
 20
-31.7
 10
-158.1
 20
0.9
 10
-156.6
 20
1.0
 10
-155.9
 20
0.2
 10
-156.3
 20
-1.1
 10
-189.5
 20
-36.3
 10
-175.9
 20
-48.7
 10
-167.1
 20
-55.8
 10
-125.0
 20
-6.6
 10
-123.3
 20
-6.2
 10
-122.6
 20
-7.1
 10
-122.9
 20
-8.2
 10
-161.5
 20
-59.9
 10
-154.1
 20
-64.8
 10
-142.7
 20
-71.0
 10
-125.6
 20
-78.2
 10
-98.9
 20
-35.9
 10
-97.4
 20
-42.3
 10
-118.4
 20
-80.6
 10
-106.5
 20
-83.9
 10
-108.0
 20
-86.7
 10
-102.0
 20
-84.8
 10
-88.8
 20
-86.8
 10
-79.2
 20
-87.4
 10
-77.1
 20
-82.9
 10
-69.4
 20
-83.5
 10
-70.9
 20
-87.5
 10
-65.8
 20
-87.4
 10
-61.8
 20
-107.0
 10
-45.7
 20
-95.0
 10
-40.7
 20
-99.3
 10
-59.3
 20
-115.1
 10
-51.4
 20
-134.2
 10
-45.4
 20
-145.3
 10
-38.3
 20
-156.2
 10
-30.7
 20
-166.2
 10
-26.7
 20
-161.9
 10
-25.1
 20
-171.2
 10
-25.8
 20
-172.0
 10
-24.6
 20
-173.3
 10
-23.0
 20
-179.4
 10
-27.5
 20
-191.7
 10
-31.2
 20
-199.2
 10
-40.1
 20
-214.1
 10
-50.9
 20
-228.6
 10
-65.9
 20
-245.4
 10
-112.8
 20
-135.6
 10
-114.5
 20
-134.2
 10
-116.6
 20
-135.3
 10
-116.8
 20
-137.2
 10
-94.5
 20
-200.4
 10
-76.0
 20
-255.0
 10
-92.2
 20
-268.5
 10
-100.4
 20
-274.4
 10
-114.6
 20
-283.5
 10
-129.9
 20
-228.8
 10
-148.6
 20
-165.4
 10
-150.4
 20
-163.9
 10
-152.5
 20
-164.9
 10
-152.8
 20
-166.6
 10
-139.9
 20
-223.2
 10
-125.9
 20
-289.8
 10
-145.7
 20
-299.1
 10
-165.8
 20
-306.7
 10
-185.2
 20
-312.3
 10
-190.5
 20
-266.0
 10
-197.7
 20
-210.6
 10
-199.0
 20
-201.2
 10
-200.7
 20
-199.6
 10
-202.3
 20
-200.0
 10
-203.2
 20
-202.0
 10
-199.5
 20
-258.3
 10
-196.7
 20
-314.9
 10
-218.6
 20
-317.9
 10
-233.3
 20
-318.8
 10
-234.0
 20
-271.2
 10
-235.3
 20
-223.9
 10
-235.7
 20
-222.7
 10
-237.1
 20
-221.8
 10
-238.7
 20
-222.1
 10
-239.6
 20
-223.9
 10
-241.6
 20
-271.4
 10
-244.3
 20
-319.1
 10
-273.9
 20
-318.1
 10
-292.2
 20
-316.2
 10
-285.2
 20
-249.7
 10
-286.1
 20
-247.6
 10
-287.7
 20
-247.3
 10
-289.4
 20
-249.0
 10
-302.2
 20
-314.4
 10
-320.0
 20
-310.1
 10
-343.0
 20
-302.8
 10
-336.2
 20
-270.4
 10
-336.5
 20
-268.8
 10
-337.9
 20
-267.8
 10
-339.5
 20
-268.1
 10
-340.4
 20
-269.3
 10
-351.5
 20
-300.0
 10
-367.0
 20
-294.1
 10
-390.0
 20
-283.4
 97
0
 92
2
 72
0
 73
1
 93
16
 10
-152.2
 20
-145.7
 10
-154.7
 20
-139.4
 10
-156.2
 20
-137.2
 10
-157.7
 20
-135.9
 10
-159.0
 20
-135.7
 10
-160.0
 20
-136.5
 10
-160.6
 20
-138.4
 10
-160.8
 20
-141.1
 10
-159.7
 20
-147.8
 10
-157.2
 20
-154.1
 10
-155.7
 20
-156.4
 10
-154.2
 20
-157.6
 10
-152.9
 20
-157.9
 10
-151.9
 20
-157.0
 10
-151.3
 20
-155.1
 10
-151.1
 20
-152.4
 97
0
 92
2
 72
0
 73
1
 93
15
 10
-233.8
 20
-209.0
 10
-233.6
 20
-205.8
 10
-234.4
 20
-199.7
 10
-235.3
 20
-197.4
 10
-236.4
 20
-196.0
 10
-237.6
 20
-195.5
 10
-238.8
 20
-196.0
 10
-239.9
 20
-197.5
 10
-240.8
 20
-199.8
 10
-241.5
 20
-205.9
 10
-240.7
 20
-212.0
 10
-238.7
 20
-215.8
 10
-237.5
 20
-216.3
 10
-236.3
 20
-215.7
 10
-235.2
 20
-214.2
 97
0
 92
2
 72
0
 73
1
 93
14
 10
-228.4
 20
-147.3
 10
-222.6
 20
-151.0
 10
-219.2
 20
-152.4
 10
-213.3
 20
-153.7
 10
-211.4
 20
-153.5
 10
-210.3
 20
-152.6
 10
-210.3
 20
-151.3
 10
-213.3
 20
-147.7
 10
-219.2
 20
-144.0
 10
-225.7
 20
-141.6
 10
-230.4
 20
-141.5
 10
-231.4
 20
-142.3
 10
-231.4
 20
-143.7
 10
-230.4
 20
-145.4
 97
0
 92
2
 72
0
 73
1
 93
14
 10
-269.0
 20
-175.2
 10
-264.5
 20
-178.4
 10
-258.4
 20
-180.8
 10
-252.9
 20
-181.4
 10
-251.1
 20
-180.9
 10
-250.2
 20
-179.9
 10
-250.2
 20
-178.6
 10
-253.2
 20
-175.4
 10
-255.8
 20
-173.9
 10
-262.0
 20
-171.5
 10
-267.4
 20
-170.9
 10
-269.2
 20
-171.4
 10
-270.1
 20
-172.3
 10
-270.1
 20
-173.6
 97
0
 75
1
 76
1
 98
0
  0
HATCH
  5
32D
330
31F
100
AcDbEntity
  8
VEG-RELLENO
 62
63
420
9878646
100
AcDbHatch
 10
0.0
 20
0.0
 30
0.0
210
0.0
220
0.0
230
1.0
  2
SOLID
 70
1
 71
0
 91
2
 92
3
 72
0
 73
1
 93
4
 10
44.6
 20
70.5
 10
42.3
 20
93.1
 10
48.3
 20
96.9
 10
48.8
 20
78.5
 97
0
 92
3
 72
0
 73
1
 93
7
 10
15.6
 20
14.7
 10
-1.1
 20
7.2
 10
-4.0
 20
7.5
 10
-3.0
 20
9.5
 10
4.5
 20
14.9
 10
8.1
 20
19.7
 10
16.8
 20
17.2
 97
0
 75
1
 76
1
 98
0
  0
HATCH
  5
32E
330
31F
100
AcDbEntity
  8
VEG-RELLENO
 62
83
420
6592349
100
AcDbHatch
 10
0.0
 20
0.0
 30
0.0
210
0.0
220
0.0
230
1.0
  2
SOLID
 70
1
 71
0
 91
7
 92
3
 72
0
 73
1
 93
119
 10
212.0
 20
354.3
 10
218.4
 20
339.3
 10
187.3
 20
326.6
 10
186.2
 20
325.7
 10
186.0
 20
324.2
 10
187.0
 20
323.1
 10
188.4
 20
322.9
 10
221.5
 20
331.6
 10
227.2
 20
317.3
 10
232.3
 20
302.2
 10
174.7
 20
286.4
 10
173.5
 20
285.4
 10
173.4
 20
283.9
 10
174.4
 20
282.8
 10
175.7
 20
282.6
 10
234.7
 20
293.5
 10
238.1
 20
276.9
 10
242.0
 20
249.8
 10
156.5
 20
237.8
 10
155.0
 20
236.8
 10
154.9
 20
235.3
 10
155.8
 20
234.2
 10
157.0
 20
233.9
 10
242.9
 20
240.1
 10
243.7
 20
218.7
 10
242.4
 20
198.2
 10
137.5
 20
195.1
 10
136.3
 20
194.7
 10
135.6
 20
193.4
 10
136.1
 20
192.0
 10
137.4
 20
191.3
 10
241.0
 20
187.9
 10
238.2
 20
172.5
 10
231.9
 20
149.8
 10
118.7
 20
157.4
 10
117.2
 20
157.0
 10
116.6
 20
155.6
 10
117.0
 20
154.2
 10
118.3
 20
153.6
 10
228.3
 20
139.4
 10
219.5
 20
119.2
 10
210.3
 20
124.9
 10
199.0
 20
130.9
 10
178.1
 20
139.0
 10
165.6
 20
107.3
 10
160.7
 20
108.1
 10
171.1
 20
141.2
 10
157.6
 20
144.9
 10
142.5
 20
147.9
 10
135.1
 20
148.9
 10
120.3
 20
149.6
 10
112.3
 20
149.5
 10
106.8
 20
117.2
 10
100.6
 20
118.2
 10
103.8
 20
149.0
 10
90.9
 20
147.5
 10
76.9
 20
144.9
 10
63.5
 20
141.1
 10
47.3
 20
134.8
 10
48.3
 20
96.9
 10
42.3
 20
93.1
 10
38.8
 20
130.8
 10
21.8
 20
120.7
 10
7.3
 20
109.4
 10
-0.9
 20
101.1
 10
-4.3
 20
96.8
 10
-9.9
 20
87.7
 10
-19.1
 20
92.0
 10
-28.0
 20
98.7
 10
-35.8
 20
107.6
 10
-42.9
 20
118.5
 10
-48.6
 20
130.9
 10
-52.3
 20
143.9
 10
-53.7
 20
157.7
 10
-53.1
 20
172.7
 10
-50.8
 20
188.2
 10
-46.1
 20
207.4
 10
35.9
 20
137.9
 10
37.8
 20
137.5
 10
39.1
 20
139.2
 10
38.5
 20
140.8
 10
-42.3
 20
219.1
 10
-35.7
 20
235.2
 10
-27.8
 20
251.0
 10
-18.5
 20
266.2
 10
-7.2
 20
281.6
 10
63.8
 20
197.7
 10
65.9
 20
197.1
 10
67.3
 20
198.8
 10
66.8
 20
200.2
 10
-0.1
 20
290.1
 10
4.3
 20
295.1
 10
17.7
 20
308.6
 10
24.7
 20
314.9
 10
41.0
 20
327.4
 10
91.7
 20
247.5
 10
92.4
 20
246.8
 10
93.9
 20
246.6
 10
95.1
 20
247.6
 10
95.0
 20
249.5
 10
49.5
 20
333.0
 10
74.2
 20
346.9
 10
99.7
 20
358.7
 10
126.2
 20
299.6
 10
127.1
 20
298.6
 10
128.6
 20
298.5
 10
129.7
 20
299.4
 10
129.9
 20
300.9
 10
108.3
 20
362.0
 10
123.7
 20
366.8
 10
151.8
 20
373.0
 10
161.4
 20
343.6
 10
162.4
 20
342.5
 10
163.9
 20
342.3
 10
165.0
 20
343.3
 10
165.2
 20
344.7
 10
159.9
 20
374.6
 10
175.9
 20
377.0
 10
198.9
 20
379.1
 97
0
 92
2
 72
0
 73
1
 93
16
 10
74.0
 20
182.5
 10
78.4
 20
178.1
 10
80.4
 20
176.8
 10
82.1
 20
176.2
 10
83.3
 20
176.5
 10
83.9
 20
177.6
 10
83.7
 20
179.4
 10
82.9
 20
181.7
 10
79.5
 20
186.9
 10
75.1
 20
191.3
 10
73.0
 20
192.7
 10
71.3
 20
193.2
 10
70.2
 20
192.9
 10
69.6
 20
191.8
 10
69.8
 20
190.0
 10
70.6
 20
187.7
 97
0
 92
2
 72
0
 73
1
 93
13
 10
104.0
 20
160.3
 10
94.6
 20
160.6
 10
92.2
 20
160.1
 10
90.6
 20
159.2
 10
90.0
 20
158.2
 10
90.4
 20
157.0
 10
91.8
 20
155.9
 10
96.9
 20
154.1
 10
106.3
 20
153.8
 10
110.2
 20
155.2
 10
110.9
 20
156.2
 10
110.4
 20
157.3
 10
109.1
 20
158.5
 97
0
 92
2
 72
0
 73
1
 93
13
 10
125.7
 20
196.0
 10
116.4
 20
196.5
 10
111.3
 20
195.2
 10
109.8
 20
194.2
 10
109.3
 20
193.1
 10
109.8
 20
192.0
 10
113.6
 20
190.3
 10
119.7
 20
189.6
 10
125.7
 20
190.3
 10
129.5
 20
192.1
 10
130.0
 20
193.2
 10
129.5
 20
194.3
 10
128.0
 20
195.3
 97
0
 92
2
 72
0
 73
1
 93
13
 10
147.8
 20
237.0
 10
143.0
 20
237.8
 10
137.2
 20
237.1
 10
132.6
 20
235.3
 10
131.4
 20
234.2
 10
131.1
 20
233.0
 10
131.6
 20
232.0
 10
135.3
 20
230.6
 10
143.7
 20
231.0
 10
148.3
 20
232.8
 10
149.5
 20
234.0
 10
149.9
 20
235.1
 10
149.3
 20
236.2
 97
0
 92
3
 72
0
 73
1
 93
7
 10
106.0
 20
112.7
 10
99.0
 20
67.0
 10
98.6
 20
66.1
 10
97.5
 20
65.7
 10
96.5
 20
66.2
 10
96.1
 20
67.3
 10
100.2
 20
114.1
 97
0
 92
3
 72
0
 73
1
 93
7
 10
162.6
 20
99.5
 10
156.0
 20
82.2
 10
155.2
 20
81.4
 10
154.0
 20
81.5
 10
153.3
 20
82.4
 10
153.3
 20
83.3
 10
158.4
 20
100.5
 97
0
 75
1
 76
1
 98
0
  0
HATCH
  5
32F
330
31F
100
AcDbEntity
  8
VEG-RELLENO
 62
63
420
9878646
100
AcDbHatch
 10
0.0
 20
0.0
 30
0.0
210
0.0
220
0.0
230
1.0
  2
SOLID
 70
1
 71
0
 91
1
 92
3
 72
0
 73
1
 93
4
 10
15.6
 20
-7.3
 10
14.2
 20
-14.1
 10
9.3
 20
-3.5
 10
11.5
 20
-2.5
 97
0
 75
1
 76
1
 98
0
  0
HATCH
  5
330
330
31F
100
AcDbEntity
  8
VEG-RELLENO
 62
83
420
6790496
100
AcDbHatch
 10
0.0
 20
0.0
 30
0.0
210
0.0
220
0.0
230
1.0
  2
SOLID
 70
1
 71
0
 91
9
 92
3
 72
0
 73
1
 93
117
 10
245.6
 20
-335.0
 10
229.6
 20
-334.5
 10
232.0
 20
-299.8
 10
231.7
 20
-298.4
 10
230.4
 20
-297.6
 10
228.8
 20
-298.0
 10
228.0
 20
-299.3
 10
221.2
 20
-334.2
 10
203.1
 20
-333.3
 10
185.5
 20
-331.7
 10
197.2
 20
-268.6
 10
196.8
 20
-267.1
 10
195.5
 20
-266.3
 10
194.0
 20
-266.7
 10
193.2
 20
-267.9
 10
176.3
 20
-330.4
 10
159.6
 20
-326.9
 10
138.1
 20
-321.5
 10
151.0
 20
-278.8
 10
163.1
 20
-235.6
 10
162.7
 20
-233.8
 10
161.4
 20
-233.0
 10
159.9
 20
-233.5
 10
159.2
 20
-234.5
 10
144.3
 20
-276.9
 10
128.7
 20
-318.7
 10
111.4
 20
-313.1
 10
90.6
 20
-304.3
 10
107.9
 20
-262.0
 10
124.5
 20
-219.1
 10
130.9
 20
-201.8
 10
130.9
 20
-200.4
 10
130.0
 20
-199.2
 10
128.4
 20
-199.1
 10
127.2
 20
-200.1
 10
104.8
 20
-250.3
 10
81.5
 20
-299.6
 10
61.1
 20
-287.3
 10
43.2
 20
-274.1
 10
68.0
 20
-225.7
 10
67.2
 20
-228.3
 10
78.0
 20
-231.6
 10
97.7
 20
-235.9
 10
107.3
 20
-222.3
 10
114.8
 20
-209.7
 10
94.0
 20
-198.1
 10
93.3
 20
-197.4
 10
93.3
 20
-196.3
 10
94.1
 20
-195.6
 10
95.1
 20
-195.6
 10
117.6
 20
-204.5
 10
128.2
 20
-183.4
 10
132.5
 20
-172.0
 10
135.8
 20
-160.4
 10
106.1
 20
-151.3
 10
108.4
 20
-147.1
 10
137.5
 20
-153.8
 10
140.8
 20
-138.3
 10
142.7
 20
-124.1
 10
143.3
 20
-110.5
 10
142.8
 20
-99.0
 10
65.0
 20
-91.0
 10
63.8
 20
-90.2
 10
64.1
 20
-88.6
 10
65.1
 20
-88.2
 10
142.0
 20
-91.3
 10
138.9
 20
-73.0
 10
225.0
 20
-35.0
 10
239.9
 20
-50.0
 10
252.4
 20
-65.2
 10
255.9
 20
-70.0
 10
173.3
 20
-100.9
 10
146.1
 20
-111.6
 10
144.8
 20
-113.4
 10
145.9
 20
-115.4
 10
147.5
 20
-115.5
 10
204.9
 20
-97.4
 10
262.9
 20
-80.4
 10
268.7
 20
-90.1
 10
278.3
 20
-108.4
 10
282.6
 20
-117.9
 10
288.6
 20
-133.6
 10
250.1
 20
-141.0
 10
202.3
 20
-151.0
 10
183.1
 20
-155.4
 10
181.7
 20
-157.1
 10
182.2
 20
-158.6
 10
184.1
 20
-159.3
 10
242.7
 20
-150.7
 10
292.0
 20
-144.5
 10
295.3
 20
-157.3
 10
299.2
 20
-181.4
 10
262.8
 20
-184.4
 10
217.5
 20
-188.8
 10
208.1
 20
-189.9
 10
206.7
 20
-191.6
 10
207.1
 20
-193.1
 10
208.9
 20
-193.9
 10
254.4
 20
-192.5
 10
300.2
 20
-192.0
 10
301.4
 20
-220.8
 10
300.7
 20
-240.0
 10
237.6
 20
-237.3
 10
235.7
 20
-238.3
 10
235.5
 20
-239.9
 10
237.2
 20
-241.4
 10
299.6
 20
-249.6
 10
296.8
 20
-265.4
 10
291.2
 20
-288.5
 10
260.2
 20
-284.1
 10
258.7
 20
-284.4
 10
257.9
 20
-285.8
 10
258.3
 20
-287.3
 10
259.5
 20
-288.1
 10
289.0
 20
-296.8
 10
284.4
 20
-311.3
 10
275.6
 20
-333.8
 97
0
 92
2
 72
0
 73
1
 93
14
 10
136.5
 20
-190.3
 10
139.5
 20
-184.5
 10
140.6
 20
-181.2
 10
141.4
 20
-175.5
 10
141.0
 20
-173.7
 10
140.1
 20
-172.8
 10
138.8
 20
-172.9
 10
135.6
 20
-176.0
 10
132.6
 20
-181.8
 10
130.9
 20
-188.2
 10
131.2
 20
-192.6
 10
132.0
 20
-193.5
 10
133.3
 20
-193.4
 10
134.8
 20
-192.3
 97
0
 92
2
 72
0
 73
1
 93
14
 10
165.9
 20
-226.7
 10
168.7
 20
-222.3
 10
170.5
 20
-216.3
 10
170.6
 20
-211.0
 10
170.0
 20
-209.4
 10
169.0
 20
-208.6
 10
167.8
 20
-208.7
 10
165.0
 20
-211.8
 10
163.7
 20
-214.3
 10
161.9
 20
-220.3
 10
161.8
 20
-225.5
 10
162.4
 20
-227.2
 10
163.3
 20
-228.0
 10
164.5
 20
-227.8
 97
0
 92
3
 72
0
 73
1
 93
6
 10
59.1
 20
-225.7
 10
34.9
 20
-267.1
 10
20.9
 20
-253.4
 10
5.7
 20
-234.9
 10
21.5
 20
-209.1
 10
39.7
 20
-218.6
 97
0
 92
3
 72
0
 73
1
 93
14
 10
32.3
 20
-176.8
 10
15.7
 20
-201.1
 10
-1.0
 20
-225.3
 10
-8.1
 20
-213.7
 10
-15.1
 20
-199.9
 10
-20.9
 20
-185.7
 10
-24.6
 20
-173.3
 10
-11.5
 20
-186.1
 10
-0.4
 20
-194.9
 10
9.9
 20
-201.9
 10
42.0
 20
-154.6
 10
43.8
 20
-154.1
 10
44.5
 20
-154.9
 10
44.5
 20
-155.9
 97
0
 92
3
 72
0
 73
1
 93
7
 10
-25.1
 20
-171.2
 10
-26.7
 20
-161.9
 10
21.1
 20
-110.6
 10
22.1
 20
-110.2
 10
23.1
 20
-110.6
 10
23.5
 20
-111.6
 10
23.2
 20
-112.5
 97
0
 92
3
 72
0
 73
1
 93
10
 10
127.7
 20
10.8
 10
133.1
 20
10.9
 10
176.9
 20
-30.8
 10
189.8
 20
-20.3
 10
197.3
 20
-12.9
 10
214.9
 20
-26.1
 10
137.5
 20
-67.2
 10
133.8
 20
-55.1
 10
150.9
 20
-47.2
 10
170.5
 20
-35.3
 97
0
 92
3
 72
0
 73
1
 93
6
 10
101.1
 20
-145.5
 10
99.6
 20
-149.3
 10
82.4
 20
-144.1
 10
81.5
 20
-143.3
 10
81.5
 20
-142.2
 10
83.1
 20
-141.4
 97
0
 92
3
 72
0
 73
1
 93
4
 10
83.5
 20
-39.4
 10
80.3
 20
-34.5
 10
86.7
 20
-33.5
 10
90.7
 20
-38.9
 97
0
 75
1
 76
1
 98
0
  0
HATCH
  5
331
330
31F
100
AcDbEntity
  8
VEG-RELLENO
 62
63
420
9878646
100
AcDbHatch
 10
0.0
 20
0.0
 30
0.0
210
0.0
220
0.0
230
1.0
  2
SOLID
 70
1
 71
0
 91
1
 92
3
 72
0
 73
1
 93
10
 10
-1.1
 20
7.2
 10
-2.9
 20
6.4
 10
0.0
 20
0.0
 10
-6.4
 20
-2.9
 10
-4.7
 20
-6.5
 10
-6.5
 20
-6.3
 10
-12.5
 20
-0.8
 10
-18.4
 20
2.4
 10
-12.0
 20
4.3
 10
-5.9
 20
7.8
 97
0
 75
1
 76
1
 98
0
  0
HATCH
  5
332
330
31F
100
AcDbEntity
  8
VEG-RELLENO
 62
73
420
7974769
100
AcDbHatch
 10
0.0
 20
0.0
 30
0.0
210
0.0
220
0.0
230
1.0
  2
SOLID
 70
1
 71
0
 91
2
 92
3
 72
0
 73
1
 93
108
 10
-232.6
 20
27.7
 10
-220.0
 20
42.3
 10
-211.3
 20
50.9
 10
-195.0
 20
33.5
 10
-194.1
 20
33.0
 10
-193.1
 20
33.3
 10
-192.6
 20
34.2
 10
-192.9
 20
35.2
 10
-207.1
 20
54.8
 10
-191.5
 20
68.5
 10
-181.6
 20
75.5
 10
-154.8
 20
35.7
 10
-153.9
 20
35.2
 10
-152.9
 20
35.4
 10
-152.6
 20
37.2
 10
-176.2
 20
78.9
 10
-159.4
 20
88.2
 10
-147.3
 20
93.9
 10
-118.1
 20
35.1
 10
-117.1
 20
34.4
 10
-116.1
 20
34.6
 10
-115.7
 20
36.2
 10
-140.9
 20
96.5
 10
-122.2
 20
102.1
 10
-109.5
 20
104.4
 10
-98.8
 20
105.6
 10
-74.9
 20
31.6
 10
-74.2
 20
30.8
 10
-73.2
 20
30.7
 10
-72.4
 20
31.3
 10
-72.3
 20
32.3
 10
-91.3
 20
106.1
 10
-78.7
 20
106.1
 10
-66.8
 20
105.1
 10
-57.5
 20
103.6
 10
-41.9
 20
26.9
 10
-40.7
 20
25.8
 10
-39.7
 20
26.0
 10
-39.2
 20
27.3
 10
-49.5
 20
101.9
 10
-38.9
 20
98.8
 10
-28.8
 20
95.0
 10
-19.2
 20
90.4
 10
-10.9
 20
85.4
 10
-15.0
 20
73.2
 10
-16.5
 20
63.3
 10
-16.5
 20
54.3
 10
-14.8
 20
46.0
 10
-11.3
 20
38.2
 10
-4.5
 20
28.3
 10
0.3
 20
23.5
 10
8.1
 20
19.7
 10
4.5
 20
14.9
 10
-0.2
 20
11.2
 10
-12.0
 20
4.3
 10
-18.4
 20
2.4
 10
-12.5
 20
-0.8
 10
-3.5
 20
-9.2
 10
0.0
 20
-16.9
 10
-9.9
 20
-12.2
 10
-12.9
 20
-11.4
 10
-19.4
 20
-11.4
 10
-26.7
 20
-12.5
 10
-34.4
 20
-14.8
 10
-41.6
 20
-18.4
 10
-45.8
 20
-21.6
 10
-44.1
 20
-16.9
 10
-44.8
 20
-15.6
 10
-46.2
 20
-15.7
 10
-52.0
 20
-28.1
 10
-56.6
 20
-34.1
 10
-61.4
 20
-42.6
 10
-64.7
 20
-51.6
 10
-66.2
 20
-59.1
 10
-79.2
 20
-87.4
 10
-82.8
 20
-87.3
 10
-100.8
 20
-85.1
 10
-118.4
 20
-80.6
 10
-82.2
 20
-14.2
 10
-82.0
 20
-13.2
 10
-82.7
 20
-12.4
 10
-83.7
 20
-12.3
 10
-84.5
 20
-12.9
 10
-125.6
 20
-78.2
 10
-142.7
 20
-71.0
 10
-154.1
 20
-64.8
 10
-161.5
 20
-59.9
 10
-122.9
 20
-8.2
 10
-122.9
 20
-6.6
 10
-123.8
 20
-6.1
 10
-125.0
 20
-6.6
 10
-167.1
 20
-55.8
 10
-175.9
 20
-48.7
 10
-189.5
 20
-36.3
 10
-156.3
 20
-1.1
 10
-156.2
 20
0.7
 10
-157.1
 20
1.2
 10
-158.1
 20
0.9
 10
-194.0
 20
-31.7
 10
-202.6
 20
-21.9
 10
-213.9
 20
-5.8
 10
-194.7
 20
10.4
 10
-194.2
 20
11.3
 10
-194.5
 20
12.2
 10
-195.4
 20
12.7
 10
-196.4
 20
12.5
 10
-217.0
 20
-0.9
 10
-224.0
 20
10.4
 97
0
 92
3
 72
0
 73
1
 93
4
 10
-70.9
 20
-87.5
 10
-67.6
 20
-78.8
 10
-66.8
 20
-76.8
 10
-65.8
 20
-87.4
 97
0
 75
1
 76
1
 98
0
  0
HATCH
  5
333
330
31F
100
AcDbEntity
  8
VEG-RELLENO
 62
63
420
9878646
100
AcDbHatch
 10
0.0
 20
0.0
 30
0.0
210
0.0
220
0.0
230
1.0
  2
SOLID
 70
1
 71
0
 91
1
 92
3
 72
0
 73
1
 93
9
 10
9.3
 20
-3.5
 10
6.4
 20
2.9
 10
0.0
 20
0.0
 10
-2.9
 20
6.4
 10
19.4
 20
16.5
 10
25.2
 20
15.2
 10
31.3
 20
15.3
 10
25.9
 20
10.2
 10
19.8
 20
1.2
 97
0
 75
1
 76
1
 98
0
  0
HATCH
  5
334
330
31F
100
AcDbEntity
  8
VEG-RELLENO
 62
73
420
8106356
100
AcDbHatch
 10
0.0
 20
0.0
 30
0.0
210
0.0
220
0.0
230
1.0
  2
SOLID
 70
1
 71
0
 91
3
 92
3
 72
0
 73
1
 93
101
 10
257.1
 20
90.6
 10
250.3
 20
71.1
 10
246.3
 20
61.9
 10
224.6
 20
70.9
 10
223.6
 20
71.0
 10
222.7
 20
70.3
 10
222.6
 20
69.2
 10
223.3
 20
68.3
 10
243.7
 20
56.1
 10
232.7
 20
33.6
 10
220.4
 20
15.1
 10
174.6
 20
45.7
 10
173.3
 20
45.9
 10
172.4
 20
45.2
 10
172.3
 20
44.1
 10
172.9
 20
43.3
 10
216.2
 20
9.4
 10
204.6
 20
-4.9
 10
194.8
 20
-15.5
 10
184.6
 20
-24.7
 10
176.9
 20
-30.8
 10
120.0
 20
23.0
 10
119.1
 20
23.5
 10
118.0
 20
23.1
 10
117.5
 20
22.1
 10
117.9
 20
21.0
 10
170.5
 20
-35.3
 10
150.9
 20
-47.2
 10
133.8
 20
-55.1
 10
130.4
 20
-46.3
 10
125.7
 20
-36.2
 10
90.7
 20
-38.9
 10
86.7
 20
-33.5
 10
121.5
 20
-28.6
 10
112.6
 20
-14.9
 10
105.5
 20
-6.1
 10
97.8
 20
1.8
 10
89.7
 20
8.4
 10
81.3
 20
13.2
 10
72.1
 20
16.5
 10
62.7
 20
18.5
 10
49.6
 20
18.8
 10
41.8
 20
17.0
 10
34.4
 20
13.7
 10
27.8
 20
9.4
 10
21.8
 20
4.0
 10
25.9
 20
10.2
 10
31.3
 20
15.3
 10
22.2
 20
15.7
 10
9.3
 20
19.2
 10
3.2
 20
21.8
 10
0.3
 20
23.5
 10
-4.5
 20
28.3
 10
-11.3
 20
38.2
 10
-14.8
 20
46.0
 10
-16.5
 20
54.3
 10
-16.5
 20
63.3
 10
-15.9
 20
68.2
 10
-13.7
 20
78.2
 10
-9.8
 20
87.9
 10
-4.3
 20
96.8
 10
3.0
 20
105.3
 10
11.9
 20
113.3
 10
27.1
 20
124.1
 10
38.8
 20
130.8
 10
47.0
 20
47.9
 10
47.9
 20
46.7
 10
49.5
 20
47.0
 10
50.0
 20
48.2
 10
47.3
 20
134.8
 10
56.9
 20
138.8
 10
70.2
 20
143.1
 10
83.8
 20
146.3
 10
98.1
 20
148.5
 10
103.8
 20
149.0
 10
96.8
 20
76.4
 10
96.1
 20
67.3
 10
96.9
 20
65.9
 10
98.1
 20
65.8
 10
99.0
 20
67.0
 10
112.3
 20
149.5
 10
127.7
 20
149.4
 10
142.5
 20
147.9
 10
157.6
 20
144.9
 10
171.1
 20
141.2
 10
153.3
 20
83.3
 10
153.3
 20
82.4
 10
154.0
 20
81.5
 10
155.2
 20
81.4
 10
156.1
 20
82.4
 10
178.1
 20
139.0
 10
199.0
 20
130.9
 10
210.3
 20
124.9
 10
224.7
 20
115.8
 10
212.5
 20
91.9
 10
212.4
 20
90.8
 10
213.1
 20
89.9
 10
214.3
 20
89.8
 10
215.1
 20
90.5
 10
229.9
 20
112.2
 10
240.9
 20
104.5
 97
0
 92
3
 72
0
 73
1
 93
7
 10
83.5
 20
-39.4
 10
44.0
 20
-42.5
 10
43.0
 20
-42.1
 10
42.6
 20
-41.1
 10
43.0
 20
-40.1
 10
43.8
 20
-39.7
 10
80.3
 20
-34.5
 97
0
 92
3
 72
0
 73
1
 93
5
 10
14.5
 20
-11.2
 10
15.3
 20
-8.1
 10
16.5
 20
-5.1
 10
18.1
 20
-2.0
 10
14.3
 20
-14.5
 97
0
 75
1
 76
1
 98
0
  0
HATCH
  5
335
330
31F
100
AcDbEntity
  8
VEG-RELLENO
 62
63
420
9878646
100
AcDbHatch
 10
0.0
 20
0.0
 30
0.0
210
0.0
220
0.0
230
1.0
  2
SOLID
 70
1
 71
0
 91
1
 92
3
 72
0
 73
1
 93
7
 10
-6.4
 20
-2.9
 10
6.4
 20
2.9
 10
14.3
 20
-14.5
 10
13.1
 20
-19.7
 10
13.1
 20
-26.7
 10
8.2
 20
-21.8
 10
0.0
 20
-16.9
 97
0
 75
1
 76
1
 98
0
  0
HATCH
  5
336
330
31F
100
AcDbEntity
  8
VEG-RELLENO
 62
73
420
8303223
100
AcDbHatch
 10
0.0
 20
0.0
 30
0.0
210
0.0
220
0.0
230
1.0
  2
SOLID
 70
1
 71
0
 91
1
 92
3
 72
0
 73
1
 93
101
 10
97.7
 20
-235.9
 10
78.0
 20
-231.6
 10
67.2
 20
-228.3
 10
74.5
 20
-205.5
 10
74.5
 20
-204.5
 10
73.8
 20
-203.8
 10
72.7
 20
-203.7
 10
71.9
 20
-204.5
 10
61.5
 20
-226.5
 10
39.7
 20
-218.6
 10
28.7
 20
-213.3
 10
15.6
 20
-205.6
 10
44.4
 20
-156.1
 10
44.5
 20
-154.9
 10
43.8
 20
-154.1
 10
42.0
 20
-154.6
 10
9.9
 20
-201.9
 10
-0.4
 20
-194.9
 10
-11.5
 20
-186.1
 10
-25.8
 20
-172.0
 10
23.2
 20
-112.5
 10
23.5
 20
-111.6
 10
23.1
 20
-110.6
 10
22.1
 20
-110.2
 10
21.1
 20
-110.6
 10
-30.7
 20
-166.2
 10
-42.0
 20
-150.7
 10
-51.4
 20
-134.2
 10
-59.3
 20
-115.1
 10
3.0
 20
-61.8
 10
3.5
 20
-60.7
 10
3.1
 20
-59.7
 10
2.1
 20
-59.3
 10
1.3
 20
-59.6
 10
-61.8
 20
-107.0
 10
-64.8
 20
-94.1
 10
-66.4
 20
-83.0
 10
-67.0
 20
-71.9
 10
-66.5
 20
-61.4
 10
-64.7
 20
-51.6
 10
-63.3
 20
-47.1
 10
-59.1
 20
-38.3
 10
-53.8
 20
-30.3
 10
-47.9
 20
-23.5
 10
-41.6
 20
-18.4
 10
-34.4
 20
-14.8
 10
-26.7
 20
-12.5
 10
-16.1
 20
-11.2
 10
-9.9
 20
-12.2
 10
-4.1
 20
-14.6
 10
8.2
 20
-21.8
 10
13.1
 20
-26.7
 10
13.1
 20
-19.7
 10
15.7
 20
-8.8
 10
17.6
 20
-3.0
 10
20.6
 20
2.6
 10
25.0
 20
7.2
 10
31.0
 20
11.6
 10
38.0
 20
15.5
 10
45.6
 20
18.1
 10
53.7
 20
19.0
 10
67.4
 20
17.7
 10
76.8
 20
15.1
 10
85.6
 20
11.0
 10
93.8
 20
5.3
 10
105.5
 20
-6.1
 10
112.6
 20
-14.9
 10
121.5
 20
-28.6
 10
43.8
 20
-39.7
 10
42.7
 20
-40.6
 10
43.0
 20
-42.1
 10
44.1
 20
-42.5
 10
125.7
 20
-36.2
 10
130.4
 20
-46.3
 10
134.9
 20
-58.2
 10
139.7
 20
-76.9
 10
142.0
 20
-91.3
 10
65.1
 20
-88.2
 10
63.8
 20
-89.1
 10
63.8
 20
-90.2
 10
65.0
 20
-91.0
 10
142.8
 20
-99.0
 10
143.3
 20
-110.5
 10
142.7
 20
-124.1
 10
140.8
 20
-138.3
 10
137.5
 20
-153.8
 10
83.1
 20
-141.4
 10
81.5
 20
-142.2
 10
81.5
 20
-143.3
 10
82.4
 20
-144.1
 10
135.8
 20
-160.4
 10
132.5
 20
-172.0
 10
128.2
 20
-183.4
 10
117.6
 20
-204.5
 10
95.1
 20
-195.6
 10
94.1
 20
-195.6
 10
93.3
 20
-196.3
 10
93.3
 20
-197.4
 10
94.0
 20
-198.1
 10
114.8
 20
-209.7
 10
109.2
 20
-219.3
 97
0
 75
1
 76
1
 98
0
  0
LWPOLYLINE
  5
337
330
31F
100
AcDbEntity
  8
VEG-MACETA
100
AcDbPolyline
 90
2
 70
0
 10
-159.3
 20
-79.3
 10
-163.3
 20
-70.7
  0
LWPOLYLINE
  5
338
330
31F
100
AcDbEntity
  8
VEG-MACETA
100
AcDbPolyline
 90
2
 70
0
 10
170.1
 20
-52.2
 10
167.5
 20
-60.1
  0
LWPOLYLINE
  5
339
330
31F
100
AcDbEntity
  8
VEG-HOJAS
100
AcDbPolyline
 90
2
 70
0
 10
16.6
 20
-4.9
 10
13.8
 20
-5.2
  0
LWPOLYLINE
  5
33A
330
31F
100
AcDbEntity
  8
VEG-NERVIOS
100
AcDbPolyline
 90
2
 70
0
 10
104.3
 20
153.6
 10
104.1
 20
157.6
  0
LWPOLYLINE
  5
33B
330
31F
100
AcDbEntity
  8
VEG-NERVIOS
100
AcDbPolyline
 90
2
 70
0
 10
106.1
 20
113.2
 10
106.0
 20
117.3
  0
LWPOLYLINE
  5
33C
330
31F
100
AcDbEntity
  8
VEG-NERVIOS
100
AcDbPolyline
 90
2
 70
0
 10
122.7
 20
16.0
 10
126.6
 20
17.0
  0
LWPOLYLINE
  5
33D
330
31F
100
AcDbEntity
  8
VEG-NERVIOS
100
AcDbPolyline
 90
2
 70
0
 10
168.1
 20
147.2
 10
168.3
 20
154.2
  0
LWPOLYLINE
  5
33E
330
31F
100
AcDbEntity
  8
VEG-NERVIOS
100
AcDbPolyline
 90
2
 70
0
 10
187.0
 20
32.4
 10
192.5
 20
33.9
  0
LWPOLYLINE
  5
33F
330
31F
100
AcDbEntity
  8
VEG-NERVIOS
100
AcDbPolyline
 90
2
 70
0
 10
202.2
 20
-32.7
 10
208.5
 20
-42.1
  0
LWPOLYLINE
  5
340
330
31F
100
AcDbEntity
  8
VEG-NERVIOS
100
AcDbPolyline
 90
2
 70
0
 10
224.4
 20
104.2
 10
230.6
 20
149.8
  0
LWPOLYLINE
  5
341
330
31F
100
AcDbEntity
  8
VEG-NERVIOS
100
AcDbPolyline
 90
2
 70
0
 10
225.8
 20
22.6
 10
236.7
 20
10.0
  0
LWPOLYLINE
  5
342
330
31F
100
AcDbEntity
  8
VEG-NERVIOS
100
AcDbPolyline
 90
2
 70
0
 10
233.3
 20
-78.2
 10
239.5
 20
-87.1
  0
LWPOLYLINE
  5
343
330
31F
100
AcDbEntity
  8
VEG-NERVIOS
100
AcDbPolyline
 90
2
 70
0
 10
235.2
 20
188.1
 10
235.6
 20
191.1
  0
LWPOLYLINE
  5
344
330
31F
100
AcDbEntity
  8
VEG-NERVIOS
100
AcDbPolyline
 90
2
 70
0
 10
239.6
 20
47.3
 10
261.8
 20
53.9
  0
LWPOLYLINE
  5
345
330
31F
100
AcDbEntity
  8
VEG-NERVIOS
100
AcDbPolyline
 90
2
 70
0
 10
261.8
 20
53.9
 10
275.3
 20
41.7
  0
LWPOLYLINE
  5
346
330
31F
100
AcDbEntity
  8
VEG-NERVIOS
100
AcDbPolyline
 90
2
 70
0
 10
262.8
 20
54.2
 10
308.2
 20
68.5
  0
LWPOLYLINE
  5
347
330
31F
100
AcDbEntity
  8
VEG-NERVIOS
100
AcDbPolyline
 90
2
 70
0
 10
262.8
 20
54.2
 10
264.4
 20
60.6
  0
LWPOLYLINE
  5
348
330
31F
100
AcDbEntity
  8
VEG-NERVIOS
100
AcDbPolyline
 90
3
 70
0
 10
285.1
 20
33.1
 10
327.3
 20
-3.3
 10
363.2
 20
-33.1
  0
LWPOLYLINE
  5
349
330
31F
100
AcDbEntity
  8
VEG-NERVIOS
100
AcDbPolyline
 90
2
 70
0
 10
303.1
 20
-63.9
 10
314.1
 20
-75.7
  0
LWPOLYLINE
  5
34A
330
31F
100
AcDbEntity
  8
VEG-NERVIOS
100
AcDbPolyline
 90
2
 70
0
 10
308.2
 20
68.5
 10
315.3
 20
70.8
  0
LWPOLYLINE
  5
34B
330
31F
100
AcDbEntity
  8
VEG-NERVIOS
100
AcDbPolyline
 90
2
 70
0
 10
308.2
 20
68.5
 10
319.1
 20
100.9
  0
LWPOLYLINE
  5
34C
330
31F
100
AcDbEntity
  8
VEG-NERVIOS
100
AcDbPolyline
 90
2
 70
0
 10
315.3
 20
70.8
 10
359.3
 20
85.8
  0
LWPOLYLINE
  5
34D
330
31F
100
AcDbEntity
  8
VEG-NERVIOS
100
AcDbPolyline
 90
2
 70
0
 10
315.3
 20
70.8
 10
342.3
 20
53.0
  0
LWPOLYLINE
  5
34E
330
31F
100
AcDbEntity
  8
VEG-NERVIOS
100
AcDbPolyline
 90
2
 70
0
 10
359.3
 20
85.8
 10
363.0
 20
87.1
  0
LWPOLYLINE
  5
34F
330
31F
100
AcDbEntity
  8
VEG-NERVIOS
100
AcDbPolyline
 90
2
 70
0
 10
359.3
 20
85.8
 10
385.0
 20
144.8
  0
LWPOLYLINE
  5
350
330
31F
100
AcDbEntity
  8
VEG-NERVIOS
100
AcDbPolyline
 90
2
 70
0
 10
363.0
 20
87.1
 10
408.2
 20
103.5
  0
LWPOLYLINE
  5
351
330
31F
100
AcDbEntity
  8
VEG-NERVIOS
100
AcDbPolyline
 90
2
 70
0
 10
363.0
 20
87.1
 10
385.9
 20
75.8
  0
LWPOLYLINE
  5
352
330
31F
100
AcDbEntity
  8
VEG-NERVIOS
100
AcDbPolyline
 90
2
 70
0
 10
408.2
 20
103.5
 10
419.4
 20
123.4
  0
LWPOLYLINE
  5
353
330
31F
100
AcDbEntity
  8
VEG-NERVIOS
100
AcDbPolyline
 90
2
 70
0
 10
409.2
 20
103.9
 10
418.3
 20
107.3
  0
LWPOLYLINE
  5
354
330
31F
100
AcDbEntity
  8
VEG-NERVIOS
100
AcDbPolyline
 90
2
 70
0
 10
409.2
 20
103.9
 10
430.0
 20
96.7
  0
LWPOLYLINE
  5
355
330
31F
100
AcDbEntity
  8
VEG-HOJAS
100
AcDbPolyline
 90
3
 70
0
 10
49.5
 20
60.1
 10
47.9
 20
67.5
 10
47.3
 20
75.7
  0
LWPOLYLINE
  5
356
330
31F
100
AcDbEntity
  8
VEG-HOJAS
100
AcDbPolyline
 90
2
 70
0
 10
99.2
 20
159.6
 10
101.0
 20
160.7
  0
LWPOLYLINE
  5
357
330
31F
100
AcDbEntity
  8
VEG-HOJAS
100
AcDbPolyline
 90
2
 70
0
 10
124.8
 20
157.0
 10
124.9
 20
152.7
  0
LWPOLYLINE
  5
358
330
31F
100
AcDbEntity
  8
VEG-HOJAS
100
AcDbPolyline
 90
2
 70
0
 10
135.1
 20
151.4
 10
135.3
 20
156.3
  0
LWPOLYLINE
  5
359
330
31F
100
AcDbEntity
  8
VEG-HOJAS
100
AcDbPolyline
 90
2
 70
0
 10
162.4
 20
-53.8
 10
166.0
 20
-60.8
  0
LWPOLYLINE
  5
35A
330
31F
100
AcDbEntity
  8
VEG-HOJAS
100
AcDbPolyline
 90
2
 70
0
 10
173.3
 20
-57.5
 10
168.9
 20
-50.3
  0
LWPOLYLINE
  5
35B
330
31F
100
AcDbEntity
  8
VEG-HOJAS
100
AcDbPolyline
 90
3
 70
0
 10
174.4
 20
190.2
 10
181.4
 20
191.5
 10
181.3
 20
189.9
  0
LWPOLYLINE
  5
35C
330
31F
100
AcDbEntity
  8
VEG-HOJAS
100
AcDbPolyline
 90
2
 70
0
 10
176.3
 20
40.7
 10
177.3
 20
44.0
  0
LWPOLYLINE
  5
35D
330
31F
100
AcDbEntity
  8
VEG-HOJAS
100
AcDbPolyline
 90
2
 70
0
 10
179.6
 20
153.4
 10
179.2
 20
145.8
  0
LWPOLYLINE
  5
35E
330
31F
100
AcDbEntity
  8
VEG-HOJAS
100
AcDbPolyline
 90
2
 70
0
 10
184.9
 20
-96.4
 10
188.2
 20
-102.5
  0
LWPOLYLINE
  5
35F
330
31F
100
AcDbEntity
  8
VEG-HOJAS
100
AcDbPolyline
 90
2
 70
0
 10
187.8
 20
144.7
 10
188.7
 20
152.8
  0
LWPOLYLINE
  5
360
330
31F
100
AcDbEntity
  8
VEG-HOJAS
100
AcDbPolyline
 90
6
 70
0
 10
192.6
 20
189.6
 10
193.0
 20
193.3
 10
203.4
 20
194.4
 10
222.8
 20
195.4
 10
248.5
 20
194.7
 10
235.1
 20
108.7
  0
LWPOLYLINE
  5
361
330
31F
100
AcDbEntity
  8
VEG-HOJAS
100
AcDbPolyline
 90
2
 70
0
 10
199.4
 20
-99.1
 10
195.2
 20
-92.4
  0
LWPOLYLINE
  5
362
330
31F
100
AcDbEntity
  8
VEG-HOJAS
100
AcDbPolyline
 90
2
 70
0
 10
201.4
 20
-8.5
 10
213.0
 20
-24.5
  0
LWPOLYLINE
  5
363
330
31F
100
AcDbEntity
  8
VEG-HOJAS
100
AcDbPolyline
 90
74
 70
0
 10
240.2
 20
105.0
 10
249.8
 20
147.5
 10
259.4
 20
193.6
 10
272.3
 20
191.7
 10
291.9
 20
187.3
 10
281.5
 20
140.3
 10
270.2
 20
93.2
 10
270.2
 20
92.0
 10
271.3
 20
90.7
 10
272.9
 20
90.6
 10
274.3
 20
92.0
 10
288.7
 20
138.3
 10
302.1
 20
184.5
 10
323.6
 20
177.8
 10
344.8
 20
170.1
 10
323.0
 20
103.9
 10
323.0
 20
102.5
 10
324.1
 20
101.2
 10
325.7
 20
101.1
 10
326.9
 20
102.2
 10
353.9
 20
166.2
 10
367.3
 20
159.7
 10
390.9
 20
146.3
 10
376.7
 20
112.2
 10
376.6
 20
110.6
 10
377.7
 20
109.4
 10
379.4
 20
109.3
 10
380.5
 20
110.3
 10
398.7
 20
141.7
 10
413.0
 20
133.0
 10
438.5
 20
115.0
 10
432.9
 20
90.1
 10
426.5
 20
69.6
 10
392.4
 20
81.0
 10
390.8
 20
81.1
 10
389.6
 20
79.9
 10
389.5
 20
78.3
 10
390.6
 20
77.1
 10
423.5
 20
60.9
 10
416.6
 20
42.6
 10
409.5
 20
26.5
 10
349.7
 20
56.1
 10
348.0
 20
56.2
 10
346.7
 20
55.1
 10
346.6
 20
53.5
 10
347.6
 20
52.3
 10
404.7
 20
17.4
 10
394.4
 20
0.8
 10
379.6
 20
-19.8
 10
340.3
 20
6.3
 10
301.8
 20
33.0
 10
299.8
 20
33.4
 10
298.5
 20
32.3
 10
298.3
 20
30.7
 10
299.1
 20
29.6
 10
335.6
 20
0.3
 10
372.7
 20
-28.5
 10
359.8
 20
-43.3
 10
351.9
 20
-51.4
 10
343.8
 20
-58.8
 10
331.2
 20
-69.0
 10
287.5
 20
-29.0
 10
244.8
 20
11.6
 10
242.6
 20
12.2
 10
241.3
 20
11.2
 10
241.5
 20
8.8
 10
254.6
 20
-5.7
 10
287.6
 20
-41.1
 10
321.2
 20
-76.2
 10
308.4
 20
-84.5
 10
289.3
 20
-95.0
 10
283.6
 20
-97.8
 10
245.2
 20
-53.5
 10
204.6
 20
-4.9
  0
LWPOLYLINE
  5
364
330
31F
100
AcDbEntity
  8
VEG-HOJAS
100
AcDbPolyline
 90
2
 70
0
 10
214.3
 20
-26.4
 10
221.7
 20
-36.4
  0
LWPOLYLINE
  5
365
330
31F
100
AcDbEntity
  8
VEG-HOJAS
100
AcDbPolyline
 90
2
 70
0
 10
248.5
 20
-72.7
 10
255.9
 20
-82.4
  0
LWPOLYLINE
  5
366
330
31F
100
AcDbEntity
  8
VEG-HOJAS
100
AcDbPolyline
 90
14
 70
1
 10
265.9
 20
81.9
 10
263.4
 20
76.2
 10
262.3
 20
70.0
 10
263.1
 20
65.7
 10
264.1
 20
64.9
 10
265.5
 20
65.0
 10
266.9
 20
66.2
 10
268.4
 20
68.1
 10
269.8
 20
70.8
 10
271.6
 20
77.1
 10
271.9
 20
80.1
 10
271.1
 20
84.3
 10
270.1
 20
85.2
 10
268.8
 20
85.0
  0
LWPOLYLINE
  5
367
330
31F
100
AcDbEntity
  8
VEG-HOJAS
100
AcDbPolyline
 90
15
 70
1
 10
294.7
 20
37.2
 10
293.0
 20
41.1
 10
288.6
 20
45.4
 10
283.3
 20
48.5
 10
281.0
 20
49.2
 10
279.2
 20
49.2
 10
278.0
 20
48.6
 10
277.6
 20
47.3
 10
278.1
 20
45.5
 10
279.4
 20
43.4
 10
283.7
 20
39.1
 10
286.4
 20
37.3
 10
291.4
 20
35.3
 10
293.2
 20
35.3
 10
294.4
 20
35.9
  0
LWPOLYLINE
  5
368
330
31F
100
AcDbEntity
  8
VEG-HOJAS
100
AcDbPolyline
 90
2
 70
0
 10
-27.6
 20
94.5
 10
-28.4
 20
98.0
  0
LWPOLYLINE
  5
369
330
31F
100
AcDbEntity
  8
VEG-HOJAS
100
AcDbPolyline
 90
2
 70
0
 10
-12.0
 20
88.5
 10
-11.4
 20
85.7
  0
LWPOLYLINE
  5
36A
330
31F
100
AcDbEntity
  8
VEG-NERVIOS
100
AcDbPolyline
 90
3
 70
0
 10
-75.9
 20
218.9
 10
-132.7
 20
234.2
 10
-180.0
 20
248.0
  0
LWPOLYLINE
  5
36B
330
31F
100
AcDbEntity
  8
VEG-NERVIOS
100
AcDbPolyline
 90
2
 70
0
 10
-176.8
 20
188.6
 10
-179.9
 20
189.1
  0
LWPOLYLINE
  5
36C
330
31F
100
AcDbEntity
  8
VEG-NERVIOS
100
AcDbPolyline
 90
2
 70
0
 10
-139.3
 20
122.7
 10
-146.0
 20
122.8
  0
LWPOLYLINE
  5
36D
330
31F
100
AcDbEntity
  8
VEG-NERVIOS
100
AcDbPolyline
 90
2
 70
0
 10
-130.8
 20
181.5
 10
-141.3
 20
183.1
  0
LWPOLYLINE
  5
36E
330
31F
100
AcDbEntity
  8
VEG-NERVIOS
100
AcDbPolyline
 90
2
 70
0
 10
-53.2
 20
171.0
 10
-123.7
 20
180.5
  0
LWPOLYLINE
  5
36F
330
31F
100
AcDbEntity
  8
VEG-NERVIOS
100
AcDbPolyline
 90
2
 70
0
 10
-67.2
 20
348.8
 10
-113.8
 20
384.4
  0
LWPOLYLINE
  5
370
330
31F
100
AcDbEntity
  8
VEG-NERVIOS
100
AcDbPolyline
 90
2
 70
0
 10
-60.4
 20
299.5
 10
-86.5
 20
313.9
  0
LWPOLYLINE
  5
371
330
31F
100
AcDbEntity
  8
VEG-NERVIOS
100
AcDbPolyline
 90
2
 70
0
 10
-72.7
 20
397.5
 10
-86.1
 20
410.9
  0
LWPOLYLINE
  5
372
330
31F
100
AcDbEntity
  8
VEG-NERVIOS
100
AcDbPolyline
 90
2
 70
0
 10
-72.7
 20
397.5
 10
-73.4
 20
405.2
  0
LWPOLYLINE
  5
373
330
31F
100
AcDbEntity
  8
VEG-NERVIOS
100
AcDbPolyline
 90
2
 70
0
 10
-71.9
 20
389.7
 10
-72.7
 20
397.5
  0
LWPOLYLINE
  5
374
330
31F
100
AcDbEntity
  8
VEG-NERVIOS
100
AcDbPolyline
 90
2
 70
0
 10
-71.9
 20
389.7
 10
-57.1
 20
410.8
  0
LWPOLYLINE
  5
375
330
31F
100
AcDbEntity
  8
VEG-NERVIOS
100
AcDbPolyline
 90
2
 70
0
 10
-67.2
 20
348.8
 10
-71.9
 20
389.7
  0
LWPOLYLINE
  5
376
330
31F
100
AcDbEntity
  8
VEG-NERVIOS
100
AcDbPolyline
 90
2
 70
0
 10
-45.1
 20
122.9
 10
-70.6
 20
122.7
  0
LWPOLYLINE
  5
377
330
31F
100
AcDbEntity
  8
VEG-NERVIOS
100
AcDbPolyline
 90
2
 70
0
 10
-67.1
 20
348.3
 10
-54.2
 20
363.9
  0
LWPOLYLINE
  5
378
330
31F
100
AcDbEntity
  8
VEG-NERVIOS
100
AcDbPolyline
 90
2
 70
0
 10
-61.4
 20
306.3
 10
-67.1
 20
348.3
  0
LWPOLYLINE
  5
379
330
31F
100
AcDbEntity
  8
VEG-NERVIOS
100
AcDbPolyline
 90
2
 70
0
 10
-61.4
 20
306.3
 10
-41.1
 20
327.1
  0
LWPOLYLINE
  5
37A
330
31F
100
AcDbEntity
  8
VEG-NERVIOS
100
AcDbPolyline
 90
2
 70
0
 10
-60.4
 20
299.5
 10
-61.4
 20
306.3
  0
LWPOLYLINE
  5
37B
330
31F
100
AcDbEntity
  8
VEG-NERVIOS
100
AcDbPolyline
 90
2
 70
0
 10
-53.2
 20
254.6
 10
-60.7
 20
257.5
  0
LWPOLYLINE
  5
37C
330
31F
100
AcDbEntity
  8
VEG-NERVIOS
100
AcDbPolyline
 90
2
 70
0
 10
-54.1
 20
259.8
 10
-60.4
 20
299.5
  0
LWPOLYLINE
  5
37D
330
31F
100
AcDbEntity
  8
VEG-NERVIOS
100
AcDbPolyline
 90
2
 70
0
 10
-45.3
 20
211.2
 10
-55.0
 20
213.6
  0
LWPOLYLINE
  5
37E
330
31F
100
AcDbEntity
  8
VEG-NERVIOS
100
AcDbPolyline
 90
2
 70
0
 10
-54.1
 20
259.8
 10
-27.9
 20
282.3
  0
LWPOLYLINE
  5
37F
330
31F
100
AcDbEntity
  8
VEG-NERVIOS
100
AcDbPolyline
 90
2
 70
0
 10
-53.2
 20
254.6
 10
-54.1
 20
259.8
  0
LWPOLYLINE
  5
380
330
31F
100
AcDbEntity
  8
VEG-NERVIOS
100
AcDbPolyline
 90
2
 70
0
 10
-46.0
 20
215.0
 10
-53.2
 20
254.6
  0
LWPOLYLINE
  5
381
330
31F
100
AcDbEntity
  8
VEG-NERVIOS
100
AcDbPolyline
 90
2
 70
0
 10
-46.0
 20
215.0
 10
-41.5
 20
218.3
  0
LWPOLYLINE
  5
382
330
31F
100
AcDbEntity
  8
VEG-NERVIOS
100
AcDbPolyline
 90
2
 70
0
 10
-45.3
 20
211.2
 10
-46.0
 20
215.0
  0
LWPOLYLINE
  5
383
330
31F
100
AcDbEntity
  8
VEG-NERVIOS
100
AcDbPolyline
 90
2
 70
0
 10
-44.2
 20
205.7
 10
-45.3
 20
211.2
  0
LWPOLYLINE
  5
384
330
31F
100
AcDbEntity
  8
VEG-NERVIOS
100
AcDbPolyline
 90
2
 70
0
 10
-18.7
 20
184.0
 10
-11.0
 20
188.6
  0
LWPOLYLINE
  5
385
330
31F
100
AcDbEntity
  8
VEG-NERVIOS
100
AcDbPolyline
 90
2
 70
0
 10
13.4
 20
257.1
 10
20.6
 20
262.1
  0
LWPOLYLINE
  5
386
330
31F
100
AcDbEntity
  8
VEG-NERVIOS
100
AcDbPolyline
 90
2
 70
0
 10
21.4
 20
150.2
 10
26.3
 20
152.5
  0
LWPOLYLINE
  5
387
330
31F
100
AcDbEntity
  8
VEG-NERVIOS
100
AcDbPolyline
 90
2
 70
0
 10
33.6
 20
332.5
 10
38.6
 20
336.4
  0
LWPOLYLINE
  5
388
330
31F
100
AcDbEntity
  8
VEG-NERVIOS
100
AcDbPolyline
 90
2
 70
0
 10
44.1
 20
220.9
 10
49.2
 20
223.8
  0
LWPOLYLINE
  5
389
330
31F
100
AcDbEntity
  8
VEG-NERVIOS
100
AcDbPolyline
 90
2
 70
0
 10
64.0
 20
291.1
 10
69.4
 20
294.6
  0
LWPOLYLINE
  5
38A
330
31F
100
AcDbEntity
  8
VEG-NERVIOS
100
AcDbPolyline
 90
2
 70
0
 10
79.3
 20
177.5
 10
83.6
 20
179.5
  0
LWPOLYLINE
  5
38B
330
31F
100
AcDbEntity
  8
VEG-HOJAS
100
AcDbPolyline
 90
4
 70
0
 10
-178.4
 20
161.3
 10
-182.7
 20
181.3
 10
-185.0
 20
199.8
 10
-176.2
 20
198.1
  0
LWPOLYLINE
  5
38C
330
31F
100
AcDbEntity
  8
VEG-HOJAS
100
AcDbPolyline
 90
2
 70
0
 10
-143.9
 20
90.0
 10
-148.0
 20
95.3
  0
LWPOLYLINE
  5
38D
330
31F
100
AcDbEntity
  8
VEG-HOJAS
100
AcDbPolyline
 90
72
 70
0
 10
-145.4
 20
192.6
 10
-74.3
 20
180.9
 10
-72.9
 20
181.2
 10
-72.0
 20
182.5
 10
-72.3
 20
184.0
 10
-73.6
 20
184.8
 10
-129.6
 20
197.6
 10
-185.6
 20
211.7
 10
-185.7
 20
219.1
 10
-184.9
 20
238.8
 10
-182.9
 20
255.8
 10
-100.8
 20
230.3
 10
-82.4
 20
225.0
 10
-80.4
 20
225.8
 10
-80.1
 20
227.3
 10
-81.4
 20
228.8
 10
-135.8
 20
248.9
 10
-181.0
 20
266.7
 10
-175.6
 20
287.4
 10
-168.8
 20
305.9
 10
-132.9
 20
289.4
 10
-87.8
 20
269.7
 10
-86.7
 20
269.5
 10
-85.5
 20
270.3
 10
-85.1
 20
271.8
 10
-86.2
 20
273.3
 10
-129.9
 20
296.1
 10
-164.7
 20
315.2
 10
-155.2
 20
334.5
 10
-145.5
 20
351.2
 10
-89.7
 20
317.7
 10
-88.4
 20
317.4
 10
-87.1
 20
318.1
 10
-86.8
 20
319.6
 10
-87.5
 20
320.9
 10
-140.3
 20
359.1
 10
-130.7
 20
371.6
 10
-112.4
 20
391.5
 10
-86.7
 20
371.7
 10
-85.3
 20
371.3
 10
-84.0
 20
372.0
 10
-83.6
 20
373.5
 10
-84.2
 20
374.7
 10
-106.6
 20
397.4
 10
-93.3
 20
410.0
 10
-75.3
 20
424.5
 10
-49.9
 20
411.2
 10
-32.7
 20
400.5
 10
-53.4
 20
370.4
 10
-53.8
 20
369.0
 10
-53.1
 20
367.7
 10
-51.7
 20
367.3
 10
-50.4
 20
368.0
 10
-25.7
 20
396.1
 10
-2.6
 20
380.4
 10
-41.7
 20
334.0
 10
-42.0
 20
332.6
 10
-41.3
 20
331.3
 10
-39.9
 20
330.9
 10
-38.7
 20
331.6
 10
4.4
 20
374.9
 10
17.1
 20
363.6
 10
32.5
 20
348.5
 10
-1.8
 20
316.1
 10
-28.8
 20
289.4
 10
-29.4
 20
287.7
 10
-28.6
 20
286.4
 10
-27.2
 20
286.1
 10
-26.1
 20
286.6
 10
2.6
 20
311.5
 10
39.0
 20
341.7
 10
54.5
 20
323.8
  0
LWPOLYLINE
  5
38E
330
31F
100
AcDbEntity
  8
VEG-HOJAS
100
AcDbPolyline
 90
2
 70
0
 10
-144.5
 20
142.5
 10
-136.5
 20
142.1
  0
LWPOLYLINE
  5
38F
330
31F
100
AcDbEntity
  8
VEG-HOJAS
100
AcDbPolyline
 90
2
 70
0
 10
-135.2
 20
151.0
 10
-143.8
 20
152.0
  0
LWPOLYLINE
  5
390
330
31F
100
AcDbEntity
  8
VEG-HOJAS
100
AcDbPolyline
 90
6
 70
0
 10
-79.1
 20
139.9
 10
-63.0
 20
139.4
 10
-61.7
 20
140.3
 10
-61.5
 20
141.8
 10
-63.1
 20
143.3
 10
-83.0
 20
145.3
  0
LWPOLYLINE
  5
391
330
31F
100
AcDbEntity
  8
VEG-HOJAS
100
AcDbPolyline
 90
2
 70
0
 10
-45.4
 20
71.5
 10
-50.3
 20
68.3
  0
LWPOLYLINE
  5
392
330
31F
100
AcDbEntity
  8
VEG-HOJAS
100
AcDbPolyline
 90
2
 70
0
 10
-28.1
 20
98.8
 10
-29.5
 20
95.3
  0
LWPOLYLINE
  5
393
330
31F
100
AcDbEntity
  8
VEG-HOJAS
100
AcDbPolyline
 90
2
 70
0
 10
10.5
 20
167.8
 10
4.6
 20
164.3
  0
LWPOLYLINE
  5
394
330
31F
100
AcDbEntity
  8
VEG-HOJAS
100
AcDbPolyline
 90
2
 70
0
 10
14.4
 20
270.4
 10
7.2
 20
264.6
  0
LWPOLYLINE
  5
395
330
31F
100
AcDbEntity
  8
VEG-HOJAS
100
AcDbPolyline
 90
2
 70
0
 10
8.1
 20
161.4
 10
14.1
 20
164.4
  0
LWPOLYLINE
  5
396
330
31F
100
AcDbEntity
  8
VEG-HOJAS
100
AcDbPolyline
 90
2
 70
0
 10
10.9
 20
260.2
 10
18.2
 20
265.4
  0
LWPOLYLINE
  5
397
330
31F
100
AcDbEntity
  8
VEG-HOJAS
100
AcDbPolyline
 90
2
 70
0
 10
40.2
 20
235.7
 10
34.7
 20
232.0
  0
LWPOLYLINE
  5
398
330
31F
100
AcDbEntity
  8
VEG-HOJAS
100
AcDbPolyline
 90
2
 70
0
 10
39.2
 20
226.7
 10
44.6
 20
229.9
  0
LWPOLYLINE
  5
399
330
31F
100
AcDbEntity
  8
VEG-HOJAS
100
AcDbPolyline
 90
2
 70
0
 10
62.9
 20
308.3
 10
56.2
 20
303.3
  0
LWPOLYLINE
  5
39A
330
31F
100
AcDbEntity
  8
VEG-HOJAS
100
AcDbPolyline
 90
2
 70
0
 10
61.2
 20
295.4
 10
67.5
 20
299.7
  0
LWPOLYLINE
  5
39B
330
31F
100
AcDbEntity
  8
VEG-HOJAS
100
AcDbPolyline
 90
2
 70
0
 10
66.9
 20
200.1
 10
63.4
 20
198.2
  0
LWPOLYLINE
  5
39C
330
31F
100
AcDbEntity
  8
VEG-HOJAS
100
AcDbPolyline
 90
2
 70
0
 10
69.8
 20
192.2
 10
71.7
 20
193.1
  0
LWPOLYLINE
  5
39D
330
31F
100
AcDbEntity
  8
VEG-HOJAS
100
AcDbPolyline
 90
2
 70
0
 10
86.1
 20
265.8
 10
81.8
 20
263.0
  0
LWPOLYLINE
  5
39E
330
31F
100
AcDbEntity
  8
VEG-HOJAS
100
AcDbPolyline
 90
3
 70
0
 10
87.1
 20
254.7
 10
90.7
 20
256.8
 10
94.0
 20
246.6
  0
LWPOLYLINE
  5
39F
330
31F
100
AcDbEntity
  8
VEG-HOJAS
100
AcDbPolyline
 90
2
 70
0
 10
99.4
 20
160.8
 10
98.0
 20
154.0
  0
LWPOLYLINE
  5
3A0
330
31F
100
AcDbEntity
  8
VEG-HOJAS
100
AcDbPolyline
 90
13
 70
1
 10
-80.7
 20
267.3
 10
-78.2
 20
264.2
 10
-73.4
 20
261.2
 10
-68.0
 20
259.5
 10
-65.7
 20
259.4
 10
-64.1
 20
259.7
 10
-63.2
 20
260.6
 10
-63.2
 20
261.8
 10
-65.6
 20
264.8
 10
-73.2
 20
268.9
 10
-78.1
 20
269.7
 10
-79.8
 20
269.3
 10
-80.6
 20
268.5
  0
LWPOLYLINE
  5
3A1
330
31F
100
AcDbEntity
  8
VEG-HOJAS
100
AcDbPolyline
 90
13
 70
1
 10
-73.4
 20
222.0
 10
-68.9
 20
219.2
 10
-62.7
 20
217.3
 10
-57.4
 20
217.0
 10
-55.7
 20
217.5
 10
-54.9
 20
218.4
 10
-55.0
 20
219.6
 10
-58.1
 20
222.4
 10
-66.9
 20
225.7
 10
-72.2
 20
226.0
 10
-73.9
 20
225.5
 10
-74.7
 20
224.6
 10
-74.6
 20
223.4
  0
LWPOLYLINE
  5
3A2
330
31F
100
AcDbEntity
  8
VEG-HOJAS
100
AcDbPolyline
 90
2
 70
0
 10
-75.1
 20
32.1
 10
-72.5
 20
31.3
  0
LWPOLYLINE
  5
3A3
330
31F
100
AcDbEntity
  8
VEG-NERVIOS
100
AcDbPolyline
 90
2
 70
0
 10
-387.1
 20
150.8
 10
-411.3
 20
143.9
  0
LWPOLYLINE
  5
3A4
330
31F
100
AcDbEntity
  8
VEG-NERVIOS
100
AcDbPolyline
 90
2
 70
0
 10
-342.6
 20
130.9
 10
-401.8
 20
105.9
  0
LWPOLYLINE
  5
3A5
330
31F
100
AcDbEntity
  8
VEG-NERVIOS
100
AcDbPolyline
 90
2
 70
0
 10
-387.3
 20
151.0
 10
-400.7
 20
157.1
  0
LWPOLYLINE
  5
3A6
330
31F
100
AcDbEntity
  8
VEG-NERVIOS
100
AcDbPolyline
 90
2
 70
0
 10
-387.3
 20
151.0
 10
-397.5
 20
173.1
  0
LWPOLYLINE
  5
3A7
330
31F
100
AcDbEntity
  8
VEG-NERVIOS
100
AcDbPolyline
 90
2
 70
0
 10
-346.6
 20
132.7
 10
-387.1
 20
150.8
  0
LWPOLYLINE
  5
3A8
330
31F
100
AcDbEntity
  8
VEG-NERVIOS
100
AcDbPolyline
 90
2
 70
0
 10
-289.4
 20
107.6
 10
-379.4
 20
53.2
  0
LWPOLYLINE
  5
3A9
330
31F
100
AcDbEntity
  8
VEG-NERVIOS
100
AcDbPolyline
 90
2
 70
0
 10
-346.6
 20
132.7
 10
-354.2
 20
154.4
  0
LWPOLYLINE
  5
3AA
330
31F
100
AcDbEntity
  8
VEG-NERVIOS
100
AcDbPolyline
 90
2
 70
0
 10
-342.6
 20
130.9
 10
-346.6
 20
132.7
  0
LWPOLYLINE
  5
3AB
330
31F
100
AcDbEntity
  8
VEG-NERVIOS
100
AcDbPolyline
 90
2
 70
0
 10
-305.4
 20
114.5
 10
-342.6
 20
130.9
  0
LWPOLYLINE
  5
3AC
330
31F
100
AcDbEntity
  8
VEG-NERVIOS
100
AcDbPolyline
 90
3
 70
0
 10
-234.9
 20
84.5
 10
-286.8
 20
41.0
 10
-339.2
 20
-2.0
  0
LWPOLYLINE
  5
3AD
330
31F
100
AcDbEntity
  8
VEG-NERVIOS
100
AcDbPolyline
 90
2
 70
0
 10
-305.4
 20
114.5
 10
-312.3
 20
142.6
  0
LWPOLYLINE
  5
3AE
330
31F
100
AcDbEntity
  8
VEG-NERVIOS
100
AcDbPolyline
 90
2
 70
0
 10
-289.4
 20
107.6
 10
-305.4
 20
114.5
  0
LWPOLYLINE
  5
3AF
330
31F
100
AcDbEntity
  8
VEG-NERVIOS
100
AcDbPolyline
 90
2
 70
0
 10
-262.0
 20
95.9
 10
-289.4
 20
107.6
  0
LWPOLYLINE
  5
3B0
330
31F
100
AcDbEntity
  8
VEG-NERVIOS
100
AcDbPolyline
 90
2
 70
0
 10
-269.6
 20
151.9
 10
-277.1
 20
211.6
  0
LWPOLYLINE
  5
3B1
330
31F
100
AcDbEntity
  8
VEG-NERVIOS
100
AcDbPolyline
 90
2
 70
0
 10
-262.0
 20
95.9
 10
-266.8
 20
130.8
  0
LWPOLYLINE
  5
3B2
330
31F
100
AcDbEntity
  8
VEG-NERVIOS
100
AcDbPolyline
 90
2
 70
0
 10
-234.9
 20
84.5
 10
-262.0
 20
95.9
  0
LWPOLYLINE
  5
3B3
330
31F
100
AcDbEntity
  8
VEG-NERVIOS
100
AcDbPolyline
 90
2
 70
0
 10
-247.2
 20
-1.9
 10
-254.8
 20
-10.1
  0
LWPOLYLINE
  5
3B4
330
31F
100
AcDbEntity
  8
VEG-NERVIOS
100
AcDbPolyline
 90
2
 70
0
 10
-228.2
 20
18.8
 10
-239.5
 20
6.5
  0
LWPOLYLINE
  5
3B5
330
31F
100
AcDbEntity
  8
VEG-NERVIOS
100
AcDbPolyline
 90
2
 70
0
 10
-217.9
 20
77.4
 10
-234.9
 20
84.5
  0
LWPOLYLINE
  5
3B6
330
31F
100
AcDbEntity
  8
VEG-NERVIOS
100
AcDbPolyline
 90
2
 70
0
 10
-217.9
 20
77.4
 10
-221.6
 20
211.1
  0
LWPOLYLINE
  5
3B7
330
31F
100
AcDbEntity
  8
VEG-NERVIOS
100
AcDbPolyline
 90
2
 70
0
 10
-193.1
 20
67.2
 10
-217.9
 20
77.4
  0
LWPOLYLINE
  5
3B8
330
31F
100
AcDbEntity
  8
VEG-NERVIOS
100
AcDbPolyline
 90
2
 70
0
 10
-201.9
 20
47.6
 10
-205.0
 20
44.2
  0
LWPOLYLINE
  5
3B9
330
31F
100
AcDbEntity
  8
VEG-NERVIOS
100
AcDbPolyline
 90
2
 70
0
 10
-199.0
 20
-41.6
 10
-203.4
 20
-47.8
  0
LWPOLYLINE
  5
3BA
330
31F
100
AcDbEntity
  8
VEG-NERVIOS
100
AcDbPolyline
 90
2
 70
0
 10
-176.7
 20
68.2
 10
-176.0
 20
78.6
  0
LWPOLYLINE
  5
3BB
330
31F
100
AcDbEntity
  8
VEG-NERVIOS
100
AcDbPolyline
 90
2
 70
0
 10
-176.0
 20
79.0
 10
-168.0
 20
198.1
  0
LWPOLYLINE
  5
3BC
330
31F
100
AcDbEntity
  8
VEG-NERVIOS
100
AcDbPolyline
 90
2
 70
0
 10
-162.7
 20
55.0
 10
-169.7
 20
57.8
  0
LWPOLYLINE
  5
3BD
330
31F
100
AcDbEntity
  8
VEG-NERVIOS
100
AcDbPolyline
 90
2
 70
0
 10
-131.2
 20
61.3
 10
-129.8
 20
69.8
  0
LWPOLYLINE
  5
3BE
330
31F
100
AcDbEntity
  8
VEG-NERVIOS
100
AcDbPolyline
 90
2
 70
0
 10
-124.6
 20
101.5
 10
-113.4
 20
168.6
  0
LWPOLYLINE
  5
3BF
330
31F
100
AcDbEntity
  8
VEG-HOJAS
100
AcDbPolyline
 90
4
 70
0
 10
-263.3
 20
-57.5
 10
-278.9
 20
-50.6
 10
-300.2
 20
-38.4
 10
-296.2
 20
-34.5
  0
LWPOLYLINE
  5
3C0
330
31F
100
AcDbEntity
  8
VEG-HOJAS
100
AcDbPolyline
 90
78
 70
0
 10
-276.0
 20
-14.1
 10
-221.7
 20
41.3
 10
-221.1
 20
42.7
 10
-221.7
 20
44.1
 10
-223.1
 20
44.6
 10
-224.5
 20
44.1
 10
-309.6
 20
-32.1
 10
-318.5
 20
-25.5
 10
-333.4
 20
-13.0
 10
-349.4
 20
3.1
 10
-271.2
 20
63.4
 10
-270.6
 20
64.2
 10
-270.6
 20
65.7
 10
-271.7
 20
66.8
 10
-273.6
 20
66.6
 10
-356.1
 20
11.1
 10
-371.7
 20
32.7
 10
-382.2
 20
50.0
 10
-388.6
 20
61.7
 10
-328.7
 20
94.6
 10
-327.8
 20
95.6
 10
-327.7
 20
97.1
 10
-328.8
 20
98.2
 10
-330.3
 20
98.2
 10
-392.8
 20
70.1
 10
-401.0
 20
90.1
 10
-406.9
 20
109.5
 10
-372.5
 20
123.9
 10
-371.4
 20
124.9
 10
-371.4
 20
126.4
 10
-372.4
 20
127.5
 10
-373.9
 20
127.6
 10
-409.1
 20
117.6
 10
-414.1
 20
137.2
 10
-418.6
 20
165.3
 10
-394.9
 20
179.0
 10
-376.8
 20
187.6
 10
-361.6
 20
155.6
 10
-360.6
 20
154.5
 10
-359.1
 20
154.5
 10
-358.0
 20
155.5
 10
-357.9
 20
157.0
 10
-369.1
 20
191.2
 10
-352.0
 20
198.5
 10
-338.9
 20
203.1
 10
-319.1
 20
144.9
 10
-318.1
 20
143.8
 10
-316.6
 20
143.8
 10
-315.5
 20
144.8
 10
-315.4
 20
146.2
 10
-330.0
 20
205.7
 10
-311.0
 20
210.1
 10
-292.5
 20
213.5
 10
-274.4
 20
131.6
 10
-273.3
 20
130.2
 10
-271.8
 20
130.1
 10
-270.7
 20
131.2
 10
-270.6
 20
132.3
 10
-282.7
 20
214.9
 10
-262.8
 20
216.8
 10
-240.9
 20
216.8
 10
-229.7
 20
115.8
 10
-229.1
 20
114.6
 10
-227.8
 20
114.0
 10
-226.4
 20
114.6
 10
-225.8
 20
115.9
 10
-230.4
 20
216.0
 10
-207.5
 20
212.8
 10
-189.8
 20
209.0
 10
-186.4
 20
208.1
 10
-185.6
 20
98.1
 10
-184.4
 20
96.3
 10
-182.9
 20
96.3
 10
-181.7
 20
98.1
 10
-175.8
 20
204.9
 10
-157.0
 20
197.9
 10
-140.7
 20
190.2
 10
-148.1
 20
93.5
  0
LWPOLYLINE
  5
3C1
330
31F
100
AcDbEntity
  8
VEG-HOJAS
100
AcDbPolyline
 90
2
 70
0
 10
-219.8
 20
-24.6
 10
-225.8
 20
-31.5
  0
LWPOLYLINE
  5
3C2
330
31F
100
AcDbEntity
  8
VEG-HOJAS
100
AcDbPolyline
 90
2
 70
0
 10
-218.6
 20
-36.8
 10
-213.4
 20
-29.9
  0
LWPOLYLINE
  5
3C3
330
31F
100
AcDbEntity
  8
VEG-HOJAS
100
AcDbPolyline
 90
11
 70
0
 10
-202.7
 20
58.9
 10
-201.8
 20
61.8
 10
-202.2
 20
63.0
 10
-203.3
 20
63.4
 10
-207.4
 20
62.0
 10
-212.3
 20
58.1
 10
-216.4
 20
53.3
 10
-217.9
 20
49.3
 10
-217.5
 20
48.1
 10
-216.3
 20
47.7
 10
-214.0
 20
48.3
  0
LWPOLYLINE
  5
3C4
330
31F
100
AcDbEntity
  8
VEG-HOJAS
100
AcDbPolyline
 90
2
 70
0
 10
-210.6
 20
50.2
 10
-206.5
 20
53.9
  0
LWPOLYLINE
  5
3C5
330
31F
100
AcDbEntity
  8
VEG-HOJAS
100
AcDbPolyline
 90
2
 70
0
 10
-163.2
 20
-70.7
 10
-169.8
 20
-71.9
  0
LWPOLYLINE
  5
3C6
330
31F
100
AcDbEntity
  8
VEG-HOJAS
100
AcDbPolyline
 90
10
 70
0
 10
-144.2
 20
87.6
 10
-130.3
 20
184.5
 10
-120.5
 20
178.4
 10
-107.9
 20
169.4
 10
-96.2
 20
159.6
 10
-86.1
 20
149.1
 10
-77.9
 20
138.2
 10
-72.0
 20
126.5
 10
-68.0
 20
114.0
 10
-66.3
 20
105.0
  0
LWPOLYLINE
  5
3C7
330
31F
100
AcDbEntity
  8
VEG-HOJAS
100
AcDbPolyline
 90
2
 70
0
 10
-117.5
 20
40.6
 10
-120.8
 20
40.5
  0
LWPOLYLINE
  5
3C8
330
31F
100
AcDbEntity
  8
VEG-HOJAS
100
AcDbPolyline
 90
2
 70
0
 10
-79.0
 20
58.2
 10
-82.3
 20
54.4
  0
LWPOLYLINE
  5
3C9
330
31F
100
AcDbEntity
  8
VEG-HOJAS
100
AcDbPolyline
 90
15
 70
1
 10
-228.2
 20
108.1
 10
-229.7
 20
104.4
 10
-229.9
 20
101.6
 10
-229.4
 20
95.5
 10
-227.7
 20
90.6
 10
-226.5
 20
89.3
 10
-225.4
 20
88.9
 10
-224.3
 20
89.5
 10
-223.4
 20
91.0
 10
-222.8
 20
93.3
 10
-222.7
 20
99.1
 10
-223.9
 20
104.9
 10
-224.9
 20
107.0
 10
-226.0
 20
108.3
 10
-227.1
 20
108.7
  0
LWPOLYLINE
  5
3CA
330
31F
100
AcDbEntity
  8
VEG-NERVIOS
100
AcDbPolyline
 90
2
 70
0
 10
-99.8
 20
-165.4
 10
-105.6
 20
-168.4
  0
LWPOLYLINE
  5
3CB
330
31F
100
AcDbEntity
  8
VEG-NERVIOS
100
AcDbPolyline
 90
2
 70
0
 10
-68.7
 20
-238.6
 10
-79.0
 20
-246.0
  0
LWPOLYLINE
  5
3CC
330
31F
100
AcDbEntity
  8
VEG-NERVIOS
100
AcDbPolyline
 90
2
 70
0
 10
23.6
 20
-256.2
 10
-60.0
 20
-338.4
  0
LWPOLYLINE
  5
3CD
330
31F
100
AcDbEntity
  8
VEG-NERVIOS
100
AcDbPolyline
 90
2
 70
0
 10
-15.1
 20
-200.0
 10
-45.7
 20
-221.9
  0
LWPOLYLINE
  5
3CE
330
31F
100
AcDbEntity
  8
VEG-NERVIOS
100
AcDbPolyline
 90
2
 70
0
 10
72.8
 20
-294.7
 10
0.6
 20
-391.1
  0
LWPOLYLINE
  5
3CF
330
31F
100
AcDbEntity
  8
VEG-NERVIOS
100
AcDbPolyline
 90
2
 70
0
 10
54.5
 20
-233.6
 10
58.1
 20
-245.4
  0
LWPOLYLINE
  5
3D0
330
31F
100
AcDbEntity
  8
VEG-NERVIOS
100
AcDbPolyline
 90
2
 70
0
 10
56.3
 20
-230.5
 10
64.8
 20
-232.1
  0
LWPOLYLINE
  5
3D1
330
31F
100
AcDbEntity
  8
VEG-NERVIOS
100
AcDbPolyline
 90
2
 70
0
 10
95.0
 20
-361.9
 10
62.8
 20
-422.9
  0
LWPOLYLINE
  5
3D2
330
31F
100
AcDbEntity
  8
VEG-NERVIOS
100
AcDbPolyline
 90
2
 70
0
 10
73.4
 20
-295.1
 10
93.6
 20
-357.8
  0
LWPOLYLINE
  5
3D3
330
31F
100
AcDbEntity
  8
VEG-NERVIOS
100
AcDbPolyline
 90
2
 70
0
 10
82.7
 20
-297.0
 10
92.4
 20
-300.1
  0
LWPOLYLINE
  5
3D4
330
31F
100
AcDbEntity
  8
VEG-NERVIOS
100
AcDbPolyline
 90
2
 70
0
 10
93.6
 20
-357.8
 10
95.0
 20
-361.9
  0
LWPOLYLINE
  5
3D5
330
31F
100
AcDbEntity
  8
VEG-NERVIOS
100
AcDbPolyline
 90
2
 70
0
 10
93.6
 20
-357.8
 10
158.4
 20
-387.2
  0
LWPOLYLINE
  5
3D6
330
31F
100
AcDbEntity
  8
VEG-NERVIOS
100
AcDbPolyline
 90
2
 70
0
 10
95.0
 20
-361.9
 10
111.7
 20
-411.9
  0
LWPOLYLINE
  5
3D7
330
31F
100
AcDbEntity
  8
VEG-NERVIOS
100
AcDbPolyline
 90
2
 70
0
 10
114.4
 20
-419.7
 10
107.9
 20
-437.4
  0
LWPOLYLINE
  5
3D8
330
31F
100
AcDbEntity
  8
VEG-NERVIOS
100
AcDbPolyline
 90
2
 70
0
 10
109.5
 20
-240.0
 10
116.1
 20
-241.2
  0
LWPOLYLINE
  5
3D9
330
31F
100
AcDbEntity
  8
VEG-NERVIOS
100
AcDbPolyline
 90
2
 70
0
 10
111.7
 20
-411.9
 10
114.4
 20
-419.7
  0
LWPOLYLINE
  5
3DA
330
31F
100
AcDbEntity
  8
VEG-NERVIOS
100
AcDbPolyline
 90
2
 70
0
 10
111.7
 20
-411.9
 10
133.7
 20
-425.0
  0
LWPOLYLINE
  5
3DB
330
31F
100
AcDbEntity
  8
VEG-NERVIOS
100
AcDbPolyline
 90
2
 70
0
 10
114.4
 20
-419.7
 10
116.1
 20
-424.6
  0
LWPOLYLINE
  5
3DC
330
31F
100
AcDbEntity
  8
VEG-NERVIOS
100
AcDbPolyline
 90
2
 70
0
 10
131.2
 20
-312.1
 10
140.2
 20
-314.8
  0
LWPOLYLINE
  5
3DD
330
31F
100
AcDbEntity
  8
VEG-NERVIOS
100
AcDbPolyline
 90
2
 70
0
 10
135.1
 20
-177.0
 10
141.3
 20
-177.3
  0
LWPOLYLINE
  5
3DE
330
31F
100
AcDbEntity
  8
VEG-NERVIOS
100
AcDbPolyline
 90
2
 70
0
 10
154.7
 20
-247.8
 10
159.6
 20
-248.6
  0
LWPOLYLINE
  5
3DF
330
31F
100
AcDbEntity
  8
VEG-NERVIOS
100
AcDbPolyline
 90
2
 70
0
 10
161.6
 20
-105.5
 10
173.1
 20
-104.8
  0
LWPOLYLINE
  5
3E0
330
31F
100
AcDbEntity
  8
VEG-NERVIOS
100
AcDbPolyline
 90
2
 70
0
 10
177.6
 20
-326.0
 10
186.1
 20
-328.5
  0
LWPOLYLINE
  5
3E1
330
31F
100
AcDbEntity
  8
VEG-HOJAS
100
AcDbPolyline
 90
3
 70
0
 10
-7.5
 20
-214.7
 10
-98.8
 20
-286.8
 10
-103.6
 20
-276.5
  0
LWPOLYLINE
  5
3E2
330
31F
100
AcDbEntity
  8
VEG-HOJAS
100
AcDbPolyline
 90
2
 70
0
 10
-90.9
 20
-186.1
 10
-98.0
 20
-190.2
  0
LWPOLYLINE
  5
3E3
330
31F
100
AcDbEntity
  8
VEG-HOJAS
100
AcDbPolyline
 90
2
 70
0
 10
-94.3
 20
-200.9
 10
-86.7
 20
-195.9
  0
LWPOLYLINE
  5
3E4
330
31F
100
AcDbEntity
  8
VEG-HOJAS
100
AcDbPolyline
 90
2
 70
0
 10
-75.6
 20
-79.7
 10
-66.9
 20
-75.5
  0
LWPOLYLINE
  5
3E5
330
31F
100
AcDbEntity
  8
VEG-HOJAS
100
AcDbPolyline
 90
2
 70
0
 10
-17.4
 20
-73.7
 10
-13.3
 20
-75.8
  0
LWPOLYLINE
  5
3E6
330
31F
100
AcDbEntity
  8
VEG-HOJAS
100
AcDbPolyline
 90
49
 70
0
 10
189.6
 20
-332.2
 10
186.1
 20
-341.7
 10
113.2
 20
-317.1
 10
111.7
 20
-317.0
 10
110.4
 20
-318.1
 10
110.3
 20
-319.8
 10
111.4
 20
-321.1
 10
182.3
 20
-351.4
 10
171.7
 20
-373.1
 10
158.4
 20
-395.6
 10
122.1
 20
-379.3
 10
120.4
 20
-379.2
 10
119.1
 20
-380.3
 10
119.0
 20
-382.0
 10
120.1
 20
-383.3
 10
153.4
 20
-403.6
 10
142.9
 20
-420.0
 10
123.4
 20
-445.7
 10
97.1
 20
-439.3
 10
80.4
 20
-434.1
 10
91.9
 20
-401.5
 10
91.9
 20
-399.9
 10
90.8
 20
-398.6
 10
89.1
 20
-398.5
 10
87.8
 20
-399.6
 10
71.6
 20
-430.9
 10
38.6
 20
-418.0
 10
21.1
 20
-409.4
 10
17.6
 20
-407.3
 10
57.0
 20
-339.0
 10
57.1
 20
-337.3
 10
56.0
 20
-336.0
 10
54.3
 20
-335.8
 10
53.1
 20
-336.7
 10
8.6
 20
-401.8
 10
-5.4
 20
-392.5
 10
-24.1
 20
-378.7
 10
-45.0
 20
-360.7
 10
27.9
 20
-272.3
 10
28.5
 20
-271.1
 10
28.0
 20
-269.4
 10
26.5
 20
-268.6
 10
24.6
 20
-269.3
 10
-53.4
 20
-352.4
 10
-65.4
 20
-339.0
 10
-72.2
 20
-330.3
 10
-84.8
 20
-311.9
 10
-92.8
 20
-298.3
 10
-4.7
 20
-219.4
  0
LWPOLYLINE
  5
3E7
330
31F
100
AcDbEntity
  8
VEG-HOJAS
100
AcDbPolyline
 90
2
 70
0
 10
14.9
 20
-202.3
 10
18.2
 20
-201.3
  0
LWPOLYLINE
  5
3E8
330
31F
100
AcDbEntity
  8
VEG-HOJAS
100
AcDbPolyline
 90
2
 70
0
 10
103.7
 20
-252.7
 10
110.8
 20
-254.7
  0
LWPOLYLINE
  5
3E9
330
31F
100
AcDbEntity
  8
VEG-HOJAS
100
AcDbPolyline
 90
2
 70
0
 10
112.8
 20
-249.6
 10
105.8
 20
-248.2
  0
LWPOLYLINE
  5
3EA
330
31F
100
AcDbEntity
  8
VEG-HOJAS
100
AcDbPolyline
 90
2
 70
0
 10
135.1
 20
-191.9
 10
130.9
 20
-191.6
  0
LWPOLYLINE
  5
3EB
330
31F
100
AcDbEntity
  8
VEG-HOJAS
100
AcDbPolyline
 90
2
 70
0
 10
146.0
 20
-62.6
 10
151.2
 20
-67.5
  0
LWPOLYLINE
  5
3EC
330
31F
100
AcDbEntity
  8
VEG-HOJAS
100
AcDbPolyline
 90
2
 70
0
 10
148.7
 20
-264.8
 10
154.6
 20
-266.4
  0
LWPOLYLINE
  5
3ED
330
31F
100
AcDbEntity
  8
VEG-HOJAS
100
AcDbPolyline
 90
2
 70
0
 10
156.8
 20
-258.5
 10
151.3
 20
-257.4
  0
LWPOLYLINE
  5
3EE
330
31F
100
AcDbEntity
  8
VEG-HOJAS
100
AcDbPolyline
 90
2
 70
0
 10
175.5
 20
-100.0
 10
178.6
 20
-105.5
  0
LWPOLYLINE
  5
3EF
330
31F
100
AcDbEntity
  8
VEG-HOJAS
100
AcDbPolyline
 90
2
 70
0
 10
191.2
 20
-275.9
 10
195.7
 20
-277.1
  0
LWPOLYLINE
  5
3F0
330
31F
100
AcDbEntity
  8
VEG-HOJAS
100
AcDbPolyline
 90
2
 70
0
 10
198.4
 20
-151.9
 10
199.8
 20
-156.9
  0
LWPOLYLINE
  5
3F1
330
31F
100
AcDbEntity
  8
VEG-HOJAS
100
AcDbPolyline
 90
2
 70
0
 10
207.0
 20
-190.8
 10
207.2
 20
-193.2
  0
LWPOLYLINE
  5
3F2
330
31F
100
AcDbEntity
  8
VEG-HOJAS
100
AcDbPolyline
 90
2
 70
0
 10
-66.6
 20
-62.4
 10
-68.4
 20
-63.9
  0
LWPOLYLINE
  5
3F3
330
31F
100
AcDbEntity
  8
VEG-NERVIOS
100
AcDbPolyline
 90
2
 70
0
 10
-364.2
 20
-267.5
 10
-385.5
 20
-264.5
  0
LWPOLYLINE
  5
3F4
330
31F
100
AcDbEntity
  8
VEG-NERVIOS
100
AcDbPolyline
 90
2
 70
0
 10
-367.8
 20
-269.7
 10
-373.6
 20
-286.3
  0
LWPOLYLINE
  5
3F5
330
31F
100
AcDbEntity
  8
VEG-NERVIOS
100
AcDbPolyline
 90
2
 70
0
 10
-367.8
 20
-269.7
 10
-371.9
 20
-272.2
  0
LWPOLYLINE
  5
3F6
330
31F
100
AcDbEntity
  8
VEG-NERVIOS
100
AcDbPolyline
 90
2
 70
0
 10
-364.2
 20
-267.5
 10
-367.8
 20
-269.7
  0
LWPOLYLINE
  5
3F7
330
31F
100
AcDbEntity
  8
VEG-NERVIOS
100
AcDbPolyline
 90
2
 70
0
 10
-324.3
 20
-242.1
 10
-364.2
 20
-267.5
  0
LWPOLYLINE
  5
3F8
330
31F
100
AcDbEntity
  8
VEG-NERVIOS
100
AcDbPolyline
 90
2
 70
0
 10
-322.2
 20
-240.7
 10
-348.7
 20
-234.5
  0
LWPOLYLINE
  5
3F9
330
31F
100
AcDbEntity
  8
VEG-NERVIOS
100
AcDbPolyline
 90
2
 70
0
 10
-324.3
 20
-242.1
 10
-336.8
 20
-300.4
  0
LWPOLYLINE
  5
3FA
330
31F
100
AcDbEntity
  8
VEG-NERVIOS
100
AcDbPolyline
 90
3
 70
0
 10
-219.7
 20
-139.2
 10
-271.1
 20
-109.7
 10
-330.1
 20
-74.4
  0
LWPOLYLINE
  5
3FB
330
31F
100
AcDbEntity
  8
VEG-NERVIOS
100
AcDbPolyline
 90
2
 70
0
 10
-322.2
 20
-240.7
 10
-324.3
 20
-242.1
  0
LWPOLYLINE
  5
3FC
330
31F
100
AcDbEntity
  8
VEG-NERVIOS
100
AcDbPolyline
 90
2
 70
0
 10
-279.5
 20
-212.5
 10
-322.2
 20
-240.7
  0
LWPOLYLINE
  5
3FD
330
31F
100
AcDbEntity
  8
VEG-NERVIOS
100
AcDbPolyline
 90
2
 70
0
 10
-279.5
 20
-212.5
 10
-310.5
 20
-202.1
  0
LWPOLYLINE
  5
3FE
330
31F
100
AcDbEntity
  8
VEG-NERVIOS
100
AcDbPolyline
 90
2
 70
0
 10
-285.2
 20
-292.7
 10
-287.1
 20
-312.5
  0
LWPOLYLINE
  5
3FF
330
31F
100
AcDbEntity
  8
VEG-NERVIOS
100
AcDbPolyline
 90
3
 70
0
 10
-153.6
 20
-122.1
 10
-216.8
 20
-78.2
 10
-286.9
 20
-27.7
  0
LWPOLYLINE
  5
400
330
31F
100
AcDbEntity
  8
VEG-NERVIOS
100
AcDbPolyline
 90
2
 70
0
 10
-279.0
 20
-212.1
 10
-281.4
 20
-246.9
  0
LWPOLYLINE
  5
401
330
31F
100
AcDbEntity
  8
VEG-NERVIOS
100
AcDbPolyline
 90
2
 70
0
 10
-239.1
 20
-184.6
 10
-279.0
 20
-212.1
  0
LWPOLYLINE
  5
402
330
31F
100
AcDbEntity
  8
VEG-NERVIOS
100
AcDbPolyline
 90
2
 70
0
 10
-237.5
 20
-183.5
 10
-245.9
 20
-179.8
  0
LWPOLYLINE
  5
403
330
31F
100
AcDbEntity
  8
VEG-NERVIOS
100
AcDbPolyline
 90
2
 70
0
 10
-237.5
 20
-183.5
 10
-239.1
 20
-184.6
  0
LWPOLYLINE
  5
404
330
31F
100
AcDbEntity
  8
VEG-NERVIOS
100
AcDbPolyline
 90
2
 70
0
 10
-239.1
 20
-184.6
 10
-238.7
 20
-191.4
  0
LWPOLYLINE
  5
405
330
31F
100
AcDbEntity
  8
VEG-NERVIOS
100
AcDbPolyline
 90
2
 70
0
 10
-197.2
 20
-154.6
 10
-237.5
 20
-183.5
  0
LWPOLYLINE
  5
406
330
31F
100
AcDbEntity
  8
VEG-NERVIOS
100
AcDbPolyline
 90
2
 70
0
 10
-217.1
 20
-0.7
 10
-226.3
 20
7.3
  0
LWPOLYLINE
  5
407
330
31F
100
AcDbEntity
  8
VEG-NERVIOS
100
AcDbPolyline
 90
2
 70
0
 10
-212.6
 20
-4.7
 10
-216.9
 20
-0.9
  0
LWPOLYLINE
  5
408
330
31F
100
AcDbEntity
  8
VEG-NERVIOS
100
AcDbPolyline
 90
2
 70
0
 10
-195.0
 20
-153.0
 10
-211.5
 20
-143.8
  0
LWPOLYLINE
  5
409
330
31F
100
AcDbEntity
  8
VEG-NERVIOS
100
AcDbPolyline
 90
2
 70
0
 10
-195.0
 20
-153.0
 10
-197.2
 20
-154.6
  0
LWPOLYLINE
  5
40A
330
31F
100
AcDbEntity
  8
VEG-NERVIOS
100
AcDbPolyline
 90
3
 70
0
 10
-197.2
 20
-154.6
 10
-183.7
 20
-229.1
 10
-171.7
 20
-304.1
  0
LWPOLYLINE
  5
40B
330
31F
100
AcDbEntity
  8
VEG-NERVIOS
100
AcDbPolyline
 90
2
 70
0
 10
-154.4
 20
-122.7
 10
-195.0
 20
-153.0
  0
LWPOLYLINE
  5
40C
330
31F
100
AcDbEntity
  8
VEG-NERVIOS
100
AcDbPolyline
 90
2
 70
0
 10
-183.3
 20
-29.8
 10
-187.7
 20
-26.0
  0
LWPOLYLINE
  5
40D
330
31F
100
AcDbEntity
  8
VEG-NERVIOS
100
AcDbPolyline
 90
2
 70
0
 10
-156.2
 20
-52.8
 10
-161.0
 20
-48.7
  0
LWPOLYLINE
  5
40E
330
31F
100
AcDbEntity
  8
VEG-NERVIOS
100
AcDbPolyline
 90
3
 70
0
 10
-154.4
 20
-122.7
 10
-129.8
 20
-197.7
 10
-106.5
 20
-273.3
  0
LWPOLYLINE
  5
40F
330
31F
100
AcDbEntity
  8
VEG-NERVIOS
100
AcDbPolyline
 90
2
 70
0
 10
-113.8
 20
-91.3
 10
-153.6
 20
-122.1
  0
LWPOLYLINE
  5
410
330
31F
100
AcDbEntity
  8
VEG-NERVIOS
100
AcDbPolyline
 90
2
 70
0
 10
-112.0
 20
-89.9
 10
-126.3
 20
-77.9
  0
LWPOLYLINE
  5
411
330
31F
100
AcDbEntity
  8
VEG-NERVIOS
100
AcDbPolyline
 90
2
 70
0
 10
-112.0
 20
-89.9
 10
-113.8
 20
-91.3
  0
LWPOLYLINE
  5
412
330
31F
100
AcDbEntity
  8
VEG-NERVIOS
100
AcDbPolyline
 90
3
 70
0
 10
-113.8
 20
-91.3
 10
-80.2
 20
-161.0
 10
-51.4
 20
-222.4
  0
LWPOLYLINE
  5
413
330
31F
100
AcDbEntity
  8
VEG-HOJAS
100
AcDbPolyline
 90
119
 70
0
 10
-23.0
 20
-179.4
 10
-27.5
 20
-191.7
 10
-31.2
 20
-199.2
 10
-40.1
 20
-214.1
 10
-50.9
 20
-228.6
 10
-65.9
 20
-245.4
 10
-112.8
 20
-135.6
 10
-114.5
 20
-134.2
 10
-116.1
 20
-134.7
 10
-116.9
 20
-136.1
 10
-116.8
 20
-137.2
 10
-94.5
 20
-200.4
 10
-76.0
 20
-255.0
 10
-92.2
 20
-268.5
 10
-100.4
 20
-274.4
 10
-114.6
 20
-283.5
 10
-129.9
 20
-228.8
 10
-148.6
 20
-165.4
 10
-150.4
 20
-163.9
 10
-152.0
 20
-164.3
 10
-152.8
 20
-166.6
 10
-139.9
 20
-223.2
 10
-125.9
 20
-289.8
 10
-150.6
 20
-301.1
 10
-176.1
 20
-309.9
 10
-185.2
 20
-312.3
 10
-190.5
 20
-266.0
 10
-197.7
 20
-210.6
 10
-199.0
 20
-201.2
 10
-200.7
 20
-199.6
 10
-202.3
 20
-200.0
 10
-203.2
 20
-202.0
 10
-199.5
 20
-258.3
 10
-196.7
 20
-314.9
 10
-218.6
 20
-317.9
 10
-233.3
 20
-318.8
 10
-234.0
 20
-271.2
 10
-235.3
 20
-223.9
 10
-235.7
 20
-222.7
 10
-237.1
 20
-221.8
 10
-238.7
 20
-222.1
 10
-239.6
 20
-223.9
 10
-241.6
 20
-271.4
 10
-244.3
 20
-319.1
 10
-273.9
 20
-318.1
 10
-292.2
 20
-316.2
 10
-285.2
 20
-249.7
 10
-285.5
 20
-248.2
 10
-286.9
 20
-247.3
 10
-288.5
 20
-247.6
 10
-289.4
 20
-249.0
 10
-302.2
 20
-314.4
 10
-320.0
 20
-310.1
 10
-343.0
 20
-302.8
 10
-336.2
 20
-270.4
 10
-336.5
 20
-268.8
 10
-337.9
 20
-267.8
 10
-339.5
 20
-268.1
 10
-340.4
 20
-269.3
 10
-351.5
 20
-300.0
 10
-367.0
 20
-294.1
 10
-390.0
 20
-283.4
 10
-389.4
 20
-251.8
 10
-388.1
 20
-237.0
 10
-353.0
 20
-241.5
 10
-351.5
 20
-241.2
 10
-350.6
 20
-239.8
 10
-350.9
 20
-238.2
 10
-352.2
 20
-237.3
 10
-387.2
 20
-228.2
 10
-384.9
 20
-207.2
 10
-382.1
 20
-189.6
 10
-316.9
 20
-206.1
 10
-315.3
 20
-205.8
 10
-314.4
 20
-204.4
 10
-314.7
 20
-202.8
 10
-315.9
 20
-202.0
 10
-380.1
 20
-180.0
 10
-375.1
 20
-162.0
 10
-367.2
 20
-138.4
 10
-323.0
 20
-155.2
 10
-278.2
 20
-171.4
 10
-276.2
 20
-171.2
 10
-275.4
 20
-169.9
 10
-275.7
 20
-168.3
 10
-276.7
 20
-167.5
 10
-320.4
 20
-148.4
 10
-363.6
 20
-128.7
 10
-352.3
 20
-102.7
 10
-345.1
 20
-89.6
 10
-292.9
 20
-115.5
 10
-240.0
 20
-140.4
 10
-237.9
 20
-140.3
 10
-237.0
 20
-138.9
 10
-238.0
 20
-136.7
 10
-289.1
 20
-108.9
 10
-339.4
 20
-80.4
 10
-325.5
 20
-61.1
 10
-307.3
 20
-40.5
 10
-248.2
 20
-77.2
 10
-196.9
 20
-107.8
 10
-195.3
 20
-108.1
 10
-194.0
 20
-107.1
 10
-193.8
 20
-105.5
 10
-194.7
 20
-104.2
 10
-243.2
 20
-71.5
 10
-299.0
 20
-32.5
 10
-293.1
 20
-27.2
 10
-278.8
 20
-16.0
 10
-261.7
 20
-4.9
 10
-206.0
 20
-45.9
 10
-157.7
 20
-80.5
 10
-155.9
 20
-80.8
 10
-154.6
 20
-79.8
 10
-154.4
 20
-78.2
 10
-155.2
 20
-77.1
 10
-250.7
 20
1.1
 10
-241.3
 20
5.7
 10
-224.9
 20
12.3
  0
LWPOLYLINE
  5
414
330
31F
100
AcDbEntity
  8
VEG-HOJAS
100
AcDbPolyline
 90
3
 70
0
 10
-106.5
 20
-83.9
 10
-108.0
 20
-86.7
 10
-102.0
 20
-84.8
  0
LWPOLYLINE
  5
415
330
31F
100
AcDbEntity
  8
VEG-HOJAS
100
AcDbPolyline
 90
2
 70
0
 10
-98.9
 20
-35.9
 10
-97.4
 20
-42.3
  0
LWPOLYLINE
  5
416
330
31F
100
AcDbEntity
  8
VEG-HOJAS
100
AcDbPolyline
 90
2
 70
0
 10
-77.1
 20
-82.9
 10
-69.4
 20
-83.5
  0
LWPOLYLINE
  5
417
330
31F
100
AcDbEntity
  8
VEG-HOJAS
100
AcDbPolyline
 90
2
 70
0
 10
-45.7
 20
-95.0
 10
-40.7
 20
-99.3
  0
LWPOLYLINE
  5
418
330
31F
100
AcDbEntity
  8
VEG-HOJAS
100
AcDbPolyline
 90
15
 70
1
 10
-270.1
 20
-173.6
 10
-267.1
 20
-176.8
 10
-264.5
 20
-178.4
 10
-258.4
 20
-180.8
 10
-252.9
 20
-181.4
 10
-251.1
 20
-180.9
 10
-250.2
 20
-179.9
 10
-250.2
 20
-178.6
 10
-251.3
 20
-177.1
 10
-253.2
 20
-175.4
 10
-258.8
 20
-172.5
 10
-264.9
 20
-171.0
 10
-267.4
 20
-170.9
 10
-269.2
 20
-171.4
 10
-270.1
 20
-172.3
  0
LWPOLYLINE
  5
419
330
31F
100
AcDbEntity
  8
VEG-HOJAS
100
AcDbPolyline
 90
14
 70
1
 10
-234.3
 20
-211.9
 10
-233.8
 20
-209.0
 10
-233.8
 20
-202.6
 10
-235.3
 20
-197.4
 10
-236.4
 20
-196.0
 10
-237.6
 20
-195.5
 10
-238.8
 20
-196.0
 10
-240.8
 20
-199.8
 10
-241.5
 20
-205.9
 10
-240.7
 20
-212.0
 10
-238.7
 20
-215.8
 10
-237.5
 20
-216.3
 10
-236.3
 20
-215.7
 10
-235.2
 20
-214.2
  0
LWPOLYLINE
  5
41A
330
31F
100
AcDbEntity
  8
VEG-HOJAS
100
AcDbPolyline
 90
14
 70
1
 10
-230.4
 20
-145.4
 10
-225.7
 20
-149.2
 10
-219.2
 20
-152.4
 10
-213.3
 20
-153.7
 10
-211.4
 20
-153.5
 10
-210.3
 20
-152.6
 10
-210.3
 20
-151.3
 10
-213.3
 20
-147.7
 10
-216.0
 20
-145.8
 10
-222.5
 20
-142.6
 10
-228.4
 20
-141.3
 10
-230.4
 20
-141.5
 10
-231.4
 20
-142.3
 10
-231.4
 20
-143.7
  0
LWPOLYLINE
  5
41B
330
31F
100
AcDbEntity
  8
VEG-HOJAS
100
AcDbPolyline
 90
15
 70
1
 10
-151.4
 20
-149.2
 10
-152.2
 20
-145.7
 10
-154.7
 20
-139.4
 10
-156.2
 20
-137.2
 10
-157.7
 20
-135.9
 10
-159.0
 20
-135.7
 10
-160.0
 20
-136.5
 10
-160.6
 20
-138.4
 10
-160.8
 20
-141.1
 10
-159.7
 20
-147.8
 10
-157.2
 20
-154.1
 10
-154.2
 20
-157.6
 10
-152.9
 20
-157.9
 10
-151.9
 20
-157.0
 10
-151.3
 20
-155.1
  0
LWPOLYLINE
  5
41C
330
31F
100
AcDbEntity
  8
VEG-HOJAS
100
AcDbPolyline
 90
2
 70
0
 10
-4.0
 20
7.5
 10
-3.0
 20
9.5
  0
LWPOLYLINE
  5
41D
330
31F
100
AcDbEntity
  8
VEG-HOJAS
100
AcDbPolyline
 90
2
 70
0
 10
16.8
 20
17.2
 10
15.6
 20
14.7
  0
LWPOLYLINE
  5
41E
330
31F
100
AcDbEntity
  8
VEG-HOJAS
100
AcDbPolyline
 90
2
 70
0
 10
48.8
 20
78.5
 10
44.6
 20
70.5
  0
LWPOLYLINE
  5
41F
330
31F
100
AcDbEntity
  8
VEG-NERVIOS
100
AcDbPolyline
 90
2
 70
0
 10
26.2
 20
123.6
 10
-47.8
 20
182.5
  0
LWPOLYLINE
  5
420
330
31F
100
AcDbEntity
  8
VEG-NERVIOS
100
AcDbPolyline
 90
2
 70
0
 10
80.2
 20
154.3
 10
-18.3
 20
259.4
  0
LWPOLYLINE
  5
421
330
31F
100
AcDbEntity
  8
VEG-NERVIOS
100
AcDbPolyline
 90
2
 70
0
 10
108.3
 20
208.6
 10
33.7
 20
317.2
  0
LWPOLYLINE
  5
422
330
31F
100
AcDbEntity
  8
VEG-NERVIOS
100
AcDbPolyline
 90
2
 70
0
 10
48.0
 20
106.3
 10
40.5
 20
112.2
  0
LWPOLYLINE
  5
423
330
31F
100
AcDbEntity
  8
VEG-NERVIOS
100
AcDbPolyline
 90
2
 70
0
 10
75.1
 20
144.4
 10
78.5
 20
151.1
  0
LWPOLYLINE
  5
424
330
31F
100
AcDbEntity
  8
VEG-NERVIOS
100
AcDbPolyline
 90
2
 70
0
 10
78.5
 20
151.1
 10
80.2
 20
154.3
  0
LWPOLYLINE
  5
425
330
31F
100
AcDbEntity
  8
VEG-NERVIOS
100
AcDbPolyline
 90
2
 70
0
 10
78.5
 20
151.1
 10
97.4
 20
148.4
  0
LWPOLYLINE
  5
426
330
31F
100
AcDbEntity
  8
VEG-NERVIOS
100
AcDbPolyline
 90
2
 70
0
 10
80.2
 20
154.3
 10
98.5
 20
189.7
  0
LWPOLYLINE
  5
427
330
31F
100
AcDbEntity
  8
VEG-NERVIOS
100
AcDbPolyline
 90
2
 70
0
 10
135.9
 20
261.1
 10
91.7
 20
351.0
  0
LWPOLYLINE
  5
428
330
31F
100
AcDbEntity
  8
VEG-NERVIOS
100
AcDbPolyline
 90
2
 70
0
 10
98.5
 20
189.7
 10
108.3
 20
208.6
  0
LWPOLYLINE
  5
429
330
31F
100
AcDbEntity
  8
VEG-NERVIOS
100
AcDbPolyline
 90
2
 70
0
 10
98.5
 20
189.7
 10
107.1
 20
189.3
  0
LWPOLYLINE
  5
42A
330
31F
100
AcDbEntity
  8
VEG-NERVIOS
100
AcDbPolyline
 90
2
 70
0
 10
98.7
 20
97.3
 10
103.4
 20
96.1
  0
LWPOLYLINE
  5
42B
330
31F
100
AcDbEntity
  8
VEG-NERVIOS
100
AcDbPolyline
 90
2
 70
0
 10
103.6
 20
147.5
 10
111.7
 20
146.3
  0
LWPOLYLINE
  5
42C
330
31F
100
AcDbEntity
  8
VEG-NERVIOS
100
AcDbPolyline
 90
2
 70
0
 10
108.3
 20
208.6
 10
119.1
 20
229.2
  0
LWPOLYLINE
  5
42D
330
31F
100
AcDbEntity
  8
VEG-NERVIOS
100
AcDbPolyline
 90
2
 70
0
 10
119.1
 20
229.2
 10
128.5
 20
229.8
  0
LWPOLYLINE
  5
42E
330
31F
100
AcDbEntity
  8
VEG-NERVIOS
100
AcDbPolyline
 90
2
 70
0
 10
119.1
 20
229.2
 10
135.9
 20
261.1
  0
LWPOLYLINE
  5
42F
330
31F
100
AcDbEntity
  8
VEG-NERVIOS
100
AcDbPolyline
 90
2
 70
0
 10
130.6
 20
188.2
 10
135.0
 20
188.0
  0
LWPOLYLINE
  5
430
330
31F
100
AcDbEntity
  8
VEG-NERVIOS
100
AcDbPolyline
 90
2
 70
0
 10
135.9
 20
261.1
 10
142.0
 20
272.9
  0
LWPOLYLINE
  5
431
330
31F
100
AcDbEntity
  8
VEG-NERVIOS
100
AcDbPolyline
 90
2
 70
0
 10
142.0
 20
272.9
 10
232.0
 20
287.9
  0
LWPOLYLINE
  5
432
330
31F
100
AcDbEntity
  8
VEG-NERVIOS
100
AcDbPolyline
 90
2
 70
0
 10
142.0
 20
272.9
 10
163.3
 20
312.9
  0
LWPOLYLINE
  5
433
330
31F
100
AcDbEntity
  8
VEG-NERVIOS
100
AcDbPolyline
 90
2
 70
0
 10
163.3
 20
312.9
 10
145.5
 20
367.7
  0
LWPOLYLINE
  5
434
330
31F
100
AcDbEntity
  8
VEG-NERVIOS
100
AcDbPolyline
 90
2
 70
0
 10
153.2
 20
83.0
 10
156.0
 20
82.2
  0
LWPOLYLINE
  5
435
330
31F
100
AcDbEntity
  8
VEG-NERVIOS
100
AcDbPolyline
 90
2
 70
0
 10
162.4
 20
186.7
 10
236.3
 20
182.8
  0
LWPOLYLINE
  5
436
330
31F
100
AcDbEntity
  8
VEG-NERVIOS
100
AcDbPolyline
 90
2
 70
0
 10
163.9
 20
314.0
 10
184.7
 20
319.9
  0
LWPOLYLINE
  5
437
330
31F
100
AcDbEntity
  8
VEG-NERVIOS
100
AcDbPolyline
 90
2
 70
0
 10
163.9
 20
314.0
 10
184.4
 20
352.3
  0
LWPOLYLINE
  5
438
330
31F
100
AcDbEntity
  8
VEG-NERVIOS
100
AcDbPolyline
 90
2
 70
0
 10
169.9
 20
137.6
 10
177.1
 20
136.5
  0
LWPOLYLINE
  5
439
330
31F
100
AcDbEntity
  8
VEG-NERVIOS
100
AcDbPolyline
 90
2
 70
0
 10
187.0
 20
357.1
 10
183.8
 20
373.9
  0
LWPOLYLINE
  5
43A
330
31F
100
AcDbEntity
  8
VEG-NERVIOS
100
AcDbPolyline
 90
2
 70
0
 10
184.4
 20
352.3
 10
204.6
 20
360.2
  0
LWPOLYLINE
  5
43B
330
31F
100
AcDbEntity
  8
VEG-NERVIOS
100
AcDbPolyline
 90
2
 70
0
 10
184.4
 20
352.3
 10
187.0
 20
357.1
  0
LWPOLYLINE
  5
43C
330
31F
100
AcDbEntity
  8
VEG-NERVIOS
100
AcDbPolyline
 90
2
 70
0
 10
187.0
 20
357.1
 10
189.7
 20
362.0
  0
LWPOLYLINE
  5
43D
330
31F
100
AcDbEntity
  8
VEG-NERVIOS
100
AcDbPolyline
 90
2
 70
0
 10
190.3
 20
134.5
 10
220.3
 20
130.0
  0
LWPOLYLINE
  5
43E
330
31F
100
AcDbEntity
  8
VEG-NERVIOS
100
AcDbPolyline
 90
2
 70
0
 10
216.5
 20
234.4
 10
239.3
 20
235.5
  0
LWPOLYLINE
  5
43F
330
31F
100
AcDbEntity
  8
VEG-HOJAS
100
AcDbPolyline
 90
93
 70
0
 10
-9.9
 20
87.7
 10
-19.1
 20
92.0
 10
-23.8
 20
95.1
 10
-32.0
 20
102.8
 10
-39.5
 20
112.9
 10
-42.9
 20
118.5
 10
-48.6
 20
130.9
 10
-50.8
 20
137.3
 10
-53.2
 20
150.6
 10
-53.6
 20
165.1
 10
-53.1
 20
172.7
 10
-50.8
 20
188.2
 10
-46.1
 20
207.4
 10
35.9
 20
137.9
 10
37.8
 20
137.5
 10
39.1
 20
139.2
 10
38.5
 20
140.8
 10
-42.3
 20
219.1
 10
-31.9
 20
243.2
 10
-23.3
 20
258.7
 10
-13.4
 20
273.5
 10
-7.2
 20
281.6
 10
63.8
 20
197.7
 10
65.2
 20
197.0
 10
66.6
 20
197.5
 10
67.3
 20
198.8
 10
66.8
 20
200.2
 10
-0.1
 20
290.1
 10
17.7
 20
308.6
 10
32.0
 20
320.9
 10
41.0
 20
327.4
 10
91.7
 20
247.5
 10
92.4
 20
246.8
 10
93.9
 20
246.6
 10
95.1
 20
247.6
 10
95.0
 20
249.5
 10
49.5
 20
333.0
 10
74.2
 20
346.9
 10
99.7
 20
358.7
 10
126.2
 20
299.6
 10
127.1
 20
298.6
 10
128.6
 20
298.5
 10
129.7
 20
299.4
 10
129.9
 20
300.9
 10
108.3
 20
362.0
 10
123.7
 20
366.8
 10
151.8
 20
373.0
 10
161.4
 20
343.6
 10
162.4
 20
342.5
 10
163.9
 20
342.3
 10
165.0
 20
343.3
 10
165.2
 20
344.7
 10
159.9
 20
374.6
 10
170.9
 20
376.4
 10
198.9
 20
379.1
 10
212.0
 20
354.3
 10
218.4
 20
339.3
 10
187.3
 20
326.6
 10
186.2
 20
325.7
 10
186.0
 20
324.2
 10
187.0
 20
323.1
 10
188.4
 20
322.9
 10
221.5
 20
331.6
 10
227.2
 20
317.3
 10
232.3
 20
302.2
 10
174.7
 20
286.4
 10
173.5
 20
285.4
 10
173.8
 20
283.3
 10
175.7
 20
282.6
 10
234.7
 20
293.5
 10
238.1
 20
276.9
 10
242.0
 20
249.8
 10
156.5
 20
237.8
 10
155.0
 20
236.8
 10
154.9
 20
235.3
 10
155.8
 20
234.2
 10
157.0
 20
233.9
 10
242.9
 20
240.1
 10
243.7
 20
218.7
 10
242.4
 20
198.2
 10
137.5
 20
195.1
 10
135.8
 20
194.1
 10
135.7
 20
192.6
 10
137.4
 20
191.3
 10
241.0
 20
187.9
 10
236.0
 20
163.5
 10
231.9
 20
149.8
 10
118.7
 20
157.4
 10
116.8
 20
156.4
 10
116.7
 20
154.9
 10
118.3
 20
153.6
 10
228.3
 20
139.4
 10
219.5
 20
119.2
  0
LWPOLYLINE
  5
440
330
31F
100
AcDbEntity
  8
VEG-HOJAS
100
AcDbPolyline
 90
2
 70
0
 10
48.3
 20
96.9
 10
42.3
 20
93.1
  0
LWPOLYLINE
  5
441
330
31F
100
AcDbEntity
  8
VEG-HOJAS
100
AcDbPolyline
 90
2
 70
0
 10
100.2
 20
114.1
 10
106.1
 20
112.7
  0
LWPOLYLINE
  5
442
330
31F
100
AcDbEntity
  8
VEG-HOJAS
100
AcDbPolyline
 90
2
 70
0
 10
106.8
 20
117.2
 10
100.6
 20
118.2
  0
LWPOLYLINE
  5
443
330
31F
100
AcDbEntity
  8
VEG-HOJAS
100
AcDbPolyline
 90
2
 70
0
 10
158.4
 20
100.5
 10
162.6
 20
99.5
  0
LWPOLYLINE
  5
444
330
31F
100
AcDbEntity
  8
VEG-HOJAS
100
AcDbPolyline
 90
2
 70
0
 10
165.6
 20
107.3
 10
160.7
 20
108.1
  0
LWPOLYLINE
  5
445
330
31F
100
AcDbEntity
  8
VEG-HOJAS
100
AcDbPolyline
 90
14
 70
1
 10
72.1
 20
185.1
 10
78.4
 20
178.1
 10
80.4
 20
176.8
 10
82.1
 20
176.2
 10
83.3
 20
176.5
 10
83.9
 20
177.6
 10
83.7
 20
179.4
 10
82.9
 20
181.7
 10
79.5
 20
186.9
 10
75.1
 20
191.3
 10
71.3
 20
193.2
 10
70.2
 20
192.9
 10
69.6
 20
191.8
 10
69.8
 20
190.0
  0
LWPOLYLINE
  5
446
330
31F
100
AcDbEntity
  8
VEG-HOJAS
100
AcDbPolyline
 90
13
 70
1
 10
106.8
 20
159.5
 10
97.5
 20
160.9
 10
92.2
 20
160.1
 10
90.6
 20
159.2
 10
90.0
 20
158.2
 10
90.4
 20
157.0
 10
94.0
 20
154.9
 10
100.1
 20
153.7
 10
106.3
 20
153.8
 10
110.2
 20
155.2
 10
110.9
 20
156.2
 10
110.4
 20
157.3
 10
109.1
 20
158.5
  0
LWPOLYLINE
  5
447
330
31F
100
AcDbEntity
  8
VEG-HOJAS
100
AcDbPolyline
 90
13
 70
1
 10
128.0
 20
195.3
 10
122.8
 20
196.5
 10
116.4
 20
196.5
 10
111.3
 20
195.2
 10
109.8
 20
194.2
 10
109.3
 20
193.1
 10
109.8
 20
192.0
 10
113.6
 20
190.3
 10
122.9
 20
189.8
 10
128.0
 20
191.1
 10
129.5
 20
192.1
 10
130.0
 20
193.2
 10
129.5
 20
194.3
  0
LWPOLYLINE
  5
448
330
31F
100
AcDbEntity
  8
VEG-HOJAS
100
AcDbPolyline
 90
15
 70
1
 10
149.3
 20
236.2
 10
145.7
 20
237.5
 10
143.0
 20
237.8
 10
137.2
 20
237.1
 10
132.6
 20
235.3
 10
131.4
 20
234.2
 10
131.1
 20
233.0
 10
131.6
 20
232.0
 10
133.1
 20
231.1
 10
135.3
 20
230.6
 10
140.9
 20
230.5
 10
146.3
 20
231.8
 10
148.3
 20
232.8
 10
149.5
 20
234.0
 10
149.9
 20
235.1
  0
LWPOLYLINE
  5
449
330
31F
100
AcDbEntity
  8
VEG-HOJAS
100
AcDbPolyline
 90
2
 70
0
 10
11.5
 20
-2.5
 10
15.6
 20
-7.3
  0
LWPOLYLINE
  5
44A
330
31F
100
AcDbEntity
  8
VEG-NERVIOS
100
AcDbPolyline
 90
2
 70
0
 10
-1.9
 20
-193.8
 10
-8.9
 20
-203.5
  0
LWPOLYLINE
  5
44B
330
31F
100
AcDbEntity
  8
VEG-NERVIOS
100
AcDbPolyline
 90
2
 70
0
 10
50.0
 20
-222.6
 10
29.5
 20
-256.5
  0
LWPOLYLINE
  5
44C
330
31F
100
AcDbEntity
  8
VEG-NERVIOS
100
AcDbPolyline
 90
2
 70
0
 10
71.6
 20
-88.5
 10
69.5
 20
-91.5
  0
LWPOLYLINE
  5
44D
330
31F
100
AcDbEntity
  8
VEG-NERVIOS
100
AcDbPolyline
 90
3
 70
0
 10
127.0
 20
-187.2
 10
102.1
 20
-240.0
 10
76.1
 20
-292.0
  0
LWPOLYLINE
  5
44E
330
31F
100
AcDbEntity
  8
VEG-NERVIOS
100
AcDbPolyline
 90
2
 70
0
 10
76.3
 20
-88.6
 10
80.0
 20
-92.5
  0
LWPOLYLINE
  5
44F
330
31F
100
AcDbEntity
  8
VEG-NERVIOS
100
AcDbPolyline
 90
2
 70
0
 10
95.5
 20
-144.2
 10
93.7
 20
-147.5
  0
LWPOLYLINE
  5
450
330
31F
100
AcDbEntity
  8
VEG-NERVIOS
100
AcDbPolyline
 90
2
 70
0
 10
139.8
 20
-158.8
 10
134.1
 20
-171.5
  0
LWPOLYLINE
  5
451
330
31F
100
AcDbEntity
  8
VEG-NERVIOS
100
AcDbPolyline
 90
2
 70
0
 10
134.9
 20
-153.1
 10
139.1
 20
-158.0
  0
LWPOLYLINE
  5
452
330
31F
100
AcDbEntity
  8
VEG-NERVIOS
100
AcDbPolyline
 90
3
 70
0
 10
139.1
 20
-158.0
 10
213.8
 20
-138.0
 10
279.9
 20
-122.2
  0
LWPOLYLINE
  5
453
330
31F
100
AcDbEntity
  8
VEG-NERVIOS
100
AcDbPolyline
 90
2
 70
0
 10
139.8
 20
-158.8
 10
170.8
 20
-195.5
  0
LWPOLYLINE
  5
454
330
31F
100
AcDbEntity
  8
VEG-NERVIOS
100
AcDbPolyline
 90
3
 70
0
 10
143.1
 20
-104.4
 10
192.6
 20
-83.8
 10
245.4
 20
-62.8
  0
LWPOLYLINE
  5
455
330
31F
100
AcDbEntity
  8
VEG-NERVIOS
100
AcDbPolyline
 90
2
 70
0
 10
165.0
 20
-29.3
 10
171.5
 20
-25.5
  0
LWPOLYLINE
  5
456
330
31F
100
AcDbEntity
  8
VEG-NERVIOS
100
AcDbPolyline
 90
2
 70
0
 10
171.4
 20
-196.3
 10
168.6
 20
-204.6
  0
LWPOLYLINE
  5
457
330
31F
100
AcDbEntity
  8
VEG-NERVIOS
100
AcDbPolyline
 90
2
 70
0
 10
170.8
 20
-195.5
 10
202.6
 20
-191.3
  0
LWPOLYLINE
  5
458
330
31F
100
AcDbEntity
  8
VEG-NERVIOS
100
AcDbPolyline
 90
2
 70
0
 10
171.4
 20
-196.3
 10
201.0
 20
-233.0
  0
LWPOLYLINE
  5
459
330
31F
100
AcDbEntity
  8
VEG-NERVIOS
100
AcDbPolyline
 90
2
 70
0
 10
201.3
 20
-233.4
 10
193.9
 20
-262.4
  0
LWPOLYLINE
  5
45A
330
31F
100
AcDbEntity
  8
VEG-NERVIOS
100
AcDbPolyline
 90
3
 70
0
 10
201.0
 20
-233.0
 10
248.8
 20
-233.2
 10
296.9
 20
-234.4
  0
LWPOLYLINE
  5
45B
330
31F
100
AcDbEntity
  8
VEG-NERVIOS
100
AcDbPolyline
 90
2
 70
0
 10
201.3
 20
-233.4
 10
230.1
 20
-270.8
  0
LWPOLYLINE
  5
45C
330
31F
100
AcDbEntity
  8
VEG-NERVIOS
100
AcDbPolyline
 90
2
 70
0
 10
230.1
 20
-270.8
 10
226.0
 20
-295.2
  0
LWPOLYLINE
  5
45D
330
31F
100
AcDbEntity
  8
VEG-NERVIOS
100
AcDbPolyline
 90
2
 70
0
 10
230.1
 20
-270.8
 10
232.9
 20
-274.6
  0
LWPOLYLINE
  5
45E
330
31F
100
AcDbEntity
  8
VEG-NERVIOS
100
AcDbPolyline
 90
2
 70
0
 10
232.9
 20
-274.6
 10
257.8
 20
-308.6
  0
LWPOLYLINE
  5
45F
330
31F
100
AcDbEntity
  8
VEG-NERVIOS
100
AcDbPolyline
 90
2
 70
0
 10
232.9
 20
-274.6
 10
288.3
 20
-282.9
  0
LWPOLYLINE
  5
460
330
31F
100
AcDbEntity
  8
VEG-NERVIOS
100
AcDbPolyline
 90
2
 70
0
 10
257.8
 20
-308.6
 10
256.0
 20
-330.6
  0
LWPOLYLINE
  5
461
330
31F
100
AcDbEntity
  8
VEG-NERVIOS
100
AcDbPolyline
 90
2
 70
0
 10
257.8
 20
-308.6
 10
261.7
 20
-314.1
  0
LWPOLYLINE
  5
462
330
31F
100
AcDbEntity
  8
VEG-NERVIOS
100
AcDbPolyline
 90
2
 70
0
 10
261.7
 20
-314.1
 10
263.9
 20
-317.2
  0
LWPOLYLINE
  5
463
330
31F
100
AcDbEntity
  8
VEG-NERVIOS
100
AcDbPolyline
 90
2
 70
0
 10
261.7
 20
-314.1
 10
277.2
 20
-318.5
  0
LWPOLYLINE
  5
464
330
31F
100
AcDbEntity
  8
VEG-HOJAS
100
AcDbPolyline
 90
2
 70
0
 10
-25.1
 20
-171.2
 10
-26.7
 20
-161.9
  0
LWPOLYLINE
  5
465
330
31F
100
AcDbEntity
  8
VEG-HOJAS
100
AcDbPolyline
 90
6
 70
0
 10
33.1
 20
-175.5
 10
-1.0
 20
-225.3
 10
-8.1
 20
-213.7
 10
-15.1
 20
-199.9
 10
-20.9
 20
-185.7
 10
-24.6
 20
-173.3
  0
LWPOLYLINE
  5
466
330
31F
100
AcDbEntity
  8
VEG-HOJAS
100
AcDbPolyline
 90
5
 70
0
 10
59.1
 20
-225.7
 10
34.9
 20
-267.1
 10
20.9
 20
-253.4
 10
5.7
 20
-234.9
 10
21.5
 20
-209.1
  0
LWPOLYLINE
  5
467
330
31F
100
AcDbEntity
  8
VEG-HOJAS
100
AcDbPolyline
 90
89
 70
0
 10
138.9
 20
-73.0
 10
225.0
 20
-35.0
 10
239.9
 20
-50.0
 10
246.3
 20
-57.4
 10
255.9
 20
-70.0
 10
200.7
 20
-90.4
 10
146.1
 20
-111.6
 10
144.8
 20
-113.4
 10
145.3
 20
-114.9
 10
147.5
 20
-115.5
 10
204.9
 20
-97.4
 10
262.9
 20
-80.4
 10
273.7
 20
-99.1
 10
282.6
 20
-117.9
 10
288.6
 20
-133.6
 10
250.1
 20
-141.0
 10
202.3
 20
-151.0
 10
183.1
 20
-155.4
 10
181.7
 20
-157.1
 10
182.2
 20
-158.6
 10
184.1
 20
-159.3
 10
242.7
 20
-150.7
 10
292.0
 20
-144.5
 10
295.3
 20
-157.3
 10
299.2
 20
-181.4
 10
262.8
 20
-184.4
 10
217.5
 20
-188.8
 10
208.1
 20
-189.9
 10
206.7
 20
-191.6
 10
207.1
 20
-193.1
 10
208.9
 20
-193.9
 10
254.4
 20
-192.5
 10
300.2
 20
-192.0
 10
301.4
 20
-220.8
 10
300.7
 20
-240.0
 10
237.6
 20
-237.3
 10
236.3
 20
-237.7
 10
235.5
 20
-239.1
 10
235.9
 20
-240.6
 10
237.2
 20
-241.4
 10
299.6
 20
-249.6
 10
296.8
 20
-265.4
 10
291.2
 20
-288.5
 10
260.2
 20
-284.1
 10
258.7
 20
-284.4
 10
257.9
 20
-285.8
 10
258.3
 20
-287.3
 10
259.5
 20
-288.1
 10
289.0
 20
-296.8
 10
284.4
 20
-311.3
 10
275.6
 20
-333.8
 10
245.6
 20
-335.0
 10
229.6
 20
-334.5
 10
232.0
 20
-299.8
 10
231.7
 20
-298.4
 10
230.4
 20
-297.6
 10
228.8
 20
-298.0
 10
228.0
 20
-299.3
 10
221.2
 20
-334.2
 10
203.1
 20
-333.3
 10
185.5
 20
-331.7
 10
197.2
 20
-268.6
 10
196.8
 20
-267.1
 10
195.5
 20
-266.3
 10
194.0
 20
-266.7
 10
193.2
 20
-267.9
 10
176.3
 20
-330.4
 10
159.6
 20
-326.9
 10
138.1
 20
-321.5
 10
151.0
 20
-278.8
 10
163.1
 20
-235.6
 10
162.7
 20
-233.8
 10
161.4
 20
-233.0
 10
159.9
 20
-233.5
 10
159.2
 20
-234.5
 10
144.3
 20
-276.9
 10
128.7
 20
-318.7
 10
111.4
 20
-313.1
 10
90.6
 20
-304.3
 10
111.3
 20
-253.4
 10
130.9
 20
-201.8
 10
130.6
 20
-199.7
 10
129.2
 20
-199.0
 10
127.2
 20
-200.1
 10
104.8
 20
-250.3
 10
81.5
 20
-299.6
 10
61.1
 20
-287.3
 10
43.2
 20
-274.1
 10
68.0
 20
-225.7
  0
LWPOLYLINE
  5
468
330
31F
100
AcDbEntity
  8
VEG-HOJAS
100
AcDbPolyline
 90
2
 70
0
 10
101.1
 20
-145.5
 10
99.6
 20
-149.3
  0
LWPOLYLINE
  5
469
330
31F
100
AcDbEntity
  8
VEG-HOJAS
100
AcDbPolyline
 90
2
 70
0
 10
106.1
 20
-151.3
 10
108.4
 20
-147.1
  0
LWPOLYLINE
  5
46A
330
31F
100
AcDbEntity
  8
VEG-HOJAS
100
AcDbPolyline
 90
2
 70
0
 10
127.7
 20
10.8
 10
133.1
 20
10.9
  0
LWPOLYLINE
  5
46B
330
31F
100
AcDbEntity
  8
VEG-HOJAS
100
AcDbPolyline
 90
3
 70
0
 10
197.3
 20
-12.9
 10
214.9
 20
-26.1
 10
137.5
 20
-67.2
  0
LWPOLYLINE
  5
46C
330
31F
100
AcDbEntity
  8
VEG-HOJAS
100
AcDbPolyline
 90
14
 70
1
 10
134.8
 20
-192.3
 10
138.1
 20
-187.6
 10
140.6
 20
-181.2
 10
141.4
 20
-175.5
 10
141.0
 20
-173.7
 10
140.1
 20
-172.8
 10
138.8
 20
-172.9
 10
135.6
 20
-176.0
 10
134.0
 20
-178.7
 10
131.5
 20
-185.1
 10
130.8
 20
-190.7
 10
131.2
 20
-192.6
 10
132.0
 20
-193.5
 10
133.3
 20
-193.4
  0
LWPOLYLINE
  5
46D
330
31F
100
AcDbEntity
  8
VEG-HOJAS
100
AcDbPolyline
 90
15
 70
1
 10
164.5
 20
-227.8
 10
167.4
 20
-224.8
 10
168.7
 20
-222.3
 10
170.5
 20
-216.3
 10
170.6
 20
-211.0
 10
170.0
 20
-209.4
 10
169.0
 20
-208.6
 10
167.8
 20
-208.7
 10
166.4
 20
-209.8
 10
165.0
 20
-211.8
 10
162.6
 20
-217.3
 10
161.6
 20
-223.2
 10
161.8
 20
-225.5
 10
162.4
 20
-227.2
 10
163.3
 20
-228.0
  0
LWPOLYLINE
  5
46E
330
31F
100
AcDbEntity
  8
VEG-HOJAS
100
AcDbPolyline
 90
2
 70
0
 10
-4.7
 20
-6.5
 10
-6.5
 20
-6.3
  0
LWPOLYLINE
  5
46F
330
31F
100
AcDbEntity
  8
VEG-HOJAS
100
AcDbPolyline
 90
2
 70
0
 10
-5.9
 20
7.8
 10
-1.1
 20
7.2
  0
LWPOLYLINE
  5
470
330
31F
100
AcDbEntity
  8
VEG-NERVIOS
100
AcDbPolyline
 90
2
 70
0
 10
-209.6
 20
24.8
 10
-223.6
 20
15.5
  0
LWPOLYLINE
  5
471
330
31F
100
AcDbEntity
  8
VEG-NERVIOS
100
AcDbPolyline
 90
2
 70
0
 10
-210.8
 20
25.0
 10
-221.5
 20
36.6
  0
LWPOLYLINE
  5
472
330
31F
100
AcDbEntity
  8
VEG-NERVIOS
100
AcDbPolyline
 90
2
 70
0
 10
-210.8
 20
25.0
 10
-219.4
 20
26.1
  0
LWPOLYLINE
  5
473
330
31F
100
AcDbEntity
  8
VEG-NERVIOS
100
AcDbPolyline
 90
2
 70
0
 10
-175.6
 20
20.7
 10
-209.6
 20
24.8
  0
LWPOLYLINE
  5
474
330
31F
100
AcDbEntity
  8
VEG-NERVIOS
100
AcDbPolyline
 90
2
 70
0
 10
-174.6
 20
20.5
 10
-208.8
 20
-8.7
  0
LWPOLYLINE
  5
475
330
31F
100
AcDbEntity
  8
VEG-NERVIOS
100
AcDbPolyline
 90
2
 70
0
 10
-175.6
 20
20.7
 10
-201.3
 20
56.6
  0
LWPOLYLINE
  5
476
330
31F
100
AcDbEntity
  8
VEG-NERVIOS
100
AcDbPolyline
 90
2
 70
0
 10
-180.4
 20
-30.6
 10
-185.6
 20
-36.3
  0
LWPOLYLINE
  5
477
330
31F
100
AcDbEntity
  8
VEG-NERVIOS
100
AcDbPolyline
 90
2
 70
0
 10
-138.2
 20
16.2
 10
-174.6
 20
20.5
  0
LWPOLYLINE
  5
478
330
31F
100
AcDbEntity
  8
VEG-NERVIOS
100
AcDbPolyline
 90
2
 70
0
 10
-137.7
 20
16.1
 10
-171.2
 20
78.7
  0
LWPOLYLINE
  5
479
330
31F
100
AcDbEntity
  8
VEG-NERVIOS
100
AcDbPolyline
 90
2
 70
0
 10
-138.2
 20
16.2
 10
-153.2
 20
-0.5
  0
LWPOLYLINE
  5
47A
330
31F
100
AcDbEntity
  8
VEG-NERVIOS
100
AcDbPolyline
 90
2
 70
0
 10
-101.0
 20
11.8
 10
-152.3
 20
-62.7
  0
LWPOLYLINE
  5
47B
330
31F
100
AcDbEntity
  8
VEG-NERVIOS
100
AcDbPolyline
 90
2
 70
0
 10
-101.0
 20
11.8
 10
-137.7
 20
16.1
  0
LWPOLYLINE
  5
47C
330
31F
100
AcDbEntity
  8
VEG-NERVIOS
100
AcDbPolyline
 90
2
 70
0
 10
-97.9
 20
11.4
 10
-129.7
 20
97.3
  0
LWPOLYLINE
  5
47D
330
31F
100
AcDbEntity
  8
VEG-NERVIOS
100
AcDbPolyline
 90
2
 70
0
 10
-61.8
 20
7.3
 10
-106.1
 20
-81.2
  0
LWPOLYLINE
  5
47E
330
31F
100
AcDbEntity
  8
VEG-NERVIOS
100
AcDbPolyline
 90
2
 70
0
 10
-97.9
 20
11.4
 10
-101.0
 20
11.8
  0
LWPOLYLINE
  5
47F
330
31F
100
AcDbEntity
  8
VEG-NERVIOS
100
AcDbPolyline
 90
2
 70
0
 10
-61.8
 20
7.3
 10
-97.9
 20
11.4
  0
LWPOLYLINE
  5
480
330
31F
100
AcDbEntity
  8
VEG-NERVIOS
100
AcDbPolyline
 90
2
 70
0
 10
-59.6
 20
7.0
 10
-81.8
 20
103.5
  0
LWPOLYLINE
  5
481
330
31F
100
AcDbEntity
  8
VEG-NERVIOS
100
AcDbPolyline
 90
2
 70
0
 10
-59.6
 20
7.0
 10
-61.8
 20
7.3
  0
LWPOLYLINE
  5
482
330
31F
100
AcDbEntity
  8
VEG-NERVIOS
100
AcDbPolyline
 90
2
 70
0
 10
-25.3
 20
3.2
 10
-59.6
 20
7.0
  0
LWPOLYLINE
  5
483
330
31F
100
AcDbEntity
  8
VEG-NERVIOS
100
AcDbPolyline
 90
2
 70
0
 10
-25.3
 20
3.2
 10
-35.4
 20
94.7
  0
LWPOLYLINE
  5
484
330
31F
100
AcDbEntity
  8
VEG-NERVIOS
100
AcDbPolyline
 90
2
 70
0
 10
-25.3
 20
3.2
 10
-31.1
 20
-13.7
  0
LWPOLYLINE
  5
485
330
31F
100
AcDbEntity
  8
VEG-NERVIOS
100
AcDbPolyline
 90
2
 70
0
 10
-21.0
 20
2.7
 10
-25.3
 20
3.2
  0
LWPOLYLINE
  5
486
330
31F
100
AcDbEntity
  8
VEG-HOJAS
100
AcDbPolyline
 90
3
 70
0
 10
-65.8
 20
-87.4
 10
-70.9
 20
-87.5
 10
-66.8
 20
-76.8
  0
LWPOLYLINE
  5
487
330
31F
100
AcDbEntity
  8
VEG-HOJAS
100
AcDbPolyline
 90
76
 70
0
 10
-66.2
 20
-59.1
 10
-79.2
 20
-87.4
 10
-88.8
 20
-86.8
 10
-100.8
 20
-85.1
 10
-118.4
 20
-80.6
 10
-82.2
 20
-14.2
 10
-82.3
 20
-12.7
 10
-83.7
 20
-12.3
 10
-125.6
 20
-78.2
 10
-136.8
 20
-73.7
 10
-148.5
 20
-68.0
 10
-161.5
 20
-59.9
 10
-122.9
 20
-8.2
 10
-122.9
 20
-6.6
 10
-123.8
 20
-6.1
 10
-125.0
 20
-6.6
 10
-167.1
 20
-55.8
 10
-175.9
 20
-48.7
 10
-189.5
 20
-36.3
 10
-156.3
 20
-1.1
 10
-156.2
 20
0.7
 10
-157.1
 20
1.2
 10
-158.1
 20
0.9
 10
-194.0
 20
-31.7
 10
-202.6
 20
-21.9
 10
-213.9
 20
-5.8
 10
-194.7
 20
10.4
 10
-194.2
 20
11.3
 10
-194.5
 20
12.2
 10
-195.4
 20
12.7
 10
-196.4
 20
12.5
 10
-217.0
 20
-0.9
 10
-224.0
 20
10.4
 10
-232.6
 20
27.7
 10
-220.0
 20
42.3
 10
-211.3
 20
50.9
 10
-195.0
 20
33.5
 10
-194.1
 20
33.0
 10
-193.1
 20
33.3
 10
-192.6
 20
34.2
 10
-192.9
 20
35.2
 10
-207.1
 20
54.8
 10
-191.5
 20
68.5
 10
-181.6
 20
75.5
 10
-154.8
 20
35.7
 10
-153.9
 20
35.2
 10
-152.9
 20
35.4
 10
-152.6
 20
37.2
 10
-176.2
 20
78.9
 10
-159.4
 20
88.2
 10
-147.3
 20
93.9
 10
-118.1
 20
35.1
 10
-117.1
 20
34.4
 10
-116.1
 20
34.6
 10
-115.7
 20
36.2
 10
-140.9
 20
96.5
 10
-122.2
 20
102.1
 10
-109.5
 20
104.4
 10
-98.8
 20
105.6
 10
-74.9
 20
31.6
 10
-73.7
 20
30.6
 10
-72.8
 20
30.9
 10
-72.3
 20
32.3
 10
-91.3
 20
106.1
 10
-84.7
 20
106.3
 10
-72.7
 20
105.8
 10
-57.5
 20
103.6
 10
-41.9
 20
26.9
 10
-41.2
 20
25.9
 10
-40.2
 20
25.8
 10
-39.2
 20
27.3
 10
-49.5
 20
101.9
 10
-38.9
 20
98.8
 10
-28.8
 20
95.0
 10
-19.2
 20
90.4
 10
-10.9
 20
85.4
  0
LWPOLYLINE
  5
488
330
31F
100
AcDbEntity
  8
VEG-HOJAS
100
AcDbPolyline
 90
6
 70
0
 10
-45.8
 20
-21.6
 10
-44.1
 20
-16.9
 10
-44.4
 20
-15.9
 10
-45.3
 20
-15.4
 10
-46.6
 20
-16.1
 10
-52.0
 20
-28.1
  0
LWPOLYLINE
  5
489
330
31F
100
AcDbEntity
  8
VEG-HOJAS
100
AcDbPolyline
 90
2
 70
0
 10
-14.0
 20
-71.1
 10
-18.2
 20
-74.3
  0
LWPOLYLINE
  5
48A
330
31F
100
AcDbEntity
  8
VEG-HOJAS
100
AcDbPolyline
 90
7
 70
0
 10
8.1
 20
19.7
 10
4.5
 20
14.9
 10
-0.2
 20
11.2
 10
-12.0
 20
4.3
 10
-18.4
 20
2.4
 10
-12.5
 20
-0.8
 10
-3.5
 20
-9.2
  0
LWPOLYLINE
  5
48B
330
31F
100
AcDbEntity
  8
VEG-HOJAS
100
AcDbPolyline
 90
3
 70
0
 10
0.0
 20
0.0
 10
-2.9
 20
6.4
 10
19.4
 20
16.5
  0
LWPOLYLINE
  5
48C
330
31F
100
AcDbEntity
  8
VEG-HOJAS
100
AcDbPolyline
 90
2
 70
0
 10
19.8
 20
1.2
 10
9.3
 20
-3.5
  0
LWPOLYLINE
  5
48D
330
31F
100
AcDbEntity
  8
VEG-NERVIOS
100
AcDbPolyline
 90
2
 70
0
 10
38.8
 20
18.2
 10
24.8
 20
119.1
  0
LWPOLYLINE
  5
48E
330
31F
100
AcDbEntity
  8
VEG-NERVIOS
100
AcDbPolyline
 90
2
 70
0
 10
34.0
 20
16.3
 10
38.8
 20
18.2
  0
LWPOLYLINE
  5
48F
330
31F
100
AcDbEntity
  8
VEG-NERVIOS
100
AcDbPolyline
 90
2
 70
0
 10
38.8
 20
18.2
 10
80.5
 20
34.0
  0
LWPOLYLINE
  5
490
330
31F
100
AcDbEntity
  8
VEG-NERVIOS
100
AcDbPolyline
 90
2
 70
0
 10
65.1
 20
-36.6
 10
67.6
 20
-40.6
  0
LWPOLYLINE
  5
491
330
31F
100
AcDbEntity
  8
VEG-NERVIOS
100
AcDbPolyline
 90
3
 70
0
 10
80.5
 20
34.0
 10
111.2
 20
-2.1
 10
147.4
 20
-45.7
  0
LWPOLYLINE
  5
492
330
31F
100
AcDbEntity
  8
VEG-NERVIOS
100
AcDbPolyline
 90
2
 70
0
 10
81.5
 20
34.4
 10
133.7
 20
52.7
  0
LWPOLYLINE
  5
493
330
31F
100
AcDbEntity
  8
VEG-NERVIOS
100
AcDbPolyline
 90
3
 70
0
 10
81.5
 20
34.4
 10
83.0
 20
93.8
 10
84.9
 20
143.5
  0
LWPOLYLINE
  5
494
330
31F
100
AcDbEntity
  8
VEG-NERVIOS
100
AcDbPolyline
 90
2
 70
0
 10
133.7
 20
52.7
 10
139.2
 20
54.6
  0
LWPOLYLINE
  5
495
330
31F
100
AcDbEntity
  8
VEG-NERVIOS
100
AcDbPolyline
 90
3
 70
0
 10
133.7
 20
52.7
 10
143.8
 20
97.6
 10
154.8
 20
142.5
  0
LWPOLYLINE
  5
496
330
31F
100
AcDbEntity
  8
VEG-NERVIOS
100
AcDbPolyline
 90
2
 70
0
 10
139.2
 20
54.6
 10
189.4
 20
70.8
  0
LWPOLYLINE
  5
497
330
31F
100
AcDbEntity
  8
VEG-NERVIOS
100
AcDbPolyline
 90
3
 70
0
 10
139.2
 20
54.6
 10
168.3
 20
30.1
 10
204.1
 20
-1.0
  0
LWPOLYLINE
  5
498
330
31F
100
AcDbEntity
  8
VEG-NERVIOS
100
AcDbPolyline
 90
2
 70
0
 10
189.4
 20
70.8
 10
194.1
 20
72.2
  0
LWPOLYLINE
  5
499
330
31F
100
AcDbEntity
  8
VEG-NERVIOS
100
AcDbPolyline
 90
2
 70
0
 10
189.4
 20
70.8
 10
212.3
 20
120.3
  0
LWPOLYLINE
  5
49A
330
31F
100
AcDbEntity
  8
VEG-NERVIOS
100
AcDbPolyline
 90
2
 70
0
 10
194.1
 20
72.2
 10
233.9
 20
84.1
  0
LWPOLYLINE
  5
49B
330
31F
100
AcDbEntity
  8
VEG-NERVIOS
100
AcDbPolyline
 90
2
 70
0
 10
194.1
 20
72.2
 10
236.1
 20
46.7
  0
LWPOLYLINE
  5
49C
330
31F
100
AcDbEntity
  8
VEG-NERVIOS
100
AcDbPolyline
 90
2
 70
0
 10
233.9
 20
84.1
 10
237.4
 20
85.1
  0
LWPOLYLINE
  5
49D
330
31F
100
AcDbEntity
  8
VEG-NERVIOS
100
AcDbPolyline
 90
2
 70
0
 10
233.9
 20
84.1
 10
243.5
 20
98.5
  0
LWPOLYLINE
  5
49E
330
31F
100
AcDbEntity
  8
VEG-NERVIOS
100
AcDbPolyline
 90
2
 70
0
 10
237.4
 20
85.1
 10
242.9
 20
86.6
  0
LWPOLYLINE
  5
49F
330
31F
100
AcDbEntity
  8
VEG-NERVIOS
100
AcDbPolyline
 90
2
 70
0
 10
237.4
 20
85.1
 10
250.1
 20
79.4
  0
LWPOLYLINE
  5
4A0
330
31F
100
AcDbEntity
  8
VEG-HOJAS
100
AcDbPolyline
 90
3
 70
0
 10
14.2
 20
-14.1
 10
15.3
 20
-8.1
 10
18.1
 20
-2.0
  0
LWPOLYLINE
  5
4A1
330
31F
100
AcDbEntity
  8
VEG-HOJAS
100
AcDbPolyline
 90
84
 70
0
 10
21.8
 20
4.0
 10
25.9
 20
10.2
 10
31.3
 20
15.3
 10
23.8
 20
15.4
 10
9.3
 20
19.2
 10
3.2
 20
21.8
 10
-2.2
 20
25.7
 10
-9.2
 20
34.6
 10
-13.2
 20
42.0
 10
-15.9
 20
50.2
 10
-16.7
 20
58.7
 10
-15.9
 20
68.2
 10
-13.7
 20
78.2
 10
-9.8
 20
87.9
 10
-7.3
 20
92.4
 10
-4.3
 20
96.8
 10
3.0
 20
105.3
 10
11.9
 20
113.3
 10
21.8
 20
120.7
 10
38.8
 20
130.8
 10
47.0
 20
47.9
 10
47.4
 20
47.0
 10
48.5
 20
46.6
 10
49.5
 20
47.0
 10
50.0
 20
48.0
 10
47.3
 20
134.8
 10
63.5
 20
141.1
 10
76.9
 20
144.9
 10
90.9
 20
147.5
 10
103.8
 20
149.0
 10
96.1
 20
67.3
 10
96.5
 20
66.2
 10
97.5
 20
65.7
 10
98.6
 20
66.1
 10
99.0
 20
67.0
 10
112.3
 20
149.5
 10
127.7
 20
149.4
 10
142.5
 20
147.9
 10
157.6
 20
144.9
 10
171.1
 20
141.2
 10
153.3
 20
83.3
 10
153.6
 20
81.9
 10
154.6
 20
81.4
 10
156.1
 20
82.4
 10
178.1
 20
139.0
 10
193.0
 20
133.5
 10
204.8
 20
128.0
 10
224.7
 20
115.8
 10
212.5
 20
91.9
 10
212.4
 20
90.8
 10
213.1
 20
89.9
 10
214.3
 20
89.8
 10
215.1
 20
90.5
 10
229.9
 20
112.2
 10
240.9
 20
104.5
 10
257.1
 20
90.6
 10
250.3
 20
71.1
 10
246.3
 20
61.9
 10
224.6
 20
70.9
 10
223.6
 20
71.0
 10
222.7
 20
70.3
 10
222.6
 20
69.2
 10
223.3
 20
68.3
 10
243.7
 20
56.1
 10
232.7
 20
33.6
 10
220.4
 20
15.1
 10
174.6
 20
45.7
 10
173.3
 20
45.9
 10
172.4
 20
45.2
 10
172.3
 20
44.1
 10
172.9
 20
43.3
 10
216.2
 20
9.4
 10
204.6
 20
-4.9
 10
194.8
 20
-15.5
 10
184.6
 20
-24.7
 10
176.9
 20
-30.8
 10
120.0
 20
23.0
 10
119.1
 20
23.5
 10
118.0
 20
23.1
 10
117.5
 20
22.1
 10
117.9
 20
21.0
 10
170.5
 20
-35.3
 10
150.9
 20
-47.2
 10
133.8
 20
-55.1
  0
LWPOLYLINE
  5
4A2
330
31F
100
AcDbEntity
  8
VEG-HOJAS
100
AcDbPolyline
 90
2
 70
0
 10
80.3
 20
-34.5
 10
83.5
 20
-39.4
  0
LWPOLYLINE
  5
4A3
330
31F
100
AcDbEntity
  8
VEG-HOJAS
100
AcDbPolyline
 90
2
 70
0
 10
90.7
 20
-38.9
 10
86.7
 20
-33.5
  0
LWPOLYLINE
  5
4A4
330
31F
100
AcDbEntity
  8
VEG-HOJAS
100
AcDbPolyline
 90
4
 70
0
 10
0.0
 20
-16.9
 10
-6.4
 20
-2.9
 10
6.4
 20
2.9
 10
14.3
 20
-14.5
  0
LWPOLYLINE
  5
4A5
330
31F
100
AcDbEntity
  8
VEG-NERVIOS
100
AcDbPolyline
 90
2
 70
0
 10
16.4
 20
-34.7
 10
-62.5
 20
-90.7
  0
LWPOLYLINE
  5
4A6
330
31F
100
AcDbEntity
  8
VEG-NERVIOS
100
AcDbPolyline
 90
2
 70
0
 10
34.0
 20
-77.2
 10
-40.2
 20
-148.3
  0
LWPOLYLINE
  5
4A7
330
31F
100
AcDbEntity
  8
VEG-NERVIOS
100
AcDbPolyline
 90
2
 70
0
 10
53.5
 20
-125.0
 10
2.5
 20
-193.5
  0
LWPOLYLINE
  5
4A8
330
31F
100
AcDbEntity
  8
VEG-NERVIOS
100
AcDbPolyline
 90
2
 70
0
 10
14.2
 20
-29.3
 10
15.6
 20
-32.7
  0
LWPOLYLINE
  5
4A9
330
31F
100
AcDbEntity
  8
VEG-NERVIOS
100
AcDbPolyline
 90
2
 70
0
 10
15.6
 20
-32.7
 10
110.0
 20
-16.2
  0
LWPOLYLINE
  5
4AA
330
31F
100
AcDbEntity
  8
VEG-NERVIOS
100
AcDbPolyline
 90
2
 70
0
 10
15.6
 20
-32.7
 10
16.4
 20
-34.7
  0
LWPOLYLINE
  5
4AB
330
31F
100
AcDbEntity
  8
VEG-NERVIOS
100
AcDbPolyline
 90
2
 70
0
 10
16.4
 20
-34.7
 10
32.8
 20
-74.3
  0
LWPOLYLINE
  5
4AC
330
31F
100
AcDbEntity
  8
VEG-NERVIOS
100
AcDbPolyline
 90
2
 70
0
 10
32.8
 20
-74.3
 10
135.9
 20
-72.3
  0
LWPOLYLINE
  5
4AD
330
31F
100
AcDbEntity
  8
VEG-NERVIOS
100
AcDbPolyline
 90
2
 70
0
 10
32.8
 20
-74.3
 10
34.0
 20
-77.2
  0
LWPOLYLINE
  5
4AE
330
31F
100
AcDbEntity
  8
VEG-NERVIOS
100
AcDbPolyline
 90
2
 70
0
 10
34.0
 20
-77.2
 10
53.3
 20
-124.6
  0
LWPOLYLINE
  5
4AF
330
31F
100
AcDbEntity
  8
VEG-NERVIOS
100
AcDbPolyline
 90
2
 70
0
 10
73.3
 20
-174.2
 10
50.2
 20
-219.7
  0
LWPOLYLINE
  5
4B0
330
31F
100
AcDbEntity
  8
VEG-NERVIOS
100
AcDbPolyline
 90
2
 70
0
 10
53.3
 20
-124.6
 10
137.9
 20
-138.6
  0
LWPOLYLINE
  5
4B1
330
31F
100
AcDbEntity
  8
VEG-NERVIOS
100
AcDbPolyline
 90
2
 70
0
 10
53.5
 20
-125.0
 10
73.3
 20
-174.2
  0
LWPOLYLINE
  5
4B2
330
31F
100
AcDbEntity
  8
VEG-NERVIOS
100
AcDbPolyline
 90
2
 70
0
 10
73.3
 20
-174.2
 10
73.9
 20
-175.7
  0
LWPOLYLINE
  5
4B3
330
31F
100
AcDbEntity
  8
VEG-NERVIOS
100
AcDbPolyline
 90
2
 70
0
 10
73.9
 20
-175.7
 10
89.9
 20
-215.9
  0
LWPOLYLINE
  5
4B4
330
31F
100
AcDbEntity
  8
VEG-NERVIOS
100
AcDbPolyline
 90
2
 70
0
 10
73.9
 20
-175.7
 10
120.7
 20
-192.9
  0
LWPOLYLINE
  5
4B5
330
31F
100
AcDbEntity
  8
VEG-NERVIOS
100
AcDbPolyline
 90
2
 70
0
 10
89.9
 20
-215.9
 10
85.0
 20
-230.4
  0
LWPOLYLINE
  5
4B6
330
31F
100
AcDbEntity
  8
VEG-NERVIOS
100
AcDbPolyline
 90
2
 70
0
 10
90.0
 20
-216.2
 10
92.6
 20
-222.9
  0
LWPOLYLINE
  5
4B7
330
31F
100
AcDbEntity
  8
VEG-NERVIOS
100
AcDbPolyline
 90
2
 70
0
 10
90.0
 20
-216.2
 10
103.1
 20
-223.3
  0
LWPOLYLINE
  5
4B8
330
31F
100
AcDbEntity
  8
VEG-HOJAS
100
AcDbPolyline
 90
102
 70
1
 10
94.4
 20
-235.1
 10
78.0
 20
-231.6
 10
67.2
 20
-228.3
 10
74.5
 20
-205.5
 10
74.5
 20
-204.5
 10
73.8
 20
-203.8
 10
72.7
 20
-203.7
 10
71.9
 20
-204.5
 10
61.5
 20
-226.5
 10
39.7
 20
-218.6
 10
28.7
 20
-213.3
 10
15.6
 20
-205.6
 10
44.4
 20
-156.1
 10
44.5
 20
-154.9
 10
43.8
 20
-154.1
 10
42.0
 20
-154.6
 10
9.9
 20
-201.9
 10
-0.4
 20
-194.9
 10
-11.5
 20
-186.1
 10
-25.8
 20
-172.0
 10
23.2
 20
-112.5
 10
23.5
 20
-111.6
 10
23.1
 20
-110.6
 10
22.1
 20
-110.2
 10
21.1
 20
-110.6
 10
-30.7
 20
-166.2
 10
-42.0
 20
-150.7
 10
-51.4
 20
-134.2
 10
-59.3
 20
-115.1
 10
3.0
 20
-61.8
 10
3.5
 20
-60.7
 10
3.1
 20
-59.7
 10
2.1
 20
-59.3
 10
1.3
 20
-59.6
 10
-61.8
 20
-107.0
 10
-64.8
 20
-94.1
 10
-66.4
 20
-83.0
 10
-67.0
 20
-71.9
 10
-66.5
 20
-61.4
 10
-64.7
 20
-51.6
 10
-63.3
 20
-47.1
 10
-59.1
 20
-38.3
 10
-53.8
 20
-30.3
 10
-47.9
 20
-23.5
 10
-41.6
 20
-18.4
 10
-34.4
 20
-14.8
 10
-26.7
 20
-12.5
 10
-16.1
 20
-11.2
 10
-9.9
 20
-12.2
 10
-4.1
 20
-14.6
 10
8.2
 20
-21.8
 10
13.1
 20
-26.7
 10
13.1
 20
-19.7
 10
15.7
 20
-8.8
 10
17.6
 20
-3.0
 10
20.6
 20
2.6
 10
25.0
 20
7.2
 10
31.0
 20
11.6
 10
38.0
 20
15.5
 10
45.6
 20
18.1
 10
53.7
 20
19.0
 10
67.4
 20
17.7
 10
76.8
 20
15.1
 10
85.6
 20
11.0
 10
93.8
 20
5.3
 10
105.5
 20
-6.1
 10
112.6
 20
-14.9
 10
121.5
 20
-28.6
 10
43.8
 20
-39.7
 10
42.7
 20
-40.6
 10
43.0
 20
-42.1
 10
44.1
 20
-42.5
 10
125.7
 20
-36.2
 10
130.4
 20
-46.3
 10
134.9
 20
-58.2
 10
139.7
 20
-76.9
 10
142.0
 20
-91.3
 10
65.1
 20
-88.2
 10
63.8
 20
-89.1
 10
63.8
 20
-90.2
 10
65.0
 20
-91.0
 10
142.8
 20
-99.0
 10
143.3
 20
-110.5
 10
142.7
 20
-124.1
 10
140.8
 20
-138.3
 10
137.5
 20
-153.8
 10
83.1
 20
-141.4
 10
81.5
 20
-142.2
 10
81.5
 20
-143.3
 10
82.4
 20
-144.1
 10
135.8
 20
-160.4
 10
132.5
 20
-172.0
 10
128.2
 20
-183.4
 10
117.6
 20
-204.5
 10
95.1
 20
-195.6
 10
94.1
 20
-195.6
 10
93.3
 20
-196.3
 10
93.3
 20
-197.4
 10
94.0
 20
-198.1
 10
114.8
 20
-209.7
 10
109.2
 20
-219.3
 10
97.7
 20
-235.9
  0
ENDBLK
  5
321
330
31F
100
AcDbEntity
  8
0
100
AcDbBlockEnd
  0
BLOCK
  5
4BC
330
4BB
100
AcDbEntity
  8
0
100
AcDbBlockBegin
  2
VEG_Sansevieria_PLANTA
 70
0
 10
0.0
 20
0.0
 30
0.0
  3
VEG_Sansevieria_PLANTA
  1

  0
HATCH
  5
4BE
330
4BB
100
AcDbEntity
  8
VEG-RELLENO
 62
7
420
16316146
100
AcDbHatch
 10
0.0
 20
0.0
 30
0.0
210
0.0
220
0.0
230
1.0
  2
SOLID
 70
1
 71
0
 91
7
 92
3
 72
0
 73
1
 93
10
 10
142.4
 20
-26.9
 10
137.3
 20
-46.6
 10
130.0
 20
-64.1
 10
120.6
 20
-80.6
 10
112.3
 20
-91.6
 10
108.1
 20
-80.8
 10
116.9
 20
-67.5
 10
121.1
 20
-59.7
 10
127.8
 20
-43.4
 10
131.7
 20
-29.3
 97
0
 92
3
 72
0
 73
1
 93
18
 10
95.6
 20
-109.0
 10
80.6
 20
-120.6
 10
72.5
 20
-125.6
 10
55.5
 20
-134.0
 10
46.6
 20
-137.3
 10
28.3
 20
-142.2
 10
18.9
 20
-143.8
 10
0.0
 20
-145.0
 10
-18.5
 20
-143.8
 10
-12.0
 20
-134.4
 10
0.0
 20
-135.0
 10
17.6
 20
-133.8
 10
34.9
 20
-130.4
 10
51.7
 20
-124.7
 10
67.5
 20
-116.9
 10
75.0
 20
-112.2
 10
86.9
 20
-103.2
 10
98.9
 20
-105.9
 97
0
 92
3
 72
0
 73
1
 93
18
 10
-46.6
 20
-137.3
 10
-64.1
 20
-130.0
 10
-80.6
 20
-120.6
 10
-95.6
 20
-109.0
 10
-102.5
 20
-102.5
 10
-115.0
 20
-88.3
 10
-125.6
 20
-72.5
 10
-134.0
 20
-55.5
 10
-137.6
 20
-45.5
 10
-126.3
 20
-47.4
 10
-121.1
 20
-59.7
 10
-116.9
 20
-67.5
 10
-107.1
 20
-82.2
 10
-101.5
 20
-89.0
 10
-89.0
 20
-101.5
 10
-75.0
 20
-112.2
 10
-59.7
 20
-121.1
 10
-48.9
 20
-125.8
 97
0
 92
3
 72
0
 73
1
 93
10
 10
-144.9
 20
-3.7
 10
-143.8
 20
18.9
 10
-140.1
 20
37.5
 10
-134.0
 20
55.5
 10
-125.2
 20
73.0
 10
-119.4
 20
62.9
 10
-124.7
 20
51.7
 10
-130.4
 20
34.9
 10
-133.8
 20
17.6
 10
-135.0
 20
0.3
 97
0
 92
3
 72
0
 73
1
 93
7
 10
-103.2
 20
101.8
 10
-88.3
 20
115.0
 10
-80.6
 20
120.6
 10
-68.0
 20
128.0
 10
-67.3
 20
117.0
 10
-82.2
 20
107.1
 10
-92.9
 20
97.8
 97
0
 92
3
 72
0
 73
1
 93
11
 10
-38.9
 20
139.6
 10
-18.9
 20
143.8
 10
0.0
 20
145.0
 10
18.9
 20
143.8
 10
28.3
 20
142.2
 10
41.8
 20
138.8
 10
34.7
 20
130.4
 10
17.6
 20
133.8
 10
0.0
 20
135.0
 10
-17.6
 20
133.8
 10
-31.1
 20
131.3
 97
0
 92
3
 72
0
 73
1
 93
18
 10
69.1
 20
127.4
 10
80.6
 20
120.6
 10
95.6
 20
109.0
 10
109.0
 20
95.6
 10
120.6
 20
80.6
 10
130.0
 20
64.1
 10
137.3
 20
46.6
 10
142.2
 20
28.3
 10
144.2
 20
14.3
 10
133.9
 20
16.6
 10
130.4
 20
34.9
 10
124.7
 20
51.7
 10
116.9
 20
67.5
 10
107.1
 20
82.2
 10
101.5
 20
89.0
 10
89.0
 20
101.5
 10
82.2
 20
107.1
 10
69.6
 20
115.6
 97
0
 75
1
 76
1
 98
0
  0
HATCH
  5
4BF
330
4BB
100
AcDbEntity
  8
VEG-RELLENO
 62
35
420
8019530
100
AcDbHatch
 10
0.0
 20
0.0
 30
0.0
210
0.0
220
0.0
230
1.0
  2
SOLID
 70
1
 71
0
 91
5
 92
3
 72
0
 73
1
 93
13
 10
130.4
 20
-34.9
 10
124.7
 20
-51.7
 10
121.1
 20
-59.7
 10
116.9
 20
-67.5
 10
108.1
 20
-80.8
 10
100.0
 20
-64.4
 10
90.7
 20
-49.6
 10
85.4
 20
-42.6
 10
75.1
 20
-31.8
 10
88.2
 20
-33.2
 10
98.0
 20
-33.3
 10
118.4
 20
-31.6
 10
131.7
 20
-29.3
 97
0
 92
3
 72
0
 73
1
 93
115
 10
86.9
 20
-103.2
 10
75.0
 20
-112.2
 10
59.7
 20
-121.1
 10
51.7
 20
-124.7
 10
34.9
 20
-130.4
 10
17.6
 20
-133.8
 10
8.8
 20
-134.7
 10
0.0
 20
-135.0
 10
-12.0
 20
-134.4
 10
-2.7
 20
-118.6
 10
4.9
 20
-101.6
 10
10.1
 20
-84.2
 10
11.6
 20
-75.6
 10
12.3
 20
-67.4
 10
12.1
 20
-59.6
 10
11.1
 20
-52.4
 10
9.3
 20
-45.8
 10
6.7
 20
-40.1
 10
3.4
 20
-35.3
 10
-0.1
 20
-31.9
 10
3.5
 20
-31.5
 10
6.0
 20
-30.5
 10
7.4
 20
-29.0
 10
7.7
 20
-26.9
 10
6.9
 20
-24.4
 10
2.3
 20
-18.5
 10
-1.4
 20
-15.3
 10
-13.3
 20
-7.8
 10
-9.0
 20
-1.6
 10
-3.1
 20
9.2
 10
-0.5
 20
14.9
 10
3.3
 20
25.9
 10
4.4
 20
30.7
 10
4.8
 20
38.2
 10
4.1
 20
40.6
 10
2.8
 20
41.9
 10
0.5
 20
41.9
 10
2.5
 20
47.2
 10
3.5
 20
53.3
 10
3.7
 20
60.0
 10
3.0
 20
67.3
 10
1.4
 20
75.0
 10
-1.0
 20
83.0
 10
-4.3
 20
91.1
 10
-8.4
 20
99.3
 10
-18.2
 20
115.1
 10
-31.1
 20
131.3
 10
-17.6
 20
133.8
 10
0.0
 20
135.0
 10
17.6
 20
133.8
 10
34.7
 20
130.4
 10
26.3
 20
119.2
 10
17.3
 20
104.3
 10
10.3
 20
88.6
 10
7.9
 20
80.8
 10
6.2
 20
73.1
 10
5.4
 20
65.8
 10
5.4
 20
59.0
 10
6.3
 20
52.7
 10
8.0
 20
47.0
 10
10.4
 20
42.2
 10
13.5
 20
38.2
 10
17.1
 20
35.2
 10
21.3
 20
33.2
 10
25.8
 20
32.3
 10
30.5
 20
32.5
 10
35.4
 20
33.7
 10
40.2
 20
36.1
 10
45.0
 20
39.6
 10
49.5
 20
44.1
 10
53.7
 20
49.5
 10
57.5
 20
55.8
 10
60.8
 20
62.9
 10
65.8
 20
78.8
 10
68.7
 20
96.0
 10
69.6
 20
115.6
 10
82.2
 20
107.1
 10
89.0
 20
101.5
 10
101.5
 20
89.0
 10
112.2
 20
75.0
 10
121.1
 20
59.7
 10
124.7
 20
51.7
 10
130.4
 20
34.9
 10
133.9
 20
16.6
 10
118.0
 20
19.2
 10
97.6
 20
20.5
 10
78.5
 20
19.4
 10
69.9
 20
17.8
 10
62.2
 20
15.6
 10
55.4
 20
12.9
 10
49.7
 20
9.6
 10
45.1
 20
5.9
 10
41.8
 20
1.8
 10
39.8
 20
-2.4
 10
39.2
 20
-6.8
 10
39.9
 20
-11.2
 10
41.1
 20
-13.6
 10
35.0
 20
-13.3
 10
29.4
 20
-14.1
 10
24.3
 20
-15.8
 10
19.8
 20
-18.4
 10
16.1
 20
-21.8
 10
13.3
 20
-26.0
 10
11.4
 20
-30.8
 10
10.5
 20
-36.2
 10
10.6
 20
-41.9
 10
11.9
 20
-47.8
 10
14.2
 20
-53.9
 10
17.5
 20
-60.0
 10
21.9
 20
-66.0
 10
27.1
 20
-71.8
 10
33.2
 20
-77.2
 10
40.0
 20
-82.4
 10
55.1
 20
-91.3
 10
71.1
 20
-98.2
 97
0
 92
3
 72
0
 73
1
 93
32
 10
-48.9
 20
-125.8
 10
-59.7
 20
-121.1
 10
-75.0
 20
-112.2
 10
-82.2
 20
-107.1
 10
-95.5
 20
-95.5
 10
-107.1
 20
-82.2
 10
-112.2
 20
-75.0
 10
-121.1
 20
-59.7
 10
-126.3
 20
-47.4
 10
-110.3
 20
-48.9
 10
-100.6
 20
-49.1
 10
-82.0
 20
-47.5
 10
-73.4
 20
-45.7
 10
-65.6
 20
-43.2
 10
-58.6
 20
-40.2
 10
-52.5
 20
-36.6
 10
-47.5
 20
-32.5
 10
-43.1
 20
-27.2
 10
-42.7
 20
-27.8
 10
-40.8
 20
-28.1
 10
-38.3
 20
-27.3
 10
-35.8
 20
-25.8
 10
-31.0
 20
-34.3
 10
-34.1
 20
-37.1
 10
-38.3
 20
-42.4
 10
-42.0
 20
-48.7
 10
-45.2
 20
-55.8
 10
-47.7
 20
-63.7
 10
-49.7
 20
-72.2
 10
-50.9
 20
-81.1
 10
-51.6
 20
-99.6
 10
-51.1
 20
-108.9
 97
0
 92
3
 72
0
 73
1
 93
30
 10
-135.0
 20
0.3
 10
-133.8
 20
17.6
 10
-130.4
 20
34.9
 10
-124.7
 20
51.7
 10
-119.4
 20
62.9
 10
-110.9
 20
50.1
 10
-105.1
 20
42.7
 10
-92.5
 20
29.4
 10
-85.7
 20
23.8
 10
-78.9
 20
19.1
 10
-72.0
 20
15.2
 10
-65.2
 20
12.4
 10
-58.7
 20
10.7
 10
-50.5
 20
10.1
 10
-49.9
 20
8.6
 10
-48.1
 20
7.6
 10
-45.4
 20
7.5
 10
-40.5
 20
9.0
 10
-37.0
 20
0.5
 10
-41.5
 20
0.8
 10
-44.8
 20
0.4
 10
-46.8
 20
-0.3
 10
-51.1
 20
3.0
 10
-56.8
 20
5.9
 10
-63.5
 20
8.2
 10
-71.0
 20
9.8
 10
-79.2
 20
10.6
 10
-87.9
 20
10.7
 10
-106.5
 20
8.5
 10
-116.0
 20
6.4
 97
0
 92
3
 72
0
 73
1
 93
7
 10
-89.0
 20
101.5
 10
-75.0
 20
112.2
 10
-67.3
 20
117.0
 10
-64.3
 20
95.3
 10
-60.3
 20
79.8
 10
-76.2
 20
89.8
 10
-92.9
 20
97.8
 97
0
 75
1
 76
1
 98
0
  0
HATCH
  5
4C0
330
4BB
100
AcDbEntity
  8
VEG-RELLENO
 62
41
420
14602872
100
AcDbHatch
 10
0.0
 20
0.0
 30
0.0
210
0.0
220
0.0
230
1.0
  2
SOLID
 70
1
 71
0
 91
1
 92
3
 72
0
 73
1
 93
54
 10
41.8
 20
1.8
 10
45.1
 20
5.9
 10
49.7
 20
9.6
 10
55.4
 20
12.9
 10
62.2
 20
15.6
 10
69.9
 20
17.8
 10
78.5
 20
19.4
 10
87.8
 20
20.3
 10
107.7
 20
20.1
 10
128.4
 20
17.6
 10
138.5
 20
15.7
 10
157.6
 20
10.7
 10
180.8
 20
2.4
 10
191.2
 20
-2.2
 10
197.2
 20
-5.7
 10
186.7
 20
-11.4
 10
174.2
 20
-16.8
 10
157.8
 20
-22.6
 10
138.8
 20
-27.9
 10
118.4
 20
-31.6
 10
108.1
 20
-32.8
 10
88.2
 20
-33.2
 10
75.1
 20
-31.8
 10
66.9
 20
-24.9
 10
79.5
 20
-27.4
 10
88.4
 20
-28.2
 10
97.9
 20
-28.3
 10
117.7
 20
-26.7
 10
137.7
 20
-23.0
 10
156.3
 20
-17.9
 10
172.3
 20
-12.2
 10
186.9
 20
-5.7
 10
164.6
 20
3.2
 10
147.1
 20
8.5
 10
137.4
 20
10.8
 10
117.4
 20
14.2
 10
107.4
 20
15.1
 10
88.1
 20
15.3
 10
79.2
 20
14.4
 10
71.1
 20
12.9
 10
63.8
 20
10.9
 10
57.6
 20
8.3
 10
52.5
 20
5.4
 10
48.7
 20
2.3
 10
46.1
 20
-0.8
 10
44.7
 20
-3.9
 10
44.3
 20
-6.8
 10
44.7
 20
-9.6
 10
46.2
 20
-12.7
 10
48.4
 20
-15.3
 10
41.1
 20
-13.6
 10
39.9
 20
-11.2
 10
39.2
 20
-6.8
 10
39.8
 20
-2.4
 97
0
 75
1
 76
1
 98
0
  0
HATCH
  5
4C1
330
4BB
100
AcDbEntity
  8
VEG-RELLENO
 62
115
420
5340764
100
AcDbHatch
 10
0.0
 20
0.0
 30
0.0
210
0.0
220
0.0
230
1.0
  2
SOLID
 70
1
 71
0
 91
1
 92
3
 72
0
 73
1
 93
28
 10
60.6
 20
-20.7
 10
54.0
 20
-17.3
 10
48.4
 20
-15.3
 10
46.2
 20
-12.7
 10
44.7
 20
-9.6
 10
44.3
 20
-6.8
 10
44.7
 20
-3.9
 10
46.1
 20
-0.8
 10
48.7
 20
2.3
 10
52.5
 20
5.4
 10
57.6
 20
8.3
 10
63.8
 20
10.9
 10
71.1
 20
12.9
 10
79.2
 20
14.4
 10
97.5
 20
15.5
 10
107.4
 20
15.1
 10
127.5
 20
12.7
 10
137.4
 20
10.8
 10
156.2
 20
5.9
 10
172.2
 20
0.5
 10
186.9
 20
-5.7
 10
172.3
 20
-12.2
 10
156.3
 20
-17.9
 10
137.7
 20
-23.0
 10
117.7
 20
-26.7
 10
97.9
 20
-28.3
 10
79.5
 20
-27.4
 10
66.9
 20
-24.9
 97
0
 75
1
 76
1
 98
0
  0
HATCH
  5
4C2
330
4BB
100
AcDbEntity
  8
VEG-RELLENO
 62
41
420
14602872
100
AcDbHatch
 10
0.0
 20
0.0
 30
0.0
210
0.0
220
0.0
230
1.0
  2
SOLID
 70
1
 71
0
 91
2
 92
3
 72
0
 73
1
 93
32
 10
13.5
 20
38.2
 10
10.4
 20
42.2
 10
8.0
 20
47.0
 10
6.3
 20
52.7
 10
5.4
 20
59.0
 10
5.4
 20
65.8
 10
6.2
 20
73.1
 10
7.9
 20
80.8
 10
13.5
 20
96.5
 10
21.6
 20
111.9
 10
26.3
 20
119.2
 10
36.5
 20
132.6
 10
51.0
 20
148.2
 10
58.5
 20
154.7
 10
63.6
 20
158.3
 10
66.3
 20
148.1
 10
68.2
 20
136.3
 10
69.5
 20
121.5
 10
69.4
 20
104.7
 10
67.6
 20
87.3
 10
65.8
 20
78.8
 10
60.8
 20
62.9
 10
57.5
 20
55.8
 10
53.7
 20
49.5
 10
49.5
 20
44.1
 10
45.0
 20
39.6
 10
40.2
 20
36.1
 10
35.4
 20
33.7
 10
30.5
 20
32.5
 10
25.8
 20
32.3
 10
21.3
 20
33.2
 10
17.1
 20
35.2
 97
0
 92
2
 72
0
 73
1
 93
30
 10
29.8
 20
37.4
 10
33.6
 20
38.5
 10
37.6
 20
40.4
 10
41.7
 20
43.4
 10
45.7
 20
47.4
 10
49.5
 20
52.4
 10
53.0
 20
58.2
 10
56.1
 20
64.8
 10
61.0
 20
79.9
 10
63.8
 20
96.5
 10
64.7
 20
113.3
 10
63.3
 20
135.7
 10
60.8
 20
150.1
 10
54.5
 20
144.5
 10
45.3
 20
135.1
 10
35.3
 20
123.2
 10
30.5
 20
116.4
 10
21.7
 20
101.9
 10
18.0
 20
94.4
 10
12.7
 20
79.5
 10
11.2
 20
72.3
 10
10.4
 20
65.6
 10
10.4
 20
59.3
 10
11.2
 20
53.7
 10
12.6
 20
48.9
 10
14.6
 20
44.9
 10
17.1
 20
41.7
 10
19.8
 20
39.4
 10
22.9
 20
38.0
 10
26.2
 20
37.3
 97
0
 75
1
 76
1
 98
0
  0
HATCH
  5
4C3
330
4BB
100
AcDbEntity
  8
VEG-RELLENO
 62
115
420
5340764
100
AcDbHatch
 10
0.0
 20
0.0
 30
0.0
210
0.0
220
0.0
230
1.0
  2
SOLID
 70
1
 71
0
 91
1
 92
3
 72
0
 73
1
 93
28
 10
22.9
 20
38.0
 10
19.8
 20
39.4
 10
17.1
 20
41.7
 10
14.6
 20
44.9
 10
12.6
 20
48.9
 10
11.2
 20
53.7
 10
10.4
 20
59.3
 10
10.4
 20
65.6
 10
11.2
 20
72.3
 10
15.0
 20
86.9
 10
21.7
 20
101.9
 10
25.9
 20
109.3
 10
35.3
 20
123.2
 10
50.1
 20
140.2
 10
60.8
 20
150.1
 10
63.3
 20
135.7
 10
64.7
 20
113.3
 10
63.8
 20
96.5
 10
62.6
 20
88.1
 10
58.8
 20
72.1
 10
53.0
 20
58.2
 10
49.5
 20
52.4
 10
45.7
 20
47.4
 10
41.7
 20
43.4
 10
37.6
 20
40.4
 10
33.6
 20
38.5
 10
29.8
 20
37.4
 10
26.2
 20
37.3
 97
0
 75
1
 76
1
 98
0
  0
HATCH
  5
4C4
330
4BB
100
AcDbEntity
  8
VEG-RELLENO
 62
41
420
14602872
100
AcDbHatch
 10
0.0
 20
0.0
 30
0.0
210
0.0
220
0.0
230
1.0
  2
SOLID
 70
1
 71
0
 91
1
 92
3
 72
0
 73
1
 93
40
 10
-62.2
 20
86.1
 10
-65.9
 20
104.5
 10
-67.7
 20
122.3
 10
-67.8
 20
144.9
 10
-66.9
 20
155.4
 10
-65.6
 20
161.7
 10
-60.2
 20
158.2
 10
-51.9
 20
151.7
 10
-35.5
 20
136.2
 10
-23.8
 20
122.6
 10
-18.2
 20
115.1
 10
-8.4
 20
99.3
 10
-1.0
 20
83.0
 10
1.4
 20
75.0
 10
3.0
 20
67.3
 10
3.7
 20
60.0
 10
3.5
 20
53.3
 10
2.5
 20
47.2
 10
0.5
 20
41.9
 10
-1.3
 20
41.2
 10
-5.7
 20
37.4
 10
0.2
 20
46.6
 10
1.4
 20
50.0
 10
1.6
 20
52.7
 10
0.8
 20
54.5
 10
-1.4
 20
55.5
 10
-1.9
 20
66.6
 10
-3.4
 20
73.8
 10
-5.7
 20
81.3
 10
-12.8
 20
96.9
 10
-22.3
 20
112.3
 10
-33.4
 20
126.4
 10
-50.2
 20
143.6
 10
-62.0
 20
153.4
 10
-63.1
 20
138.0
 10
-62.1
 20
114.1
 10
-59.4
 20
96.3
 10
-57.3
 20
87.4
 10
-53.0
 20
74.0
 10
-60.3
 20
79.8
 97
0
 75
1
 76
1
 98
0
  0
HATCH
  5
4C5
330
4BB
100
AcDbEntity
  8
VEG-RELLENO
 62
115
420
5340764
100
AcDbHatch
 10
0.0
 20
0.0
 30
0.0
210
0.0
220
0.0
230
1.0
  2
SOLID
 70
1
 71
0
 91
1
 92
3
 72
0
 73
1
 93
23
 10
-3.7
 20
55.6
 10
-7.2
 20
54.7
 10
-16.0
 20
50.4
 10
-29.4
 20
40.3
 10
-32.8
 20
49.5
 10
-36.5
 20
55.9
 10
-41.2
 20
62.2
 10
-46.8
 20
68.3
 10
-53.0
 20
74.0
 10
-57.3
 20
87.4
 10
-59.4
 20
96.3
 10
-62.1
 20
114.1
 10
-63.1
 20
138.0
 10
-62.0
 20
153.4
 10
-50.2
 20
143.6
 10
-39.1
 20
132.8
 10
-27.7
 20
119.5
 10
-17.3
 20
104.7
 10
-8.9
 20
89.1
 10
-3.4
 20
73.8
 10
-1.9
 20
66.6
 10
-1.3
 20
59.9
 10
-1.4
 20
55.5
 97
0
 75
1
 76
1
 98
0
  0
HATCH
  5
4C6
330
4BB
100
AcDbEntity
  8
VEG-RELLENO
 62
41
420
14602872
100
AcDbHatch
 10
0.0
 20
0.0
 30
0.0
210
0.0
220
0.0
230
1.0
  2
SOLID
 70
1
 71
0
 91
1
 92
3
 72
0
 73
1
 93
49
 10
-50.5
 20
10.1
 10
-58.7
 20
10.7
 10
-65.2
 20
12.4
 10
-72.0
 20
15.2
 10
-78.9
 20
19.1
 10
-85.7
 20
23.8
 10
-92.5
 20
29.4
 10
-105.1
 20
42.7
 10
-116.2
 20
57.8
 10
-125.4
 20
73.3
 10
-134.8
 20
94.0
 10
-138.3
 20
104.0
 10
-139.8
 20
110.4
 10
-128.5
 20
108.9
 10
-116.2
 20
106.0
 10
-101.1
 20
101.1
 10
-84.5
 20
94.1
 10
-68.1
 20
85.1
 10
-60.4
 20
79.9
 10
-53.2
 20
74.3
 10
-46.8
 20
68.3
 10
-41.2
 20
62.2
 10
-36.5
 20
55.9
 10
-32.8
 20
49.5
 10
-30.2
 20
43.2
 10
-29.4
 20
40.3
 10
-33.6
 20
36.4
 10
-34.9
 20
41.7
 10
-37.3
 20
47.3
 10
-40.6
 20
53.1
 10
-45.0
 20
59.0
 10
-50.3
 20
64.8
 10
-63.3
 20
75.8
 10
-78.6
 20
85.4
 10
-94.8
 20
93.2
 10
-117.6
 20
101.1
 10
-133.3
 20
104.7
 10
-127.6
 20
89.6
 10
-120.9
 20
75.6
 10
-112.1
 20
60.5
 10
-101.3
 20
45.9
 10
-89.1
 20
33.1
 10
-82.7
 20
27.8
 10
-76.2
 20
23.3
 10
-69.8
 20
19.8
 10
-63.6
 20
17.2
 10
-57.7
 20
15.6
 10
-49.7
 20
15.2
 10
-50.5
 20
13.1
 97
0
 75
1
 76
1
 98
0
  0
HATCH
  5
4C7
330
4BB
100
AcDbEntity
  8
VEG-RELLENO
 62
115
420
5340764
100
AcDbHatch
 10
0.0
 20
0.0
 30
0.0
210
0.0
220
0.0
230
1.0
  2
SOLID
 70
1
 71
0
 91
1
 92
3
 72
0
 73
1
 93
30
 10
-33.6
 20
36.4
 10
-37.8
 20
32.2
 10
-41.3
 20
34.5
 10
-43.0
 20
34.4
 10
-44.2
 20
33.2
 10
-44.9
 20
30.9
 10
-44.6
 20
24.1
 10
-47.1
 20
20.4
 10
-49.7
 20
15.2
 10
-57.7
 20
15.6
 10
-63.6
 20
17.2
 10
-69.8
 20
19.8
 10
-76.2
 20
23.3
 10
-82.7
 20
27.8
 10
-95.3
 20
39.2
 10
-101.3
 20
45.9
 10
-112.1
 20
60.5
 10
-116.8
 20
68.1
 10
-124.6
 20
82.8
 10
-130.1
 20
95.8
 10
-133.3
 20
104.7
 10
-117.6
 20
101.1
 10
-94.8
 20
93.2
 10
-78.6
 20
85.4
 10
-63.3
 20
75.8
 10
-50.3
 20
64.8
 10
-45.0
 20
59.0
 10
-40.6
 20
53.1
 10
-37.3
 20
47.3
 10
-34.9
 20
41.7
 97
0
 75
1
 76
1
 98
0
  0
HATCH
  5
4C8
330
4BB
100
AcDbEntity
  8
VEG-RELLENO
 62
41
420
14602872
100
AcDbHatch
 10
0.0
 20
0.0
 30
0.0
210
0.0
220
0.0
230
1.0
  2
SOLID
 70
1
 71
0
 91
1
 92
3
 72
0
 73
1
 93
62
 10
-43.1
 20
-27.2
 10
-47.5
 20
-32.5
 10
-52.5
 20
-36.6
 10
-58.6
 20
-40.2
 10
-65.6
 20
-43.2
 10
-73.4
 20
-45.7
 10
-82.0
 20
-47.5
 10
-100.6
 20
-49.1
 10
-120.1
 20
-48.2
 10
-129.8
 20
-46.9
 10
-148.2
 20
-43.2
 10
-170.7
 20
-36.2
 10
-180.9
 20
-32.0
 10
-186.9
 20
-28.8
 10
-177.6
 20
-21.6
 10
-166.5
 20
-14.6
 10
-151.9
 20
-6.9
 10
-134.7
 20
0.4
 10
-116.0
 20
6.4
 10
-106.5
 20
8.5
 10
-87.9
 20
10.7
 10
-79.2
 20
10.6
 10
-71.0
 20
9.8
 10
-63.5
 20
8.2
 10
-56.8
 20
5.9
 10
-51.1
 20
3.0
 10
-46.8
 20
-0.3
 10
-48.6
 20
-2.1
 10
-49.0
 20
-4.1
 10
-48.4
 20
-5.9
 10
-53.8
 20
-1.3
 10
-58.8
 20
1.3
 10
-64.8
 20
3.4
 10
-71.7
 20
4.9
 10
-79.4
 20
5.6
 10
-87.7
 20
5.7
 10
-105.5
 20
3.6
 10
-123.9
 20
-1.1
 10
-141.6
 20
-7.7
 10
-164.0
 20
-19.0
 10
-177.8
 20
-27.9
 10
-169.0
 20
-31.5
 10
-155.1
 20
-36.1
 10
-138.2
 20
-40.3
 10
-129.1
 20
-42.0
 10
-110.1
 20
-43.9
 10
-100.7
 20
-44.1
 10
-82.8
 20
-42.5
 10
-74.7
 20
-40.8
 10
-67.3
 20
-38.5
 10
-60.8
 20
-35.7
 10
-55.4
 20
-32.5
 10
-51.0
 20
-28.9
 10
-47.7
 20
-25.2
 10
-45.6
 20
-21.4
 10
-44.5
 20
-17.8
 10
-44.4
 20
-14.3
 10
-45.4
 20
-10.6
 10
-42.3
 20
-13.7
 10
-44.0
 20
-20.1
 10
-44.3
 20
-23.7
 10
-43.9
 20
-26.3
 97
0
 75
1
 76
1
 98
0
  0
HATCH
  5
4C9
330
4BB
100
AcDbEntity
  8
VEG-RELLENO
 62
115
420
5340764
100
AcDbHatch
 10
0.0
 20
0.0
 30
0.0
210
0.0
220
0.0
230
1.0
  2
SOLID
 70
1
 71
0
 91
1
 92
3
 72
0
 73
1
 93
29
 10
-49.9
 20
-4.3
 10
-45.3
 20
-10.9
 10
-44.4
 20
-14.3
 10
-44.5
 20
-17.8
 10
-45.6
 20
-21.4
 10
-47.7
 20
-25.2
 10
-51.0
 20
-28.9
 10
-55.4
 20
-32.5
 10
-60.8
 20
-35.7
 10
-67.3
 20
-38.5
 10
-74.7
 20
-40.8
 10
-82.8
 20
-42.5
 10
-100.7
 20
-44.1
 10
-110.1
 20
-43.9
 10
-129.1
 20
-42.0
 10
-138.2
 20
-40.3
 10
-155.1
 20
-36.1
 10
-169.0
 20
-31.5
 10
-177.8
 20
-27.9
 10
-164.0
 20
-19.0
 10
-141.6
 20
-7.7
 10
-123.9
 20
-1.1
 10
-105.5
 20
3.6
 10
-87.7
 20
5.7
 10
-79.4
 20
5.6
 10
-71.7
 20
4.9
 10
-64.8
 20
3.4
 10
-58.8
 20
1.3
 10
-53.8
 20
-1.3
 97
0
 75
1
 76
1
 98
0
  0
HATCH
  5
4CA
330
4BB
100
AcDbEntity
  8
VEG-RELLENO
 62
41
420
14602872
100
AcDbHatch
 10
0.0
 20
0.0
 30
0.0
210
0.0
220
0.0
230
1.0
  2
SOLID
 70
1
 71
0
 91
1
 92
3
 72
0
 73
1
 93
62
 10
3.4
 20
-35.3
 10
6.7
 20
-40.1
 10
9.3
 20
-45.8
 10
11.1
 20
-52.4
 10
12.1
 20
-59.6
 10
12.3
 20
-67.4
 10
11.6
 20
-75.6
 10
10.1
 20
-84.2
 10
7.8
 20
-92.9
 10
1.3
 20
-110.2
 10
-2.7
 20
-118.6
 10
-11.7
 20
-134.0
 10
-25.1
 20
-152.3
 10
-32.2
 20
-160.2
 10
-37.1
 20
-164.6
 10
-41.6
 20
-154.1
 10
-45.3
 20
-142.0
 10
-48.8
 20
-126.6
 10
-51.1
 20
-108.9
 10
-51.6
 20
-90.3
 10
-50.9
 20
-81.1
 10
-49.7
 20
-72.2
 10
-47.7
 20
-63.7
 10
-45.2
 20
-55.8
 10
-42.0
 20
-48.7
 10
-38.3
 20
-42.4
 10
-34.1
 20
-37.1
 10
-31.0
 20
-34.3
 10
-28.1
 20
-38.4
 10
-34.2
 20
-45.3
 10
-37.6
 20
-51.0
 10
-40.5
 20
-57.6
 10
-42.9
 20
-65.0
 10
-44.7
 20
-73.1
 10
-46.6
 20
-90.5
 10
-46.1
 20
-108.5
 10
-43.8
 20
-125.7
 10
-40.5
 20
-140.8
 10
-35.5
 20
-156.3
 10
-29.0
 20
-149.1
 10
-20.4
 20
-137.9
 10
-11.4
 20
-124.0
 10
-7.2
 20
-116.3
 10
0.2
 20
-99.9
 10
3.0
 20
-91.4
 10
6.6
 20
-75.0
 10
7.3
 20
-67.2
 10
8.1
 20
-66.9
 10
8.8
 20
-65.4
 10
8.7
 20
-63.0
 10
6.9
 20
-58.2
 10
6.2
 20
-53.4
 10
4.6
 20
-47.5
 10
2.3
 20
-42.6
 10
-0.4
 20
-38.6
 10
-3.5
 20
-35.5
 10
-6.9
 20
-33.4
 10
-10.5
 20
-32.2
 10
-13.2
 20
-32.0
 10
-17.5
 20
-28.0
 10
-8.8
 20
-30.7
 10
-0.1
 20
-31.9
 97
0
 75
1
 76
1
 98
0
  0
HATCH
  5
4CB
330
4BB
100
AcDbEntity
  8
VEG-RELLENO
 62
115
420
5340764
100
AcDbHatch
 10
0.0
 20
0.0
 30
0.0
210
0.0
220
0.0
230
1.0
  2
SOLID
 70
1
 71
0
 91
2
 92
3
 72
0
 73
1
 93
23
 10
-28.1
 20
-38.4
 10
-15.7
 20
-52.7
 10
-6.8
 20
-60.6
 10
1.0
 20
-65.8
 10
4.1
 20
-67.2
 10
7.3
 20
-67.2
 10
6.6
 20
-75.0
 10
3.0
 20
-91.4
 10
0.2
 20
-99.9
 10
-7.2
 20
-116.3
 10
-11.4
 20
-124.0
 10
-20.4
 20
-137.9
 10
-29.0
 20
-149.1
 10
-35.5
 20
-156.3
 10
-40.5
 20
-140.8
 10
-43.8
 20
-125.7
 10
-45.2
 20
-117.3
 10
-46.6
 20
-99.5
 10
-46.0
 20
-81.6
 10
-42.9
 20
-65.0
 10
-40.5
 20
-57.6
 10
-37.6
 20
-51.0
 10
-34.2
 20
-45.3
 97
0
 92
3
 72
0
 73
1
 93
11
 10
5.8
 20
-55.9
 10
-4.0
 20
-42.0
 10
-13.2
 20
-32.0
 10
-10.5
 20
-32.2
 10
-6.9
 20
-33.4
 10
-3.5
 20
-35.5
 10
-0.4
 20
-38.6
 10
2.3
 20
-42.6
 10
4.6
 20
-47.5
 10
6.2
 20
-53.4
 10
6.9
 20
-58.2
 97
0
 75
1
 76
1
 98
0
  0
HATCH
  5
4CC
330
4BB
100
AcDbEntity
  8
VEG-RELLENO
 62
41
420
14602872
100
AcDbHatch
 10
0.0
 20
0.0
 30
0.0
210
0.0
220
0.0
230
1.0
  2
SOLID
 70
1
 71
0
 91
2
 92
3
 72
0
 73
1
 93
34
 10
24.3
 20
-15.8
 10
29.4
 20
-14.1
 10
35.0
 20
-13.3
 10
41.1
 20
-13.6
 10
47.5
 20
-15.0
 10
54.0
 20
-17.3
 10
60.6
 20
-20.7
 10
67.1
 20
-25.0
 10
73.5
 20
-30.2
 10
79.6
 20
-36.1
 10
90.7
 20
-49.6
 10
95.6
 20
-56.9
 10
103.9
 20
-71.7
 10
112.3
 20
-91.7
 10
115.3
 20
-101.5
 10
116.6
 20
-107.8
 10
105.6
 20
-107.0
 10
93.6
 20
-104.9
 10
79.0
 20
-100.9
 10
63.0
 20
-95.0
 10
47.3
 20
-87.1
 10
40.0
 20
-82.4
 10
33.2
 20
-77.2
 10
27.1
 20
-71.8
 10
21.9
 20
-66.0
 10
17.5
 20
-60.0
 10
14.2
 20
-53.9
 10
11.9
 20
-47.8
 10
10.6
 20
-41.9
 10
10.5
 20
-36.2
 10
11.4
 20
-30.8
 10
13.3
 20
-26.0
 10
16.1
 20
-21.8
 10
19.8
 20
-18.4
 97
0
 92
2
 72
0
 73
1
 93
31
 10
16.2
 20
-32.2
 10
15.5
 20
-36.5
 10
15.6
 20
-41.3
 10
16.7
 20
-46.4
 10
18.7
 20
-51.8
 10
21.7
 20
-57.3
 10
25.7
 20
-62.8
 10
30.6
 20
-68.2
 10
42.8
 20
-78.3
 10
57.3
 20
-86.8
 10
72.8
 20
-93.5
 10
80.5
 20
-96.1
 10
94.7
 20
-100.0
 10
110.4
 20
-102.6
 10
107.6
 20
-93.4
 10
102.7
 20
-80.9
 10
95.7
 20
-66.8
 10
91.4
 20
-59.6
 10
81.5
 20
-45.8
 10
76.0
 20
-39.5
 10
64.2
 20
-29.1
 10
58.1
 20
-25.0
 10
52.0
 20
-21.9
 10
46.1
 20
-19.8
 10
40.5
 20
-18.6
 10
35.2
 20
-18.4
 10
30.5
 20
-19.0
 10
26.4
 20
-20.3
 10
22.8
 20
-22.4
 10
19.9
 20
-25.1
 10
17.7
 20
-28.4
 97
0
 75
1
 76
1
 98
0
  0
HATCH
  5
4CD
330
4BB
100
AcDbEntity
  8
VEG-RELLENO
 62
115
420
5340764
100
AcDbHatch
 10
0.0
 20
0.0
 30
0.0
210
0.0
220
0.0
230
1.0
  2
SOLID
 70
1
 71
0
 91
1
 92
3
 72
0
 73
1
 93
32
 10
19.9
 20
-25.1
 10
22.8
 20
-22.4
 10
26.4
 20
-20.3
 10
30.5
 20
-19.0
 10
35.2
 20
-18.4
 10
40.5
 20
-18.6
 10
46.1
 20
-19.8
 10
52.0
 20
-21.9
 10
58.1
 20
-25.0
 10
64.2
 20
-29.1
 10
70.2
 20
-33.9
 10
81.5
 20
-45.8
 10
86.7
 20
-52.5
 10
95.7
 20
-66.8
 10
99.5
 20
-74.0
 10
105.4
 20
-87.5
 10
110.4
 20
-102.6
 10
94.7
 20
-100.0
 10
80.5
 20
-96.1
 10
72.8
 20
-93.5
 10
57.3
 20
-86.8
 10
49.9
 20
-82.7
 10
36.4
 20
-73.4
 10
30.6
 20
-68.2
 10
25.7
 20
-62.8
 10
21.7
 20
-57.3
 10
18.7
 20
-51.8
 10
16.7
 20
-46.4
 10
15.6
 20
-41.3
 10
15.5
 20
-36.5
 10
16.2
 20
-32.2
 10
17.7
 20
-28.4
 97
0
 75
1
 76
1
 98
0
  0
HATCH
  5
4CE
330
4BB
100
AcDbEntity
  8
VEG-RELLENO
 62
41
420
14602872
100
AcDbHatch
 10
0.0
 20
0.0
 30
0.0
210
0.0
220
0.0
230
1.0
  2
SOLID
 70
1
 71
0
 91
1
 92
3
 72
0
 73
1
 93
22
 10
-10.4
 20
31.7
 10
-5.7
 20
37.4
 10
-1.3
 20
41.2
 10
0.9
 20
42.1
 10
2.8
 20
41.9
 10
4.1
 20
40.6
 10
4.8
 20
38.2
 10
4.9
 20
34.9
 10
4.4
 20
30.7
 10
1.6
 20
20.5
 10
-5.9
 20
3.6
 10
-13.3
 20
-7.8
 10
-16.0
 20
-6.4
 10
-8.6
 20
5.1
 10
-3.3
 20
16.0
 10
-1.2
 20
21.5
 10
1.4
 20
31.2
 10
1.9
 20
35.0
 10
1.4
 20
39.0
 10
-2.0
 20
36.9
 10
-6.6
 20
31.7
 10
-8.7
 20
32.2
 97
0
 75
1
 76
1
 98
0
  0
HATCH
  5
4CF
330
4BB
100
AcDbEntity
  8
VEG-RELLENO
 62
105
420
4617810
100
AcDbHatch
 10
0.0
 20
0.0
 30
0.0
210
0.0
220
0.0
230
1.0
  2
SOLID
 70
1
 71
0
 91
1
 92
3
 72
0
 73
1
 93
16
 10
-16.2
 20
-6.3
 10
-17.8
 20
-5.6
 10
-18.1
 20
-4.6
 10
-10.6
 20
9.1
 10
-6.5
 20
19.8
 10
-5.1
 20
27.8
 10
-5.6
 20
30.4
 10
-6.6
 20
31.7
 10
-2.0
 20
36.9
 10
1.4
 20
39.0
 10
1.9
 20
35.0
 10
1.4
 20
31.2
 10
-1.2
 20
21.5
 10
-3.3
 20
16.0
 10
-8.6
 20
5.1
 10
-11.5
 20
0.0
 97
0
 75
1
 76
1
 98
0
  0
HATCH
  5
4D0
330
4BB
100
AcDbEntity
  8
VEG-RELLENO
 62
41
420
14602872
100
AcDbHatch
 10
0.0
 20
0.0
 30
0.0
210
0.0
220
0.0
230
1.0
  2
SOLID
 70
1
 71
0
 91
2
 92
3
 72
0
 73
1
 93
12
 10
-44.3
 20
-23.7
 10
-44.0
 20
-20.1
 10
-42.3
 20
-13.7
 10
-39.8
 20
-15.8
 10
-41.0
 20
-20.6
 10
-41.0
 20
-25.0
 10
-36.8
 20
-22.8
 10
-35.8
 20
-25.8
 10
-38.3
 20
-27.3
 10
-40.8
 20
-28.1
 10
-42.7
 20
-27.8
 10
-43.9
 20
-26.3
 97
0
 92
3
 72
0
 73
1
 93
15
 10
-6.8
 20
31.9
 10
-5.6
 20
30.4
 10
-5.1
 20
27.8
 10
-6.5
 20
19.8
 10
-10.6
 20
9.1
 10
-18.1
 20
-4.6
 10
-19.3
 20
-0.8
 10
-11.0
 20
15.8
 10
-8.4
 20
24.7
 10
-8.4
 20
29.1
 10
-12.4
 20
27.1
 10
-20.0
 20
19.4
 10
-19.8
 20
22.7
 10
-10.6
 20
31.6
 10
-8.7
 20
32.2
 97
0
 75
1
 76
1
 98
0
  0
HATCH
  5
4D1
330
4BB
100
AcDbEntity
  8
VEG-RELLENO
 62
105
420
4617810
100
AcDbHatch
 10
0.0
 20
0.0
 30
0.0
210
0.0
220
0.0
230
1.0
  2
SOLID
 70
1
 71
0
 91
2
 92
3
 72
0
 73
1
 93
6
 10
-36.4
 20
-18.2
 10
-37.2
 20
-19.8
 10
-36.8
 20
-22.8
 10
-41.0
 20
-25.0
 10
-41.0
 20
-20.6
 10
-39.8
 20
-15.8
 97
0
 92
3
 72
0
 73
1
 93
7
 10
-19.3
 20
-0.8
 10
-21.6
 20
5.5
 10
-20.0
 20
19.4
 10
-12.4
 20
27.1
 10
-8.4
 20
29.1
 10
-8.4
 20
24.7
 10
-11.0
 20
15.8
 97
0
 75
1
 76
1
 98
0
  0
HATCH
  5
4D2
330
4BB
100
AcDbEntity
  8
VEG-RELLENO
 62
41
420
14602872
100
AcDbHatch
 10
0.0
 20
0.0
 30
0.0
210
0.0
220
0.0
230
1.0
  2
SOLID
 70
1
 71
0
 91
2
 92
3
 72
0
 73
1
 93
24
 10
3.5
 20
-31.5
 10
-4.0
 20
-31.6
 10
-8.8
 20
-30.7
 10
-17.5
 20
-28.0
 10
-25.7
 20
-21.5
 10
-29.5
 20
-19.3
 10
-18.4
 20
-24.5
 10
-8.1
 20
-27.8
 10
0.1
 20
-28.9
 10
2.8
 20
-28.6
 10
4.5
 20
-27.6
 10
4.2
 20
-25.7
 10
2.7
 20
-23.4
 10
-3.2
 20
-17.7
 10
-7.5
 20
-14.6
 10
-16.8
 20
-9.3
 10
-17.8
 20
-5.6
 10
-5.8
 20
-12.1
 10
2.3
 20
-18.5
 10
5.1
 20
-21.6
 10
6.9
 20
-24.4
 10
7.7
 20
-26.9
 10
7.4
 20
-29.0
 10
6.0
 20
-30.5
 97
0
 92
3
 72
0
 73
1
 93
19
 10
-39.9
 20
-15.8
 10
-46.4
 20
-9.5
 10
-48.2
 20
-6.6
 10
-49.0
 20
-4.1
 10
-48.6
 20
-2.1
 10
-47.2
 20
-0.5
 10
-44.8
 20
0.4
 10
-41.5
 20
0.8
 10
-36.9
 20
0.3
 10
-36.9
 20
-2.6
 10
-41.4
 20
-2.2
 10
-44.1
 20
-2.5
 10
-45.8
 20
-3.4
 10
-45.5
 20
-5.4
 10
-44.0
 20
-7.6
 10
-41.5
 20
-10.4
 10
-36.3
 20
-14.7
 10
-35.5
 20
-17.9
 10
-36.4
 20
-18.2
 97
0
 75
1
 76
1
 98
0
  0
HATCH
  5
4D3
330
4BB
100
AcDbEntity
  8
VEG-RELLENO
 62
105
420
4617810
100
AcDbHatch
 10
0.0
 20
0.0
 30
0.0
210
0.0
220
0.0
230
1.0
  2
SOLID
 70
1
 71
0
 91
2
 92
3
 72
0
 73
1
 93
19
 10
-29.4
 20
-19.1
 10
-27.6
 20
-16.0
 10
-23.9
 20
-20.7
 10
-21.4
 20
-22.8
 10
-19.3
 20
-23.9
 10
-17.6
 20
-23.8
 10
-16.4
 20
-22.6
 10
-15.7
 20
-20.3
 10
-15.6
 20
-17.1
 10
-16.8
 20
-9.3
 10
-7.5
 20
-14.6
 10
-3.2
 20
-17.7
 10
2.7
 20
-23.4
 10
4.2
 20
-25.7
 10
4.5
 20
-27.6
 10
2.8
 20
-28.6
 10
-3.6
 20
-28.6
 10
-13.1
 20
-26.4
 10
-23.8
 20
-22.1
 97
0
 92
3
 72
0
 73
1
 93
8
 10
-36.9
 20
-2.6
 10
-36.3
 20
-14.7
 10
-41.5
 20
-10.4
 10
-44.0
 20
-7.6
 10
-45.5
 20
-5.4
 10
-45.8
 20
-3.4
 10
-44.1
 20
-2.5
 10
-41.4
 20
-2.2
 97
0
 75
1
 76
1
 98
0
  0
HATCH
  5
4D4
330
4BB
100
AcDbEntity
  8
VEG-RELLENO
 62
41
420
14602872
100
AcDbHatch
 10
0.0
 20
0.0
 30
0.0
210
0.0
220
0.0
230
1.0
  2
SOLID
 70
1
 71
0
 91
1
 92
3
 72
0
 73
1
 93
31
 10
4.1
 20
-67.2
 10
-2.7
 20
-63.6
 10
-11.2
 20
-56.9
 10
-24.4
 20
-43.2
 10
-34.1
 20
-29.2
 10
-37.0
 20
-22.2
 10
-37.2
 20
-19.8
 10
-36.4
 20
-18.2
 10
-35.5
 20
-17.9
 10
-33.9
 20
-20.8
 10
-33.2
 20
-24.3
 10
-29.0
 20
-32.0
 10
-17.9
 20
-46.0
 10
-4.9
 20
-58.3
 10
2.4
 20
-63.2
 10
5.8
 20
-64.4
 10
4.9
 20
-60.9
 10
0.6
 20
-53.2
 10
-10.4
 20
-39.2
 10
-23.4
 20
-26.9
 10
-32.2
 20
-21.4
 10
-31.2
 20
-21.1
 10
-29.5
 20
-19.3
 10
-25.7
 20
-21.5
 10
-12.7
 20
-32.5
 10
-4.0
 20
-42.0
 10
5.8
 20
-55.9
 10
8.7
 20
-63.0
 10
8.8
 20
-65.4
 10
8.1
 20
-66.9
 10
6.5
 20
-67.5
 97
0
 75
1
 76
1
 98
0
  0
HATCH
  5
4D5
330
4BB
100
AcDbEntity
  8
VEG-RELLENO
 62
105
420
4617810
100
AcDbHatch
 10
0.0
 20
0.0
 30
0.0
210
0.0
220
0.0
230
1.0
  2
SOLID
 70
1
 71
0
 91
1
 92
3
 72
0
 73
1
 93
12
 10
-34.1
 20
-20.8
 10
-30.7
 20
-22.0
 10
-23.4
 20
-26.9
 10
-10.4
 20
-39.2
 10
0.6
 20
-53.2
 10
4.9
 20
-60.9
 10
5.8
 20
-64.4
 10
2.4
 20
-63.2
 10
-4.9
 20
-58.3
 10
-17.9
 20
-46.0
 10
-29.0
 20
-32.0
 10
-33.2
 20
-24.3
 97
0
 75
1
 76
1
 98
0
  0
HATCH
  5
4D6
330
4BB
100
AcDbEntity
  8
VEG-RELLENO
 62
41
420
14602872
100
AcDbHatch
 10
0.0
 20
0.0
 30
0.0
210
0.0
220
0.0
230
1.0
  2
SOLID
 70
1
 71
0
 91
2
 92
3
 72
0
 73
1
 93
12
 10
-35.3
 20
-18.7
 10
-36.7
 20
-11.3
 10
-36.9
 20
0.3
 10
-34.0
 20
-5.6
 10
-33.2
 20
-14.9
 10
-32.3
 20
-17.9
 10
-29.7
 20
-13.1
 10
-27.6
 20
-16.0
 10
-29.6
 20
-19.4
 10
-31.2
 20
-21.1
 10
-32.8
 20
-21.5
 10
-34.1
 20
-20.7
 97
0
 92
3
 72
0
 73
1
 93
4
 10
-19.8
 20
22.7
 10
-21.6
 20
5.5
 10
-23.9
 20
10.7
 10
-23.0
 20
20.0
 97
0
 75
1
 76
1
 98
0
  0
HATCH
  5
4D7
330
4BB
100
AcDbEntity
  8
VEG-RELLENO
 62
105
420
4617810
100
AcDbHatch
 10
0.0
 20
0.0
 30
0.0
210
0.0
220
0.0
230
1.0
  2
SOLID
 70
1
 71
0
 91
2
 92
3
 72
0
 73
1
 93
4
 10
-34.0
 20
-5.6
 10
-29.7
 20
-13.1
 10
-32.3
 20
-17.9
 10
-33.2
 20
-14.9
 97
0
 92
3
 72
0
 73
1
 93
3
 10
-23.9
 20
10.7
 10
-27.0
 20
16.9
 10
-23.0
 20
20.0
 97
0
 75
1
 76
1
 98
0
  0
HATCH
  5
4D8
330
4BB
100
AcDbEntity
  8
VEG-RELLENO
 62
41
420
14602872
100
AcDbHatch
 10
0.0
 20
0.0
 30
0.0
210
0.0
220
0.0
230
1.0
  2
SOLID
 70
1
 71
0
 91
2
 92
3
 72
0
 73
1
 93
13
 10
-50.5
 20
13.1
 10
-49.3
 20
16.5
 10
-44.6
 20
24.1
 10
-43.8
 20
20.0
 10
-46.5
 20
15.3
 10
-47.6
 20
10.9
 10
-45.8
 20
10.5
 10
-41.5
 20
11.9
 10
-40.5
 20
9.0
 10
-45.4
 20
7.5
 10
-48.1
 20
7.6
 10
-49.9
 20
8.6
 10
-50.7
 20
10.4
 97
0
 92
3
 72
0
 73
1
 93
25
 10
-31.2
 20
38.8
 10
-21.0
 20
47.1
 10
-11.3
 20
52.9
 10
-3.7
 20
55.6
 10
-1.0
 20
55.5
 10
0.8
 20
54.5
 10
1.6
 20
52.7
 10
1.4
 20
50.0
 10
-2.0
 20
42.7
 10
-5.0
 20
38.3
 10
-13.1
 20
28.9
 10
-27.0
 20
16.9
 10
-28.4
 20
19.6
 10
-20.0
 20
26.5
 10
-11.0
 20
35.6
 10
-4.6
 20
44.2
 10
-2.6
 20
47.8
 10
-1.6
 20
50.6
 10
-1.6
 20
52.4
 10
-3.4
 20
52.5
 10
-6.2
 20
51.8
 10
-14.4
 20
47.8
 10
-24.2
 20
40.8
 10
-35.7
 20
30.1
 10
-37.8
 20
32.2
 97
0
 75
1
 76
1
 98
0
  0
HATCH
  5
4D9
330
4BB
100
AcDbEntity
  8
VEG-RELLENO
 62
105
420
4617810
100
AcDbHatch
 10
0.0
 20
0.0
 30
0.0
210
0.0
220
0.0
230
1.0
  2
SOLID
 70
1
 71
0
 91
2
 92
3
 72
0
 73
1
 93
6
 10
-43.8
 20
20.0
 10
-41.5
 20
11.9
 10
-45.8
 20
10.5
 10
-47.3
 20
10.6
 10
-47.5
 20
12.5
 10
-46.5
 20
15.3
 97
0
 92
3
 72
0
 73
1
 93
13
 10
-28.4
 20
19.6
 10
-35.7
 20
30.1
 10
-29.1
 20
36.6
 10
-24.2
 20
40.8
 10
-14.4
 20
47.8
 10
-6.2
 20
51.8
 10
-3.4
 20
52.5
 10
-1.6
 20
52.4
 10
-1.6
 20
50.6
 10
-2.6
 20
47.8
 10
-7.4
 20
40.1
 10
-15.3
 20
31.0
 10
-20.0
 20
26.5
 97
0
 75
1
 76
1
 98
0
  0
HATCH
  5
4DA
330
4BB
100
AcDbEntity
  8
VEG-RELLENO
 62
41
420
14602872
100
AcDbHatch
 10
0.0
 20
0.0
 30
0.0
210
0.0
220
0.0
230
1.0
  2
SOLID
 70
1
 71
0
 91
2
 92
3
 72
0
 73
1
 93
18
 10
-21.4
 20
-22.8
 10
-26.6
 20
-17.6
 10
-32.3
 20
-8.8
 10
-40.1
 20
7.8
 10
-44.5
 20
23.6
 10
-44.9
 20
30.9
 10
-44.2
 20
33.2
 10
-43.0
 20
34.4
 10
-41.3
 20
34.5
 10
-39.2
 20
33.4
 10
-34.0
 20
28.2
 10
-28.3
 20
19.4
 10
-20.5
 20
2.8
 10
-16.1
 20
-13.0
 10
-15.7
 20
-20.3
 10
-16.4
 20
-22.6
 10
-17.6
 20
-23.8
 10
-19.3
 20
-23.9
 97
0
 92
2
 72
0
 73
1
 93
14
 10
-42.0
 20
27.8
 10
-40.6
 20
19.5
 10
-39.2
 20
14.3
 10
-32.4
 20
-2.2
 10
-24.2
 20
-15.7
 10
-21.7
 20
-18.6
 10
-18.9
 20
-20.7
 10
-18.6
 20
-17.2
 10
-20.0
 20
-8.9
 10
-23.3
 20
1.8
 10
-28.2
 20
12.8
 10
-36.4
 20
26.3
 10
-38.9
 20
29.2
 10
-41.6
 20
31.3
 97
0
 75
1
 76
1
 98
0
  0
HATCH
  5
4DB
330
4BB
100
AcDbEntity
  8
VEG-RELLENO
 62
105
420
4617810
100
AcDbHatch
 10
0.0
 20
0.0
 30
0.0
210
0.0
220
0.0
230
1.0
  2
SOLID
 70
1
 71
0
 91
1
 92
3
 72
0
 73
1
 93
12
 10
-41.6
 20
31.3
 10
-38.9
 20
29.2
 10
-33.7
 20
22.5
 10
-25.6
 20
7.4
 10
-20.0
 20
-8.9
 10
-18.6
 20
-17.2
 10
-18.9
 20
-20.7
 10
-21.7
 20
-18.6
 10
-26.9
 20
-11.9
 10
-35.0
 20
3.3
 10
-40.6
 20
19.5
 10
-42.0
 20
27.8
 97
0
 75
1
 76
1
 98
0
  0
LWPOLYLINE
  5
4DC
330
4BB
100
AcDbEntity
  8
VEG-MACETA
100
AcDbPolyline
 90
6
 70
0
 10
-144.9
 20
-3.7
 10
-144.7
 20
9.5
 10
-143.8
 20
18.9
 10
-140.1
 20
37.5
 10
-134.0
 20
55.5
 10
-125.2
 20
73.0
  0
LWPOLYLINE
  5
4DD
330
4BB
100
AcDbEntity
  8
VEG-MACETA
100
AcDbPolyline
 90
9
 70
0
 10
-46.5
 20
-137.4
 10
-55.5
 20
-134.0
 10
-72.5
 20
-125.6
 10
-88.3
 20
-115.0
 10
-102.5
 20
-102.5
 10
-115.0
 20
-88.3
 10
-125.6
 20
-72.5
 10
-134.0
 20
-55.5
 10
-137.6
 20
-45.5
  0
LWPOLYLINE
  5
4DE
330
4BB
100
AcDbEntity
  8
VEG-MACETA
100
AcDbPolyline
 90
5
 70
0
 10
-103.2
 20
101.8
 10
-95.6
 20
109.0
 10
-88.3
 20
115.0
 10
-80.6
 20
120.6
 10
-68.0
 20
128.0
  0
LWPOLYLINE
  5
4DF
330
4BB
100
AcDbEntity
  8
VEG-MACETA
100
AcDbPolyline
 90
7
 70
0
 10
-38.9
 20
139.6
 10
-28.3
 20
142.2
 10
-18.9
 20
143.8
 10
0.0
 20
145.0
 10
18.9
 20
143.8
 10
28.3
 20
142.2
 10
41.8
 20
138.8
  0
LWPOLYLINE
  5
4E0
330
4BB
100
AcDbEntity
  8
VEG-MACETA
100
AcDbPolyline
 90
9
 70
0
 10
98.9
 20
-105.9
 10
88.3
 20
-115.0
 10
72.5
 20
-125.6
 10
55.5
 20
-134.0
 10
46.6
 20
-137.3
 10
28.3
 20
-142.2
 10
18.9
 20
-143.8
 10
0.0
 20
-145.0
 10
-18.5
 20
-143.8
  0
LWPOLYLINE
  5
4E1
330
4BB
100
AcDbEntity
  8
VEG-MACETA
100
AcDbPolyline
 90
9
 70
0
 10
69.1
 20
127.4
 10
80.6
 20
120.6
 10
95.6
 20
109.0
 10
109.0
 20
95.6
 10
120.6
 20
80.6
 10
130.0
 20
64.1
 10
137.3
 20
46.6
 10
142.2
 20
28.3
 10
144.2
 20
14.3
  0
LWPOLYLINE
  5
4E2
330
4BB
100
AcDbEntity
  8
VEG-MACETA
100
AcDbPolyline
 90
6
 70
0
 10
142.4
 20
-26.9
 10
140.1
 20
-37.5
 10
137.3
 20
-46.6
 10
130.0
 20
-64.1
 10
120.6
 20
-80.6
 10
112.3
 20
-91.6
  0
LWPOLYLINE
  5
4E3
330
4BB
100
AcDbEntity
  8
VEG-MACETA
100
AcDbPolyline
 90
5
 70
0
 10
-135.0
 20
0.3
 10
-133.8
 20
17.6
 10
-130.4
 20
34.9
 10
-124.7
 20
51.7
 10
-119.4
 20
62.9
  0
LWPOLYLINE
  5
4E4
330
4BB
100
AcDbEntity
  8
VEG-MACETA
100
AcDbPolyline
 90
9
 70
0
 10
-48.9
 20
-125.8
 10
-59.7
 20
-121.1
 10
-75.0
 20
-112.2
 10
-82.2
 20
-107.1
 10
-95.5
 20
-95.5
 10
-107.1
 20
-82.2
 10
-112.2
 20
-75.0
 10
-121.1
 20
-59.7
 10
-126.3
 20
-47.4
  0
LWPOLYLINE
  5
4E5
330
4BB
100
AcDbEntity
  8
VEG-MACETA
100
AcDbPolyline
 90
3
 70
0
 10
-92.9
 20
97.8
 10
-82.2
 20
107.1
 10
-67.3
 20
117.0
  0
LWPOLYLINE
  5
4E6
330
4BB
100
AcDbEntity
  8
VEG-MACETA
100
AcDbPolyline
 90
5
 70
0
 10
-31.1
 20
131.3
 10
-17.6
 20
133.8
 10
0.0
 20
135.0
 10
17.6
 20
133.8
 10
34.7
 20
130.4
  0
LWPOLYLINE
  5
4E7
330
4BB
100
AcDbEntity
  8
VEG-MACETA
100
AcDbPolyline
 90
9
 70
0
 10
86.9
 20
-103.2
 10
75.0
 20
-112.2
 10
67.5
 20
-116.9
 10
51.7
 20
-124.7
 10
43.4
 20
-127.8
 10
34.9
 20
-130.4
 10
17.6
 20
-133.8
 10
0.0
 20
-135.0
 10
-12.0
 20
-134.4
  0
LWPOLYLINE
  5
4E8
330
4BB
100
AcDbEntity
  8
VEG-MACETA
100
AcDbPolyline
 90
9
 70
0
 10
69.6
 20
115.6
 10
82.2
 20
107.1
 10
95.5
 20
95.5
 10
101.5
 20
89.0
 10
112.2
 20
75.0
 10
121.1
 20
59.7
 10
127.8
 20
43.4
 10
132.4
 20
26.3
 10
133.9
 20
16.6
  0
LWPOLYLINE
  5
4E9
330
4BB
100
AcDbEntity
  8
VEG-MACETA
100
AcDbPolyline
 90
5
 70
0
 10
131.7
 20
-29.3
 10
127.8
 20
-43.4
 10
121.1
 20
-59.7
 10
116.9
 20
-67.5
 10
108.1
 20
-80.8
  0
LWPOLYLINE
  5
4EA
330
4BB
100
AcDbEntity
  8
VEG-HOJAS
100
AcDbPolyline
 90
27
 70
0
 10
41.1
 20
-13.6
 10
39.9
 20
-11.2
 10
39.2
 20
-6.8
 10
39.8
 20
-2.4
 10
41.8
 20
1.8
 10
45.1
 20
5.9
 10
49.7
 20
9.6
 10
55.4
 20
12.9
 10
62.2
 20
15.6
 10
69.9
 20
17.8
 10
78.5
 20
19.4
 10
87.8
 20
20.3
 10
107.7
 20
20.1
 10
118.0
 20
19.2
 10
138.5
 20
15.7
 10
157.6
 20
10.7
 10
174.0
 20
5.1
 10
186.6
 20
-0.1
 10
197.2
 20
-5.7
 10
186.7
 20
-11.4
 10
174.2
 20
-16.8
 10
157.8
 20
-22.6
 10
138.8
 20
-27.9
 10
118.4
 20
-31.6
 10
108.1
 20
-32.8
 10
88.2
 20
-33.2
 10
75.1
 20
-31.8
  0
LWPOLYLINE
  5
4EB
330
4BB
100
AcDbEntity
  8
VEG-HOJAS
100
AcDbPolyline
 90
32
 70
1
 10
21.3
 20
33.2
 10
17.1
 20
35.2
 10
13.5
 20
38.2
 10
10.4
 20
42.2
 10
8.0
 20
47.0
 10
6.3
 20
52.7
 10
5.4
 20
59.0
 10
5.4
 20
65.8
 10
6.2
 20
73.1
 10
7.9
 20
80.8
 10
10.3
 20
88.6
 10
17.3
 20
104.3
 10
21.6
 20
111.9
 10
31.3
 20
126.2
 10
46.5
 20
143.7
 10
55.1
 20
151.9
 10
63.6
 20
158.3
 10
66.3
 20
148.1
 10
68.2
 20
136.3
 10
69.7
 20
113.2
 10
68.7
 20
96.0
 10
67.6
 20
87.3
 10
63.6
 20
70.6
 10
60.8
 20
62.9
 10
57.5
 20
55.8
 10
53.7
 20
49.5
 10
49.5
 20
44.1
 10
45.0
 20
39.6
 10
40.2
 20
36.1
 10
35.4
 20
33.7
 10
30.5
 20
32.5
 10
25.8
 20
32.3
  0
LWPOLYLINE
  5
4EC
330
4BB
100
AcDbEntity
  8
VEG-HOJAS
100
AcDbPolyline
 90
20
 70
0
 10
-60.3
 20
79.8
 10
-64.3
 20
95.3
 10
-65.9
 20
104.5
 10
-67.7
 20
122.3
 10
-67.8
 20
144.9
 10
-66.9
 20
155.4
 10
-65.6
 20
161.7
 10
-60.2
 20
158.2
 10
-51.9
 20
151.7
 10
-35.5
 20
136.2
 10
-23.8
 20
122.6
 10
-18.2
 20
115.1
 10
-8.4
 20
99.3
 10
-1.0
 20
83.0
 10
1.4
 20
75.0
 10
3.0
 20
67.3
 10
3.7
 20
60.0
 10
3.5
 20
53.3
 10
2.5
 20
47.2
 10
0.5
 20
41.9
  0
LWPOLYLINE
  5
4ED
330
4BB
100
AcDbEntity
  8
VEG-HOJAS
100
AcDbPolyline
 90
25
 70
0
 10
-50.5
 20
10.1
 10
-58.7
 20
10.7
 10
-65.2
 20
12.4
 10
-72.0
 20
15.2
 10
-78.9
 20
19.1
 10
-85.7
 20
23.8
 10
-92.5
 20
29.4
 10
-99.0
 20
35.8
 10
-110.9
 20
50.1
 10
-116.2
 20
57.8
 10
-125.4
 20
73.3
 10
-134.8
 20
94.0
 10
-138.3
 20
104.0
 10
-139.8
 20
110.4
 10
-133.2
 20
109.8
 10
-122.8
 20
107.7
 10
-101.1
 20
101.1
 10
-84.5
 20
94.1
 10
-68.1
 20
85.1
 10
-53.2
 20
74.3
 10
-46.8
 20
68.3
 10
-41.2
 20
62.2
 10
-36.5
 20
55.9
 10
-32.8
 20
49.5
 10
-29.4
 20
40.3
  0
LWPOLYLINE
  5
4EE
330
4BB
100
AcDbEntity
  8
VEG-HOJAS
100
AcDbPolyline
 90
27
 70
0
 10
-43.1
 20
-27.2
 10
-47.5
 20
-32.5
 10
-52.5
 20
-36.6
 10
-58.6
 20
-40.2
 10
-65.6
 20
-43.2
 10
-73.4
 20
-45.7
 10
-82.0
 20
-47.5
 10
-100.6
 20
-49.1
 10
-120.1
 20
-48.2
 10
-129.8
 20
-46.9
 10
-148.2
 20
-43.2
 10
-170.7
 20
-36.2
 10
-180.9
 20
-32.0
 10
-186.9
 20
-28.8
 10
-181.7
 20
-24.5
 10
-172.6
 20
-18.3
 10
-151.9
 20
-6.9
 10
-134.7
 20
0.4
 10
-125.4
 20
3.6
 10
-106.5
 20
8.5
 10
-87.9
 20
10.7
 10
-79.2
 20
10.6
 10
-71.0
 20
9.8
 10
-63.5
 20
8.2
 10
-56.8
 20
5.9
 10
-51.1
 20
3.0
 10
-46.8
 20
-0.3
  0
LWPOLYLINE
  5
4EF
330
4BB
100
AcDbEntity
  8
VEG-HOJAS
100
AcDbPolyline
 90
28
 70
0
 10
-0.1
 20
-31.9
 10
3.4
 20
-35.3
 10
6.7
 20
-40.1
 10
9.3
 20
-45.8
 10
11.1
 20
-52.4
 10
12.1
 20
-59.6
 10
12.3
 20
-67.4
 10
11.6
 20
-75.6
 10
10.1
 20
-84.2
 10
7.8
 20
-92.9
 10
1.3
 20
-110.2
 10
-2.7
 20
-118.6
 10
-11.7
 20
-134.0
 10
-25.1
 20
-152.3
 10
-32.2
 20
-160.2
 10
-37.1
 20
-164.6
 10
-39.9
 20
-158.6
 10
-43.4
 20
-148.6
 10
-48.8
 20
-126.6
 10
-51.1
 20
-108.9
 10
-51.6
 20
-90.3
 10
-49.7
 20
-72.2
 10
-47.7
 20
-63.7
 10
-45.2
 20
-55.8
 10
-42.0
 20
-48.7
 10
-38.3
 20
-42.4
 10
-34.1
 20
-37.1
 10
-31.0
 20
-34.3
  0
LWPOLYLINE
  5
4F0
330
4BB
100
AcDbEntity
  8
VEG-HOJAS
100
AcDbPolyline
 90
34
 70
1
 10
16.1
 20
-21.8
 10
19.8
 20
-18.4
 10
24.3
 20
-15.8
 10
29.4
 20
-14.1
 10
35.0
 20
-13.3
 10
41.1
 20
-13.6
 10
47.5
 20
-15.0
 10
54.0
 20
-17.3
 10
60.6
 20
-20.7
 10
67.1
 20
-25.0
 10
73.5
 20
-30.2
 10
85.4
 20
-42.6
 10
90.7
 20
-49.6
 10
100.0
 20
-64.4
 10
103.9
 20
-71.7
 10
110.1
 20
-85.6
 10
114.1
 20
-97.1
 10
116.6
 20
-107.8
 10
105.6
 20
-107.0
 10
93.6
 20
-104.9
 10
79.0
 20
-100.9
 10
71.1
 20
-98.2
 10
55.1
 20
-91.3
 10
47.3
 20
-87.1
 10
33.2
 20
-77.2
 10
27.1
 20
-71.8
 10
21.9
 20
-66.0
 10
17.5
 20
-60.0
 10
14.2
 20
-53.9
 10
11.9
 20
-47.8
 10
10.6
 20
-41.9
 10
10.5
 20
-36.2
 10
11.4
 20
-30.8
 10
13.3
 20
-26.0
  0
LWPOLYLINE
  5
4F1
330
4BB
100
AcDbEntity
  8
VEG-HOJAS
100
AcDbPolyline
 90
11
 70
0
 10
-5.7
 20
37.4
 10
-1.3
 20
41.2
 10
0.9
 20
42.1
 10
2.8
 20
41.9
 10
4.1
 20
40.6
 10
4.8
 20
38.2
 10
4.4
 20
30.7
 10
1.6
 20
20.5
 10
-3.1
 20
9.2
 10
-9.0
 20
-1.6
 10
-13.3
 20
-7.8
  0
LWPOLYLINE
  5
4F2
330
4BB
100
AcDbEntity
  8
VEG-HOJAS
100
AcDbPolyline
 90
8
 70
0
 10
-35.8
 20
-25.8
 10
-38.3
 20
-27.3
 10
-40.8
 20
-28.1
 10
-42.7
 20
-27.8
 10
-43.9
 20
-26.3
 10
-44.3
 20
-23.7
 10
-44.0
 20
-20.1
 10
-42.3
 20
-13.7
  0
LWPOLYLINE
  5
4F3
330
4BB
100
AcDbEntity
  8
VEG-HOJAS
100
AcDbPolyline
 90
9
 70
0
 10
-10.6
 20
31.6
 10
-8.7
 20
32.2
 10
-6.8
 20
31.9
 10
-5.6
 20
30.4
 10
-5.1
 20
27.8
 10
-5.4
 20
24.2
 10
-6.5
 20
19.8
 10
-10.6
 20
9.1
 10
-18.1
 20
-4.6
  0
LWPOLYLINE
  5
4F4
330
4BB
100
AcDbEntity
  8
VEG-HOJAS
100
AcDbPolyline
 90
9
 70
0
 10
-36.4
 20
-18.2
 10
-43.6
 20
-12.6
 10
-46.4
 20
-9.5
 10
-48.2
 20
-6.6
 10
-49.0
 20
-4.1
 10
-48.6
 20
-2.1
 10
-47.2
 20
-0.5
 10
-44.8
 20
0.4
 10
-37.0
 20
0.5
  0
LWPOLYLINE
  5
4F5
330
4BB
100
AcDbEntity
  8
VEG-HOJAS
100
AcDbPolyline
 90
12
 70
0
 10
-17.8
 20
-5.6
 10
-10.8
 20
-9.1
 10
-1.4
 20
-15.3
 10
5.1
 20
-21.6
 10
6.9
 20
-24.4
 10
7.7
 20
-26.9
 10
7.4
 20
-29.0
 10
6.0
 20
-30.5
 10
3.5
 20
-31.5
 10
0.2
 20
-31.9
 10
-8.8
 20
-30.7
 10
-17.5
 20
-28.0
  0
LWPOLYLINE
  5
4F6
330
4BB
100
AcDbEntity
  8
VEG-HOJAS
100
AcDbPolyline
 90
19
 70
0
 10
-29.5
 20
-19.3
 10
-25.7
 20
-21.5
 10
-17.2
 20
-28.2
 10
-4.0
 20
-42.0
 10
5.8
 20
-55.9
 10
8.7
 20
-63.0
 10
8.8
 20
-65.4
 10
8.1
 20
-66.9
 10
6.5
 20
-67.5
 10
4.1
 20
-67.2
 10
-2.7
 20
-63.6
 10
-11.2
 20
-56.9
 10
-20.1
 20
-48.0
 10
-28.2
 20
-38.3
 10
-34.1
 20
-29.2
 10
-37.0
 20
-22.2
 10
-37.2
 20
-19.8
 10
-36.4
 20
-18.2
 10
-35.5
 20
-17.9
  0
LWPOLYLINE
  5
4F7
330
4BB
100
AcDbEntity
  8
VEG-HOJAS
100
AcDbPolyline
 90
8
 70
0
 10
-27.6
 20
-16.0
 10
-29.6
 20
-19.4
 10
-31.2
 20
-21.1
 10
-32.8
 20
-21.5
 10
-34.1
 20
-20.7
 10
-35.3
 20
-18.7
 10
-36.7
 20
-11.3
 10
-36.9
 20
0.3
  0
LWPOLYLINE
  5
4F8
330
4BB
100
AcDbEntity
  8
VEG-HOJAS
100
AcDbPolyline
 90
2
 70
0
 10
-19.8
 20
22.7
 10
-21.6
 20
5.5
  0
LWPOLYLINE
  5
4F9
330
4BB
100
AcDbEntity
  8
VEG-HOJAS
100
AcDbPolyline
 90
8
 70
0
 10
-40.5
 20
9.0
 10
-45.4
 20
7.5
 10
-48.1
 20
7.6
 10
-49.9
 20
8.6
 10
-50.7
 20
10.4
 10
-50.5
 20
13.1
 10
-49.3
 20
16.5
 10
-44.6
 20
24.1
  0
LWPOLYLINE
  5
4FA
330
4BB
100
AcDbEntity
  8
VEG-HOJAS
100
AcDbPolyline
 90
13
 70
0
 10
-37.8
 20
32.2
 10
-26.1
 20
43.2
 10
-16.0
 20
50.4
 10
-7.2
 20
54.7
 10
-3.7
 20
55.6
 10
-1.0
 20
55.5
 10
0.8
 20
54.5
 10
1.6
 20
52.7
 10
1.4
 20
50.0
 10
-2.0
 20
42.7
 10
-5.0
 20
38.3
 10
-13.1
 20
28.9
 10
-27.0
 20
16.9
  0
LWPOLYLINE
  5
4FB
330
4BB
100
AcDbEntity
  8
VEG-HOJAS
100
AcDbPolyline
 90
20
 70
1
 10
-17.6
 20
-23.8
 10
-19.3
 20
-23.9
 10
-21.4
 20
-22.8
 10
-26.6
 20
-17.6
 10
-32.3
 20
-8.8
 10
-37.7
 20
2.1
 10
-42.0
 20
13.4
 10
-44.5
 20
23.6
 10
-44.9
 20
30.9
 10
-44.2
 20
33.2
 10
-43.0
 20
34.4
 10
-41.3
 20
34.5
 10
-39.2
 20
33.4
 10
-34.0
 20
28.2
 10
-28.3
 20
19.4
 10
-22.9
 20
8.6
 10
-18.6
 20
-2.8
 10
-16.1
 20
-13.0
 10
-15.7
 20
-20.3
 10
-16.4
 20
-22.6
  0
ENDBLK
  5
4BD
330
4BB
100
AcDbEntity
  8
0
100
AcDbBlockEnd
  0
BLOCK
  5
4FF
330
4FE
100
AcDbEntity
  8
0
100
AcDbBlockBegin
  2
VEG_Pilea_PLANTA
 70
0
 10
0.0
 20
0.0
 30
0.0
  3
VEG_Pilea_PLANTA
  1

  0
HATCH
  5
501
330
4FE
100
AcDbEntity
  8
VEG-RELLENO
 62
7
420
15329251
100
AcDbHatch
 10
0.0
 20
0.0
 30
0.0
210
0.0
220
0.0
230
1.0
  2
SOLID
 70
1
 71
0
 91
11
 92
3
 72
0
 73
1
 93
9
 10
103.8
 20
-26.0
 10
98.3
 20
-42.2
 10
93.4
 20
-48.6
 10
90.2
 20
-46.8
 10
89.8
 20
-41.8
 10
88.1
 20
-35.4
 10
91.8
 20
-24.6
 10
93.4
 20
-17.4
 10
98.0
 20
-21.9
 97
0
 92
3
 72
0
 73
1
 93
5
 10
87.2
 20
-61.9
 10
88.9
 20
-57.8
 10
90.0
 20
-52.4
 10
91.0
 20
-52.9
 10
88.2
 20
-60.5
 97
0
 92
3
 72
0
 73
1
 93
6
 10
83.0
 20
-67.4
 10
71.6
 20
-79.4
 10
63.8
 20
-75.4
 10
69.6
 20
-74.3
 10
74.7
 20
-72.6
 10
79.5
 20
-70.1
 97
0
 92
3
 72
0
 73
1
 93
3
 10
15.0
 20
-105.9
 10
11.5
 20
-106.3
 10
15.3
 20
-103.5
 97
0
 92
3
 72
0
 73
1
 93
8
 10
-60.9
 20
-87.9
 10
-74.6
 20
-76.7
 10
-77.2
 20
-72.8
 10
-70.0
 20
-66.2
 10
-68.4
 20
-65.9
 10
-57.8
 20
-75.4
 10
-47.0
 20
-82.5
 10
-54.2
 20
-84.5
 97
0
 92
3
 72
0
 73
1
 93
4
 10
-84.9
 20
-65.2
 10
-81.9
 20
-66.0
 10
-77.9
 20
-66.6
 10
-80.6
 20
-69.0
 97
0
 92
3
 72
0
 73
1
 93
6
 10
-61.0
 20
87.9
 10
-55.7
 20
91.3
 10
-47.9
 20
87.5
 10
-40.6
 20
85.9
 10
-45.9
 20
83.1
 10
-53.6
 20
86.6
 97
0
 92
3
 72
0
 73
1
 93
4
 10
-1.7
 20
106.9
 10
2.6
 20
106.9
 10
3.1
 20
105.4
 10
-2.8
 20
104.8
 97
0
 92
3
 72
0
 73
1
 93
9
 10
64.6
 20
85.3
 10
77.3
 20
74.0
 10
79.1
 20
65.8
 10
82.2
 20
59.2
 10
80.0
 20
57.7
 10
73.3
 20
60.4
 10
62.6
 20
71.4
 10
51.7
 20
79.7
 10
59.8
 20
82.5
 97
0
 92
3
 72
0
 73
1
 93
4
 10
97.3
 20
44.4
 10
95.4
 20
42.6
 10
92.2
 20
48.1
 10
96.9
 20
45.2
 97
0
 92
3
 72
0
 73
1
 93
6
 10
-90.5
 20
28.8
 10
-91.8
 20
24.6
 10
-93.9
 20
14.3
 10
-97.7
 20
19.0
 10
-102.7
 20
23.4
 10
-95.3
 20
26.1
 97
0
 75
1
 76
1
 98
0
  0
HATCH
  5
502
330
4FE
100
AcDbEntity
  8
VEG-RELLENO
 62
7
420
16316146
100
AcDbHatch
 10
0.0
 20
0.0
 30
0.0
210
0.0
220
0.0
230
1.0
  2
SOLID
 70
1
 71
0
 91
5
 92
3
 72
0
 73
1
 93
8
 10
93.4
 20
-17.4
 10
91.8
 20
-24.6
 10
88.1
 20
-35.4
 10
85.3
 20
-29.6
 10
82.9
 20
-26.4
 10
85.3
 20
-17.0
 10
86.6
 20
-7.4
 10
90.3
 20
-13.6
 97
0
 92
3
 72
0
 73
1
 93
9
 10
-47.5
 20
-82.3
 10
-57.8
 20
-75.4
 10
-68.4
 20
-65.9
 10
-60.4
 20
-62.6
 10
-48.3
 20
-72.3
 10
-38.5
 20
-78.0
 10
-30.1
 20
-81.6
 10
-30.7
 20
-83.2
 10
-38.0
 20
-82.0
 97
0
 92
3
 72
0
 73
1
 93
8
 10
-93.9
 20
14.3
 10
-90.5
 20
28.8
 10
-85.2
 20
32.8
 10
-81.7
 20
29.9
 10
-84.0
 20
22.5
 10
-86.3
 20
11.4
 10
-86.9
 20
-2.1
 10
-89.8
 20
7.4
 97
0
 92
3
 72
0
 73
1
 93
6
 10
-45.9
 20
83.1
 10
-40.6
 20
85.9
 10
-34.9
 20
85.5
 10
-27.6
 20
86.4
 10
-26.6
 20
82.8
 10
-39.2
 20
77.6
 97
0
 92
3
 72
0
 73
1
 93
9
 10
51.7
 20
79.7
 10
62.6
 20
71.4
 10
73.3
 20
60.4
 10
66.4
 20
61.8
 10
61.2
 20
61.8
 10
53.0
 20
69.0
 10
48.3
 20
72.3
 10
36.8
 20
78.8
 10
46.0
 20
78.6
 97
0
 75
1
 76
1
 98
0
  0
HATCH
  5
503
330
4FE
100
AcDbEntity
  8
VEG-RELLENO
 62
35
420
8019530
100
AcDbHatch
 10
0.0
 20
0.0
 30
0.0
210
0.0
220
0.0
230
1.0
  2
SOLID
 70
1
 71
0
 91
16
 92
3
 72
0
 73
1
 93
20
 10
86.3
 20
-11.4
 10
82.9
 20
-26.4
 10
78.3
 20
-22.0
 10
73.9
 20
-19.2
 10
69.0
 20
-17.3
 10
64.0
 20
-16.2
 10
58.8
 20
-16.0
 10
53.6
 20
-16.7
 10
48.7
 20
-18.3
 10
43.5
 20
-21.1
 10
8.9
 20
-1.7
 10
45.3
 20
1.6
 10
49.3
 20
-0.6
 10
54.6
 20
-2.6
 10
60.3
 20
-3.6
 10
66.0
 20
-3.7
 10
74.4
 20
-1.9
 10
79.6
 20
0.5
 10
83.2
 20
2.9
 10
86.6
 20
-7.4
 97
0
 92
3
 72
0
 73
1
 93
12
 10
47.7
 20
-72.8
 10
38.0
 20
-75.5
 10
7.9
 20
-11.0
 10
8.4
 20
-9.5
 10
35.0
 20
-29.8
 10
32.6
 20
-34.5
 10
31.1
 20
-39.4
 10
30.4
 20
-44.6
 10
31.1
 20
-52.3
 10
33.8
 20
-59.6
 10
36.6
 20
-64.0
 10
42.2
 20
-69.5
 97
0
 92
3
 72
0
 73
1
 93
12
 10
25.5
 20
-83.1
 10
25.2
 20
-77.9
 10
24.1
 20
-73.3
 10
22.1
 20
-69.0
 10
19.5
 20
-65.0
 10
16.2
 20
-61.6
 10
12.4
 20
-58.8
 10
8.1
 20
-56.7
 10
1.3
 20
-55.0
 10
2.1
 20
-18.9
 10
4.8
 20
-16.2
 10
33.5
 20
-77.6
 97
0
 92
3
 72
0
 73
1
 93
11
 10
-30.1
 20
-81.6
 10
-38.5
 20
-78.0
 10
-48.3
 20
-72.3
 10
-60.4
 20
-62.6
 10
-56.0
 20
-59.4
 10
-52.5
 20
-55.8
 10
-49.8
 20
-51.5
 10
-47.5
 20
-46.1
 10
-18.6
 20
-20.0
 10
-14.4
 20
-21.8
 10
-10.2
 20
-22.5
 97
0
 92
3
 72
0
 73
1
 93
12
 10
-86.3
 20
-11.1
 10
-86.3
 20
-8.8
 10
-27.2
 20
-4.5
 10
-26.8
 20
-10.7
 10
-50.6
 20
-22.6
 10
-53.6
 20
-18.6
 10
-57.3
 20
-15.1
 10
-61.5
 20
-12.3
 10
-66.2
 20
-10.3
 10
-71.1
 20
-9.2
 10
-76.1
 20
-8.9
 10
-81.1
 20
-9.5
 97
0
 92
3
 72
0
 73
1
 93
12
 10
-87.0
 20
0.0
 10
-86.3
 20
11.4
 10
-85.3
 20
17.0
 10
-81.7
 20
29.9
 10
-74.7
 20
26.0
 10
-66.5
 20
23.9
 10
-58.1
 20
24.1
 10
-50.9
 20
26.0
 10
-20.8
 20
8.9
 10
-24.0
 20
5.1
 10
-26.1
 20
0.6
 10
-86.7
 20
-3.8
 97
0
 92
3
 72
0
 73
1
 93
15
 10
-39.2
 20
77.6
 10
-26.6
 20
82.8
 10
-25.3
 20
78.6
 10
-24.7
 20
70.1
 10
-23.2
 20
65.6
 10
-20.1
 20
60.4
 10
-6.4
 20
13.2
 10
-11.2
 20
13.3
 10
-37.2
 20
36.4
 10
-34.1
 20
41.4
 10
-32.0
 20
46.6
 10
-30.9
 20
52.1
 10
-30.8
 20
57.7
 10
-32.3
 20
65.9
 10
-34.6
 20
71.1
 97
0
 92
3
 72
0
 73
1
 93
18
 10
38.5
 20
78.0
 10
48.3
 20
72.3
 10
53.0
 20
69.0
 10
61.2
 20
61.8
 10
55.0
 20
60.9
 10
49.6
 20
58.9
 10
44.7
 20
56.1
 10
40.2
 20
52.4
 10
35.0
 20
45.7
 10
32.5
 20
40.5
 10
30.6
 20
32.1
 10
30.9
 20
24.1
 10
5.2
 20
6.6
 10
23.7
 20
60.4
 10
27.2
 20
66.6
 10
28.5
 20
71.2
 10
29.0
 20
75.5
 10
30.6
 20
80.0
 97
0
 92
3
 72
0
 73
1
 93
5
 10
-22.8
 20
-17.1
 10
-46.3
 20
-38.3
 10
-46.9
 20
-32.0
 10
-48.4
 20
-27.1
 10
-24.6
 20
-15.2
 97
0
 92
3
 72
0
 73
1
 93
3
 10
32.1
 20
18.9
 10
32.5
 20
17.7
 10
25.7
 20
14.6
 97
0
 92
3
 72
0
 73
1
 93
3
 10
-45.6
 20
28.7
 10
-40.6
 20
32.7
 10
-19.3
 20
13.8
 97
0
 92
3
 72
0
 73
1
 93
4
 10
2.9
 20
15.8
 10
3.7
 20
49.4
 10
10.5
 20
50.7
 10
16.0
 20
53.3
 97
0
 92
3
 72
0
 73
1
 93
3
 10
34.6
 20
13.1
 10
39.8
 20
6.2
 10
14.3
 20
3.8
 97
0
 92
3
 72
0
 73
1
 93
4
 10
-12.9
 20
53.7
 10
-8.1
 20
51.2
 10
-1.3
 20
49.5
 10
-2.1
 20
16.3
 97
0
 92
3
 72
0
 73
1
 93
3
 10
28.7
 20
-18.6
 10
39.3
 20
-24.5
 10
38.1
 20
-25.8
 97
0
 92
3
 72
0
 73
1
 93
5
 10
-3.7
 20
-54.9
 10
-10.5
 20
-56.3
 10
-17.6
 20
-59.9
 10
-4.8
 20
-22.1
 10
-3.0
 20
-21.6
 97
0
 75
1
 76
1
 98
0
  0
HATCH
  5
504
330
4FE
100
AcDbEntity
  8
VEG-RELLENO
 62
63
420
9878646
100
AcDbHatch
 10
0.0
 20
0.0
 30
0.0
210
0.0
220
0.0
230
1.0
  2
SOLID
 70
1
 71
0
 91
2
 92
3
 72
0
 73
1
 93
5
 10
-77.9
 20
-66.6
 10
-74.4
 20
-66.7
 10
-70.0
 20
-66.2
 10
-77.2
 20
-72.8
 10
-80.6
 20
-69.0
 97
0
 92
3
 72
0
 73
1
 93
4
 10
-22.8
 20
-17.1
 10
-18.6
 20
-20.0
 10
-47.5
 20
-46.1
 10
-46.3
 20
-38.3
 97
0
 75
1
 76
1
 98
0
  0
HATCH
  5
505
330
4FE
100
AcDbEntity
  8
VEG-RELLENO
 62
73
420
7902814
100
AcDbHatch
 10
0.0
 20
0.0
 30
0.0
210
0.0
220
0.0
230
1.0
  2
SOLID
 70
1
 71
0
 91
1
 92
3
 72
0
 73
1
 93
8
 10
-100.1
 20
-88.8
 10
-100.0
 20
-87.1
 10
-98.8
 20
-86.0
 10
-97.1
 20
-86.1
 10
-95.9
 20
-87.3
 10
-96.0
 20
-89.0
 10
-97.3
 20
-90.2
 10
-99.0
 20
-90.1
 97
0
 75
1
 76
1
 98
0
  0
HATCH
  5
506
330
4FE
100
AcDbEntity
  8
VEG-RELLENO
 62
73
420
7710044
100
AcDbHatch
 10
0.0
 20
0.0
 30
0.0
210
0.0
220
0.0
230
1.0
  2
SOLID
 70
1
 71
0
 91
2
 92
3
 72
0
 73
1
 93
33
 10
-81.6
 20
-122.9
 10
-86.8
 20
-126.7
 10
-92.5
 20
-129.7
 10
-98.6
 20
-131.5
 10
-108.3
 20
-132.3
 10
-118.1
 20
-130.9
 10
-124.5
 20
-128.8
 10
-130.4
 20
-125.8
 10
-135.3
 20
-121.6
 10
-139.0
 20
-116.2
 10
-141.4
 20
-110.1
 10
-142.8
 20
-103.5
 10
-143.1
 20
-93.6
 10
-141.3
 20
-84.0
 10
-138.8
 20
-78.1
 10
-135.3
 20
-72.7
 10
-130.9
 20
-68.0
 10
-123.0
 20
-62.6
 10
-117.0
 20
-60.2
 10
-110.7
 20
-58.9
 10
-104.3
 20
-58.6
 10
-97.9
 20
-59.5
 10
-94.0
 20
-60.7
 10
-85.8
 20
-64.8
 10
-78.8
 20
-70.8
 10
-75.0
 20
-76.0
 10
-72.1
 20
-81.7
 10
-70.2
 20
-87.8
 10
-69.4
 20
-95.5
 10
-73.7
 20
-101.7
 10
-76.3
 20
-107.7
 10
-77.9
 20
-114.1
 10
-78.3
 20
-119.4
 97
0
 92
2
 72
0
 73
1
 93
8
 10
-99.0
 20
-90.1
 10
-97.3
 20
-90.2
 10
-96.0
 20
-89.0
 10
-95.9
 20
-87.3
 10
-97.1
 20
-86.1
 10
-98.8
 20
-86.0
 10
-100.0
 20
-87.1
 10
-100.1
 20
-88.8
 97
0
 75
1
 76
1
 98
0
  0
HATCH
  5
507
330
4FE
100
AcDbEntity
  8
VEG-RELLENO
 62
63
420
9878646
100
AcDbHatch
 10
0.0
 20
0.0
 30
0.0
210
0.0
220
0.0
230
1.0
  2
SOLID
 70
1
 71
0
 91
2
 92
3
 72
0
 73
1
 93
4
 10
85.0
 20
55.1
 10
82.8
 20
56.1
 10
80.0
 20
57.7
 10
82.2
 20
59.2
 97
0
 92
3
 72
0
 73
1
 93
5
 10
25.7
 20
14.6
 10
6.0
 20
5.5
 10
5.2
 20
6.6
 10
30.9
 20
24.1
 10
32.1
 20
18.9
 97
0
 75
1
 76
1
 98
0
  0
HATCH
  5
508
330
4FE
100
AcDbEntity
  8
VEG-RELLENO
 62
73
420
7902814
100
AcDbHatch
 10
0.0
 20
0.0
 30
0.0
210
0.0
220
0.0
230
1.0
  2
SOLID
 70
1
 71
0
 91
1
 92
3
 72
0
 73
1
 93
8
 10
107.3
 20
72.3
 10
107.0
 20
70.6
 10
105.6
 20
69.7
 10
103.9
 20
70.0
 10
102.9
 20
71.4
 10
103.2
 20
73.1
 10
104.6
 20
74.0
 10
106.3
 20
73.7
 97
0
 75
1
 76
1
 98
0
  0
HATCH
  5
509
330
4FE
100
AcDbEntity
  8
VEG-RELLENO
 62
73
420
7775837
100
AcDbHatch
 10
0.0
 20
0.0
 30
0.0
210
0.0
220
0.0
230
1.0
  2
SOLID
 70
1
 71
0
 91
2
 92
3
 72
0
 73
1
 93
31
 10
85.8
 20
54.1
 10
80.3
 20
62.8
 10
77.5
 20
72.1
 10
77.0
 20
78.6
 10
77.6
 20
85.1
 10
80.7
 20
94.3
 10
84.0
 20
99.9
 10
88.2
 20
104.9
 10
93.3
 20
109.0
 10
98.9
 20
112.2
 10
105.1
 20
114.4
 10
111.5
 20
115.4
 10
121.3
 20
115.0
 10
131.0
 20
112.2
 10
137.2
 20
109.3
 10
142.7
 20
105.4
 10
147.0
 20
100.5
 10
150.0
 20
94.7
 10
151.6
 20
88.2
 10
152.1
 20
81.4
 10
151.7
 20
74.6
 10
150.4
 20
68.1
 10
148.0
 20
62.0
 10
144.7
 20
56.4
 10
141.2
 20
52.3
 10
137.0
 20
53.6
 10
129.5
 20
54.9
 10
118.1
 20
54.4
 10
107.3
 20
50.9
 10
97.7
 20
44.8
 10
92.2
 20
48.1
 97
0
 92
2
 72
0
 73
1
 93
8
 10
106.3
 20
73.7
 10
104.6
 20
74.0
 10
103.2
 20
73.1
 10
102.9
 20
71.4
 10
103.9
 20
70.0
 10
105.6
 20
69.7
 10
107.0
 20
70.6
 10
107.3
 20
72.3
 97
0
 75
1
 76
1
 98
0
  0
HATCH
  5
50A
330
4FE
100
AcDbEntity
  8
VEG-RELLENO
 62
63
420
9878646
100
AcDbHatch
 10
0.0
 20
0.0
 30
0.0
210
0.0
220
0.0
230
1.0
  2
SOLID
 70
1
 71
0
 91
1
 92
3
 72
0
 73
1
 93
5
 10
-19.3
 20
13.8
 10
-16.8
 20
11.6
 10
-20.8
 20
8.9
 10
-50.9
 20
26.0
 10
-45.6
 20
28.7
 97
0
 75
1
 76
1
 98
0
  0
HATCH
  5
50B
330
4FE
100
AcDbEntity
  8
VEG-RELLENO
 62
73
420
7902814
100
AcDbHatch
 10
0.0
 20
0.0
 30
0.0
210
0.0
220
0.0
230
1.0
  2
SOLID
 70
1
 71
0
 91
1
 92
3
 72
0
 73
1
 93
8
 10
-104.0
 20
60.1
 10
-102.1
 20
60.6
 10
-100.4
 20
59.7
 10
-99.9
 20
57.8
 10
-100.9
 20
56.1
 10
-102.8
 20
55.6
 10
-104.5
 20
56.5
 10
-105.0
 20
58.4
 97
0
 75
1
 76
1
 98
0
  0
HATCH
  5
50C
330
4FE
100
AcDbEntity
  8
VEG-RELLENO
 62
73
420
7841886
100
AcDbHatch
 10
0.0
 20
0.0
 30
0.0
210
0.0
220
0.0
230
1.0
  2
SOLID
 70
1
 71
0
 91
2
 92
3
 72
0
 73
1
 93
36
 10
-143.3
 20
34.1
 10
-148.1
 20
39.8
 10
-151.9
 20
46.2
 10
-154.5
 20
53.1
 10
-156.6
 20
64.4
 10
-156.6
 20
72.1
 10
-155.4
 20
79.7
 10
-152.6
 20
86.6
 10
-148.2
 20
92.5
 10
-142.3
 20
97.4
 10
-132.1
 20
102.9
 10
-121.3
 20
106.1
 10
-113.9
 20
106.8
 10
-102.9
 20
105.5
 10
-95.9
 20
103.0
 10
-89.5
 20
99.3
 10
-83.7
 20
94.6
 10
-79.0
 20
89.0
 10
-76.8
 20
85.6
 10
-84.0
 20
82.1
 10
-88.3
 20
78.4
 10
-90.0
 20
76.2
 10
-93.5
 20
68.4
 10
-94.7
 20
62.7
 10
-95.0
 20
56.9
 10
-94.1
 20
48.4
 10
-92.3
 20
43.1
 10
-89.6
 20
38.2
 10
-85.2
 20
32.8
 10
-92.0
 20
27.8
 10
-98.7
 20
24.6
 10
-102.7
 20
23.4
 10
-109.2
 20
27.3
 10
-119.2
 20
30.6
 10
-129.8
 20
31.2
 10
-138.0
 20
29.7
 97
0
 92
2
 72
0
 73
1
 93
8
 10
-105.0
 20
58.4
 10
-104.5
 20
56.5
 10
-102.8
 20
55.6
 10
-100.9
 20
56.1
 10
-99.9
 20
57.8
 10
-100.4
 20
59.7
 10
-102.1
 20
60.6
 10
-104.0
 20
60.1
 97
0
 75
1
 76
1
 98
0
  0
HATCH
  5
50D
330
4FE
100
AcDbEntity
  8
VEG-RELLENO
 62
63
420
9878646
100
AcDbHatch
 10
0.0
 20
0.0
 30
0.0
210
0.0
220
0.0
230
1.0
  2
SOLID
 70
1
 71
0
 91
1
 92
3
 72
0
 73
1
 93
4
 10
-26.1
 20
0.6
 10
-27.2
 20
-4.5
 10
-86.3
 20
-8.8
 10
-86.7
 20
-3.8
 97
0
 75
1
 76
1
 98
0
  0
HATCH
  5
50E
330
4FE
100
AcDbEntity
  8
VEG-RELLENO
 62
63
420
9878646
100
AcDbHatch
 10
0.0
 20
0.0
 30
0.0
210
0.0
220
0.0
230
1.0
  2
SOLID
 70
1
 71
0
 91
2
 92
3
 72
0
 73
1
 93
4
 10
29.0
 20
75.5
 10
29.0
 20
78.3
 10
28.8
 20
80.6
 10
30.6
 20
80.0
 97
0
 92
3
 72
0
 73
1
 93
6
 10
5.0
 20
6.8
 10
2.7
 20
9.1
 10
2.9
 20
15.8
 10
16.0
 20
53.3
 10
20.6
 20
56.8
 10
23.7
 20
60.4
 97
0
 75
1
 76
1
 98
0
  0
HATCH
  5
50F
330
4FE
100
AcDbEntity
  8
VEG-RELLENO
 62
73
420
7902814
100
AcDbHatch
 10
0.0
 20
0.0
 30
0.0
210
0.0
220
0.0
230
1.0
  2
SOLID
 70
1
 71
0
 91
1
 92
3
 72
0
 73
1
 93
8
 10
-117.0
 20
-7.6
 10
-115.8
 20
-6.2
 10
-113.9
 20
-6.0
 10
-112.5
 20
-7.3
 10
-112.4
 20
-9.1
 10
-113.6
 20
-10.5
 10
-115.5
 20
-10.7
 10
-116.9
 20
-9.4
 97
0
 75
1
 76
1
 98
0
  0
HATCH
  5
510
330
4FE
100
AcDbEntity
  8
VEG-RELLENO
 62
73
420
7907678
100
AcDbHatch
 10
0.0
 20
0.0
 30
0.0
210
0.0
220
0.0
230
1.0
  2
SOLID
 70
1
 71
0
 91
2
 92
3
 72
0
 73
1
 93
34
 10
-110.2
 20
-46.2
 10
-116.9
 20
-48.6
 10
-123.9
 20
-49.7
 10
-130.9
 20
-49.6
 10
-141.2
 20
-47.1
 10
-147.6
 20
-44.1
 10
-156.1
 20
-37.5
 10
-163.2
 20
-29.1
 10
-166.9
 20
-22.7
 10
-169.2
 20
-15.9
 10
-169.7
 20
-8.8
 10
-168.4
 20
-1.7
 10
-165.7
 20
5.1
 10
-159.9
 20
14.5
 10
-155.1
 20
19.8
 10
-149.6
 20
24.3
 10
-143.4
 20
27.8
 10
-136.8
 20
30.1
 10
-129.8
 20
31.2
 10
-122.7
 20
31.1
 10
-112.4
 20
28.7
 10
-103.1
 20
23.6
 10
-97.7
 20
19.0
 10
-93.3
 20
13.5
 10
-89.8
 20
7.4
 10
-86.8
 20
-2.8
 10
-86.4
 20
-11.1
 10
-90.4
 20
-13.2
 10
-94.5
 20
-16.2
 10
-99.4
 20
-21.9
 10
-101.9
 20
-26.4
 10
-103.5
 20
-31.2
 10
-104.6
 20
-36.4
 10
-104.8
 20
-43.2
 97
0
 92
2
 72
0
 73
1
 93
8
 10
-116.9
 20
-9.4
 10
-115.5
 20
-10.7
 10
-113.6
 20
-10.5
 10
-112.4
 20
-9.1
 10
-112.5
 20
-7.3
 10
-113.9
 20
-6.0
 10
-115.8
 20
-6.2
 10
-117.0
 20
-7.6
 97
0
 75
1
 76
1
 98
0
  0
HATCH
  5
511
330
4FE
100
AcDbEntity
  8
VEG-RELLENO
 62
73
420
7902814
100
AcDbHatch
 10
0.0
 20
0.0
 30
0.0
210
0.0
220
0.0
230
1.0
  2
SOLID
 70
1
 71
0
 91
1
 92
3
 72
0
 73
1
 93
8
 10
39.4
 20
109.9
 10
40.2
 20
108.2
 10
39.6
 20
106.4
 10
37.9
 20
105.6
 10
36.1
 20
106.2
 10
35.3
 20
107.9
 10
35.9
 20
109.7
 10
37.6
 20
110.6
 97
0
 75
1
 76
1
 98
0
  0
HATCH
  5
512
330
4FE
100
AcDbEntity
  8
VEG-RELLENO
 62
73
420
7907679
100
AcDbHatch
 10
0.0
 20
0.0
 30
0.0
210
0.0
220
0.0
230
1.0
  2
SOLID
 70
1
 71
0
 91
2
 92
3
 72
0
 73
1
 93
35
 10
2.8
 20
133.4
 10
5.8
 20
140.0
 10
9.8
 20
146.0
 10
14.8
 20
151.1
 10
23.9
 20
157.2
 10
34.4
 20
161.1
 10
41.8
 20
162.5
 10
49.2
 20
162.7
 10
56.3
 20
161.2
 10
62.8
 20
157.9
 10
68.5
 20
153.2
 10
73.4
 20
147.4
 10
79.1
 20
137.9
 10
82.5
 20
127.5
 10
83.2
 20
120.3
 10
82.7
 20
113.1
 10
80.9
 20
106.2
 10
77.9
 20
99.6
 10
73.9
 20
93.6
 10
66.0
 20
86.2
 10
59.8
 20
82.5
 10
53.1
 20
80.0
 10
46.0
 20
78.6
 10
38.8
 20
78.5
 10
28.8
 20
80.6
 10
27.6
 20
85.3
 10
25.7
 20
89.6
 10
23.1
 20
93.6
 10
19.8
 20
97.2
 10
11.8
 20
102.9
 10
7.2
 20
104.7
 10
3.1
 20
105.4
 10
0.9
 20
114.0
 10
2.0
 20
120.7
 10
1.6
 20
129.2
 97
0
 92
2
 72
0
 73
1
 93
8
 10
37.6
 20
110.6
 10
35.9
 20
109.7
 10
35.3
 20
107.9
 10
36.1
 20
106.2
 10
37.9
 20
105.6
 10
39.6
 20
106.4
 10
40.2
 20
108.2
 10
39.4
 20
109.9
 97
0
 75
1
 76
1
 98
0
  0
HATCH
  5
513
330
4FE
100
AcDbEntity
  8
VEG-RELLENO
 62
63
420
9878646
100
AcDbHatch
 10
0.0
 20
0.0
 30
0.0
210
0.0
220
0.0
230
1.0
  2
SOLID
 70
1
 71
0
 91
1
 92
3
 72
0
 73
1
 93
5
 10
8.9
 20
-1.7
 10
8.2
 20
1.0
 10
14.3
 20
3.8
 10
39.8
 20
6.2
 10
45.3
 20
1.6
 97
0
 75
1
 76
1
 98
0
  0
HATCH
  5
514
330
4FE
100
AcDbEntity
  8
VEG-RELLENO
 62
73
420
7902814
100
AcDbHatch
 10
0.0
 20
0.0
 30
0.0
210
0.0
220
0.0
230
1.0
  2
SOLID
 70
1
 71
0
 91
1
 92
3
 72
0
 73
1
 93
8
 10
115.3
 20
9.6
 10
114.1
 20
8.0
 10
112.1
 20
7.8
 10
110.5
 20
9.1
 10
110.4
 20
11.1
 10
111.6
 20
12.7
 10
113.6
 20
12.8
 10
115.2
 20
11.6
 97
0
 75
1
 76
1
 98
0
  0
HATCH
  5
515
330
4FE
100
AcDbEntity
  8
VEG-RELLENO
 62
73
420
7973471
100
AcDbHatch
 10
0.0
 20
0.0
 30
0.0
210
0.0
220
0.0
230
1.0
  2
SOLID
 70
1
 71
0
 91
2
 92
3
 72
0
 73
1
 93
35
 10
100.7
 20
47.1
 10
110.8
 20
52.4
 10
118.1
 20
54.4
 10
125.7
 20
55.1
 10
133.2
 20
54.4
 10
140.6
 20
52.5
 10
150.7
 20
47.3
 10
156.8
 20
42.5
 10
164.5
 20
33.6
 10
168.6
 20
26.8
 10
171.2
 20
19.5
 10
171.9
 20
11.9
 10
170.7
 20
4.3
 10
167.9
 20
-3.1
 10
161.9
 20
-13.3
 10
156.8
 20
-19.1
 10
151.0
 20
-24.0
 10
144.4
 20
-27.9
 10
137.9
 20
-30.3
 10
127.6
 20
-29.2
 10
120.4
 20
-30.0
 10
116.5
 20
-31.0
 10
107.6
 20
-28.0
 10
101.0
 20
-24.2
 10
95.2
 20
-19.4
 10
90.3
 20
-13.6
 10
86.5
 20
-7.0
 10
83.2
 20
2.9
 10
86.4
 20
5.7
 10
90.1
 20
10.1
 10
94.2
 20
17.7
 10
96.5
 20
26.2
 10
97.1
 20
32.2
 10
96.7
 20
38.1
 10
95.4
 20
42.6
 97
0
 92
2
 72
0
 73
1
 93
8
 10
115.2
 20
11.6
 10
113.6
 20
12.8
 10
111.6
 20
12.7
 10
110.4
 20
11.1
 10
110.5
 20
9.1
 10
112.1
 20
7.8
 10
114.1
 20
8.0
 10
115.3
 20
9.6
 97
0
 75
1
 76
1
 98
0
  0
HATCH
  5
516
330
4FE
100
AcDbEntity
  8
VEG-RELLENO
 62
63
420
9878646
100
AcDbHatch
 10
0.0
 20
0.0
 30
0.0
210
0.0
220
0.0
230
1.0
  2
SOLID
 70
1
 71
0
 91
1
 92
3
 72
0
 73
1
 93
4
 10
4.8
 20
-16.2
 10
7.9
 20
-11.0
 10
38.0
 20
-75.5
 10
33.5
 20
-77.6
 97
0
 75
1
 76
1
 98
0
  0
HATCH
  5
517
330
4FE
100
AcDbEntity
  8
VEG-RELLENO
 62
73
420
7902814
100
AcDbHatch
 10
0.0
 20
0.0
 30
0.0
210
0.0
220
0.0
230
1.0
  2
SOLID
 70
1
 71
0
 91
1
 92
3
 72
0
 73
1
 93
8
 10
46.5
 20
-101.5
 10
45.0
 20
-101.0
 10
44.3
 20
-99.5
 10
44.8
 20
-97.9
 10
46.3
 20
-97.2
 10
47.9
 20
-97.8
 10
48.6
 20
-99.3
 10
48.0
 20
-100.8
 97
0
 75
1
 76
1
 98
0
  0
HATCH
  5
518
330
4FE
100
AcDbEntity
  8
VEG-RELLENO
 62
73
420
8039520
100
AcDbHatch
 10
0.0
 20
0.0
 30
0.0
210
0.0
220
0.0
230
1.0
  2
SOLID
 70
1
 71
0
 91
2
 92
3
 72
0
 73
1
 93
32
 10
69.1
 20
-77.8
 10
74.3
 20
-81.5
 10
80.6
 20
-88.4
 10
83.8
 20
-93.9
 10
86.0
 20
-99.8
 10
87.1
 20
-106.0
 10
86.7
 20
-115.5
 10
85.1
 20
-121.6
 10
80.9
 20
-130.5
 10
77.2
 20
-135.9
 10
72.6
 20
-140.5
 10
67.3
 20
-143.9
 10
61.2
 20
-145.8
 10
54.7
 20
-146.3
 10
48.2
 20
-145.8
 10
38.7
 20
-143.3
 10
33.0
 20
-140.5
 10
25.5
 20
-134.8
 10
19.7
 20
-127.3
 10
17.0
 20
-121.6
 10
15.0
 20
-112.4
 10
15.3
 20
-103.5
 10
20.3
 20
-98.2
 10
22.7
 20
-94.1
 10
24.4
 20
-89.7
 10
25.4
 20
-83.6
 10
30.3
 20
-79.6
 10
35.7
 20
-76.4
 10
41.6
 20
-74.3
 10
47.8
 20
-73.2
 10
56.5
 20
-75.3
 10
63.8
 20
-75.4
 97
0
 92
2
 72
0
 73
1
 93
8
 10
48.0
 20
-100.8
 10
48.6
 20
-99.3
 10
47.9
 20
-97.8
 10
46.3
 20
-97.2
 10
44.8
 20
-97.9
 10
44.3
 20
-99.5
 10
45.0
 20
-101.0
 10
46.5
 20
-101.5
 97
0
 75
1
 76
1
 98
0
  0
HATCH
  5
519
330
4FE
100
AcDbEntity
  8
VEG-RELLENO
 62
63
420
9878646
100
AcDbHatch
 10
0.0
 20
0.0
 30
0.0
210
0.0
220
0.0
230
1.0
  2
SOLID
 70
1
 71
0
 91
2
 92
3
 72
0
 73
1
 93
6
 10
-2.1
 20
16.3
 10
-2.2
 20
12.1
 10
-6.4
 20
13.2
 10
-20.1
 20
60.4
 10
-16.2
 20
56.1
 10
-12.9
 20
53.7
 97
0
 92
3
 72
0
 73
1
 93
4
 10
-27.6
 20
86.4
 10
-23.0
 20
87.7
 10
-24.3
 20
84.2
 10
-25.3
 20
78.6
 97
0
 75
1
 76
1
 98
0
  0
HATCH
  5
51A
330
4FE
100
AcDbEntity
  8
VEG-RELLENO
 62
73
420
7902814
100
AcDbHatch
 10
0.0
 20
0.0
 30
0.0
210
0.0
220
0.0
230
1.0
  2
SOLID
 70
1
 71
0
 91
1
 92
3
 72
0
 73
1
 93
8
 10
-32.3
 20
114.6
 10
-30.7
 20
113.8
 10
-30.3
 20
112.1
 10
-31.1
 20
110.6
 10
-32.8
 20
110.1
 10
-34.3
 20
111.0
 10
-34.8
 20
112.6
 10
-33.9
 20
114.2
 97
0
 75
1
 76
1
 98
0
  0
HATCH
  5
51B
330
4FE
100
AcDbEntity
  8
VEG-RELLENO
 62
73
420
8105313
100
AcDbHatch
 10
0.0
 20
0.0
 30
0.0
210
0.0
220
0.0
230
1.0
  2
SOLID
 70
1
 71
0
 91
2
 92
3
 72
0
 73
1
 93
33
 10
-28.4
 20
86.2
 10
-34.9
 20
85.5
 10
-41.5
 20
86.0
 10
-50.9
 20
88.7
 10
-56.7
 20
91.9
 10
-61.8
 20
96.0
 10
-66.2
 20
101.0
 10
-69.6
 20
106.6
 10
-71.9
 20
112.8
 10
-73.2
 20
119.2
 10
-73.3
 20
125.8
 10
-72.3
 20
132.3
 10
-68.8
 20
141.6
 10
-63.1
 20
150.0
 10
-58.3
 20
155.0
 10
-52.9
 20
159.1
 10
-46.8
 20
161.7
 10
-40.3
 20
162.7
 10
-33.5
 20
162.2
 10
-26.8
 20
160.5
 10
-17.5
 20
156.4
 10
-9.5
 20
150.5
 10
-5.2
 20
145.5
 10
-1.8
 20
139.9
 10
0.6
 20
133.8
 10
1.9
 20
127.3
 10
2.0
 20
120.7
 10
1.0
 20
114.2
 10
-2.6
 20
105.0
 10
-9.1
 20
102.2
 10
-15.2
 20
98.0
 10
-20.1
 20
92.7
 10
-23.0
 20
87.7
 97
0
 92
2
 72
0
 73
1
 93
8
 10
-33.9
 20
114.2
 10
-34.8
 20
112.6
 10
-34.3
 20
111.0
 10
-32.8
 20
110.1
 10
-31.1
 20
110.6
 10
-30.3
 20
112.1
 10
-30.7
 20
113.8
 10
-32.3
 20
114.6
 97
0
 75
1
 76
1
 98
0
  0
HATCH
  5
51C
330
4FE
100
AcDbEntity
  8
VEG-RELLENO
 62
63
420
9878646
100
AcDbHatch
 10
0.0
 20
0.0
 30
0.0
210
0.0
220
0.0
230
1.0
  2
SOLID
 70
1
 71
0
 91
2
 92
3
 72
0
 73
1
 93
5
 10
90.0
 20
-52.4
 10
90.2
 20
-49.8
 10
90.2
 20
-46.8
 10
93.4
 20
-48.6
 10
91.0
 20
-52.9
 97
0
 92
3
 72
0
 73
1
 93
5
 10
28.7
 20
-18.6
 10
9.1
 20
-3.8
 10
8.9
 20
-2.1
 10
43.5
 20
-21.1
 10
39.3
 20
-24.5
 97
0
 75
1
 76
1
 98
0
  0
HATCH
  5
51D
330
4FE
100
AcDbEntity
  8
VEG-RELLENO
 62
73
420
7902814
100
AcDbHatch
 10
0.0
 20
0.0
 30
0.0
210
0.0
220
0.0
230
1.0
  2
SOLID
 70
1
 71
0
 91
1
 92
3
 72
0
 73
1
 93
8
 10
119.1
 20
-66.7
 10
117.3
 20
-67.2
 10
115.6
 20
-66.3
 10
115.1
 20
-64.5
 10
116.0
 20
-62.8
 10
117.8
 20
-62.2
 10
119.5
 20
-63.2
 10
120.0
 20
-65.0
 97
0
 75
1
 76
1
 98
0
  0
HATCH
  5
51E
330
4FE
100
AcDbEntity
  8
VEG-RELLENO
 62
73
420
8105313
100
AcDbHatch
 10
0.0
 20
0.0
 30
0.0
210
0.0
220
0.0
230
1.0
  2
SOLID
 70
1
 71
0
 91
2
 92
3
 72
0
 73
1
 93
32
 10
162.7
 20
-97.8
 10
157.1
 20
-102.7
 10
150.6
 20
-106.6
 10
140.1
 20
-110.7
 10
132.9
 20
-112.0
 10
122.1
 20
-111.8
 10
115.1
 20
-110.1
 10
108.4
 20
-107.1
 10
102.4
 20
-103.1
 10
97.2
 20
-98.1
 10
91.2
 20
-89.1
 10
88.6
 20
-82.3
 10
87.2
 20
-75.2
 10
87.4
 20
-64.4
 10
89.1
 20
-57.3
 10
92.1
 20
-50.7
 10
96.1
 20
-44.7
 10
101.1
 20
-39.5
 10
110.1
 20
-33.4
 10
116.9
 20
-30.8
 10
124.0
 20
-29.4
 10
134.8
 20
-29.7
 10
141.9
 20
-31.4
 10
148.5
 20
-34.3
 10
154.5
 20
-38.4
 10
159.7
 20
-43.4
 10
164.0
 20
-49.2
 10
167.3
 20
-55.8
 10
170.1
 20
-66.5
 10
170.8
 20
-77.8
 10
169.7
 20
-85.2
 10
167.0
 20
-92.0
 97
0
 92
2
 72
0
 73
1
 93
8
 10
120.0
 20
-65.0
 10
119.5
 20
-63.2
 10
117.8
 20
-62.2
 10
116.0
 20
-62.8
 10
115.1
 20
-64.5
 10
115.6
 20
-66.3
 10
117.3
 20
-67.2
 10
119.1
 20
-66.7
 97
0
 75
1
 76
1
 98
0
  0
HATCH
  5
51F
330
4FE
100
AcDbEntity
  8
VEG-RELLENO
 62
63
420
9878646
100
AcDbHatch
 10
0.0
 20
0.0
 30
0.0
210
0.0
220
0.0
230
1.0
  2
SOLID
 70
1
 71
0
 91
2
 92
3
 72
0
 73
1
 93
4
 10
-28.3
 20
-76.0
 10
-28.8
 20
-79.1
 10
-28.9
 20
-83.7
 10
-30.7
 20
-83.2
 97
0
 92
3
 72
0
 73
1
 93
5
 10
-10.2
 20
-22.5
 10
-4.8
 20
-22.1
 10
-17.6
 20
-59.9
 10
-22.2
 20
-64.1
 10
-26.5
 20
-70.9
 97
0
 75
1
 76
1
 98
0
  0
HATCH
  5
520
330
4FE
100
AcDbEntity
  8
VEG-RELLENO
 62
73
420
7902814
100
AcDbHatch
 10
0.0
 20
0.0
 30
0.0
210
0.0
220
0.0
230
1.0
  2
SOLID
 70
1
 71
0
 91
1
 92
3
 72
0
 73
1
 93
8
 10
-38.3
 20
-110.8
 10
-39.1
 20
-109.2
 10
-38.5
 20
-107.6
 10
-36.9
 20
-106.8
 10
-35.3
 20
-107.3
 10
-34.5
 20
-108.9
 10
-35.1
 20
-110.5
 10
-36.6
 20
-111.3
 97
0
 75
1
 76
1
 98
0
  0
HATCH
  5
521
330
4FE
100
AcDbEntity
  8
VEG-RELLENO
 62
73
420
8237154
100
AcDbHatch
 10
0.0
 20
0.0
 30
0.0
210
0.0
220
0.0
230
1.0
  2
SOLID
 70
1
 71
0
 91
2
 92
3
 72
0
 73
1
 93
34
 10
-2.7
 20
-115.6
 10
-2.6
 20
-122.2
 10
-4.5
 20
-131.9
 10
-7.2
 20
-138.0
 10
-10.8
 20
-143.5
 10
-15.4
 20
-148.3
 10
-23.6
 20
-153.9
 10
-33.2
 20
-157.6
 10
-39.9
 20
-158.9
 10
-46.7
 20
-159.2
 10
-53.3
 20
-157.9
 10
-59.2
 20
-155.0
 10
-64.5
 20
-150.7
 10
-69.1
 20
-145.5
 10
-74.4
 20
-136.8
 10
-76.8
 20
-130.5
 10
-78.1
 20
-124.0
 10
-77.9
 20
-114.1
 10
-76.3
 20
-107.7
 10
-73.7
 20
-101.7
 10
-70.0
 20
-96.2
 10
-65.5
 20
-91.4
 10
-57.2
 20
-85.9
 10
-51.1
 20
-83.5
 10
-44.6
 20
-82.2
 10
-38.0
 20
-82.0
 10
-28.9
 20
-83.7
 10
-27.5
 20
-90.9
 10
-25.6
 20
-95.2
 10
-23.0
 20
-99.2
 10
-19.7
 20
-102.7
 10
-13.8
 20
-107.2
 10
-9.4
 20
-109.4
 10
-3.6
 20
-110.8
 97
0
 92
2
 72
0
 73
1
 93
8
 10
-36.6
 20
-111.3
 10
-35.1
 20
-110.5
 10
-34.5
 20
-108.9
 10
-35.3
 20
-107.3
 10
-36.9
 20
-106.8
 10
-38.5
 20
-107.6
 10
-39.1
 20
-109.2
 10
-38.3
 20
-110.8
 97
0
 75
1
 76
1
 98
0
  0
HATCH
  5
522
330
4FE
100
AcDbEntity
  8
VEG-RELLENO
 62
63
420
9878646
100
AcDbHatch
 10
0.0
 20
0.0
 30
0.0
210
0.0
220
0.0
230
1.0
  2
SOLID
 70
1
 71
0
 91
1
 92
3
 72
0
 73
1
 93
4
 10
8.2
 20
1.0
 10
6.0
 20
5.5
 10
32.5
 20
17.7
 10
34.6
 20
13.1
 97
0
 75
1
 76
1
 98
0
  0
HATCH
  5
523
330
4FE
100
AcDbEntity
  8
VEG-RELLENO
 62
73
420
7902814
100
AcDbHatch
 10
0.0
 20
0.0
 30
0.0
210
0.0
220
0.0
230
1.0
  2
SOLID
 70
1
 71
0
 91
1
 92
3
 72
0
 73
1
 93
8
 10
56.4
 20
25.0
 10
55.8
 20
23.6
 10
54.5
 20
23.0
 10
53.0
 20
23.5
 10
52.4
 20
24.9
 10
52.9
 20
26.3
 10
54.3
 20
26.9
 10
55.7
 20
26.4
 97
0
 75
1
 76
1
 98
0
  0
HATCH
  5
524
330
4FE
100
AcDbEntity
  8
VEG-RELLENO
 62
63
420
8895596
100
AcDbHatch
 10
0.0
 20
0.0
 30
0.0
210
0.0
220
0.0
230
1.0
  2
SOLID
 70
1
 71
0
 91
2
 92
3
 72
0
 73
1
 93
32
 10
96.7
 20
38.1
 10
97.1
 20
32.2
 10
96.5
 20
26.2
 10
94.2
 20
17.7
 10
91.7
 20
12.5
 10
86.4
 20
5.7
 10
82.0
 20
2.0
 10
77.0
 20
-0.8
 10
71.7
 20
-2.7
 10
66.0
 20
-3.7
 10
60.3
 20
-3.6
 10
54.6
 20
-2.6
 10
46.7
 20
0.7
 10
42.1
 20
4.0
 10
36.3
 20
10.4
 10
33.5
 20
15.4
 10
31.6
 20
20.8
 10
30.6
 20
26.4
 10
31.0
 20
35.0
 10
32.5
 20
40.5
 10
35.0
 20
45.7
 10
38.3
 20
50.3
 10
44.7
 20
56.1
 10
49.6
 20
58.9
 10
55.0
 20
60.9
 10
60.7
 20
61.8
 10
66.4
 20
61.8
 10
72.1
 20
60.8
 10
80.2
 20
57.6
 10
87.7
 20
52.6
 10
91.9
 20
48.5
 10
95.0
 20
43.6
 97
0
 92
2
 72
0
 73
1
 93
8
 10
55.7
 20
26.4
 10
54.3
 20
26.9
 10
52.9
 20
26.3
 10
52.4
 20
24.9
 10
53.0
 20
23.5
 10
54.5
 20
23.0
 10
55.8
 20
23.6
 10
56.4
 20
25.0
 97
0
 75
1
 76
1
 98
0
  0
HATCH
  5
525
330
4FE
100
AcDbEntity
  8
VEG-RELLENO
 62
63
420
9878646
100
AcDbHatch
 10
0.0
 20
0.0
 30
0.0
210
0.0
220
0.0
230
1.0
  2
SOLID
 70
1
 71
0
 91
1
 92
3
 72
0
 73
1
 93
4
 10
-26.8
 20
-10.7
 10
-24.6
 20
-15.2
 10
-48.4
 20
-27.1
 10
-50.6
 20
-22.6
 97
0
 75
1
 76
1
 98
0
  0
HATCH
  5
526
330
4FE
100
AcDbEntity
  8
VEG-RELLENO
 62
73
420
7902814
100
AcDbHatch
 10
0.0
 20
0.0
 30
0.0
210
0.0
220
0.0
230
1.0
  2
SOLID
 70
1
 71
0
 91
1
 92
3
 72
0
 73
1
 93
8
 10
-69.2
 20
-34.0
 10
-68.8
 20
-32.8
 10
-67.6
 20
-32.2
 10
-66.4
 20
-32.6
 10
-65.8
 20
-33.8
 10
-66.2
 20
-35.1
 10
-67.4
 20
-35.6
 10
-68.6
 20
-35.2
 97
0
 75
1
 76
1
 98
0
  0
HATCH
  5
527
330
4FE
100
AcDbEntity
  8
VEG-RELLENO
 62
63
420
8961133
100
AcDbHatch
 10
0.0
 20
0.0
 30
0.0
210
0.0
220
0.0
230
1.0
  2
SOLID
 70
1
 71
0
 91
2
 92
3
 72
0
 73
1
 93
32
 10
-104.3
 20
-46.8
 10
-104.9
 20
-41.6
 10
-104.6
 20
-36.4
 10
-102.8
 20
-28.8
 10
-100.7
 20
-24.1
 10
-96.3
 20
-18.0
 10
-92.5
 20
-14.6
 10
-88.2
 20
-12.0
 10
-83.6
 20
-10.1
 10
-78.6
 20
-9.1
 10
-73.6
 20
-8.9
 10
-66.2
 20
-10.3
 10
-61.5
 20
-12.3
 10
-57.3
 20
-15.1
 10
-52.0
 20
-20.5
 10
-49.4
 20
-24.8
 10
-47.5
 20
-29.5
 10
-46.5
 20
-34.4
 10
-46.4
 20
-39.5
 10
-47.1
 20
-44.5
 10
-49.8
 20
-51.5
 10
-52.5
 20
-55.8
 10
-58.0
 20
-61.0
 10
-62.3
 20
-63.7
 10
-66.9
 20
-65.5
 10
-71.9
 20
-66.6
 10
-76.9
 20
-66.7
 10
-81.9
 20
-66.0
 10
-89.2
 20
-63.4
 10
-96.0
 20
-59.3
 10
-99.8
 20
-55.8
 10
-102.7
 20
-51.6
 97
0
 92
2
 72
0
 73
1
 93
8
 10
-68.6
 20
-35.2
 10
-67.4
 20
-35.6
 10
-66.2
 20
-35.1
 10
-65.8
 20
-33.8
 10
-66.4
 20
-32.6
 10
-67.6
 20
-32.2
 10
-68.8
 20
-32.8
 10
-69.2
 20
-34.0
 97
0
 75
1
 76
1
 98
0
  0
HATCH
  5
528
330
4FE
100
AcDbEntity
  8
VEG-RELLENO
 62
63
420
9878646
100
AcDbHatch
 10
0.0
 20
0.0
 30
0.0
210
0.0
220
0.0
230
1.0
  2
SOLID
 70
1
 71
0
 91
1
 92
3
 72
0
 73
1
 93
4
 10
-11.2
 20
13.3
 10
-16.8
 20
11.6
 10
-40.6
 20
32.7
 10
-37.2
 20
36.4
 97
0
 75
1
 76
1
 98
0
  0
HATCH
  5
529
330
4FE
100
AcDbEntity
  8
VEG-RELLENO
 62
73
420
7902814
100
AcDbHatch
 10
0.0
 20
0.0
 30
0.0
210
0.0
220
0.0
230
1.0
  2
SOLID
 70
1
 71
0
 91
1
 92
3
 72
0
 73
1
 93
8
 10
-56.5
 20
51.2
 10
-55.0
 20
51.2
 10
-53.9
 20
50.3
 10
-53.8
 20
48.8
 10
-54.8
 20
47.7
 10
-56.2
 20
47.6
 10
-57.4
 20
48.6
 10
-57.4
 20
50.1
 97
0
 75
1
 76
1
 98
0
  0
HATCH
  5
52A
330
4FE
100
AcDbEntity
  8
VEG-RELLENO
 62
63
420
9092720
100
AcDbHatch
 10
0.0
 20
0.0
 30
0.0
210
0.0
220
0.0
230
1.0
  2
SOLID
 70
1
 71
0
 91
2
 92
3
 72
0
 73
1
 93
32
 10
-84.0
 20
82.1
 10
-78.9
 20
84.8
 10
-73.3
 20
86.7
 10
-64.8
 20
87.9
 10
-59.1
 20
87.7
 10
-51.0
 20
85.7
 10
-46.0
 20
83.2
 10
-41.5
 20
79.8
 10
-37.6
 20
75.8
 10
-34.6
 20
71.1
 10
-31.6
 20
63.3
 10
-30.8
 20
57.7
 10
-30.9
 20
52.1
 10
-33.0
 20
44.0
 10
-35.5
 20
39.0
 10
-38.8
 20
34.5
 10
-42.9
 20
30.7
 10
-50.1
 20
26.4
 10
-55.4
 20
24.6
 10
-60.9
 20
23.8
 10
-66.5
 20
23.9
 10
-74.7
 20
26.0
 10
-79.7
 20
28.5
 10
-84.1
 20
31.8
 10
-88.0
 20
35.9
 10
-91.1
 20
40.6
 10
-93.3
 20
45.7
 10
-94.6
 20
51.2
 10
-95.0
 20
59.7
 10
-93.5
 20
68.4
 10
-91.4
 20
73.8
 10
-88.3
 20
78.4
 97
0
 92
2
 72
0
 73
1
 93
8
 10
-57.4
 20
50.1
 10
-57.4
 20
48.6
 10
-56.2
 20
47.6
 10
-54.8
 20
47.7
 10
-53.8
 20
48.8
 10
-53.9
 20
50.3
 10
-55.0
 20
51.2
 10
-56.5
 20
51.2
 97
0
 75
1
 76
1
 98
0
  0
HATCH
  5
52B
330
4FE
100
AcDbEntity
  8
VEG-RELLENO
 62
63
420
9878646
100
AcDbHatch
 10
0.0
 20
0.0
 30
0.0
210
0.0
220
0.0
230
1.0
  2
SOLID
 70
1
 71
0
 91
1
 92
3
 72
0
 73
1
 93
4
 10
-3.0
 20
-21.6
 10
2.1
 20
-18.9
 10
1.3
 20
-55.0
 10
-3.7
 20
-54.9
 97
0
 75
1
 76
1
 98
0
  0
HATCH
  5
52C
330
4FE
100
AcDbEntity
  8
VEG-RELLENO
 62
63
420
9878646
100
AcDbHatch
 10
0.0
 20
0.0
 30
0.0
210
0.0
220
0.0
230
1.0
  2
SOLID
 70
1
 71
0
 91
1
 92
3
 72
0
 73
1
 93
4
 10
2.7
 20
9.1
 10
-2.2
 20
12.1
 10
-1.3
 20
49.5
 10
3.7
 20
49.4
 97
0
 75
1
 76
1
 98
0
  0
HATCH
  5
52D
330
4FE
100
AcDbEntity
  8
VEG-RELLENO
 62
73
420
7902814
100
AcDbHatch
 10
0.0
 20
0.0
 30
0.0
210
0.0
220
0.0
230
1.0
  2
SOLID
 70
1
 71
0
 91
1
 92
3
 72
0
 73
1
 93
8
 10
-2.2
 20
-75.4
 10
-3.1
 20
-74.5
 10
-3.1
 20
-73.2
 10
-2.2
 20
-72.4
 10
-0.9
 20
-72.4
 10
-0.0
 20
-73.3
 10
-0.1
 20
-74.6
 10
-1.0
 20
-75.4
 97
0
 75
1
 76
1
 98
0
  0
HATCH
  5
52E
330
4FE
100
AcDbEntity
  8
VEG-RELLENO
 62
63
420
9289587
100
AcDbHatch
 10
0.0
 20
0.0
 30
0.0
210
0.0
220
0.0
230
1.0
  2
SOLID
 70
1
 71
0
 91
2
 92
3
 72
0
 73
1
 93
32
 10
-7.1
 20
-110.2
 10
-11.6
 20
-108.4
 10
-15.9
 20
-105.8
 10
-21.4
 20
-101.0
 10
-24.4
 20
-97.2
 10
-27.5
 20
-90.9
 10
-28.7
 20
-86.2
 10
-29.0
 20
-81.5
 10
-28.5
 20
-76.8
 10
-27.1
 20
-72.2
 10
-23.7
 20
-66.0
 10
-20.6
 20
-62.4
 10
-16.9
 20
-59.4
 10
-12.7
 20
-57.1
 10
-8.2
 20
-55.6
 10
-3.5
 20
-54.9
 10
3.6
 20
-55.3
 10
10.3
 20
-57.6
 10
14.4
 20
-60.1
 10
17.9
 20
-63.2
 10
20.9
 20
-66.9
 10
23.2
 20
-71.1
 10
25.2
 20
-77.9
 10
25.5
 20
-82.7
 10
25.0
 20
-87.4
 10
23.7
 20
-91.9
 10
21.6
 20
-96.2
 10
18.8
 20
-100.1
 10
13.4
 20
-105.0
 10
7.0
 20
-108.8
 10
2.4
 20
-110.4
 10
-2.3
 20
-111.0
 97
0
 92
2
 72
0
 73
1
 93
8
 10
-1.0
 20
-75.4
 10
-0.1
 20
-74.6
 10
-0.0
 20
-73.3
 10
-0.9
 20
-72.4
 10
-2.2
 20
-72.4
 10
-3.1
 20
-73.2
 10
-3.1
 20
-74.5
 10
-2.2
 20
-75.4
 97
0
 75
1
 76
1
 98
0
  0
HATCH
  5
52F
330
4FE
100
AcDbEntity
  8
VEG-RELLENO
 62
73
420
7902814
100
AcDbHatch
 10
0.0
 20
0.0
 30
0.0
210
0.0
220
0.0
230
1.0
  2
SOLID
 70
1
 71
0
 91
1
 92
3
 72
0
 73
1
 93
8
 10
2.3
 20
69.9
 10
3.1
 20
69.0
 10
3.1
 20
67.7
 10
2.2
 20
66.9
 10
1.0
 20
66.9
 10
0.1
 20
67.8
 10
0.1
 20
69.1
 10
1.0
 20
69.9
 97
0
 75
1
 76
1
 98
0
  0
HATCH
  5
530
330
4FE
100
AcDbEntity
  8
VEG-RELLENO
 62
63
420
9289587
100
AcDbHatch
 10
0.0
 20
0.0
 30
0.0
210
0.0
220
0.0
230
1.0
  2
SOLID
 70
1
 71
0
 91
2
 92
3
 72
0
 73
1
 93
32
 10
7.2
 20
104.7
 10
11.8
 20
102.9
 10
16.0
 20
100.3
 10
21.5
 20
95.4
 10
24.5
 20
91.7
 10
27.6
 20
85.3
 10
28.7
 20
80.7
 10
29.0
 20
75.9
 10
28.5
 20
71.2
 10
27.2
 20
66.6
 10
25.1
 20
62.4
 10
20.6
 20
56.8
 10
16.9
 20
53.9
 10
12.7
 20
51.6
 10
8.2
 20
50.1
 10
1.2
 20
49.3
 10
-3.6
 20
49.9
 10
-8.1
 20
51.2
 10
-14.3
 20
54.6
 10
-17.9
 20
57.8
 10
-20.9
 20
61.5
 10
-23.2
 20
65.6
 10
-25.1
 20
72.5
 10
-25.4
 20
77.2
 10
-24.9
 20
81.9
 10
-23.6
 20
86.5
 10
-21.5
 20
90.7
 10
-18.6
 20
94.6
 10
-13.3
 20
99.5
 10
-6.9
 20
103.3
 10
-2.3
 20
104.9
 10
2.5
 20
105.4
 97
0
 92
2
 72
0
 73
1
 93
8
 10
1.0
 20
69.9
 10
0.1
 20
69.1
 10
0.1
 20
67.8
 10
1.0
 20
66.9
 10
2.2
 20
66.9
 10
3.1
 20
67.7
 10
3.1
 20
69.0
 10
2.3
 20
69.9
 97
0
 75
1
 76
1
 98
0
  0
HATCH
  5
531
330
4FE
100
AcDbEntity
  8
VEG-RELLENO
 62
63
420
9878646
100
AcDbHatch
 10
0.0
 20
0.0
 30
0.0
210
0.0
220
0.0
230
1.0
  2
SOLID
 70
1
 71
0
 91
1
 92
3
 72
0
 73
1
 93
4
 10
8.4
 20
-9.5
 10
9.1
 20
-3.8
 10
38.1
 20
-25.8
 10
35.0
 20
-29.8
 97
0
 75
1
 76
1
 98
0
  0
HATCH
  5
532
330
4FE
100
AcDbEntity
  8
VEG-RELLENO
 62
73
420
7902814
100
AcDbHatch
 10
0.0
 20
0.0
 30
0.0
210
0.0
220
0.0
230
1.0
  2
SOLID
 70
1
 71
0
 91
1
 92
3
 72
0
 73
1
 93
8
 10
54.0
 20
-41.9
 10
52.6
 20
-42.1
 10
51.5
 20
-41.2
 10
51.4
 20
-39.9
 10
52.2
 20
-38.8
 10
53.5
 20
-38.6
 10
54.6
 20
-39.4
 10
54.8
 20
-40.8
 97
0
 75
1
 76
1
 98
0
  0
HATCH
  5
533
330
4FE
100
AcDbEntity
  8
VEG-RELLENO
 62
63
420
9420917
100
AcDbHatch
 10
0.0
 20
0.0
 30
0.0
210
0.0
220
0.0
230
1.0
  2
SOLID
 70
1
 71
0
 91
2
 92
3
 72
0
 73
1
 93
32
 10
81.7
 20
-68.6
 10
77.2
 20
-71.4
 10
72.1
 20
-73.5
 10
64.3
 20
-75.3
 10
59.1
 20
-75.5
 10
51.4
 20
-74.2
 10
46.6
 20
-72.3
 10
42.2
 20
-69.5
 10
38.3
 20
-66.0
 10
35.1
 20
-61.9
 10
32.7
 20
-57.3
 10
30.7
 20
-49.8
 10
30.4
 20
-44.6
 10
31.1
 20
-39.4
 10
33.7
 20
-32.1
 10
36.5
 20
-27.7
 10
40.0
 20
-23.9
 10
44.1
 20
-20.7
 10
48.7
 20
-18.3
 10
53.6
 20
-16.7
 10
61.4
 20
-15.9
 10
69.0
 20
-17.3
 10
73.9
 20
-19.2
 10
78.3
 20
-22.0
 10
82.1
 20
-25.5
 10
85.3
 20
-29.6
 10
87.7
 20
-34.2
 10
89.3
 20
-39.2
 10
90.2
 20
-47.1
 10
89.5
 20
-55.2
 10
88.0
 20
-60.3
 10
85.4
 20
-64.9
 97
0
 92
2
 72
0
 73
1
 93
8
 10
54.8
 20
-40.8
 10
54.6
 20
-39.4
 10
53.5
 20
-38.6
 10
52.2
 20
-38.8
 10
51.4
 20
-39.9
 10
51.5
 20
-41.2
 10
52.6
 20
-42.1
 10
54.0
 20
-41.9
 97
0
 75
1
 76
1
 98
0
  0
HATCH
  5
534
330
4FE
100
AcDbEntity
  8
VEG-RELLENO
 62
253
420
10012032
100
AcDbHatch
 10
0.0
 20
0.0
 30
0.0
210
0.0
220
0.0
230
1.0
  2
SOLID
 70
1
 71
0
 91
2
 92
3
 72
0
 73
1
 93
24
 10
-26.5
 20
-11.9
 10
-27.3
 20
-5.5
 10
-25.5
 20
2.3
 10
-23.1
 20
6.4
 10
-21.0
 20
8.7
 10
-15.7
 20
12.0
 10
-9.6
 20
13.4
 10
-6.5
 20
13.2
 10
-2.0
 20
12.0
 10
0.8
 20
10.6
 10
4.4
 20
7.5
 10
7.8
 20
2.3
 10
9.1
 20
-3.9
 10
9.0
 20
-7.0
 10
7.7
 20
-11.5
 10
5.4
 20
-15.6
 10
3.3
 20
-17.9
 10
-2.0
 20
-21.2
 10
-8.1
 20
-22.6
 10
-11.3
 20
-22.4
 10
-15.9
 20
-21.3
 10
-20.3
 20
-19.1
 10
-22.9
 20
-17.1
 10
-25.0
 20
-14.7
 97
0
 92
2
 72
0
 73
1
 93
4
 10
-4.8
 20
-2.9
 10
-3.3
 20
-2.8
 10
-3.4
 20
-1.3
 10
-4.9
 20
-1.4
 97
0
 75
1
 76
1
 98
0
  0
LWPOLYLINE
  5
535
330
4FE
100
AcDbEntity
  8
VEG-MACETA
100
AcDbPolyline
 90
3
 70
0
 10
-60.9
 20
-87.9
 10
-70.6
 20
-80.4
 10
-74.6
 20
-76.7
  0
LWPOLYLINE
  5
536
330
4FE
100
AcDbEntity
  8
VEG-MACETA
100
AcDbPolyline
 90
2
 70
0
 10
-61.0
 20
87.9
 10
-55.7
 20
91.3
  0
LWPOLYLINE
  5
537
330
4FE
100
AcDbEntity
  8
VEG-MACETA
100
AcDbPolyline
 90
2
 70
0
 10
-1.7
 20
106.9
 10
2.6
 20
106.9
  0
LWPOLYLINE
  5
538
330
4FE
100
AcDbEntity
  8
VEG-MACETA
100
AcDbPolyline
 90
2
 70
0
 10
15.0
 20
-105.9
 10
11.5
 20
-106.3
  0
LWPOLYLINE
  5
539
330
4FE
100
AcDbEntity
  8
VEG-MACETA
100
AcDbPolyline
 90
3
 70
0
 10
64.6
 20
85.3
 10
70.6
 20
80.4
 10
77.3
 20
74.0
  0
LWPOLYLINE
  5
53A
330
4FE
100
AcDbEntity
  8
VEG-MACETA
100
AcDbPolyline
 90
2
 70
0
 10
83.0
 20
-67.4
 10
71.6
 20
-79.4
  0
LWPOLYLINE
  5
53B
330
4FE
100
AcDbEntity
  8
VEG-MACETA
100
AcDbPolyline
 90
2
 70
0
 10
88.2
 20
-60.5
 10
87.2
 20
-61.9
  0
LWPOLYLINE
  5
53C
330
4FE
100
AcDbEntity
  8
VEG-MACETA
100
AcDbPolyline
 90
3
 70
0
 10
103.8
 20
-26.0
 10
101.3
 20
-34.4
 10
98.3
 20
-42.2
  0
LWPOLYLINE
  5
53D
330
4FE
100
AcDbEntity
  8
VEG-MACETA
100
AcDbPolyline
 90
2
 70
0
 10
-93.9
 20
14.3
 10
-90.5
 20
28.8
  0
LWPOLYLINE
  5
53E
330
4FE
100
AcDbEntity
  8
VEG-MACETA
100
AcDbPolyline
 90
3
 70
0
 10
-47.0
 20
-82.5
 10
-57.8
 20
-75.4
 10
-68.4
 20
-65.9
  0
LWPOLYLINE
  5
53F
330
4FE
100
AcDbEntity
  8
VEG-MACETA
100
AcDbPolyline
 90
2
 70
0
 10
-45.9
 20
83.1
 10
-40.6
 20
85.9
  0
LWPOLYLINE
  5
540
330
4FE
100
AcDbEntity
  8
VEG-MACETA
100
AcDbPolyline
 90
3
 70
0
 10
51.7
 20
79.7
 10
62.6
 20
71.4
 10
73.3
 20
60.4
  0
LWPOLYLINE
  5
541
330
4FE
100
AcDbEntity
  8
VEG-MACETA
100
AcDbPolyline
 90
3
 70
0
 10
93.4
 20
-17.4
 10
91.8
 20
-24.6
 10
88.1
 20
-35.4
  0
LWPOLYLINE
  5
542
330
4FE
100
AcDbEntity
  8
VEG-MACETA
100
AcDbPolyline
 90
4
 70
0
 10
-86.9
 20
-2.1
 10
-86.3
 20
11.4
 10
-84.0
 20
22.5
 10
-81.7
 20
29.9
  0
LWPOLYLINE
  5
543
330
4FE
100
AcDbEntity
  8
VEG-MACETA
100
AcDbPolyline
 90
4
 70
0
 10
-30.1
 20
-81.6
 10
-38.5
 20
-78.0
 10
-48.3
 20
-72.3
 10
-60.4
 20
-62.6
  0
LWPOLYLINE
  5
544
330
4FE
100
AcDbEntity
  8
VEG-MACETA
100
AcDbPolyline
 90
2
 70
0
 10
-39.2
 20
77.6
 10
-26.6
 20
82.8
  0
LWPOLYLINE
  5
545
330
4FE
100
AcDbEntity
  8
VEG-MACETA
100
AcDbPolyline
 90
4
 70
0
 10
36.8
 20
78.8
 10
48.3
 20
72.3
 10
53.0
 20
69.0
 10
61.2
 20
61.8
  0
LWPOLYLINE
  5
546
330
4FE
100
AcDbEntity
  8
VEG-MACETA
100
AcDbPolyline
 90
3
 70
0
 10
86.6
 20
-7.4
 10
85.3
 20
-17.0
 10
82.9
 20
-26.4
  0
LWPOLYLINE
  5
547
330
4FE
100
AcDbEntity
  8
VEG-HOJAS
100
AcDbPolyline
 90
2
 70
0
 10
-80.6
 20
-69.0
 10
-77.9
 20
-66.6
  0
LWPOLYLINE
  5
548
330
4FE
100
AcDbEntity
  8
VEG-HOJAS
100
AcDbPolyline
 90
2
 70
0
 10
-70.0
 20
-66.2
 10
-77.2
 20
-72.8
  0
LWPOLYLINE
  5
549
330
4FE
100
AcDbEntity
  8
VEG-HOJAS
100
AcDbPolyline
 90
2
 70
0
 10
-18.6
 20
-20.0
 10
-47.5
 20
-46.1
  0
LWPOLYLINE
  5
54A
330
4FE
100
AcDbEntity
  8
VEG-HOJAS
100
AcDbPolyline
 90
2
 70
0
 10
-46.3
 20
-38.3
 10
-22.8
 20
-17.1
  0
LWPOLYLINE
  5
54B
330
4FE
100
AcDbEntity
  8
VEG-NERVIOS
100
AcDbPolyline
 90
2
 70
0
 10
-98.0
 20
-88.1
 10
-135.5
 20
-84.2
  0
LWPOLYLINE
  5
54C
330
4FE
100
AcDbEntity
  8
VEG-NERVIOS
100
AcDbPolyline
 90
2
 70
0
 10
-98.0
 20
-88.1
 10
-129.6
 20
-116.4
  0
LWPOLYLINE
  5
54D
330
4FE
100
AcDbEntity
  8
VEG-NERVIOS
100
AcDbPolyline
 90
2
 70
0
 10
-98.0
 20
-88.1
 10
-109.5
 20
-64.3
  0
LWPOLYLINE
  5
54E
330
4FE
100
AcDbEntity
  8
VEG-NERVIOS
100
AcDbPolyline
 90
2
 70
0
 10
-98.0
 20
-88.1
 10
-98.2
 20
-125.7
  0
LWPOLYLINE
  5
54F
330
4FE
100
AcDbEntity
  8
VEG-NERVIOS
100
AcDbPolyline
 90
2
 70
0
 10
-98.0
 20
-88.1
 10
-75.6
 20
-102.0
  0
LWPOLYLINE
  5
550
330
4FE
100
AcDbEntity
  8
VEG-HOJAS
100
AcDbPolyline
 90
23
 70
0
 10
-94.0
 20
-60.7
 10
-97.9
 20
-59.5
 10
-104.3
 20
-58.6
 10
-113.9
 20
-59.4
 10
-120.0
 20
-61.3
 10
-125.8
 20
-64.2
 10
-133.2
 20
-70.3
 10
-138.8
 20
-78.1
 10
-142.2
 20
-87.1
 10
-143.2
 20
-96.8
 10
-142.8
 20
-103.5
 10
-141.4
 20
-110.1
 10
-139.0
 20
-116.2
 10
-137.3
 20
-119.0
 10
-133.0
 20
-123.8
 10
-130.4
 20
-125.8
 10
-124.5
 20
-128.8
 10
-114.9
 20
-131.6
 10
-105.0
 20
-132.3
 10
-95.5
 20
-130.7
 10
-86.8
 20
-126.7
 10
-81.6
 20
-122.9
 10
-78.3
 20
-119.4
  0
LWPOLYLINE
  5
551
330
4FE
100
AcDbEntity
  8
VEG-HOJAS
100
AcDbPolyline
 90
5
 70
0
 10
-69.4
 20
-95.5
 10
-70.2
 20
-87.8
 10
-73.4
 20
-78.8
 10
-78.8
 20
-70.8
 10
-85.8
 20
-64.8
  0
LWPOLYLINE
  5
552
330
4FE
100
AcDbEntity
  8
VEG-HOJAS
100
AcDbPolyline
 90
2
 70
0
 10
5.2
 20
6.6
 10
30.9
 20
24.1
  0
LWPOLYLINE
  5
553
330
4FE
100
AcDbEntity
  8
VEG-HOJAS
100
AcDbPolyline
 90
2
 70
0
 10
32.1
 20
18.9
 10
25.7
 20
14.6
  0
LWPOLYLINE
  5
554
330
4FE
100
AcDbEntity
  8
VEG-HOJAS
100
AcDbPolyline
 90
2
 70
0
 10
80.0
 20
57.7
 10
82.2
 20
59.2
  0
LWPOLYLINE
  5
555
330
4FE
100
AcDbEntity
  8
VEG-NERVIOS
100
AcDbPolyline
 90
2
 70
0
 10
105.1
 20
71.9
 10
84.4
 20
88.8
  0
LWPOLYLINE
  5
556
330
4FE
100
AcDbEntity
  8
VEG-NERVIOS
100
AcDbPolyline
 90
2
 70
0
 10
105.1
 20
71.9
 10
140.6
 20
96.1
  0
LWPOLYLINE
  5
557
330
4FE
100
AcDbEntity
  8
VEG-NERVIOS
100
AcDbPolyline
 90
2
 70
0
 10
105.1
 20
71.9
 10
110.3
 20
109.7
  0
LWPOLYLINE
  5
558
330
4FE
100
AcDbEntity
  8
VEG-NERVIOS
100
AcDbPolyline
 90
2
 70
0
 10
105.1
 20
71.9
 10
111.4
 20
52.6
  0
LWPOLYLINE
  5
559
330
4FE
100
AcDbEntity
  8
VEG-NERVIOS
100
AcDbPolyline
 90
2
 70
0
 10
105.1
 20
71.9
 10
142.2
 20
62.9
  0
LWPOLYLINE
  5
55A
330
4FE
100
AcDbEntity
  8
VEG-HOJAS
100
AcDbPolyline
 90
24
 70
0
 10
141.2
 20
52.3
 10
144.7
 20
56.4
 10
148.0
 20
62.0
 10
151.1
 20
71.3
 10
152.0
 20
78.0
 10
152.0
 20
84.8
 10
150.0
 20
94.7
 10
147.0
 20
100.5
 10
145.0
 20
103.1
 10
142.7
 20
105.4
 10
137.2
 20
109.3
 10
131.0
 20
112.2
 10
124.6
 20
114.3
 10
114.8
 20
115.5
 10
108.3
 20
115.0
 10
102.0
 20
113.4
 10
93.3
 20
109.0
 10
86.0
 20
102.5
 10
80.7
 20
94.3
 10
78.4
 20
88.2
 10
77.2
 20
81.8
 10
77.5
 20
72.1
 10
80.3
 20
62.8
 10
85.8
 20
54.1
  0
LWPOLYLINE
  5
55B
330
4FE
100
AcDbEntity
  8
VEG-HOJAS
100
AcDbPolyline
 90
2
 70
0
 10
92.2
 20
48.1
 10
97.7
 20
44.8
  0
LWPOLYLINE
  5
55C
330
4FE
100
AcDbEntity
  8
VEG-HOJAS
100
AcDbPolyline
 90
2
 70
0
 10
-20.8
 20
8.9
 10
-50.9
 20
26.0
  0
LWPOLYLINE
  5
55D
330
4FE
100
AcDbEntity
  8
VEG-HOJAS
100
AcDbPolyline
 90
2
 70
0
 10
-45.6
 20
28.7
 10
-19.3
 20
13.8
  0
LWPOLYLINE
  5
55E
330
4FE
100
AcDbEntity
  8
VEG-NERVIOS
100
AcDbPolyline
 90
2
 70
0
 10
-102.4
 20
58.1
 10
-144.9
 20
82.2
  0
LWPOLYLINE
  5
55F
330
4FE
100
AcDbEntity
  8
VEG-NERVIOS
100
AcDbPolyline
 90
2
 70
0
 10
-102.4
 20
58.1
 10
-143.6
 20
44.5
  0
LWPOLYLINE
  5
560
330
4FE
100
AcDbEntity
  8
VEG-NERVIOS
100
AcDbPolyline
 90
2
 70
0
 10
-102.4
 20
58.1
 10
-111.9
 20
100.4
  0
LWPOLYLINE
  5
561
330
4FE
100
AcDbEntity
  8
VEG-NERVIOS
100
AcDbPolyline
 90
2
 70
0
 10
-102.4
 20
58.1
 10
-109.4
 20
28.5
  0
LWPOLYLINE
  5
562
330
4FE
100
AcDbEntity
  8
VEG-NERVIOS
100
AcDbPolyline
 90
2
 70
0
 10
-102.4
 20
58.1
 10
-94.0
 20
66.3
  0
LWPOLYLINE
  5
563
330
4FE
100
AcDbEntity
  8
VEG-HOJAS
100
AcDbPolyline
 90
18
 70
0
 10
-76.8
 20
85.6
 10
-81.2
 20
91.9
 10
-89.5
 20
99.3
 10
-95.9
 20
103.0
 10
-106.5
 20
106.2
 10
-113.9
 20
106.8
 10
-124.9
 20
105.3
 10
-135.6
 20
101.3
 10
-145.4
 20
95.1
 10
-150.6
 20
89.7
 10
-152.6
 20
86.6
 10
-155.4
 20
79.7
 10
-156.6
 20
72.1
 10
-156.1
 20
60.6
 10
-153.3
 20
49.6
 10
-150.1
 20
42.9
 10
-145.8
 20
36.9
 10
-138.0
 20
29.7
  0
LWPOLYLINE
  5
564
330
4FE
100
AcDbEntity
  8
VEG-HOJAS
100
AcDbPolyline
 90
4
 70
0
 10
-102.7
 20
23.4
 10
-98.7
 20
24.6
 10
-92.0
 20
27.8
 10
-85.2
 20
32.8
  0
LWPOLYLINE
  5
565
330
4FE
100
AcDbEntity
  8
VEG-HOJAS
100
AcDbPolyline
 90
2
 70
0
 10
-86.7
 20
-3.8
 10
-26.1
 20
0.6
  0
LWPOLYLINE
  5
566
330
4FE
100
AcDbEntity
  8
VEG-HOJAS
100
AcDbPolyline
 90
2
 70
0
 10
-27.2
 20
-4.5
 10
-86.3
 20
-8.8
  0
LWPOLYLINE
  5
567
330
4FE
100
AcDbEntity
  8
VEG-HOJAS
100
AcDbPolyline
 90
2
 70
0
 10
2.9
 20
15.8
 10
16.0
 20
53.3
  0
LWPOLYLINE
  5
568
330
4FE
100
AcDbEntity
  8
VEG-HOJAS
100
AcDbPolyline
 90
2
 70
0
 10
23.7
 20
60.4
 10
5.0
 20
6.8
  0
LWPOLYLINE
  5
569
330
4FE
100
AcDbEntity
  8
VEG-HOJAS
100
AcDbPolyline
 90
2
 70
0
 10
30.6
 20
80.0
 10
29.0
 20
75.5
  0
LWPOLYLINE
  5
56A
330
4FE
100
AcDbEntity
  8
VEG-NERVIOS
100
AcDbPolyline
 90
2
 70
0
 10
-114.7
 20
-8.4
 10
-161.2
 20
-11.7
  0
LWPOLYLINE
  5
56B
330
4FE
100
AcDbEntity
  8
VEG-NERVIOS
100
AcDbPolyline
 90
2
 70
0
 10
-114.7
 20
-8.4
 10
-144.7
 20
20.3
  0
LWPOLYLINE
  5
56C
330
4FE
100
AcDbEntity
  8
VEG-NERVIOS
100
AcDbPolyline
 90
2
 70
0
 10
-114.7
 20
-8.4
 10
-140.2
 20
-41.0
  0
LWPOLYLINE
  5
56D
330
4FE
100
AcDbEntity
  8
VEG-NERVIOS
100
AcDbPolyline
 90
2
 70
0
 10
-114.7
 20
-8.4
 10
-108.6
 20
20.0
  0
LWPOLYLINE
  5
56E
330
4FE
100
AcDbEntity
  8
VEG-NERVIOS
100
AcDbPolyline
 90
2
 70
0
 10
-114.7
 20
-8.4
 10
-104.6
 20
-35.6
  0
LWPOLYLINE
  5
56F
330
4FE
100
AcDbEntity
  8
VEG-HOJAS
100
AcDbPolyline
 90
32
 70
0
 10
-86.4
 20
-11.1
 10
-86.4
 20
-6.3
 10
-87.5
 20
0.7
 10
-89.8
 20
7.4
 10
-93.3
 20
13.5
 10
-97.7
 20
19.0
 10
-103.1
 20
23.6
 10
-109.2
 20
27.3
 10
-115.8
 20
29.8
 10
-122.7
 20
31.1
 10
-129.8
 20
31.2
 10
-136.8
 20
30.1
 10
-143.4
 20
27.8
 10
-149.6
 20
24.3
 10
-155.1
 20
19.8
 10
-159.9
 20
14.5
 10
-164.0
 20
8.4
 10
-167.2
 20
1.7
 10
-169.3
 20
-5.3
 10
-169.7
 20
-12.4
 10
-169.2
 20
-15.9
 10
-166.9
 20
-22.7
 10
-163.2
 20
-29.1
 10
-158.7
 20
-34.9
 10
-153.4
 20
-39.9
 10
-147.6
 20
-44.1
 10
-141.2
 20
-47.1
 10
-130.9
 20
-49.6
 10
-123.9
 20
-49.7
 10
-116.9
 20
-48.6
 10
-110.2
 20
-46.2
 10
-104.8
 20
-43.2
  0
LWPOLYLINE
  5
570
330
4FE
100
AcDbEntity
  8
VEG-NERVIOS
100
AcDbPolyline
 90
2
 70
0
 10
37.8
 20
108.1
 10
8.2
 20
109.6
  0
LWPOLYLINE
  5
571
330
4FE
100
AcDbEntity
  8
VEG-NERVIOS
100
AcDbPolyline
 90
2
 70
0
 10
37.8
 20
108.1
 10
17.5
 20
145.2
  0
LWPOLYLINE
  5
572
330
4FE
100
AcDbEntity
  8
VEG-NERVIOS
100
AcDbPolyline
 90
2
 70
0
 10
37.8
 20
108.1
 10
76.7
 20
124.5
  0
LWPOLYLINE
  5
573
330
4FE
100
AcDbEntity
  8
VEG-NERVIOS
100
AcDbPolyline
 90
2
 70
0
 10
37.8
 20
108.1
 10
53.4
 20
153.0
  0
LWPOLYLINE
  5
574
330
4FE
100
AcDbEntity
  8
VEG-NERVIOS
100
AcDbPolyline
 90
2
 70
0
 10
37.8
 20
108.1
 10
61.9
 20
90.9
  0
LWPOLYLINE
  5
575
330
4FE
100
AcDbEntity
  8
VEG-HOJAS
100
AcDbPolyline
 90
2
 70
0
 10
0.9
 20
114.0
 10
3.1
 20
105.4
  0
LWPOLYLINE
  5
576
330
4FE
100
AcDbEntity
  8
VEG-HOJAS
100
AcDbPolyline
 90
27
 70
0
 10
28.8
 20
80.6
 10
35.2
 20
79.0
 10
42.4
 20
78.4
 10
53.1
 20
80.0
 10
63.0
 20
84.2
 10
68.8
 20
88.5
 10
73.9
 20
93.6
 10
77.9
 20
99.6
 10
80.9
 20
106.2
 10
83.1
 20
116.7
 10
82.5
 20
127.5
 10
80.5
 20
134.5
 10
77.5
 20
141.2
 10
73.4
 20
147.4
 10
68.5
 20
153.2
 10
62.8
 20
157.9
 10
59.6
 20
159.8
 10
56.3
 20
161.2
 10
49.2
 20
162.7
 10
38.0
 20
161.9
 10
30.8
 20
160.0
 10
23.9
 20
157.2
 10
14.8
 20
151.1
 10
9.8
 20
146.0
 10
5.8
 20
140.0
 10
2.8
 20
133.4
 10
1.6
 20
129.2
  0
LWPOLYLINE
  5
577
330
4FE
100
AcDbEntity
  8
VEG-HOJAS
100
AcDbPolyline
 90
2
 70
0
 10
45.3
 20
1.6
 10
8.9
 20
-1.7
  0
LWPOLYLINE
  5
578
330
4FE
100
AcDbEntity
  8
VEG-HOJAS
100
AcDbPolyline
 90
2
 70
0
 10
14.3
 20
3.8
 10
39.8
 20
6.2
  0
LWPOLYLINE
  5
579
330
4FE
100
AcDbEntity
  8
VEG-NERVIOS
100
AcDbPolyline
 90
2
 70
0
 10
112.8
 20
10.3
 10
101.4
 20
39.3
  0
LWPOLYLINE
  5
57A
330
4FE
100
AcDbEntity
  8
VEG-NERVIOS
100
AcDbPolyline
 90
2
 70
0
 10
112.8
 20
10.3
 10
106.9
 20
-20.3
  0
LWPOLYLINE
  5
57B
330
4FE
100
AcDbEntity
  8
VEG-NERVIOS
100
AcDbPolyline
 90
2
 70
0
 10
112.8
 20
10.3
 10
162.7
 20
14.9
  0
LWPOLYLINE
  5
57C
330
4FE
100
AcDbEntity
  8
VEG-NERVIOS
100
AcDbPolyline
 90
2
 70
0
 10
112.8
 20
10.3
 10
139.6
 20
45.9
  0
LWPOLYLINE
  5
57D
330
4FE
100
AcDbEntity
  8
VEG-NERVIOS
100
AcDbPolyline
 90
2
 70
0
 10
112.8
 20
10.3
 10
145.6
 20
-19.8
  0
LWPOLYLINE
  5
57E
330
4FE
100
AcDbEntity
  8
VEG-HOJAS
100
AcDbPolyline
 90
7
 70
0
 10
83.2
 20
2.9
 10
85.0
 20
-3.5
 10
88.2
 20
-10.4
 10
95.2
 20
-19.4
 10
104.2
 20
-26.3
 10
111.1
 20
-29.4
 10
116.5
 20
-31.0
  0
LWPOLYLINE
  5
57F
330
4FE
100
AcDbEntity
  8
VEG-HOJAS
100
AcDbPolyline
 90
18
 70
0
 10
137.9
 20
-30.3
 10
147.8
 20
-26.1
 10
154.0
 20
-21.7
 10
161.9
 20
-13.3
 10
167.9
 20
-3.1
 10
170.7
 20
4.3
 10
171.5
 20
8.1
 10
171.8
 20
15.7
 10
170.1
 20
23.2
 10
166.7
 20
30.2
 10
159.5
 20
39.7
 10
150.7
 20
47.3
 10
140.6
 20
52.5
 10
133.2
 20
54.4
 10
121.9
 20
54.9
 10
114.4
 20
53.5
 10
103.9
 20
49.1
 10
95.4
 20
42.6
  0
LWPOLYLINE
  5
580
330
4FE
100
AcDbEntity
  8
VEG-HOJAS
100
AcDbPolyline
 90
2
 70
0
 10
33.5
 20
-77.6
 10
4.8
 20
-16.2
  0
LWPOLYLINE
  5
581
330
4FE
100
AcDbEntity
  8
VEG-HOJAS
100
AcDbPolyline
 90
2
 70
0
 10
7.9
 20
-11.0
 10
38.0
 20
-75.5
  0
LWPOLYLINE
  5
582
330
4FE
100
AcDbEntity
  8
VEG-NERVIOS
100
AcDbPolyline
 90
2
 70
0
 10
46.4
 20
-99.4
 10
20.8
 20
-103.3
  0
LWPOLYLINE
  5
583
330
4FE
100
AcDbEntity
  8
VEG-NERVIOS
100
AcDbPolyline
 90
2
 70
0
 10
46.4
 20
-99.4
 10
32.1
 20
-133.4
  0
LWPOLYLINE
  5
584
330
4FE
100
AcDbEntity
  8
VEG-NERVIOS
100
AcDbPolyline
 90
2
 70
0
 10
46.4
 20
-99.4
 10
65.9
 20
-82.3
  0
LWPOLYLINE
  5
585
330
4FE
100
AcDbEntity
  8
VEG-NERVIOS
100
AcDbPolyline
 90
2
 70
0
 10
46.4
 20
-99.4
 10
64.1
 20
-137.0
  0
LWPOLYLINE
  5
586
330
4FE
100
AcDbEntity
  8
VEG-NERVIOS
100
AcDbPolyline
 90
2
 70
0
 10
46.4
 20
-99.4
 10
81.8
 20
-110.2
  0
LWPOLYLINE
  5
587
330
4FE
100
AcDbEntity
  8
VEG-HOJAS
100
AcDbPolyline
 90
22
 70
0
 10
15.3
 20
-103.5
 10
14.9
 20
-109.2
 10
15.4
 20
-115.5
 10
18.3
 20
-124.5
 10
23.3
 20
-132.5
 10
30.3
 20
-138.8
 10
38.7
 20
-143.3
 10
44.9
 20
-145.1
 10
51.4
 20
-146.2
 10
61.2
 20
-145.8
 10
67.3
 20
-143.9
 10
70.0
 20
-142.4
 10
77.2
 20
-135.9
 10
80.9
 20
-130.5
 10
83.9
 20
-124.6
 10
86.7
 20
-115.5
 10
87.1
 20
-106.0
 10
85.0
 20
-96.8
 10
80.6
 20
-88.4
 10
74.3
 20
-81.5
 10
69.1
 20
-77.8
 10
63.8
 20
-75.4
  0
LWPOLYLINE
  5
588
330
4FE
100
AcDbEntity
  8
VEG-HOJAS
100
AcDbPolyline
 90
5
 70
0
 10
48.4
 20
-73.1
 10
41.6
 20
-74.3
 10
35.7
 20
-76.4
 10
30.3
 20
-79.6
 10
25.4
 20
-83.6
  0
LWPOLYLINE
  5
589
330
4FE
100
AcDbEntity
  8
VEG-HOJAS
100
AcDbPolyline
 90
2
 70
0
 10
-25.3
 20
78.6
 10
-27.6
 20
86.4
  0
LWPOLYLINE
  5
58A
330
4FE
100
AcDbEntity
  8
VEG-HOJAS
100
AcDbPolyline
 90
2
 70
0
 10
-6.4
 20
13.2
 10
-20.1
 20
60.4
  0
LWPOLYLINE
  5
58B
330
4FE
100
AcDbEntity
  8
VEG-HOJAS
100
AcDbPolyline
 90
2
 70
0
 10
-12.9
 20
53.7
 10
-2.1
 20
16.3
  0
LWPOLYLINE
  5
58C
330
4FE
100
AcDbEntity
  8
VEG-NERVIOS
100
AcDbPolyline
 90
2
 70
0
 10
-32.5
 20
112.4
 10
-67.2
 20
129.3
  0
LWPOLYLINE
  5
58D
330
4FE
100
AcDbEntity
  8
VEG-NERVIOS
100
AcDbPolyline
 90
2
 70
0
 10
-32.5
 20
112.4
 10
-55.3
 20
97.9
  0
LWPOLYLINE
  5
58E
330
4FE
100
AcDbEntity
  8
VEG-NERVIOS
100
AcDbPolyline
 90
2
 70
0
 10
-32.5
 20
112.4
 10
-44.6
 20
154.1
  0
LWPOLYLINE
  5
58F
330
4FE
100
AcDbEntity
  8
VEG-NERVIOS
100
AcDbPolyline
 90
2
 70
0
 10
-32.5
 20
112.4
 10
-12.2
 20
145.2
  0
LWPOLYLINE
  5
590
330
4FE
100
AcDbEntity
  8
VEG-NERVIOS
100
AcDbPolyline
 90
2
 70
0
 10
-32.5
 20
112.4
 10
-5.5
 20
112.3
  0
LWPOLYLINE
  5
591
330
4FE
100
AcDbEntity
  8
VEG-HOJAS
100
AcDbPolyline
 90
32
 70
0
 10
-2.8
 20
104.8
 10
1.0
 20
114.2
 10
2.0
 20
120.7
 10
1.9
 20
127.3
 10
0.6
 20
133.8
 10
-1.8
 20
139.9
 10
-5.2
 20
145.5
 10
-9.5
 20
150.5
 10
-14.6
 20
154.7
 10
-20.4
 20
158.0
 10
-30.1
 20
161.5
 10
-36.9
 20
162.6
 10
-43.6
 20
162.4
 10
-46.8
 20
161.7
 10
-52.9
 20
159.1
 10
-58.3
 20
155.0
 10
-63.1
 20
150.0
 10
-67.1
 20
144.5
 10
-70.2
 20
138.6
 10
-72.3
 20
132.3
 10
-73.3
 20
125.8
 10
-73.2
 20
119.2
 10
-71.9
 20
112.8
 10
-69.6
 20
106.6
 10
-66.2
 20
101.0
 10
-61.8
 20
96.0
 10
-56.7
 20
91.9
 10
-50.9
 20
88.7
 10
-44.7
 20
86.6
 10
-38.2
 20
85.6
 10
-31.6
 20
85.7
 10
-23.0
 20
87.7
  0
LWPOLYLINE
  5
592
330
4FE
100
AcDbEntity
  8
VEG-HOJAS
100
AcDbPolyline
 90
2
 70
0
 10
8.9
 20
-2.1
 10
43.5
 20
-21.1
  0
LWPOLYLINE
  5
593
330
4FE
100
AcDbEntity
  8
VEG-HOJAS
100
AcDbPolyline
 90
2
 70
0
 10
39.3
 20
-24.5
 10
28.7
 20
-18.6
  0
LWPOLYLINE
  5
594
330
4FE
100
AcDbEntity
  8
VEG-HOJAS
100
AcDbPolyline
 90
2
 70
0
 10
90.2
 20
-46.8
 10
93.4
 20
-48.6
  0
LWPOLYLINE
  5
595
330
4FE
100
AcDbEntity
  8
VEG-NERVIOS
100
AcDbPolyline
 90
2
 70
0
 10
117.5
 20
-64.7
 10
96.5
 20
-85.7
  0
LWPOLYLINE
  5
596
330
4FE
100
AcDbEntity
  8
VEG-NERVIOS
100
AcDbPolyline
 90
2
 70
0
 10
117.5
 20
-64.7
 10
157.7
 20
-50.9
  0
LWPOLYLINE
  5
597
330
4FE
100
AcDbEntity
  8
VEG-NERVIOS
100
AcDbPolyline
 90
2
 70
0
 10
117.5
 20
-64.7
 10
124.0
 20
-35.7
  0
LWPOLYLINE
  5
598
330
4FE
100
AcDbEntity
  8
VEG-NERVIOS
100
AcDbPolyline
 90
2
 70
0
 10
117.5
 20
-64.7
 10
127.3
 20
-106.0
  0
LWPOLYLINE
  5
599
330
4FE
100
AcDbEntity
  8
VEG-NERVIOS
100
AcDbPolyline
 90
2
 70
0
 10
117.5
 20
-64.7
 10
159.4
 20
-87.8
  0
LWPOLYLINE
  5
59A
330
4FE
100
AcDbEntity
  8
VEG-HOJAS
100
AcDbPolyline
 90
32
 70
1
 10
167.0
 20
-92.0
 10
169.7
 20
-85.2
 10
170.8
 20
-77.8
 10
170.6
 20
-70.2
 10
168.5
 20
-59.2
 10
164.0
 20
-49.2
 10
159.7
 20
-43.4
 10
154.5
 20
-38.4
 10
148.5
 20
-34.3
 10
141.9
 20
-31.4
 10
134.8
 20
-29.7
 10
124.0
 20
-29.4
 10
116.9
 20
-30.8
 10
110.1
 20
-33.4
 10
101.1
 20
-39.5
 10
96.1
 20
-44.7
 10
92.1
 20
-50.7
 10
89.1
 20
-57.3
 10
87.4
 20
-64.4
 10
86.9
 20
-71.6
 10
88.6
 20
-82.3
 10
91.2
 20
-89.1
 10
97.2
 20
-98.1
 10
102.4
 20
-103.1
 10
108.4
 20
-107.1
 10
115.1
 20
-110.1
 10
122.1
 20
-111.8
 10
129.3
 20
-112.3
 10
140.1
 20
-110.7
 10
150.6
 20
-106.6
 10
157.1
 20
-102.7
 10
162.7
 20
-97.8
  0
LWPOLYLINE
  5
59B
330
4FE
100
AcDbEntity
  8
VEG-HOJAS
100
AcDbPolyline
 90
2
 70
0
 10
-30.7
 20
-83.2
 10
-28.3
 20
-76.0
  0
LWPOLYLINE
  5
59C
330
4FE
100
AcDbEntity
  8
VEG-HOJAS
100
AcDbPolyline
 90
2
 70
0
 10
-26.5
 20
-70.9
 10
-10.2
 20
-22.5
  0
LWPOLYLINE
  5
59D
330
4FE
100
AcDbEntity
  8
VEG-HOJAS
100
AcDbPolyline
 90
2
 70
0
 10
-4.8
 20
-22.1
 10
-17.6
 20
-59.9
  0
LWPOLYLINE
  5
59E
330
4FE
100
AcDbEntity
  8
VEG-NERVIOS
100
AcDbPolyline
 90
2
 70
0
 10
-36.8
 20
-109.1
 10
-72.3
 20
-124.5
  0
LWPOLYLINE
  5
59F
330
4FE
100
AcDbEntity
  8
VEG-NERVIOS
100
AcDbPolyline
 90
2
 70
0
 10
-36.8
 20
-109.1
 10
-59.0
 20
-93.5
  0
LWPOLYLINE
  5
5A0
330
4FE
100
AcDbEntity
  8
VEG-NERVIOS
100
AcDbPolyline
 90
2
 70
0
 10
-36.8
 20
-109.1
 10
-50.7
 20
-150.4
  0
LWPOLYLINE
  5
5A1
330
4FE
100
AcDbEntity
  8
VEG-NERVIOS
100
AcDbPolyline
 90
2
 70
0
 10
-36.8
 20
-109.1
 10
-17.9
 20
-142.8
  0
LWPOLYLINE
  5
5A2
330
4FE
100
AcDbEntity
  8
VEG-NERVIOS
100
AcDbPolyline
 90
2
 70
0
 10
-36.8
 20
-109.1
 10
-9.7
 20
-110.2
  0
LWPOLYLINE
  5
5A3
330
4FE
100
AcDbEntity
  8
VEG-HOJAS
100
AcDbPolyline
 90
31
 70
0
 10
-28.9
 20
-83.7
 10
-34.7
 20
-82.4
 10
-41.3
 20
-81.9
 10
-47.9
 20
-82.7
 10
-54.2
 20
-84.5
 10
-60.1
 20
-87.5
 10
-65.5
 20
-91.4
 10
-70.0
 20
-96.2
 10
-73.7
 20
-101.7
 10
-77.3
 20
-110.9
 10
-78.2
 20
-117.4
 10
-78.1
 20
-124.0
 10
-76.8
 20
-130.5
 10
-74.4
 20
-136.8
 10
-71.1
 20
-142.7
 10
-66.9
 20
-148.1
 10
-61.9
 20
-153.0
 10
-56.3
 20
-156.6
 10
-53.3
 20
-157.9
 10
-46.7
 20
-159.2
 10
-39.9
 20
-158.9
 10
-33.2
 20
-157.6
 10
-26.7
 20
-155.3
 10
-20.7
 20
-152.2
 10
-15.4
 20
-148.3
 10
-10.8
 20
-143.5
 10
-5.7
 20
-135.0
 10
-3.6
 20
-128.8
 10
-2.6
 20
-122.2
 10
-2.7
 20
-115.6
 10
-3.6
 20
-110.8
  0
LWPOLYLINE
  5
5A4
330
4FE
100
AcDbEntity
  8
VEG-HOJAS
100
AcDbPolyline
 90
2
 70
0
 10
6.0
 20
5.5
 10
32.5
 20
17.7
  0
LWPOLYLINE
  5
5A5
330
4FE
100
AcDbEntity
  8
VEG-HOJAS
100
AcDbPolyline
 90
2
 70
0
 10
34.6
 20
13.1
 10
8.2
 20
1.0
  0
LWPOLYLINE
  5
5A6
330
4FE
100
AcDbEntity
  8
VEG-NERVIOS
100
AcDbPolyline
 90
2
 70
0
 10
54.4
 20
25.0
 10
39.0
 20
42.7
  0
LWPOLYLINE
  5
5A7
330
4FE
100
AcDbEntity
  8
VEG-NERVIOS
100
AcDbPolyline
 90
2
 70
0
 10
54.4
 20
25.0
 10
88.7
 20
40.7
  0
LWPOLYLINE
  5
5A8
330
4FE
100
AcDbEntity
  8
VEG-NERVIOS
100
AcDbPolyline
 90
2
 70
0
 10
54.4
 20
25.0
 10
64.5
 20
57.0
  0
LWPOLYLINE
  5
5A9
330
4FE
100
AcDbEntity
  8
VEG-NERVIOS
100
AcDbPolyline
 90
2
 70
0
 10
54.4
 20
25.0
 10
57.8
 20
1.7
  0
LWPOLYLINE
  5
5AA
330
4FE
100
AcDbEntity
  8
VEG-NERVIOS
100
AcDbPolyline
 90
2
 70
0
 10
54.4
 20
25.0
 10
85.2
 20
11.7
  0
LWPOLYLINE
  5
5AB
330
4FE
100
AcDbEntity
  8
VEG-HOJAS
100
AcDbPolyline
 90
32
 70
1
 10
95.0
 20
43.6
 10
91.9
 20
48.5
 10
87.7
 20
52.6
 10
82.8
 20
56.1
 10
74.8
 20
59.9
 10
66.4
 20
61.8
 10
60.7
 20
61.8
 10
55.0
 20
60.9
 10
49.6
 20
58.9
 10
42.4
 20
54.4
 10
38.3
 20
50.3
 10
35.0
 20
45.7
 10
32.5
 20
40.5
 10
31.0
 20
35.0
 10
30.5
 20
29.3
 10
30.9
 20
23.6
 10
33.5
 20
15.4
 10
36.3
 20
10.4
 10
42.1
 20
4.0
 10
46.7
 20
0.7
 10
51.9
 20
-1.7
 10
57.4
 20
-3.2
 10
66.0
 20
-3.7
 10
71.7
 20
-2.7
 10
77.0
 20
-0.8
 10
82.0
 20
2.0
 10
86.4
 20
5.7
 10
90.1
 20
10.1
 10
94.2
 20
17.7
 10
96.5
 20
26.2
 10
97.1
 20
32.2
 10
96.7
 20
38.1
  0
LWPOLYLINE
  5
5AC
330
4FE
100
AcDbEntity
  8
VEG-HOJAS
100
AcDbPolyline
 90
2
 70
0
 10
-50.6
 20
-22.6
 10
-26.8
 20
-10.7
  0
LWPOLYLINE
  5
5AD
330
4FE
100
AcDbEntity
  8
VEG-HOJAS
100
AcDbPolyline
 90
2
 70
0
 10
-24.6
 20
-15.2
 10
-48.4
 20
-27.1
  0
LWPOLYLINE
  5
5AE
330
4FE
100
AcDbEntity
  8
VEG-NERVIOS
100
AcDbPolyline
 90
2
 70
0
 10
-67.5
 20
-33.9
 10
-97.2
 20
-48.9
  0
LWPOLYLINE
  5
5AF
330
4FE
100
AcDbEntity
  8
VEG-NERVIOS
100
AcDbPolyline
 90
2
 70
0
 10
-67.5
 20
-33.9
 10
-95.1
 20
-23.2
  0
LWPOLYLINE
  5
5B0
330
4FE
100
AcDbEntity
  8
VEG-NERVIOS
100
AcDbPolyline
 90
2
 70
0
 10
-67.5
 20
-33.9
 10
-75.4
 20
-62.4
  0
LWPOLYLINE
  5
5B1
330
4FE
100
AcDbEntity
  8
VEG-NERVIOS
100
AcDbPolyline
 90
2
 70
0
 10
-67.5
 20
-33.9
 10
-71.2
 20
-13.5
  0
LWPOLYLINE
  5
5B2
330
4FE
100
AcDbEntity
  8
VEG-NERVIOS
100
AcDbPolyline
 90
2
 70
0
 10
-67.5
 20
-33.9
 10
-53.4
 20
-49.1
  0
LWPOLYLINE
  5
5B3
330
4FE
100
AcDbEntity
  8
VEG-HOJAS
100
AcDbPolyline
 90
32
 70
1
 10
-102.7
 20
-51.6
 10
-99.8
 20
-55.8
 10
-96.0
 20
-59.3
 10
-91.6
 20
-62.2
 10
-84.4
 20
-65.3
 10
-76.9
 20
-66.7
 10
-71.9
 20
-66.6
 10
-66.9
 20
-65.5
 10
-62.3
 20
-63.7
 10
-58.0
 20
-61.0
 10
-52.5
 20
-55.8
 10
-49.8
 20
-51.5
 10
-47.8
 20
-46.9
 10
-46.6
 20
-42.0
 10
-46.3
 20
-37.0
 10
-47.5
 20
-29.5
 10
-49.4
 20
-24.8
 10
-52.0
 20
-20.5
 10
-57.3
 20
-15.1
 10
-61.5
 20
-12.3
 10
-66.2
 20
-10.3
 10
-73.6
 20
-8.9
 10
-78.6
 20
-9.1
 10
-83.6
 20
-10.1
 10
-88.2
 20
-12.0
 10
-92.5
 20
-14.6
 10
-96.3
 20
-18.0
 10
-99.4
 20
-21.9
 10
-102.8
 20
-28.8
 10
-104.6
 20
-36.4
 10
-104.9
 20
-41.6
 10
-104.3
 20
-46.8
  0
LWPOLYLINE
  5
5B4
330
4FE
100
AcDbEntity
  8
VEG-HOJAS
100
AcDbPolyline
 90
2
 70
0
 10
-16.8
 20
11.6
 10
-40.6
 20
32.7
  0
LWPOLYLINE
  5
5B5
330
4FE
100
AcDbEntity
  8
VEG-HOJAS
100
AcDbPolyline
 90
2
 70
0
 10
-37.2
 20
36.4
 10
-11.2
 20
13.3
  0
LWPOLYLINE
  5
5B6
330
4FE
100
AcDbEntity
  8
VEG-NERVIOS
100
AcDbPolyline
 90
2
 70
0
 10
-55.6
 20
49.4
 10
-88.2
 20
45.9
  0
LWPOLYLINE
  5
5B7
330
4FE
100
AcDbEntity
  8
VEG-NERVIOS
100
AcDbPolyline
 90
2
 70
0
 10
-55.6
 20
49.4
 10
-83.2
 20
74.0
  0
LWPOLYLINE
  5
5B8
330
4FE
100
AcDbEntity
  8
VEG-NERVIOS
100
AcDbPolyline
 90
2
 70
0
 10
-55.6
 20
49.4
 10
-65.5
 20
28.7
  0
LWPOLYLINE
  5
5B9
330
4FE
100
AcDbEntity
  8
VEG-NERVIOS
100
AcDbPolyline
 90
2
 70
0
 10
-55.6
 20
49.4
 10
-55.9
 20
82.2
  0
LWPOLYLINE
  5
5BA
330
4FE
100
AcDbEntity
  8
VEG-NERVIOS
100
AcDbPolyline
 90
2
 70
0
 10
-55.6
 20
49.4
 10
-36.2
 20
61.7
  0
LWPOLYLINE
  5
5BB
330
4FE
100
AcDbEntity
  8
VEG-HOJAS
100
AcDbPolyline
 90
32
 70
1
 10
-88.3
 20
78.4
 10
-91.4
 20
73.8
 10
-93.5
 20
68.4
 10
-94.7
 20
62.7
 10
-94.9
 20
54.0
 10
-93.3
 20
45.7
 10
-91.1
 20
40.6
 10
-88.0
 20
35.9
 10
-84.1
 20
31.8
 10
-79.7
 20
28.5
 10
-74.7
 20
26.0
 10
-66.5
 20
23.9
 10
-60.9
 20
23.8
 10
-55.4
 20
24.6
 10
-50.1
 20
26.4
 10
-42.9
 20
30.7
 10
-38.8
 20
34.5
 10
-35.5
 20
39.0
 10
-33.0
 20
44.0
 10
-31.4
 20
49.4
 10
-30.8
 20
57.7
 10
-31.6
 20
63.3
 10
-34.6
 20
71.1
 10
-37.6
 20
75.8
 10
-41.5
 20
79.8
 10
-46.0
 20
83.2
 10
-51.0
 20
85.7
 10
-56.3
 20
87.3
 10
-64.8
 20
87.9
 10
-73.3
 20
86.7
 10
-78.9
 20
84.8
 10
-84.0
 20
82.1
  0
LWPOLYLINE
  5
5BC
330
4FE
100
AcDbEntity
  8
VEG-HOJAS
100
AcDbPolyline
 90
2
 70
0
 10
-3.7
 20
-54.9
 10
-3.0
 20
-21.6
  0
LWPOLYLINE
  5
5BD
330
4FE
100
AcDbEntity
  8
VEG-HOJAS
100
AcDbPolyline
 90
2
 70
0
 10
2.1
 20
-18.9
 10
1.3
 20
-55.0
  0
LWPOLYLINE
  5
5BE
330
4FE
100
AcDbEntity
  8
VEG-HOJAS
100
AcDbPolyline
 90
2
 70
0
 10
-2.2
 20
12.1
 10
-1.3
 20
49.5
  0
LWPOLYLINE
  5
5BF
330
4FE
100
AcDbEntity
  8
VEG-HOJAS
100
AcDbPolyline
 90
2
 70
0
 10
3.7
 20
49.4
 10
2.7
 20
9.1
  0
LWPOLYLINE
  5
5C0
330
4FE
100
AcDbEntity
  8
VEG-NERVIOS
100
AcDbPolyline
 90
2
 70
0
 10
-1.6
 20
-73.9
 10
-22.6
 20
-92.1
  0
LWPOLYLINE
  5
5C1
330
4FE
100
AcDbEntity
  8
VEG-NERVIOS
100
AcDbPolyline
 90
2
 70
0
 10
-1.6
 20
-73.9
 10
-20.2
 20
-68.1
  0
LWPOLYLINE
  5
5C2
330
4FE
100
AcDbEntity
  8
VEG-NERVIOS
100
AcDbPolyline
 90
2
 70
0
 10
-1.6
 20
-73.9
 10
-2.2
 20
-105.2
  0
LWPOLYLINE
  5
5C3
330
4FE
100
AcDbEntity
  8
VEG-NERVIOS
100
AcDbPolyline
 90
2
 70
0
 10
-1.6
 20
-73.9
 10
17.3
 20
-68.8
  0
LWPOLYLINE
  5
5C4
330
4FE
100
AcDbEntity
  8
VEG-NERVIOS
100
AcDbPolyline
 90
2
 70
0
 10
-1.6
 20
-73.9
 10
18.7
 20
-93.0
  0
LWPOLYLINE
  5
5C5
330
4FE
100
AcDbEntity
  8
VEG-HOJAS
100
AcDbPolyline
 90
32
 70
1
 10
-2.3
 20
-111.0
 10
2.4
 20
-110.4
 10
7.0
 20
-108.8
 10
11.4
 20
-106.4
 10
17.1
 20
-101.8
 10
21.6
 20
-96.2
 10
23.7
 20
-91.9
 10
25.0
 20
-87.4
 10
25.5
 20
-82.7
 10
25.2
 20
-77.9
 10
23.2
 20
-71.1
 10
20.9
 20
-66.9
 10
17.9
 20
-63.2
 10
14.4
 20
-60.1
 10
10.3
 20
-57.6
 10
3.6
 20
-55.3
 10
-1.2
 20
-54.8
 10
-5.9
 20
-55.1
 10
-10.5
 20
-56.3
 10
-14.9
 20
-58.2
 10
-20.6
 20
-62.4
 10
-23.7
 20
-66.0
 10
-27.1
 20
-72.2
 10
-28.5
 20
-76.8
 10
-29.0
 20
-81.5
 10
-28.7
 20
-86.2
 10
-27.5
 20
-90.9
 10
-25.6
 20
-95.2
 10
-21.4
 20
-101.0
 10
-15.9
 20
-105.8
 10
-11.6
 20
-108.4
 10
-7.1
 20
-110.2
  0
LWPOLYLINE
  5
5C6
330
4FE
100
AcDbEntity
  8
VEG-NERVIOS
100
AcDbPolyline
 90
2
 70
0
 10
1.6
 20
68.4
 10
-18.6
 20
87.6
  0
LWPOLYLINE
  5
5C7
330
4FE
100
AcDbEntity
  8
VEG-NERVIOS
100
AcDbPolyline
 90
2
 70
0
 10
1.6
 20
68.4
 10
-17.2
 20
63.4
  0
LWPOLYLINE
  5
5C8
330
4FE
100
AcDbEntity
  8
VEG-NERVIOS
100
AcDbPolyline
 90
2
 70
0
 10
1.6
 20
68.4
 10
22.7
 20
86.6
  0
LWPOLYLINE
  5
5C9
330
4FE
100
AcDbEntity
  8
VEG-NERVIOS
100
AcDbPolyline
 90
2
 70
0
 10
1.6
 20
68.4
 10
2.4
 20
99.7
  0
LWPOLYLINE
  5
5CA
330
4FE
100
AcDbEntity
  8
VEG-NERVIOS
100
AcDbPolyline
 90
2
 70
0
 10
1.6
 20
68.4
 10
20.2
 20
62.5
  0
LWPOLYLINE
  5
5CB
330
4FE
100
AcDbEntity
  8
VEG-HOJAS
100
AcDbPolyline
 90
32
 70
1
 10
2.5
 20
105.4
 10
-2.3
 20
104.9
 10
-6.9
 20
103.3
 10
-11.2
 20
100.9
 10
-17.0
 20
96.4
 10
-21.5
 20
90.7
 10
-23.6
 20
86.5
 10
-24.9
 20
81.9
 10
-25.4
 20
77.2
 10
-25.1
 20
72.5
 10
-23.2
 20
65.6
 10
-20.9
 20
61.5
 10
-17.9
 20
57.8
 10
-14.3
 20
54.6
 10
-8.1
 20
51.2
 10
-3.6
 20
49.9
 10
1.2
 20
49.3
 10
5.9
 20
49.6
 10
12.7
 20
51.6
 10
16.9
 20
53.9
 10
20.6
 20
56.8
 10
23.8
 20
60.4
 10
26.2
 20
64.5
 10
28.0
 20
68.9
 10
29.0
 20
75.9
 10
28.7
 20
80.7
 10
27.6
 20
85.3
 10
25.7
 20
89.6
 10
21.5
 20
95.4
 10
16.0
 20
100.3
 10
11.8
 20
102.9
 10
7.2
 20
104.7
  0
LWPOLYLINE
  5
5CC
330
4FE
100
AcDbEntity
  8
VEG-HOJAS
100
AcDbPolyline
 90
2
 70
0
 10
35.0
 20
-29.8
 10
8.4
 20
-9.5
  0
LWPOLYLINE
  5
5CD
330
4FE
100
AcDbEntity
  8
VEG-HOJAS
100
AcDbPolyline
 90
2
 70
0
 10
9.1
 20
-3.8
 10
38.1
 20
-25.8
  0
LWPOLYLINE
  5
5CE
330
4FE
100
AcDbEntity
  8
VEG-NERVIOS
100
AcDbPolyline
 90
2
 70
0
 10
53.1
 20
-40.3
 10
35.9
 20
-53.0
  0
LWPOLYLINE
  5
5CF
330
4FE
100
AcDbEntity
  8
VEG-NERVIOS
100
AcDbPolyline
 90
2
 70
0
 10
53.1
 20
-40.3
 10
83.0
 20
-34.7
  0
LWPOLYLINE
  5
5D0
330
4FE
100
AcDbEntity
  8
VEG-NERVIOS
100
AcDbPolyline
 90
2
 70
0
 10
53.1
 20
-40.3
 10
60.7
 20
-20.4
  0
LWPOLYLINE
  5
5D1
330
4FE
100
AcDbEntity
  8
VEG-NERVIOS
100
AcDbPolyline
 90
2
 70
0
 10
53.1
 20
-40.3
 10
55.7
 20
-70.7
  0
LWPOLYLINE
  5
5D2
330
4FE
100
AcDbEntity
  8
VEG-NERVIOS
100
AcDbPolyline
 90
2
 70
0
 10
53.1
 20
-40.3
 10
80.4
 20
-61.1
  0
LWPOLYLINE
  5
5D3
330
4FE
100
AcDbEntity
  8
VEG-HOJAS
100
AcDbPolyline
 90
32
 70
1
 10
85.4
 20
-64.9
 10
88.0
 20
-60.3
 10
89.5
 20
-55.2
 10
90.2
 20
-49.8
 10
89.8
 20
-41.8
 10
87.7
 20
-34.2
 10
85.3
 20
-29.6
 10
82.1
 20
-25.5
 10
78.3
 20
-22.0
 10
73.9
 20
-19.2
 10
66.5
 20
-16.6
 10
61.4
 20
-15.9
 10
56.2
 20
-16.2
 10
51.1
 20
-17.4
 10
46.3
 20
-19.4
 10
41.9
 20
-22.2
 10
36.5
 20
-27.7
 10
33.7
 20
-32.1
 10
31.1
 20
-39.4
 10
30.4
 20
-44.6
 10
30.7
 20
-49.8
 10
31.8
 20
-54.8
 10
33.8
 20
-59.6
 10
36.6
 20
-64.0
 10
42.2
 20
-69.5
 10
46.6
 20
-72.3
 10
51.4
 20
-74.2
 10
56.5
 20
-75.3
 10
64.3
 20
-75.3
 10
72.1
 20
-73.5
 10
77.2
 20
-71.4
 10
81.7
 20
-68.6
  0
LWPOLYLINE
  5
5D4
330
4FE
100
AcDbEntity
  8
VEG-NERVIOS
100
AcDbPolyline
 90
2
 70
0
 10
-4.1
 20
-2.1
 10
-22.5
 20
-11.6
  0
LWPOLYLINE
  5
5D5
330
4FE
100
AcDbEntity
  8
VEG-NERVIOS
100
AcDbPolyline
 90
2
 70
0
 10
-4.1
 20
-2.1
 10
-21.3
 20
4.3
  0
LWPOLYLINE
  5
5D6
330
4FE
100
AcDbEntity
  8
VEG-NERVIOS
100
AcDbPolyline
 90
2
 70
0
 10
-4.1
 20
-2.1
 10
-8.8
 20
-19.9
  0
LWPOLYLINE
  5
5D7
330
4FE
100
AcDbEntity
  8
VEG-NERVIOS
100
AcDbPolyline
 90
2
 70
0
 10
-4.1
 20
-2.1
 10
-6.6
 20
10.5
  0
LWPOLYLINE
  5
5D8
330
4FE
100
AcDbEntity
  8
VEG-NERVIOS
100
AcDbPolyline
 90
2
 70
0
 10
-4.1
 20
-2.1
 10
4.8
 20
-11.4
  0
LWPOLYLINE
  5
5D9
330
4FE
100
AcDbEntity
  8
VEG-HOJAS
100
AcDbPolyline
 90
24
 70
1
 10
-25.8
 20
-13.4
 10
-24.0
 20
-16.0
 10
-21.6
 20
-18.1
 10
-14.4
 20
-21.8
 10
-9.7
 20
-22.6
 10
-6.6
 20
-22.4
 10
-0.6
 20
-20.6
 10
4.4
 20
-16.8
 10
7.1
 20
-12.9
 10
8.3
 20
-10.0
 10
9.1
 20
-3.9
 10
8.3
 20
0.8
 10
7.1
 20
3.7
 10
3.3
 20
8.6
 10
-0.5
 20
11.3
 10
-3.4
 20
12.6
 10
-6.5
 20
13.2
 10
-11.2
 20
13.3
 10
-17.2
 20
11.4
 10
-22.1
 20
7.6
 10
-24.0
 20
5.1
 10
-26.1
 20
0.8
 10
-27.3
 20
-7.2
 10
-26.9
 20
-10.4
  0
ENDBLK
  5
500
330
4FE
100
AcDbEntity
  8
0
100
AcDbBlockEnd
  0
BLOCK
  5
631
330
630
100
AcDbEntity
  8
0
100
AcDbBlockBegin
  2
*D1
 70
1
 10
0.0
 20
0.0
 30
0.0
  3
*D1
  1

  0
LINE
  5
633
330
630
100
AcDbEntity
  8
0
 62
3
100
AcDbLine
 10
0.0
 20
-40.0
 30
0.0
 11
0.0
 21
-1450.0
 31
0.0
  0
LINE
  5
634
330
630
100
AcDbEntity
  8
0
 62
3
100
AcDbLine
 10
4800.0
 20
-40.0
 30
0.0
 11
4800.0
 21
-1450.0
 31
0.0
  0
INSERT
  5
635
330
630
100
AcDbEntity
  8
A-COTAS
 62
3
100
AcDbBlockReference
  2
_ARCHTICK
 10
0.0
 20
-1400.0
 30
0.0
 41
60.0
 42
60.0
 50
180.0
  0
INSERT
  5
637
330
630
100
AcDbEntity
  8
A-COTAS
 62
3
100
AcDbBlockReference
  2
_ARCHTICK
 10
4800.0
 20
-1400.0
 30
0.0
 41
60.0
 42
60.0
  0
LINE
  5
639
330
630
100
AcDbEntity
  8
0
 62
3
100
AcDbLine
 10
0.0
 20
-1400.0
 30
0.0
 11
4800.0
 21
-1400.0
 31
0.0
  0
MTEXT
  5
63A
330
630
100
AcDbEntity
  8
A-COTAS
 62
7
100
AcDbMText
 10
2400.0
 20
-1315.0
 30
0.0
 40
110.0
 71
5
  1
4800
  7
A-TEXTO
  0
POINT
  5
63B
330
630
100
AcDbEntity
  8
Defpoints
100
AcDbPoint
 10
0.0
 20
-1400.0
 30
0.0
  0
POINT
  5
63C
330
630
100
AcDbEntity
  8
Defpoints
100
AcDbPoint
 10
0.0
 20
0.0
 30
0.0
  0
POINT
  5
63D
330
630
100
AcDbEntity
  8
Defpoints
100
AcDbPoint
 10
4800.0
 20
0.0
 30
0.0
  0
ENDBLK
  5
632
330
630
100
AcDbEntity
  8
0
100
AcDbBlockEnd
  0
BLOCK
  5
640
330
63F
100
AcDbEntity
  8
0
100
AcDbBlockBegin
  2
*D2
 70
1
 10
0.0
 20
0.0
 30
0.0
  3
*D2
  1

  0
LINE
  5
642
330
63F
100
AcDbEntity
  8
0
 62
3
100
AcDbLine
 10
4800.0
 20
-40.0
 30
0.0
 11
4800.0
 21
-1450.0
 31
0.0
  0
LINE
  5
643
330
63F
100
AcDbEntity
  8
0
 62
3
100
AcDbLine
 10
5700.0
 20
-40.0
 30
0.0
 11
5700.0
 21
-1450.0
 31
0.0
  0
INSERT
  5
644
330
63F
100
AcDbEntity
  8
A-COTAS
 62
3
100
AcDbBlockReference
  2
_ARCHTICK
 10
4800.0
 20
-1400.0
 30
0.0
 41
60.0
 42
60.0
 50
180.0
  0
INSERT
  5
646
330
63F
100
AcDbEntity
  8
A-COTAS
 62
3
100
AcDbBlockReference
  2
_ARCHTICK
 10
5700.0
 20
-1400.0
 30
0.0
 41
60.0
 42
60.0
  0
LINE
  5
648
330
63F
100
AcDbEntity
  8
0
 62
3
100
AcDbLine
 10
4800.0
 20
-1400.0
 30
0.0
 11
5700.0
 21
-1400.0
 31
0.0
  0
MTEXT
  5
649
330
63F
100
AcDbEntity
  8
A-COTAS
 62
7
100
AcDbMText
 10
5250.0
 20
-1315.0
 30
0.0
 40
110.0
 71
5
  1
900
  7
A-TEXTO
  0
POINT
  5
64A
330
63F
100
AcDbEntity
  8
Defpoints
100
AcDbPoint
 10
4800.0
 20
-1400.0
 30
0.0
  0
POINT
  5
64B
330
63F
100
AcDbEntity
  8
Defpoints
100
AcDbPoint
 10
4800.0
 20
0.0
 30
0.0
  0
POINT
  5
64C
330
63F
100
AcDbEntity
  8
Defpoints
100
AcDbPoint
 10
5700.0
 20
0.0
 30
0.0
  0
ENDBLK
  5
641
330
63F
100
AcDbEntity
  8
0
100
AcDbBlockEnd
  0
BLOCK
  5
64F
330
64E
100
AcDbEntity
  8
0
100
AcDbBlockBegin
  2
*D3
 70
1
 10
0.0
 20
0.0
 30
0.0
  3
*D3
  1

  0
LINE
  5
651
330
64E
100
AcDbEntity
  8
0
 62
3
100
AcDbLine
 10
5700.0
 20
-40.0
 30
0.0
 11
5700.0
 21
-1450.0
 31
0.0
  0
LINE
  5
652
330
64E
100
AcDbEntity
  8
0
 62
3
100
AcDbLine
 10
8500.0
 20
-40.0
 30
0.0
 11
8500.0
 21
-1450.0
 31
0.0
  0
INSERT
  5
653
330
64E
100
AcDbEntity
  8
A-COTAS
 62
3
100
AcDbBlockReference
  2
_ARCHTICK
 10
5700.0
 20
-1400.0
 30
0.0
 41
60.0
 42
60.0
 50
180.0
  0
INSERT
  5
655
330
64E
100
AcDbEntity
  8
A-COTAS
 62
3
100
AcDbBlockReference
  2
_ARCHTICK
 10
8500.0
 20
-1400.0
 30
0.0
 41
60.0
 42
60.0
  0
LINE
  5
657
330
64E
100
AcDbEntity
  8
0
 62
3
100
AcDbLine
 10
5700.0
 20
-1400.0
 30
0.0
 11
8500.0
 21
-1400.0
 31
0.0
  0
MTEXT
  5
658
330
64E
100
AcDbEntity
  8
A-COTAS
 62
7
100
AcDbMText
 10
7100.0
 20
-1315.0
 30
0.0
 40
110.0
 71
5
  1
2800
  7
A-TEXTO
  0
POINT
  5
659
330
64E
100
AcDbEntity
  8
Defpoints
100
AcDbPoint
 10
5700.0
 20
-1400.0
 30
0.0
  0
POINT
  5
65A
330
64E
100
AcDbEntity
  8
Defpoints
100
AcDbPoint
 10
5700.0
 20
0.0
 30
0.0
  0
POINT
  5
65B
330
64E
100
AcDbEntity
  8
Defpoints
100
AcDbPoint
 10
8500.0
 20
0.0
 30
0.0
  0
ENDBLK
  5
650
330
64E
100
AcDbEntity
  8
0
100
AcDbBlockEnd
  0
BLOCK
  5
65E
330
65D
100
AcDbEntity
  8
0
100
AcDbBlockBegin
  2
*D4
 70
1
 10
0.0
 20
0.0
 30
0.0
  3
*D4
  1

  0
LINE
  5
660
330
65D
100
AcDbEntity
  8
0
 62
3
100
AcDbLine
 10
8500.0
 20
-40.0
 30
0.0
 11
8500.0
 21
-1450.0
 31
0.0
  0
LINE
  5
661
330
65D
100
AcDbEntity
  8
0
 62
3
100
AcDbLine
 10
9300.0
 20
-40.0
 30
0.0
 11
9300.0
 21
-1450.0
 31
0.0
  0
INSERT
  5
662
330
65D
100
AcDbEntity
  8
A-COTAS
 62
3
100
AcDbBlockReference
  2
_ARCHTICK
 10
8500.0
 20
-1400.0
 30
0.0
 41
60.0
 42
60.0
 50
180.0
  0
INSERT
  5
664
330
65D
100
AcDbEntity
  8
A-COTAS
 62
3
100
AcDbBlockReference
  2
_ARCHTICK
 10
9300.0
 20
-1400.0
 30
0.0
 41
60.0
 42
60.0
  0
LINE
  5
666
330
65D
100
AcDbEntity
  8
0
 62
3
100
AcDbLine
 10
8500.0
 20
-1400.0
 30
0.0
 11
9300.0
 21
-1400.0
 31
0.0
  0
MTEXT
  5
667
330
65D
100
AcDbEntity
  8
A-COTAS
 62
7
100
AcDbMText
 10
8900.0
 20
-1315.0
 30
0.0
 40
110.0
 71
5
  1
800
  7
A-TEXTO
  0
POINT
  5
668
330
65D
100
AcDbEntity
  8
Defpoints
100
AcDbPoint
 10
8500.0
 20
-1400.0
 30
0.0
  0
POINT
  5
669
330
65D
100
AcDbEntity
  8
Defpoints
100
AcDbPoint
 10
8500.0
 20
0.0
 30
0.0
  0
POINT
  5
66A
330
65D
100
AcDbEntity
  8
Defpoints
100
AcDbPoint
 10
9300.0
 20
0.0
 30
0.0
  0
ENDBLK
  5
65F
330
65D
100
AcDbEntity
  8
0
100
AcDbBlockEnd
  0
BLOCK
  5
66D
330
66C
100
AcDbEntity
  8
0
100
AcDbBlockBegin
  2
*D5
 70
1
 10
0.0
 20
0.0
 30
0.0
  3
*D5
  1

  0
LINE
  5
66F
330
66C
100
AcDbEntity
  8
0
 62
3
100
AcDbLine
 10
9300.0
 20
-40.0
 30
0.0
 11
9300.0
 21
-1450.0
 31
0.0
  0
LINE
  5
670
330
66C
100
AcDbEntity
  8
0
 62
3
100
AcDbLine
 10
13700.0
 20
-40.0
 30
0.0
 11
13700.0
 21
-1450.0
 31
0.0
  0
INSERT
  5
671
330
66C
100
AcDbEntity
  8
A-COTAS
 62
3
100
AcDbBlockReference
  2
_ARCHTICK
 10
9300.0
 20
-1400.0
 30
0.0
 41
60.0
 42
60.0
 50
180.0
  0
INSERT
  5
673
330
66C
100
AcDbEntity
  8
A-COTAS
 62
3
100
AcDbBlockReference
  2
_ARCHTICK
 10
13700.0
 20
-1400.0
 30
0.0
 41
60.0
 42
60.0
  0
LINE
  5
675
330
66C
100
AcDbEntity
  8
0
 62
3
100
AcDbLine
 10
9300.0
 20
-1400.0
 30
0.0
 11
13700.0
 21
-1400.0
 31
0.0
  0
MTEXT
  5
676
330
66C
100
AcDbEntity
  8
A-COTAS
 62
7
100
AcDbMText
 10
11500.0
 20
-1315.0
 30
0.0
 40
110.0
 71
5
  1
4400
  7
A-TEXTO
  0
POINT
  5
677
330
66C
100
AcDbEntity
  8
Defpoints
100
AcDbPoint
 10
9300.0
 20
-1400.0
 30
0.0
  0
POINT
  5
678
330
66C
100
AcDbEntity
  8
Defpoints
100
AcDbPoint
 10
9300.0
 20
0.0
 30
0.0
  0
POINT
  5
679
330
66C
100
AcDbEntity
  8
Defpoints
100
AcDbPoint
 10
13700.0
 20
0.0
 30
0.0
  0
ENDBLK
  5
66E
330
66C
100
AcDbEntity
  8
0
100
AcDbBlockEnd
  0
BLOCK
  5
67C
330
67B
100
AcDbEntity
  8
0
100
AcDbBlockBegin
  2
*D6
 70
1
 10
0.0
 20
0.0
 30
0.0
  3
*D6
  1

  0
LINE
  5
67E
330
67B
100
AcDbEntity
  8
0
 62
3
100
AcDbLine
 10
13700.0
 20
-40.0
 30
0.0
 11
13700.0
 21
-1450.0
 31
0.0
  0
LINE
  5
67F
330
67B
100
AcDbEntity
  8
0
 62
3
100
AcDbLine
 10
17900.0
 20
-40.0
 30
0.0
 11
17900.0
 21
-1450.0
 31
0.0
  0
INSERT
  5
680
330
67B
100
AcDbEntity
  8
A-COTAS
 62
3
100
AcDbBlockReference
  2
_ARCHTICK
 10
13700.0
 20
-1400.0
 30
0.0
 41
60.0
 42
60.0
 50
180.0
  0
INSERT
  5
682
330
67B
100
AcDbEntity
  8
A-COTAS
 62
3
100
AcDbBlockReference
  2
_ARCHTICK
 10
17900.0
 20
-1400.0
 30
0.0
 41
60.0
 42
60.0
  0
LINE
  5
684
330
67B
100
AcDbEntity
  8
0
 62
3
100
AcDbLine
 10
13700.0
 20
-1400.0
 30
0.0
 11
17900.0
 21
-1400.0
 31
0.0
  0
MTEXT
  5
685
330
67B
100
AcDbEntity
  8
A-COTAS
 62
7
100
AcDbMText
 10
15800.0
 20
-1315.0
 30
0.0
 40
110.0
 71
5
  1
4200
  7
A-TEXTO
  0
POINT
  5
686
330
67B
100
AcDbEntity
  8
Defpoints
100
AcDbPoint
 10
13700.0
 20
-1400.0
 30
0.0
  0
POINT
  5
687
330
67B
100
AcDbEntity
  8
Defpoints
100
AcDbPoint
 10
13700.0
 20
0.0
 30
0.0
  0
POINT
  5
688
330
67B
100
AcDbEntity
  8
Defpoints
100
AcDbPoint
 10
17900.0
 20
0.0
 30
0.0
  0
ENDBLK
  5
67D
330
67B
100
AcDbEntity
  8
0
100
AcDbBlockEnd
  0
BLOCK
  5
68B
330
68A
100
AcDbEntity
  8
0
100
AcDbBlockBegin
  2
*D7
 70
1
 10
0.0
 20
0.0
 30
0.0
  3
*D7
  1

  0
LINE
  5
68D
330
68A
100
AcDbEntity
  8
0
 62
3
100
AcDbLine
 10
0.0
 20
-40.0
 30
0.0
 11
0.0
 21
-1900.0
 31
0.0
  0
LINE
  5
68E
330
68A
100
AcDbEntity
  8
0
 62
3
100
AcDbLine
 10
13700.0
 20
-40.0
 30
0.0
 11
13700.0
 21
-1900.0
 31
0.0
  0
INSERT
  5
68F
330
68A
100
AcDbEntity
  8
A-COTAS
 62
3
100
AcDbBlockReference
  2
_ARCHTICK
 10
0.0
 20
-1850.0
 30
0.0
 41
60.0
 42
60.0
 50
180.0
  0
INSERT
  5
691
330
68A
100
AcDbEntity
  8
A-COTAS
 62
3
100
AcDbBlockReference
  2
_ARCHTICK
 10
13700.0
 20
-1850.0
 30
0.0
 41
60.0
 42
60.0
  0
LINE
  5
693
330
68A
100
AcDbEntity
  8
0
 62
3
100
AcDbLine
 10
0.0
 20
-1850.0
 30
0.0
 11
13700.0
 21
-1850.0
 31
0.0
  0
MTEXT
  5
694
330
68A
100
AcDbEntity
  8
A-COTAS
 62
7
100
AcDbMText
 10
6850.0
 20
-1765.0
 30
0.0
 40
110.0
 71
5
  1
13700
  7
A-TEXTO
  0
POINT
  5
695
330
68A
100
AcDbEntity
  8
Defpoints
100
AcDbPoint
 10
0.0
 20
-1850.0
 30
0.0
  0
POINT
  5
696
330
68A
100
AcDbEntity
  8
Defpoints
100
AcDbPoint
 10
0.0
 20
0.0
 30
0.0
  0
POINT
  5
697
330
68A
100
AcDbEntity
  8
Defpoints
100
AcDbPoint
 10
13700.0
 20
0.0
 30
0.0
  0
ENDBLK
  5
68C
330
68A
100
AcDbEntity
  8
0
100
AcDbBlockEnd
  0
BLOCK
  5
69A
330
699
100
AcDbEntity
  8
0
100
AcDbBlockBegin
  2
*D8
 70
1
 10
0.0
 20
0.0
 30
0.0
  3
*D8
  1

  0
LINE
  5
69C
330
699
100
AcDbEntity
  8
0
 62
3
100
AcDbLine
 10
13700.0
 20
-40.0
 30
0.0
 11
13700.0
 21
-1900.0
 31
0.0
  0
LINE
  5
69D
330
699
100
AcDbEntity
  8
0
 62
3
100
AcDbLine
 10
17900.0
 20
-40.0
 30
0.0
 11
17900.0
 21
-1900.0
 31
0.0
  0
INSERT
  5
69E
330
699
100
AcDbEntity
  8
A-COTAS
 62
3
100
AcDbBlockReference
  2
_ARCHTICK
 10
13700.0
 20
-1850.0
 30
0.0
 41
60.0
 42
60.0
 50
180.0
  0
INSERT
  5
6A0
330
699
100
AcDbEntity
  8
A-COTAS
 62
3
100
AcDbBlockReference
  2
_ARCHTICK
 10
17900.0
 20
-1850.0
 30
0.0
 41
60.0
 42
60.0
  0
LINE
  5
6A2
330
699
100
AcDbEntity
  8
0
 62
3
100
AcDbLine
 10
13700.0
 20
-1850.0
 30
0.0
 11
17900.0
 21
-1850.0
 31
0.0
  0
MTEXT
  5
6A3
330
699
100
AcDbEntity
  8
A-COTAS
 62
7
100
AcDbMText
 10
15800.0
 20
-1765.0
 30
0.0
 40
110.0
 71
5
  1
4200
  7
A-TEXTO
  0
POINT
  5
6A4
330
699
100
AcDbEntity
  8
Defpoints
100
AcDbPoint
 10
13700.0
 20
-1850.0
 30
0.0
  0
POINT
  5
6A5
330
699
100
AcDbEntity
  8
Defpoints
100
AcDbPoint
 10
13700.0
 20
0.0
 30
0.0
  0
POINT
  5
6A6
330
699
100
AcDbEntity
  8
Defpoints
100
AcDbPoint
 10
17900.0
 20
0.0
 30
0.0
  0
ENDBLK
  5
69B
330
699
100
AcDbEntity
  8
0
100
AcDbBlockEnd
  0
BLOCK
  5
6A9
330
6A8
100
AcDbEntity
  8
0
100
AcDbBlockBegin
  2
*D9
 70
1
 10
0.0
 20
0.0
 30
0.0
  3
*D9
  1

  0
LINE
  5
6AB
330
6A8
100
AcDbEntity
  8
0
 62
3
100
AcDbLine
 10
0.0
 20
5840.0
 30
0.0
 11
0.0
 21
6450.0
 31
0.0
  0
LINE
  5
6AC
330
6A8
100
AcDbEntity
  8
0
 62
3
100
AcDbLine
 10
3000.0
 20
5840.0
 30
0.0
 11
3000.0
 21
6450.0
 31
0.0
  0
INSERT
  5
6AD
330
6A8
100
AcDbEntity
  8
A-COTAS
 62
3
100
AcDbBlockReference
  2
_ARCHTICK
 10
0.0
 20
6400.0
 30
0.0
 41
60.0
 42
60.0
 50
180.0
  0
INSERT
  5
6AF
330
6A8
100
AcDbEntity
  8
A-COTAS
 62
3
100
AcDbBlockReference
  2
_ARCHTICK
 10
3000.0
 20
6400.0
 30
0.0
 41
60.0
 42
60.0
  0
LINE
  5
6B1
330
6A8
100
AcDbEntity
  8
0
 62
3
100
AcDbLine
 10
0.0
 20
6400.0
 30
0.0
 11
3000.0
 21
6400.0
 31
0.0
  0
MTEXT
  5
6B2
330
6A8
100
AcDbEntity
  8
A-COTAS
 62
7
100
AcDbMText
 10
1500.0
 20
6485.0
 30
0.0
 40
110.0
 71
5
  1
3000
  7
A-TEXTO
  0
POINT
  5
6B3
330
6A8
100
AcDbEntity
  8
Defpoints
100
AcDbPoint
 10
0.0
 20
6400.0
 30
0.0
  0
POINT
  5
6B4
330
6A8
100
AcDbEntity
  8
Defpoints
100
AcDbPoint
 10
0.0
 20
5800.0
 30
0.0
  0
POINT
  5
6B5
330
6A8
100
AcDbEntity
  8
Defpoints
100
AcDbPoint
 10
3000.0
 20
5800.0
 30
0.0
  0
ENDBLK
  5
6AA
330
6A8
100
AcDbEntity
  8
0
100
AcDbBlockEnd
  0
BLOCK
  5
6B8
330
6B7
100
AcDbEntity
  8
0
100
AcDbBlockBegin
  2
*D10
 70
1
 10
0.0
 20
0.0
 30
0.0
  3
*D10
  1

  0
LINE
  5
6BA
330
6B7
100
AcDbEntity
  8
0
 62
3
100
AcDbLine
 10
3000.0
 20
5840.0
 30
0.0
 11
3000.0
 21
6450.0
 31
0.0
  0
LINE
  5
6BB
330
6B7
100
AcDbEntity
  8
0
 62
3
100
AcDbLine
 10
4800.0
 20
5840.0
 30
0.0
 11
4800.0
 21
6450.0
 31
0.0
  0
INSERT
  5
6BC
330
6B7
100
AcDbEntity
  8
A-COTAS
 62
3
100
AcDbBlockReference
  2
_ARCHTICK
 10
3000.0
 20
6400.0
 30
0.0
 41
60.0
 42
60.0
 50
180.0
  0
INSERT
  5
6BE
330
6B7
100
AcDbEntity
  8
A-COTAS
 62
3
100
AcDbBlockReference
  2
_ARCHTICK
 10
4800.0
 20
6400.0
 30
0.0
 41
60.0
 42
60.0
  0
LINE
  5
6C0
330
6B7
100
AcDbEntity
  8
0
 62
3
100
AcDbLine
 10
3000.0
 20
6400.0
 30
0.0
 11
4800.0
 21
6400.0
 31
0.0
  0
MTEXT
  5
6C1
330
6B7
100
AcDbEntity
  8
A-COTAS
 62
7
100
AcDbMText
 10
3900.0
 20
6485.0
 30
0.0
 40
110.0
 71
5
  1
1800
  7
A-TEXTO
  0
POINT
  5
6C2
330
6B7
100
AcDbEntity
  8
Defpoints
100
AcDbPoint
 10
3000.0
 20
6400.0
 30
0.0
  0
POINT
  5
6C3
330
6B7
100
AcDbEntity
  8
Defpoints
100
AcDbPoint
 10
3000.0
 20
5800.0
 30
0.0
  0
POINT
  5
6C4
330
6B7
100
AcDbEntity
  8
Defpoints
100
AcDbPoint
 10
4800.0
 20
5800.0
 30
0.0
  0
ENDBLK
  5
6B9
330
6B7
100
AcDbEntity
  8
0
100
AcDbBlockEnd
  0
BLOCK
  5
6C7
330
6C6
100
AcDbEntity
  8
0
100
AcDbBlockBegin
  2
*D11
 70
1
 10
0.0
 20
0.0
 30
0.0
  3
*D11
  1

  0
LINE
  5
6C9
330
6C6
100
AcDbEntity
  8
0
 62
3
100
AcDbLine
 10
4800.0
 20
5840.0
 30
0.0
 11
4800.0
 21
6450.0
 31
0.0
  0
LINE
  5
6CA
330
6C6
100
AcDbEntity
  8
0
 62
3
100
AcDbLine
 10
8600.0
 20
5840.0
 30
0.0
 11
8600.0
 21
6450.0
 31
0.0
  0
INSERT
  5
6CB
330
6C6
100
AcDbEntity
  8
A-COTAS
 62
3
100
AcDbBlockReference
  2
_ARCHTICK
 10
4800.0
 20
6400.0
 30
0.0
 41
60.0
 42
60.0
 50
180.0
  0
INSERT
  5
6CD
330
6C6
100
AcDbEntity
  8
A-COTAS
 62
3
100
AcDbBlockReference
  2
_ARCHTICK
 10
8600.0
 20
6400.0
 30
0.0
 41
60.0
 42
60.0
  0
LINE
  5
6CF
330
6C6
100
AcDbEntity
  8
0
 62
3
100
AcDbLine
 10
4800.0
 20
6400.0
 30
0.0
 11
8600.0
 21
6400.0
 31
0.0
  0
MTEXT
  5
6D0
330
6C6
100
AcDbEntity
  8
A-COTAS
 62
7
100
AcDbMText
 10
6700.0
 20
6485.0
 30
0.0
 40
110.0
 71
5
  1
3800
  7
A-TEXTO
  0
POINT
  5
6D1
330
6C6
100
AcDbEntity
  8
Defpoints
100
AcDbPoint
 10
4800.0
 20
6400.0
 30
0.0
  0
POINT
  5
6D2
330
6C6
100
AcDbEntity
  8
Defpoints
100
AcDbPoint
 10
4800.0
 20
5800.0
 30
0.0
  0
POINT
  5
6D3
330
6C6
100
AcDbEntity
  8
Defpoints
100
AcDbPoint
 10
8600.0
 20
5800.0
 30
0.0
  0
ENDBLK
  5
6C8
330
6C6
100
AcDbEntity
  8
0
100
AcDbBlockEnd
  0
BLOCK
  5
6D6
330
6D5
100
AcDbEntity
  8
0
100
AcDbBlockBegin
  2
*D12
 70
1
 10
0.0
 20
0.0
 30
0.0
  3
*D12
  1

  0
LINE
  5
6D8
330
6D5
100
AcDbEntity
  8
0
 62
3
100
AcDbLine
 10
8600.0
 20
5840.0
 30
0.0
 11
8600.0
 21
6450.0
 31
0.0
  0
LINE
  5
6D9
330
6D5
100
AcDbEntity
  8
0
 62
3
100
AcDbLine
 10
9400.0
 20
5840.0
 30
0.0
 11
9400.0
 21
6450.0
 31
0.0
  0
INSERT
  5
6DA
330
6D5
100
AcDbEntity
  8
A-COTAS
 62
3
100
AcDbBlockReference
  2
_ARCHTICK
 10
8600.0
 20
6400.0
 30
0.0
 41
60.0
 42
60.0
 50
180.0
  0
INSERT
  5
6DC
330
6D5
100
AcDbEntity
  8
A-COTAS
 62
3
100
AcDbBlockReference
  2
_ARCHTICK
 10
9400.0
 20
6400.0
 30
0.0
 41
60.0
 42
60.0
  0
LINE
  5
6DE
330
6D5
100
AcDbEntity
  8
0
 62
3
100
AcDbLine
 10
8600.0
 20
6400.0
 30
0.0
 11
9400.0
 21
6400.0
 31
0.0
  0
MTEXT
  5
6DF
330
6D5
100
AcDbEntity
  8
A-COTAS
 62
7
100
AcDbMText
 10
9000.0
 20
6485.0
 30
0.0
 40
110.0
 71
5
  1
800
  7
A-TEXTO
  0
POINT
  5
6E0
330
6D5
100
AcDbEntity
  8
Defpoints
100
AcDbPoint
 10
8600.0
 20
6400.0
 30
0.0
  0
POINT
  5
6E1
330
6D5
100
AcDbEntity
  8
Defpoints
100
AcDbPoint
 10
8600.0
 20
5800.0
 30
0.0
  0
POINT
  5
6E2
330
6D5
100
AcDbEntity
  8
Defpoints
100
AcDbPoint
 10
9400.0
 20
5800.0
 30
0.0
  0
ENDBLK
  5
6D7
330
6D5
100
AcDbEntity
  8
0
100
AcDbBlockEnd
  0
BLOCK
  5
6E5
330
6E4
100
AcDbEntity
  8
0
100
AcDbBlockBegin
  2
*D13
 70
1
 10
0.0
 20
0.0
 30
0.0
  3
*D13
  1

  0
LINE
  5
6E7
330
6E4
100
AcDbEntity
  8
0
 62
3
100
AcDbLine
 10
9400.0
 20
5840.0
 30
0.0
 11
9400.0
 21
6450.0
 31
0.0
  0
LINE
  5
6E8
330
6E4
100
AcDbEntity
  8
0
 62
3
100
AcDbLine
 10
13700.0
 20
5840.0
 30
0.0
 11
13700.0
 21
6450.0
 31
0.0
  0
INSERT
  5
6E9
330
6E4
100
AcDbEntity
  8
A-COTAS
 62
3
100
AcDbBlockReference
  2
_ARCHTICK
 10
9400.0
 20
6400.0
 30
0.0
 41
60.0
 42
60.0
 50
180.0
  0
INSERT
  5
6EB
330
6E4
100
AcDbEntity
  8
A-COTAS
 62
3
100
AcDbBlockReference
  2
_ARCHTICK
 10
13700.0
 20
6400.0
 30
0.0
 41
60.0
 42
60.0
  0
LINE
  5
6ED
330
6E4
100
AcDbEntity
  8
0
 62
3
100
AcDbLine
 10
9400.0
 20
6400.0
 30
0.0
 11
13700.0
 21
6400.0
 31
0.0
  0
MTEXT
  5
6EE
330
6E4
100
AcDbEntity
  8
A-COTAS
 62
7
100
AcDbMText
 10
11550.0
 20
6485.0
 30
0.0
 40
110.0
 71
5
  1
4300
  7
A-TEXTO
  0
POINT
  5
6EF
330
6E4
100
AcDbEntity
  8
Defpoints
100
AcDbPoint
 10
9400.0
 20
6400.0
 30
0.0
  0
POINT
  5
6F0
330
6E4
100
AcDbEntity
  8
Defpoints
100
AcDbPoint
 10
9400.0
 20
5800.0
 30
0.0
  0
POINT
  5
6F1
330
6E4
100
AcDbEntity
  8
Defpoints
100
AcDbPoint
 10
13700.0
 20
5800.0
 30
0.0
  0
ENDBLK
  5
6E6
330
6E4
100
AcDbEntity
  8
0
100
AcDbBlockEnd
  0
BLOCK
  5
6F4
330
6F3
100
AcDbEntity
  8
0
100
AcDbBlockBegin
  2
*D14
 70
1
 10
0.0
 20
0.0
 30
0.0
  3
*D14
  1

  0
LINE
  5
6F6
330
6F3
100
AcDbEntity
  8
0
 62
3
100
AcDbLine
 10
-40.0
 20
0.0
 30
0.0
 11
-650.0
 21
0.0
 31
0.0
  0
LINE
  5
6F7
330
6F3
100
AcDbEntity
  8
0
 62
3
100
AcDbLine
 10
-40.0
 20
5800.0
 30
0.0
 11
-650.0
 21
5800.0
 31
0.0
  0
INSERT
  5
6F8
330
6F3
100
AcDbEntity
  8
A-COTAS
 62
3
100
AcDbBlockReference
  2
_ARCHTICK
 10
-600.0
 20
0.0
 30
0.0
 41
60.0
 42
60.0
 50
270.0
  0
INSERT
  5
6FA
330
6F3
100
AcDbEntity
  8
A-COTAS
 62
3
100
AcDbBlockReference
  2
_ARCHTICK
 10
-600.0
 20
5800.0
 30
0.0
 41
60.0
 42
60.0
 50
90.0
  0
LINE
  5
6FC
330
6F3
100
AcDbEntity
  8
0
 62
3
100
AcDbLine
 10
-600.0
 20
0.0
 30
0.0
 11
-600.0
 21
5800.0
 31
0.0
  0
MTEXT
  5
6FD
330
6F3
100
AcDbEntity
  8
A-COTAS
 62
7
100
AcDbMText
 10
-685.0
 20
2900.0
 30
0.0
 40
110.0
 71
5
  1
5800
  7
A-TEXTO
 50
90.0
  0
POINT
  5
6FE
330
6F3
100
AcDbEntity
  8
Defpoints
100
AcDbPoint
 10
-600.0
 20
0.0
 30
0.0
  0
POINT
  5
6FF
330
6F3
100
AcDbEntity
  8
Defpoints
100
AcDbPoint
 10
0.0
 20
0.0
 30
0.0
  0
POINT
  5
700
330
6F3
100
AcDbEntity
  8
Defpoints
100
AcDbPoint
 10
0.0
 20
5800.0
 30
0.0
  0
ENDBLK
  5
6F5
330
6F3
100
AcDbEntity
  8
0
100
AcDbBlockEnd
  0
BLOCK
  5
703
330
702
100
AcDbEntity
  8
0
100
AcDbBlockBegin
  2
*D15
 70
1
 10
0.0
 20
0.0
 30
0.0
  3
*D15
  1

  0
LINE
  5
705
330
702
100
AcDbEntity
  8
0
 62
3
100
AcDbLine
 10
17940.0
 20
0.0
 30
0.0
 11
18550.0
 21
0.0
 31
0.0
  0
LINE
  5
706
330
702
100
AcDbEntity
  8
0
 62
3
100
AcDbLine
 10
17940.0
 20
4150.0
 30
0.0
 11
18550.0
 21
4150.0
 31
0.0
  0
INSERT
  5
707
330
702
100
AcDbEntity
  8
A-COTAS
 62
3
100
AcDbBlockReference
  2
_ARCHTICK
 10
18500.0
 20
0.0
 30
0.0
 41
60.0
 42
60.0
 50
270.0
  0
INSERT
  5
709
330
702
100
AcDbEntity
  8
A-COTAS
 62
3
100
AcDbBlockReference
  2
_ARCHTICK
 10
18500.0
 20
4150.0
 30
0.0
 41
60.0
 42
60.0
 50
90.0
  0
LINE
  5
70B
330
702
100
AcDbEntity
  8
0
 62
3
100
AcDbLine
 10
18500.0
 20
0.0
 30
0.0
 11
18500.0
 21
4150.0
 31
0.0
  0
MTEXT
  5
70C
330
702
100
AcDbEntity
  8
A-COTAS
 62
7
100
AcDbMText
 10
18415.0
 20
2075.0
 30
0.0
 40
110.0
 71
5
  1
4150
  7
A-TEXTO
 50
90.0
  0
POINT
  5
70D
330
702
100
AcDbEntity
  8
Defpoints
100
AcDbPoint
 10
18500.0
 20
0.0
 30
0.0
  0
POINT
  5
70E
330
702
100
AcDbEntity
  8
Defpoints
100
AcDbPoint
 10
17900.0
 20
0.0
 30
0.0
  0
POINT
  5
70F
330
702
100
AcDbEntity
  8
Defpoints
100
AcDbPoint
 10
17900.0
 20
4150.0
 30
0.0
  0
ENDBLK
  5
704
330
702
100
AcDbEntity
  8
0
100
AcDbBlockEnd
  0
BLOCK
  5
712
330
711
100
AcDbEntity
  8
0
100
AcDbBlockBegin
  2
*D16
 70
1
 10
0.0
 20
0.0
 30
0.0
  3
*D16
  1

  0
LINE
  5
714
330
711
100
AcDbEntity
  8
0
 62
3
100
AcDbLine
 10
17940.0
 20
4150.0
 30
0.0
 11
18550.0
 21
4150.0
 31
0.0
  0
LINE
  5
715
330
711
100
AcDbEntity
  8
0
 62
3
100
AcDbLine
 10
17940.0
 20
4250.0
 30
0.0
 11
18550.0
 21
4250.0
 31
0.0
  0
INSERT
  5
716
330
711
100
AcDbEntity
  8
A-COTAS
 62
3
100
AcDbBlockReference
  2
_ARCHTICK
 10
18500.0
 20
4150.0
 30
0.0
 41
60.0
 42
60.0
 50
90.0
  0
INSERT
  5
718
330
711
100
AcDbEntity
  8
A-COTAS
 62
3
100
AcDbBlockReference
  2
_ARCHTICK
 10
18500.0
 20
4250.0
 30
0.0
 41
60.0
 42
60.0
 50
270.0
  0
LINE
  5
71A
330
711
100
AcDbEntity
  8
0
 62
3
100
AcDbLine
 10
18500.0
 20
4150.0
 30
0.0
 11
18500.0
 21
4250.0
 31
0.0
  0
MTEXT
  5
71B
330
711
100
AcDbEntity
  8
A-COTAS
 62
7
100
AcDbMText
 10
18365.0
 20
4200.0
 30
0.0
 40
110.0
 71
5
  1
100
  7
A-TEXTO
 50
90.0
  0
POINT
  5
71C
330
711
100
AcDbEntity
  8
Defpoints
100
AcDbPoint
 10
18500.0
 20
4150.0
 30
0.0
  0
POINT
  5
71D
330
711
100
AcDbEntity
  8
Defpoints
100
AcDbPoint
 10
17900.0
 20
4150.0
 30
0.0
  0
POINT
  5
71E
330
711
100
AcDbEntity
  8
Defpoints
100
AcDbPoint
 10
17900.0
 20
4250.0
 30
0.0
  0
ENDBLK
  5
713
330
711
100
AcDbEntity
  8
0
100
AcDbBlockEnd
  0
BLOCK
  5
721
330
720
100
AcDbEntity
  8
0
100
AcDbBlockBegin
  2
*D17
 70
1
 10
0.0
 20
0.0
 30
0.0
  3
*D17
  1

  0
LINE
  5
723
330
720
100
AcDbEntity
  8
0
 62
3
100
AcDbLine
 10
17940.0
 20
4250.0
 30
0.0
 11
18550.0
 21
4250.0
 31
0.0
  0
LINE
  5
724
330
720
100
AcDbEntity
  8
0
 62
3
100
AcDbLine
 10
17940.0
 20
5800.0
 30
0.0
 11
18550.0
 21
5800.0
 31
0.0
  0
INSERT
  5
725
330
720
100
AcDbEntity
  8
A-COTAS
 62
3
100
AcDbBlockReference
  2
_ARCHTICK
 10
18500.0
 20
4250.0
 30
0.0
 41
60.0
 42
60.0
 50
270.0
  0
INSERT
  5
727
330
720
100
AcDbEntity
  8
A-COTAS
 62
3
100
AcDbBlockReference
  2
_ARCHTICK
 10
18500.0
 20
5800.0
 30
0.0
 41
60.0
 42
60.0
 50
90.0
  0
LINE
  5
729
330
720
100
AcDbEntity
  8
0
 62
3
100
AcDbLine
 10
18500.0
 20
4250.0
 30
0.0
 11
18500.0
 21
5800.0
 31
0.0
  0
MTEXT
  5
72A
330
720
100
AcDbEntity
  8
A-COTAS
 62
7
100
AcDbMText
 10
18415.0
 20
5025.0
 30
0.0
 40
110.0
 71
5
  1
1550
  7
A-TEXTO
 50
90.0
  0
POINT
  5
72B
330
720
100
AcDbEntity
  8
Defpoints
100
AcDbPoint
 10
18500.0
 20
4250.0
 30
0.0
  0
POINT
  5
72C
330
720
100
AcDbEntity
  8
Defpoints
100
AcDbPoint
 10
17900.0
 20
4250.0
 30
0.0
  0
POINT
  5
72D
330
720
100
AcDbEntity
  8
Defpoints
100
AcDbPoint
 10
17900.0
 20
5800.0
 30
0.0
  0
ENDBLK
  5
722
330
720
100
AcDbEntity
  8
0
100
AcDbBlockEnd
  0
ENDSEC
  0
SECTION
  2
ENTITIES
  0
HATCH
  5
4E
330
17
100
AcDbEntity
  8
A-POCHE
100
AcDbHatch
 10
0.0
 20
0.0
 30
0.0
210
0.0
220
0.0
230
1.0
  2
SOLID
 70
1
 71
0
 91
5
 92
3
 72
0
 73
1
 93
8
 10
3000.0
 20
5800.0
 10
3000.0
 20
5600.0
 10
200.0
 20
5600.0
 10
200.0
 20
200.0
 10
4800.0
 20
200.0
 10
4800.0
 20
0.0
 10
0.0
 20
0.0
 10
0.0
 20
5800.0
 97
0
 92
3
 72
0
 73
1
 93
4
 10
8600.0
 20
5800.0
 10
8600.0
 20
5600.0
 10
4800.0
 20
5600.0
 10
4800.0
 20
5800.0
 97
0
 92
3
 72
0
 73
1
 93
11
 10
13700.0
 20
5800.0
 10
17900.0
 20
5800.0
 10
17900.0
 20
0.0
 10
17700.0
 20
0.0
 10
17700.0
 20
5600.0
 10
13700.0
 20
5600.0
 10
13700.0
 20
1620.0
 10
13500.0
 20
1620.0
 10
13500.0
 20
5600.0
 10
9400.0
 20
5600.0
 10
9400.0
 20
5800.0
 97
0
 92
3
 72
0
 73
1
 93
6
 10
13700.0
 20
0.0
 10
9300.0
 20
0.0
 10
9300.0
 20
200.0
 10
13500.0
 20
200.0
 10
13500.0
 20
800.0
 10
13700.0
 20
800.0
 97
0
 92
3
 72
0
 73
1
 93
4
 10
5700.0
 20
0.0
 10
5700.0
 20
200.0
 10
8500.0
 20
200.0
 10
8500.0
 20
0.0
 97
0
 75
0
 76
1
 98
0
  0
HATCH
  5
4F
330
17
100
AcDbEntity
  8
A-POCHE
100
AcDbHatch
 10
0.0
 20
0.0
 30
0.0
210
0.0
220
0.0
230
1.0
  2
SOLID
 70
1
 71
0
 91
5
 92
3
 72
0
 73
1
 93
4
 10
13330.0
 20
1800.0
 10
13330.0
 20
1900.0
 10
13400.0
 20
1900.0
 10
13400.0
 20
1800.0
 97
0
 92
3
 72
0
 73
1
 93
19
 10
11700.0
 20
1800.0
 10
11700.0
 20
1900.0
 10
12300.0
 20
1900.0
 10
12300.0
 20
4400.0
 10
9500.0
 20
4400.0
 10
9500.0
 20
4500.0
 10
9500.0
 20
4600.0
 10
9600.0
 20
4600.0
 10
9600.0
 20
4500.0
 10
12300.0
 20
4500.0
 10
12400.0
 20
4500.0
 10
12400.0
 20
4400.0
 10
12400.0
 20
3900.0
 10
13400.0
 20
3900.0
 10
13400.0
 20
3800.0
 10
12400.0
 20
3800.0
 10
12400.0
 20
1900.0
 10
12600.0
 20
1900.0
 10
12600.0
 20
1800.0
 97
0
 92
3
 72
0
 73
1
 93
4
 10
9500.0
 20
5500.0
 10
9600.0
 20
5500.0
 10
9600.0
 20
5400.0
 10
9500.0
 20
5400.0
 97
0
 92
3
 72
0
 73
1
 93
4
 10
13900.0
 20
4250.0
 10
13900.0
 20
4150.0
 10
13700.0
 20
4150.0
 10
13700.0
 20
4250.0
 97
0
 92
3
 72
0
 73
1
 93
4
 10
17700.0
 20
4250.0
 10
17700.0
 20
4150.0
 10
14700.0
 20
4150.0
 10
14700.0
 20
4250.0
 97
0
 75
0
 76
1
 98
0
  0
LWPOLYLINE
  5
50
330
17
100
AcDbEntity
  8
A-MURO-BLOQUE
100
AcDbPolyline
 90
8
 70
1
 10
3000.0
 20
5800.0
 10
3000.0
 20
5600.0
 10
200.0
 20
5600.0
 10
200.0
 20
200.0
 10
4800.0
 20
200.0
 10
4800.0
 20
0.0
 10
0.0
 20
0.0
 10
0.0
 20
5800.0
  0
LWPOLYLINE
  5
51
330
17
100
AcDbEntity
  8
A-MURO-BLOQUE
100
AcDbPolyline
 90
4
 70
1
 10
8600.0
 20
5800.0
 10
8600.0
 20
5600.0
 10
4800.0
 20
5600.0
 10
4800.0
 20
5800.0
  0
LWPOLYLINE
  5
52
330
17
100
AcDbEntity
  8
A-MURO-BLOQUE
100
AcDbPolyline
 90
11
 70
1
 10
13700.0
 20
5800.0
 10
17900.0
 20
5800.0
 10
17900.0
 20
0.0
 10
17700.0
 20
0.0
 10
17700.0
 20
5600.0
 10
13700.0
 20
5600.0
 10
13700.0
 20
1620.0
 10
13500.0
 20
1620.0
 10
13500.0
 20
5600.0
 10
9400.0
 20
5600.0
 10
9400.0
 20
5800.0
  0
LWPOLYLINE
  5
53
330
17
100
AcDbEntity
  8
A-MURO-BLOQUE
100
AcDbPolyline
 90
6
 70
1
 10
13700.0
 20
0.0
 10
9300.0
 20
0.0
 10
9300.0
 20
200.0
 10
13500.0
 20
200.0
 10
13500.0
 20
800.0
 10
13700.0
 20
800.0
  0
LWPOLYLINE
  5
54
330
17
100
AcDbEntity
  8
A-MURO-BLOQUE
100
AcDbPolyline
 90
4
 70
1
 10
5700.0
 20
0.0
 10
5700.0
 20
200.0
 10
8500.0
 20
200.0
 10
8500.0
 20
0.0
  0
LWPOLYLINE
  5
55
330
17
100
AcDbEntity
  8
A-MURO-TRASDOSADO
100
AcDbPolyline
 90
8
 70
1
 10
200.0
 20
5600.0
 10
3000.0
 20
5600.0
 10
3000.0
 20
5500.0
 10
300.0
 20
5500.0
 10
300.0
 20
300.0
 10
4800.0
 20
300.0
 10
4800.0
 20
200.0
 10
200.0
 20
200.0
  0
LWPOLYLINE
  5
56
330
17
100
AcDbEntity
  8
A-MURO-TRASDOSADO
100
AcDbPolyline
 90
4
 70
1
 10
8600.0
 20
5600.0
 10
8600.0
 20
5500.0
 10
4800.0
 20
5500.0
 10
4800.0
 20
5600.0
  0
LWPOLYLINE
  5
57
330
17
100
AcDbEntity
  8
A-MURO-TRASDOSADO
100
AcDbPolyline
 90
6
 70
1
 10
13500.0
 20
5600.0
 10
13500.0
 20
1620.0
 10
13400.0
 20
1620.0
 10
13400.0
 20
5500.0
 10
9400.0
 20
5500.0
 10
9400.0
 20
5600.0
  0
LWPOLYLINE
  5
58
330
17
100
AcDbEntity
  8
A-MURO-TRASDOSADO
100
AcDbPolyline
 90
6
 70
1
 10
13500.0
 20
200.0
 10
9300.0
 20
200.0
 10
9300.0
 20
300.0
 10
13400.0
 20
300.0
 10
13400.0
 20
800.0
 10
13500.0
 20
800.0
  0
LWPOLYLINE
  5
59
330
17
100
AcDbEntity
  8
A-MURO-TRASDOSADO
100
AcDbPolyline
 90
4
 70
1
 10
5700.0
 20
200.0
 10
5700.0
 20
300.0
 10
8500.0
 20
300.0
 10
8500.0
 20
200.0
  0
LWPOLYLINE
  5
5A
330
17
100
AcDbEntity
  8
A-TABIQUE
100
AcDbPolyline
 90
4
 70
1
 10
13330.0
 20
1800.0
 10
13330.0
 20
1900.0
 10
13400.0
 20
1900.0
 10
13400.0
 20
1800.0
  0
LWPOLYLINE
  5
5B
330
17
100
AcDbEntity
  8
A-TABIQUE
100
AcDbPolyline
 90
19
 70
1
 10
11700.0
 20
1800.0
 10
11700.0
 20
1900.0
 10
12300.0
 20
1900.0
 10
12300.0
 20
4400.0
 10
9500.0
 20
4400.0
 10
9500.0
 20
4500.0
 10
9500.0
 20
4600.0
 10
9600.0
 20
4600.0
 10
9600.0
 20
4500.0
 10
12300.0
 20
4500.0
 10
12400.0
 20
4500.0
 10
12400.0
 20
4400.0
 10
12400.0
 20
3900.0
 10
13400.0
 20
3900.0
 10
13400.0
 20
3800.0
 10
12400.0
 20
3800.0
 10
12400.0
 20
1900.0
 10
12600.0
 20
1900.0
 10
12600.0
 20
1800.0
  0
LWPOLYLINE
  5
5C
330
17
100
AcDbEntity
  8
A-TABIQUE
100
AcDbPolyline
 90
4
 70
1
 10
9500.0
 20
5500.0
 10
9600.0
 20
5500.0
 10
9600.0
 20
5400.0
 10
9500.0
 20
5400.0
  0
LWPOLYLINE
  5
5D
330
17
100
AcDbEntity
  8
A-TABIQUE
100
AcDbPolyline
 90
4
 70
1
 10
13900.0
 20
4250.0
 10
13900.0
 20
4150.0
 10
13700.0
 20
4150.0
 10
13700.0
 20
4250.0
  0
LWPOLYLINE
  5
5E
330
17
100
AcDbEntity
  8
A-TABIQUE
100
AcDbPolyline
 90
4
 70
1
 10
17700.0
 20
4250.0
 10
17700.0
 20
4150.0
 10
14700.0
 20
4150.0
 10
14700.0
 20
4250.0
  0
LWPOLYLINE
  5
5F
330
17
100
AcDbEntity
  8
A-CARPINTERIA
100
AcDbPolyline
 90
4
 70
1
 10
4780.0
 20
300.0
 10
4780.0
 20
1200.0
 10
4820.0
 20
1200.0
 10
4820.0
 20
300.0
  0
ARC
  5
60
330
17
100
AcDbEntity
  8
A-CARPINTERIA
100
AcDbCircle
 10
4800.0
 20
300.0
 30
0.0
 40
900.0
100
AcDbArc
 50
0.0
 51
90.0
  0
LINE
  5
61
330
17
100
AcDbEntity
  8
A-CARPINTERIA
100
AcDbLine
 10
8500.0
 20
120.0
 30
0.0
 11
9300.0
 21
120.0
 31
0.0
  0
LINE
  5
62
330
17
100
AcDbEntity
  8
A-CARPINTERIA
100
AcDbLine
 10
8500.0
 20
180.0
 30
0.0
 11
9300.0
 21
180.0
 31
0.0
  0
LINE
  5
63
330
17
100
AcDbEntity
  8
A-CARPINTERIA
100
AcDbLine
 10
8450.0
 20
-30.0
 30
0.0
 11
9350.0
 21
-30.0
 31
0.0
  0
LINE
  5
64
330
17
100
AcDbEntity
  8
A-CARPINTERIA
100
AcDbLine
 10
3000.0
 20
5620.0
 30
0.0
 11
4800.0
 21
5620.0
 31
0.0
  0
LINE
  5
65
330
17
100
AcDbEntity
  8
A-CARPINTERIA
100
AcDbLine
 10
3000.0
 20
5680.0
 30
0.0
 11
4800.0
 21
5680.0
 31
0.0
  0
LINE
  5
66
330
17
100
AcDbEntity
  8
A-CARPINTERIA
100
AcDbLine
 10
2950.0
 20
5830.0
 30
0.0
 11
4850.0
 21
5830.0
 31
0.0
  0
LWPOLYLINE
  5
67
330
17
100
AcDbEntity
  8
A-CARPINTERIA
100
AcDbPolyline
 90
4
 70
1
 10
9420.0
 20
5500.0
 10
9420.0
 20
4700.0
 10
9380.0
 20
4700.0
 10
9380.0
 20
5500.0
  0
ARC
  5
68
330
17
100
AcDbEntity
  8
A-CARPINTERIA
100
AcDbCircle
 10
9400.0
 20
5500.0
 30
0.0
 40
800.0
100
AcDbArc
 50
180.0
 51
270.0
  0
LWPOLYLINE
  5
69
330
17
100
AcDbEntity
  8
A-CARPINTERIA
100
AcDbPolyline
 90
4
 70
1
 10
9600.0
 20
5420.0
 10
10400.0
 20
5420.0
 10
10400.0
 20
5380.0
 10
9600.0
 20
5380.0
  0
ARC
  5
6A
330
17
100
AcDbEntity
  8
A-CARPINTERIA
100
AcDbCircle
 10
9600.0
 20
5400.0
 30
0.0
 40
800.0
100
AcDbArc
 50
270.0
 51
360.0
  0
LWPOLYLINE
  5
6B
330
17
100
AcDbEntity
  8
A-CARPINTERIA
100
AcDbPolyline
 90
4
 70
1
 10
13700.0
 20
820.0
 10
14520.0
 20
820.0
 10
14520.0
 20
780.0
 10
13700.0
 20
780.0
  0
ARC
  5
6C
330
17
100
AcDbEntity
  8
A-CARPINTERIA
100
AcDbCircle
 10
13700.0
 20
800.0
 30
0.0
 40
820.0
100
AcDbArc
 50
0.0
 51
90.0
  0
LWPOLYLINE
  5
6D
330
17
100
AcDbEntity
  8
A-CARPINTERIA
100
AcDbPolyline
 90
4
 70
1
 10
13880.0
 20
4250.0
 10
13880.0
 20
5050.0
 10
13920.0
 20
5050.0
 10
13920.0
 20
4250.0
  0
ARC
  5
6E
330
17
100
AcDbEntity
  8
A-CARPINTERIA
100
AcDbCircle
 10
13900.0
 20
4250.0
 30
0.0
 40
800.0
100
AcDbArc
 50
0.0
 51
90.0
  0
LWPOLYLINE
  5
6F
330
17
100
AcDbEntity
  8
A-CARPINTERIA
  6
OCULTA
100
AcDbPolyline
 90
4
 70
1
 10
11870.0
 20
1830.0
 10
12620.0
 20
1830.0
 10
12620.0
 20
1870.0
 10
11870.0
 20
1870.0
  0
LINE
  5
70
330
17
100
AcDbEntity
  8
A-CARPINTERIA
  6
OCULTA
100
AcDbLine
 10
12620.0
 20
1850.0
 30
0.0
 11
13330.0
 21
1850.0
 31
0.0
  0
LWPOLYLINE
  5
71
330
17
100
AcDbEntity
  8
A-CARPINTERIA
100
AcDbPolyline
 90
4
 70
1
 10
13900.0
 20
80.0
 10
17500.0
 20
80.0
 10
17500.0
 20
120.0
 10
13900.0
 20
120.0
  0
TEXT
  5
72
330
17
100
AcDbEntity
  8
A-TEXTO
100
AcDbText
 10
15700.0
 20
-140.0
 30
0.0
 40
90.0
  1
PUERTA SECCIONAL
  7
A-TEXTO
 72
1
 11
15700.0
 21
-140.0
 31
0.0
100
AcDbText
 73
2
  0
LINE
  5
73
330
17
100
AcDbEntity
  8
A-ESCALERA
100
AcDbLine
 10
11100.0
 20
4500.0
 30
0.0
 11
11100.0
 21
5500.0
 31
0.0
  0
LINE
  5
74
330
17
100
AcDbEntity
  8
A-ESCALERA
100
AcDbLine
 10
11360.0
 20
4500.0
 30
0.0
 11
11360.0
 21
5500.0
 31
0.0
  0
LINE
  5
75
330
17
100
AcDbEntity
  8
A-ESCALERA
100
AcDbLine
 10
11620.0
 20
4500.0
 30
0.0
 11
11620.0
 21
5500.0
 31
0.0
  0
LINE
  5
76
330
17
100
AcDbEntity
  8
A-ESCALERA
100
AcDbLine
 10
11880.0
 20
4500.0
 30
0.0
 11
11880.0
 21
5500.0
 31
0.0
  0
LINE
  5
77
330
17
100
AcDbEntity
  8
A-ESCALERA
100
AcDbLine
 10
12140.0
 20
4500.0
 30
0.0
 11
12140.0
 21
5500.0
 31
0.0
  0
LINE
  5
78
330
17
100
AcDbEntity
  8
A-ESCALERA
100
AcDbLine
 10
12400.0
 20
4500.0
 30
0.0
 11
12400.0
 21
5500.0
 31
0.0
  0
LINE
  5
79
330
17
100
AcDbEntity
  8
A-ESCALERA
100
AcDbLine
 10
12400.0
 20
4500.0
 30
0.0
 11
12810.0
 21
5500.0
 31
0.0
  0
LINE
  5
7A
330
17
100
AcDbEntity
  8
A-ESCALERA
100
AcDbLine
 10
12400.0
 20
4500.0
 30
0.0
 11
13400.0
 21
5500.0
 31
0.0
  0
LINE
  5
7B
330
17
100
AcDbEntity
  8
A-ESCALERA
100
AcDbLine
 10
12400.0
 20
4500.0
 30
0.0
 11
13400.0
 21
4910.0
 31
0.0
  0
LINE
  5
7C
330
17
100
AcDbEntity
  8
A-ESCALERA
100
AcDbLine
 10
12400.0
 20
4500.0
 30
0.0
 11
13400.0
 21
4500.0
 31
0.0
  0
LINE
  5
7D
330
17
100
AcDbEntity
  8
A-ESCALERA
100
AcDbLine
 10
12400.0
 20
4240.0
 30
0.0
 11
13400.0
 21
4240.0
 31
0.0
  0
LINE
  5
7E
330
17
100
AcDbEntity
  8
A-ESCALERA
100
AcDbLine
 10
12400.0
 20
3980.0
 30
0.0
 11
13400.0
 21
3980.0
 31
0.0
  0
LINE
  5
7F
330
17
100
AcDbEntity
  8
A-ESCALERA-OCULTA
100
AcDbLine
 10
12400.0
 20
3720.0
 30
0.0
 11
13400.0
 21
3720.0
 31
0.0
  0
LINE
  5
80
330
17
100
AcDbEntity
  8
A-ESCALERA-OCULTA
100
AcDbLine
 10
12400.0
 20
3460.0
 30
0.0
 11
13400.0
 21
3460.0
 31
0.0
  0
LINE
  5
81
330
17
100
AcDbEntity
  8
A-ESCALERA-OCULTA
100
AcDbLine
 10
12400.0
 20
3200.0
 30
0.0
 11
13400.0
 21
3200.0
 31
0.0
  0
LINE
  5
82
330
17
100
AcDbEntity
  8
A-ESCALERA-OCULTA
100
AcDbLine
 10
12400.0
 20
2940.0
 30
0.0
 11
13400.0
 21
2940.0
 31
0.0
  0
LINE
  5
83
330
17
100
AcDbEntity
  8
A-ESCALERA-OCULTA
100
AcDbLine
 10
12400.0
 20
2680.0
 30
0.0
 11
13400.0
 21
2680.0
 31
0.0
  0
LINE
  5
84
330
17
100
AcDbEntity
  8
A-ESCALERA-OCULTA
100
AcDbLine
 10
12400.0
 20
3900.0
 30
0.0
 11
12400.0
 21
2680.0
 31
0.0
  0
LWPOLYLINE
  5
85
330
17
100
AcDbEntity
  8
A-ESCALERA
100
AcDbPolyline
 90
6
 70
0
 10
12320.0
 20
4020.0
 10
12820.0
 20
4140.0
 10
12860.0
 20
4240.0
 10
12940.0
 20
4040.0
 10
12980.0
 20
4140.0
 10
13480.0
 20
4260.0
  0
CIRCLE
  5
86
330
17
100
AcDbEntity
  8
A-ESCALERA
100
AcDbCircle
 10
11230.0
 20
5000.0
 30
0.0
 40
50.0
  0
LWPOLYLINE
  5
87
330
17
100
AcDbEntity
  8
A-ESCALERA
100
AcDbPolyline
 90
3
 70
0
 10
11280.0
 20
5000.0
 10
12900.0
 20
5000.0
 10
12900.0
 20
4100.0
  0
LWPOLYLINE
  5
88
330
17
100
AcDbEntity
  8
A-ESCALERA
100
AcDbPolyline
 90
3
 70
0
 10
12820.0
 20
4240.0
 10
12900.0
 20
4100.0
 10
12980.0
 20
4240.0
  0
TEXT
  5
89
330
17
100
AcDbEntity
  8
A-ESCALERA
100
AcDbText
 10
11750.0
 20
4850.0
 30
0.0
 40
100.0
  1
SUBE
  7
A-TEXTO
 72
1
 11
11750.0
 21
4850.0
 31
0.0
100
AcDbText
 73
2
  0
LWPOLYLINE
  5
8A
330
17
100
AcDbEntity
  8
A-ESCALERA
100
AcDbPolyline
 90
5
 70
1
 10
300.0
 20
5500.0
 10
1550.0
 20
5500.0
 10
1550.0
 20
5150.0
 10
950.0
 20
4250.0
 10
300.0
 20
4250.0
  0
TEXT
  5
8B
330
17
100
AcDbEntity
  8
A-TEXTO
100
AcDbText
 10
820.0
 20
4800.0
 30
0.0
 40
100.0
  1
CHIMENEA
  7
A-TEXTO
 72
1
 11
820.0
 21
4800.0
 31
0.0
100
AcDbText
 73
2
  0
LWPOLYLINE
  5
8C
330
17
100
AcDbEntity
  8
A-MOBILIARIO
100
AcDbPolyline
 90
4
 70
1
 10
300.0
 20
1750.0
 10
750.0
 20
1750.0
 10
750.0
 20
3550.0
 10
300.0
 20
3550.0
  0
LWPOLYLINE
  5
8D
330
17
100
AcDbEntity
  8
A-MOBILIARIO
100
AcDbPolyline
 90
4
 70
1
 10
700.0
 20
2000.0
 10
760.0
 20
2000.0
 10
760.0
 20
3300.0
 10
700.0
 20
3300.0
  0
TEXT
  5
8E
330
17
100
AcDbEntity
  8
A-TEXTO
100
AcDbText
 10
520.0
 20
2650.0
 30
0.0
 40
100.0
  1
TV
 50
90.0
  7
A-TEXTO
 72
1
 11
520.0
 21
2650.0
 31
0.0
100
AcDbText
 73
2
  0
LWPOLYLINE
  5
8F
330
17
100
AcDbEntity
  8
A-MOBILIARIO
  6
OCULTA
100
AcDbPolyline
 90
4
 70
1
 10
1200.0
 20
1100.0
 10
4000.0
 20
1100.0
 10
4000.0
 20
3850.0
 10
1200.0
 20
3850.0
  0
LWPOLYLINE
  5
90
330
17
100
AcDbEntity
  8
A-MOBILIARIO
100
AcDbPolyline
 90
7
 70
1
 10
1800.0
 20
600.0
 10
1800.0
 20
1500.0
 10
3400.0
 20
1500.0
 10
3400.0
 20
3400.0
 10
4300.0
 20
3400.0
 10
4300.0
 20
600.0
 10
3400.0
 20
600.0
  0
LWPOLYLINE
  5
91
330
17
100
AcDbEntity
  8
A-MOBILIARIO
100
AcDbPolyline
 90
3
 70
0
 10
4100.0
 20
3400.0
 10
4100.0
 20
800.0
 10
1800.0
 20
800.0
  0
LWPOLYLINE
  5
92
330
17
100
AcDbEntity
  8
A-MOBILIARIO
100
AcDbPolyline
 90
2
 70
0
 10
3400.0
 20
3200.0
 10
4100.0
 20
3200.0
  0
LWPOLYLINE
  5
93
330
17
100
AcDbEntity
  8
A-MOBILIARIO
100
AcDbPolyline
 90
2
 70
0
 10
2000.0
 20
800.0
 10
2000.0
 20
1500.0
  0
LINE
  5
94
330
17
100
AcDbEntity
  8
A-MOBILIARIO
100
AcDbLine
 10
3400.0
 20
1400.0
 30
0.0
 11
4100.0
 21
1400.0
 31
0.0
  0
LINE
  5
95
330
17
100
AcDbEntity
  8
A-MOBILIARIO
100
AcDbLine
 10
3400.0
 20
2300.0
 30
0.0
 11
4100.0
 21
2300.0
 31
0.0
  0
LINE
  5
96
330
17
100
AcDbEntity
  8
A-MOBILIARIO
100
AcDbLine
 10
2600.0
 20
800.0
 30
0.0
 11
2600.0
 21
1500.0
 31
0.0
  0
LWPOLYLINE
  5
97
330
17
100
AcDbEntity
  8
A-MOBILIARIO
100
AcDbPolyline
 90
4
 70
1
 10
2250.0
 20
1700.0
 10
2850.0
 20
1700.0
 10
2850.0
 20
2900.0
 10
2250.0
 20
2900.0
  0
LWPOLYLINE
  5
98
330
17
100
AcDbEntity
  8
A-MOBILIARIO
100
AcDbPolyline
 90
4
 70
1
 10
3007.0914
 20
4451.7698
 10
2548.2302
 20
5107.0914
 10
1892.9086
 20
4648.2302
 10
2351.7698
 20
3992.9086
  0
LWPOLYLINE
  5
99
330
17
100
AcDbEntity
  8
A-MOBILIARIO
100
AcDbPolyline
 90
4
 70
1
 10
2640.0025
 20
4976.0271
 10
2548.2302
 20
5107.0914
 10
1892.9086
 20
4648.2302
 10
1984.6808
 20
4517.1659
  0
LWPOLYLINE
  5
9A
330
17
100
AcDbEntity
  8
A-MOBILIARIO
100
AcDbPolyline
 90
4
 70
1
 10
2450.068
 20
4061.7378
 10
2082.9791
 20
4585.9951
 10
1984.6808
 20
4517.1659
 10
2351.7698
 20
3992.9086
  0
LWPOLYLINE
  5
9B
330
17
100
AcDbEntity
  8
A-MOBILIARIO
100
AcDbPolyline
 90
4
 70
1
 10
3007.0914
 20
4451.7698
 10
2640.0025
 20
4976.0271
 10
2541.7042
 20
4907.1979
 10
2908.7931
 20
4382.9406
  0
LWPOLYLINE
  5
9C
330
17
100
AcDbEntity
  8
A-MOBILIARIO
100
AcDbPolyline
 90
4
 70
1
 10
4350.0
 20
900.0
 10
4650.0
 20
900.0
 10
4650.0
 20
2700.0
 10
4350.0
 20
2700.0
  0
TEXT
  5
9D
330
17
100
AcDbEntity
  8
A-TEXTO
100
AcDbText
 10
4500.0
 20
1800.0
 30
0.0
 40
80.0
  1
CONSOLA
 50
90.0
  7
A-TEXTO
 72
1
 11
4500.0
 21
1800.0
 31
0.0
100
AcDbText
 73
2
  0
LWPOLYLINE
  5
9E
330
17
100
AcDbEntity
  8
A-MOBILIARIO
100
AcDbPolyline
 90
4
 70
1
 10
5800.0
 20
300.0
 10
7200.0
 20
300.0
 10
7200.0
 20
900.0
 10
5800.0
 20
900.0
  0
LINE
  5
9F
330
17
100
AcDbEntity
  8
A-MOBILIARIO
100
AcDbLine
 10
6500.0
 20
300.0
 30
0.0
 11
6500.0
 21
900.0
 31
0.0
  0
LINE
  5
A0
330
17
100
AcDbEntity
  8
A-MOBILIARIO
  6
OCULTA
100
AcDbLine
 10
5850.0
 20
600.0
 30
0.0
 11
7150.0
 21
600.0
 31
0.0
  0
TEXT
  5
A1
330
17
100
AcDbEntity
  8
A-TEXTO
100
AcDbText
 10
6500.0
 20
480.0
 30
0.0
 40
80.0
  1
ARMARIO
  7
A-TEXTO
 72
1
 11
6500.0
 21
480.0
 31
0.0
100
AcDbText
 73
2
  0
LWPOLYLINE
  5
A2
330
17
100
AcDbEntity
  8
A-MOBILIARIO
100
AcDbPolyline
 90
4
 70
1
 10
5800.0
 20
3300.0
 10
8200.0
 20
3300.0
 10
8200.0
 20
4300.0
 10
5800.0
 20
4300.0
  0
LWPOLYLINE
  5
A3
330
17
100
AcDbEntity
  8
A-MOBILIARIO
100
AcDbPolyline
 90
4
 70
1
 10
5880.0
 20
4840.0
 10
5880.0
 20
4400.0
 10
6320.0
 20
4400.0
 10
6320.0
 20
4840.0
  0
LWPOLYLINE
  5
A4
330
17
100
AcDbEntity
  8
A-MOBILIARIO
100
AcDbPolyline
 90
4
 70
1
 10
5880.0
 20
4880.0
 10
5880.0
 20
4810.0
 10
6320.0
 20
4810.0
 10
6320.0
 20
4880.0
  0
LWPOLYLINE
  5
A5
330
17
100
AcDbEntity
  8
A-MOBILIARIO
100
AcDbPolyline
 90
4
 70
1
 10
6320.0
 20
2760.0
 10
6320.0
 20
3200.0
 10
5880.0
 20
3200.0
 10
5880.0
 20
2760.0
  0
LWPOLYLINE
  5
A6
330
17
100
AcDbEntity
  8
A-MOBILIARIO
100
AcDbPolyline
 90
4
 70
1
 10
6320.0
 20
2720.0
 10
6320.0
 20
2790.0
 10
5880.0
 20
2790.0
 10
5880.0
 20
2720.0
  0
LWPOLYLINE
  5
A7
330
17
100
AcDbEntity
  8
A-MOBILIARIO
100
AcDbPolyline
 90
4
 70
1
 10
6480.0
 20
4840.0
 10
6480.0
 20
4400.0
 10
6920.0
 20
4400.0
 10
6920.0
 20
4840.0
  0
LWPOLYLINE
  5
A8
330
17
100
AcDbEntity
  8
A-MOBILIARIO
100
AcDbPolyline
 90
4
 70
1
 10
6480.0
 20
4880.0
 10
6480.0
 20
4810.0
 10
6920.0
 20
4810.0
 10
6920.0
 20
4880.0
  0
LWPOLYLINE
  5
A9
330
17
100
AcDbEntity
  8
A-MOBILIARIO
100
AcDbPolyline
 90
4
 70
1
 10
6920.0
 20
2760.0
 10
6920.0
 20
3200.0
 10
6480.0
 20
3200.0
 10
6480.0
 20
2760.0
  0
LWPOLYLINE
  5
AA
330
17
100
AcDbEntity
  8
A-MOBILIARIO
100
AcDbPolyline
 90
4
 70
1
 10
6920.0
 20
2720.0
 10
6920.0
 20
2790.0
 10
6480.0
 20
2790.0
 10
6480.0
 20
2720.0
  0
LWPOLYLINE
  5
AB
330
17
100
AcDbEntity
  8
A-MOBILIARIO
100
AcDbPolyline
 90
4
 70
1
 10
7080.0
 20
4840.0
 10
7080.0
 20
4400.0
 10
7520.0
 20
4400.0
 10
7520.0
 20
4840.0
  0
LWPOLYLINE
  5
AC
330
17
100
AcDbEntity
  8
A-MOBILIARIO
100
AcDbPolyline
 90
4
 70
1
 10
7080.0
 20
4880.0
 10
7080.0
 20
4810.0
 10
7520.0
 20
4810.0
 10
7520.0
 20
4880.0
  0
LWPOLYLINE
  5
AD
330
17
100
AcDbEntity
  8
A-MOBILIARIO
100
AcDbPolyline
 90
4
 70
1
 10
7520.0
 20
2760.0
 10
7520.0
 20
3200.0
 10
7080.0
 20
3200.0
 10
7080.0
 20
2760.0
  0
LWPOLYLINE
  5
AE
330
17
100
AcDbEntity
  8
A-MOBILIARIO
100
AcDbPolyline
 90
4
 70
1
 10
7520.0
 20
2720.0
 10
7520.0
 20
2790.0
 10
7080.0
 20
2790.0
 10
7080.0
 20
2720.0
  0
LWPOLYLINE
  5
AF
330
17
100
AcDbEntity
  8
A-MOBILIARIO
100
AcDbPolyline
 90
4
 70
1
 10
7680.0
 20
4840.0
 10
7680.0
 20
4400.0
 10
8120.0
 20
4400.0
 10
8120.0
 20
4840.0
  0
LWPOLYLINE
  5
B0
330
17
100
AcDbEntity
  8
A-MOBILIARIO
100
AcDbPolyline
 90
4
 70
1
 10
7680.0
 20
4880.0
 10
7680.0
 20
4810.0
 10
8120.0
 20
4810.0
 10
8120.0
 20
4880.0
  0
LWPOLYLINE
  5
B1
330
17
100
AcDbEntity
  8
A-MOBILIARIO
100
AcDbPolyline
 90
4
 70
1
 10
8120.0
 20
2760.0
 10
8120.0
 20
3200.0
 10
7680.0
 20
3200.0
 10
7680.0
 20
2760.0
  0
LWPOLYLINE
  5
B2
330
17
100
AcDbEntity
  8
A-MOBILIARIO
100
AcDbPolyline
 90
4
 70
1
 10
8120.0
 20
2720.0
 10
8120.0
 20
2790.0
 10
7680.0
 20
2790.0
 10
7680.0
 20
2720.0
  0
INSERT
  5
31D
330
17
100
AcDbEntity
  8
0
100
AcDbBlockReference
  2
VEG_Kentia_PLANTA
 10
1000.0
 20
1000.0
 30
0.0
  0
INSERT
  5
4B9
330
17
100
AcDbEntity
  8
0
100
AcDbBlockReference
  2
VEG_Monstera_PLANTA
 10
4450.0
 20
4920.0
 30
0.0
  0
INSERT
  5
4FC
330
17
100
AcDbEntity
  8
0
100
AcDbBlockReference
  2
VEG_Sansevieria_PLANTA
 10
4500.0
 20
2950.0
 30
0.0
  0
INSERT
  5
5DA
330
17
100
AcDbEntity
  8
0
100
AcDbBlockReference
  2
VEG_Pilea_PLANTA
 10
7000.0
 20
3800.0
 30
0.0
  0
LWPOLYLINE
  5
5DC
330
17
100
AcDbEntity
  8
A-COCINA
100
AcDbPolyline
 90
4
 70
1
 10
7200.0
 20
300.0
 10
11700.0
 20
300.0
 10
11700.0
 20
900.0
 10
7200.0
 20
900.0
  0
LINE
  5
5DD
330
17
100
AcDbEntity
  8
A-COCINA
  6
OCULTA
100
AcDbLine
 10
7800.0
 20
300.0
 30
0.0
 11
7800.0
 21
900.0
 31
0.0
  0
LINE
  5
5DE
330
17
100
AcDbEntity
  8
A-COCINA
  6
OCULTA
100
AcDbLine
 10
8400.0
 20
300.0
 30
0.0
 11
8400.0
 21
900.0
 31
0.0
  0
LINE
  5
5DF
330
17
100
AcDbEntity
  8
A-COCINA
  6
OCULTA
100
AcDbLine
 10
9400.0
 20
300.0
 30
0.0
 11
9400.0
 21
900.0
 31
0.0
  0
LINE
  5
5E0
330
17
100
AcDbEntity
  8
A-COCINA
  6
OCULTA
100
AcDbLine
 10
10000.0
 20
300.0
 30
0.0
 11
10000.0
 21
900.0
 31
0.0
  0
LINE
  5
5E1
330
17
100
AcDbEntity
  8
A-COCINA
  6
OCULTA
100
AcDbLine
 10
10400.0
 20
300.0
 30
0.0
 11
10400.0
 21
900.0
 31
0.0
  0
LINE
  5
5E2
330
17
100
AcDbEntity
  8
A-COCINA
  6
OCULTA
100
AcDbLine
 10
11300.0
 20
300.0
 30
0.0
 11
11300.0
 21
900.0
 31
0.0
  0
TEXT
  5
5E3
330
17
100
AcDbEntity
  8
A-TEXTO
100
AcDbText
 10
7500.0
 20
600.0
 30
0.0
 40
70.0
  1
VINOTECA
 50
90.0
  7
A-TEXTO
 72
1
 11
7500.0
 21
600.0
 31
0.0
100
AcDbText
 73
2
  0
LWPOLYLINE
  5
5E4
330
17
100
AcDbEntity
  8
A-COCINA
100
AcDbPolyline
 90
4
 70
1
 10
8460.0
 20
360.0
 10
9340.0
 20
360.0
 10
9340.0
 20
840.0
 10
8460.0
 20
840.0
  0
LWPOLYLINE
  5
5E5
330
17
100
AcDbEntity
  8
A-COCINA
100
AcDbPolyline
 90
4
 70
1
 10
8520.0
 20
420.0
 10
8960.0
 20
420.0
 10
8960.0
 20
780.0
 10
8520.0
 20
780.0
  0
LINE
  5
5E6
330
17
100
AcDbEntity
  8
A-COCINA
100
AcDbLine
 10
9020.0
 20
480.0
 30
0.0
 11
9280.0
 21
480.0
 31
0.0
  0
LINE
  5
5E7
330
17
100
AcDbEntity
  8
A-COCINA
100
AcDbLine
 10
9020.0
 20
560.0
 30
0.0
 11
9280.0
 21
560.0
 31
0.0
  0
LINE
  5
5E8
330
17
100
AcDbEntity
  8
A-COCINA
100
AcDbLine
 10
9020.0
 20
640.0
 30
0.0
 11
9280.0
 21
640.0
 31
0.0
  0
LINE
  5
5E9
330
17
100
AcDbEntity
  8
A-COCINA
100
AcDbLine
 10
9020.0
 20
720.0
 30
0.0
 11
9280.0
 21
720.0
 31
0.0
  0
CIRCLE
  5
5EA
330
17
100
AcDbEntity
  8
A-COCINA
100
AcDbCircle
 10
8740.0
 20
810.0
 30
0.0
 40
25.0
  0
TEXT
  5
5EB
330
17
100
AcDbEntity
  8
A-TEXTO
100
AcDbText
 10
9700.0
 20
600.0
 30
0.0
 40
90.0
  1
LV
  7
A-TEXTO
 72
1
 11
9700.0
 21
600.0
 31
0.0
100
AcDbText
 73
2
  0
LWPOLYLINE
  5
5EC
330
17
100
AcDbEntity
  8
A-COCINA
100
AcDbPolyline
 90
4
 70
1
 10
10420.0
 20
370.0
 10
11280.0
 20
370.0
 10
11280.0
 20
850.0
 10
10420.0
 20
850.0
  0
CIRCLE
  5
5ED
330
17
100
AcDbEntity
  8
A-COCINA
100
AcDbCircle
 10
10620.0
 20
500.0
 30
0.0
 40
80.0
  0
CIRCLE
  5
5EE
330
17
100
AcDbEntity
  8
A-COCINA
100
AcDbCircle
 10
10620.0
 20
720.0
 30
0.0
 40
80.0
  0
CIRCLE
  5
5EF
330
17
100
AcDbEntity
  8
A-COCINA
100
AcDbCircle
 10
10850.0
 20
610.0
 30
0.0
 40
110.0
  0
CIRCLE
  5
5F0
330
17
100
AcDbEntity
  8
A-COCINA
100
AcDbCircle
 10
11100.0
 20
500.0
 30
0.0
 40
80.0
  0
CIRCLE
  5
5F1
330
17
100
AcDbEntity
  8
A-COCINA
100
AcDbCircle
 10
11100.0
 20
720.0
 30
0.0
 40
80.0
  0
LWPOLYLINE
  5
5F2
330
17
100
AcDbEntity
  8
A-COCINA
100
AcDbPolyline
 90
4
 70
1
 10
8800.0
 20
1900.0
 10
10800.0
 20
1900.0
 10
10800.0
 20
2800.0
 10
8800.0
 20
2800.0
  0
LINE
  5
5F3
330
17
100
AcDbEntity
  8
A-COCINA
  6
OCULTA
100
AcDbLine
 10
8800.0
 20
2500.0
 30
0.0
 11
10800.0
 21
2500.0
 31
0.0
  0
CIRCLE
  5
5F4
330
17
100
AcDbEntity
  8
A-MOBILIARIO
100
AcDbCircle
 10
9200.0
 20
3020.0
 30
0.0
 40
190.0
  0
CIRCLE
  5
5F5
330
17
100
AcDbEntity
  8
A-MOBILIARIO
100
AcDbCircle
 10
9800.0
 20
3020.0
 30
0.0
 40
190.0
  0
CIRCLE
  5
5F6
330
17
100
AcDbEntity
  8
A-MOBILIARIO
100
AcDbCircle
 10
10400.0
 20
3020.0
 30
0.0
 40
190.0
  0
TEXT
  5
5F7
330
17
100
AcDbEntity
  8
A-TEXTO
100
AcDbText
 10
9800.0
 20
2200.0
 30
0.0
 40
100.0
  1
ISLA
  7
A-TEXTO
 72
1
 11
9800.0
 21
2200.0
 31
0.0
100
AcDbText
 73
2
  0
LWPOLYLINE
  5
5F8
330
17
100
AcDbEntity
  8
A-COCINA
100
AcDbPolyline
 90
4
 70
1
 10
11700.0
 20
1900.0
 10
12300.0
 20
1900.0
 10
12300.0
 20
4400.0
 10
11700.0
 20
4400.0
  0
LINE
  5
5F9
330
17
100
AcDbEntity
  8
A-COCINA
100
AcDbLine
 10
11700.0
 20
2600.0
 30
0.0
 11
12300.0
 21
2600.0
 31
0.0
  0
LINE
  5
5FA
330
17
100
AcDbEntity
  8
A-COCINA
100
AcDbLine
 10
11700.0
 20
3200.0
 30
0.0
 11
12300.0
 21
3200.0
 31
0.0
  0
LINE
  5
5FB
330
17
100
AcDbEntity
  8
A-COCINA
100
AcDbLine
 10
11700.0
 20
3800.0
 30
0.0
 11
12300.0
 21
3800.0
 31
0.0
  0
LINE
  5
5FC
330
17
100
AcDbEntity
  8
A-COCINA
  6
OCULTA
100
AcDbLine
 10
11700.0
 20
1900.0
 30
0.0
 11
12300.0
 21
2600.0
 31
0.0
  0
TEXT
  5
5FD
330
17
100
AcDbEntity
  8
A-TEXTO
100
AcDbText
 10
12000.0
 20
2250.0
 30
0.0
 40
70.0
  1
FRIGO
 50
90.0
  7
A-TEXTO
 72
1
 11
12000.0
 21
2250.0
 31
0.0
100
AcDbText
 73
2
  0
LINE
  5
5FE
330
17
100
AcDbEntity
  8
A-COCINA
  6
OCULTA
100
AcDbLine
 10
11700.0
 20
2600.0
 30
0.0
 11
12300.0
 21
3200.0
 31
0.0
  0
TEXT
  5
5FF
330
17
100
AcDbEntity
  8
A-TEXTO
100
AcDbText
 10
12000.0
 20
2900.0
 30
0.0
 40
70.0
  1
HORNO
 50
90.0
  7
A-TEXTO
 72
1
 11
12000.0
 21
2900.0
 31
0.0
100
AcDbText
 73
2
  0
LINE
  5
600
330
17
100
AcDbEntity
  8
A-COCINA
  6
OCULTA
100
AcDbLine
 10
11700.0
 20
3200.0
 30
0.0
 11
12300.0
 21
3800.0
 31
0.0
  0
TEXT
  5
601
330
17
100
AcDbEntity
  8
A-TEXTO
100
AcDbText
 10
12000.0
 20
3500.0
 30
0.0
 40
70.0
  1
DESPENSA
 50
90.0
  7
A-TEXTO
 72
1
 11
12000.0
 21
3500.0
 31
0.0
100
AcDbText
 73
2
  0
LINE
  5
602
330
17
100
AcDbEntity
  8
A-COCINA
  6
OCULTA
100
AcDbLine
 10
11700.0
 20
3800.0
 30
0.0
 11
12300.0
 21
4400.0
 31
0.0
  0
TEXT
  5
603
330
17
100
AcDbEntity
  8
A-TEXTO
100
AcDbText
 10
12000.0
 20
4100.0
 30
0.0
 40
70.0
  1
ESCOBERO
 50
90.0
  7
A-TEXTO
 72
1
 11
12000.0
 21
4100.0
 31
0.0
100
AcDbText
 73
2
  0
LWPOLYLINE
  5
604
330
17
100
AcDbEntity
  8
A-SANITARIOS
100
AcDbPolyline
 90
4
 70
1
 10
12720.0
 20
3620.0
 10
13100.0
 20
3620.0
 10
13100.0
 20
3800.0
 10
12720.0
 20
3800.0
  0
ELLIPSE
  5
605
330
17
100
AcDbEntity
  8
A-SANITARIOS
100
AcDbEllipse
 10
12910.0
 20
3350.0
 30
0.0
 11
0.0
 21
260.0
 31
0.0
 40
0.6923076923076923
 41
0.0
 42
6.283185307179586
  0
LWPOLYLINE
  5
606
330
17
100
AcDbEntity
  8
A-SANITARIOS
100
AcDbPolyline
 90
4
 70
1
 10
12950.0
 20
2150.0
 10
13400.0
 20
2150.0
 10
13400.0
 20
2750.0
 10
12950.0
 20
2750.0
  0
ELLIPSE
  5
607
330
17
100
AcDbEntity
  8
A-SANITARIOS
100
AcDbEllipse
 10
13180.0
 20
2450.0
 30
0.0
 11
0.0
 21
200.0
 31
0.0
 40
0.75
 41
0.0
 42
6.283185307179586
  0
LWPOLYLINE
  5
608
330
17
100
AcDbEntity
  8
A-MOBILIARIO
100
AcDbPolyline
 90
4
 70
1
 10
11800.0
 20
300.0
 10
12950.0
 20
300.0
 10
12950.0
 20
700.0
 10
11800.0
 20
700.0
  0
TEXT
  5
609
330
17
100
AcDbEntity
  8
A-TEXTO
100
AcDbText
 10
12370.0
 20
500.0
 30
0.0
 40
80.0
  1
BANCO
  7
A-TEXTO
 72
1
 11
12370.0
 21
500.0
 31
0.0
100
AcDbText
 73
2
  0
LWPOLYLINE
  5
60A
330
17
100
AcDbEntity
  8
A-SANEAMIENTO
  6
CONTINUOUS
100
AcDbPolyline
 90
4
 70
1
 10
13050.0
 20
300.0
 10
13400.0
 20
300.0
 10
13400.0
 20
650.0
 10
13050.0
 20
650.0
  0
CIRCLE
  5
60B
330
17
100
AcDbEntity
  8
A-SANEAMIENTO
  6
CONTINUOUS
100
AcDbCircle
 10
13220.0
 20
470.0
 30
0.0
 40
60.0
  0
LWPOLYLINE
  5
60C
330
17
100
AcDbEntity
  8
A-SANEAMIENTO
  6
CONTINUOUS
100
AcDbPolyline
 90
4
 70
1
 10
300.0
 20
300.0
 10
650.0
 20
300.0
 10
650.0
 20
650.0
 10
300.0
 20
650.0
  0
CIRCLE
  5
60D
330
17
100
AcDbEntity
  8
A-SANEAMIENTO
  6
CONTINUOUS
100
AcDbCircle
 10
470.0
 20
470.0
 30
0.0
 40
60.0
  0
LWPOLYLINE
  5
60E
330
17
100
AcDbEntity
  8
A-COCINA
100
AcDbPolyline
 90
4
 70
1
 10
14900.0
 20
4900.0
 10
15600.0
 20
4900.0
 10
15600.0
 20
5600.0
 10
14900.0
 20
5600.0
  0
CIRCLE
  5
60F
330
17
100
AcDbEntity
  8
A-COCINA
100
AcDbCircle
 10
15250.0
 20
5250.0
 30
0.0
 40
280.0
  0
TEXT
  5
610
330
17
100
AcDbEntity
  8
A-TEXTO
100
AcDbText
 10
15250.0
 20
4780.0
 30
0.0
 40
70.0
  1
AEROTERMIA
  7
A-TEXTO
 72
1
 11
15250.0
 21
4780.0
 31
0.0
100
AcDbText
 73
2
  0
LWPOLYLINE
  5
611
330
17
100
AcDbEntity
  8
A-COCINA
100
AcDbPolyline
 90
4
 70
1
 10
15700.0
 20
4950.0
 10
16350.0
 20
4950.0
 10
16350.0
 20
5600.0
 10
15700.0
 20
5600.0
  0
CIRCLE
  5
612
330
17
100
AcDbEntity
  8
A-COCINA
100
AcDbCircle
 10
16020.0
 20
5270.0
 30
0.0
 40
240.0
  0
TEXT
  5
613
330
17
100
AcDbEntity
  8
A-TEXTO
100
AcDbText
 10
16020.0
 20
4830.0
 30
0.0
 40
70.0
  1
LAV+SEC
  7
A-TEXTO
 72
1
 11
16020.0
 21
4830.0
 31
0.0
100
AcDbText
 73
2
  0
LWPOLYLINE
  5
614
330
17
100
AcDbEntity
  8
A-COCINA
100
AcDbPolyline
 90
4
 70
1
 10
16450.0
 20
5000.0
 10
17700.0
 20
5000.0
 10
17700.0
 20
5600.0
 10
16450.0
 20
5600.0
  0
LWPOLYLINE
  5
615
330
17
100
AcDbEntity
  8
A-COCINA
100
AcDbPolyline
 90
4
 70
1
 10
17000.0
 20
5070.0
 10
17600.0
 20
5070.0
 10
17600.0
 20
5530.0
 10
17000.0
 20
5530.0
  0
TEXT
  5
616
330
17
100
AcDbEntity
  8
A-TEXTO
100
AcDbText
 10
16720.0
 20
5300.0
 30
0.0
 40
80.0
  1
PILA
  7
A-TEXTO
 72
1
 11
16720.0
 21
5300.0
 31
0.0
100
AcDbText
 73
2
  0
LWPOLYLINE
  5
617
330
17
100
AcDbEntity
  8
A-SANEAMIENTO
100
AcDbPolyline
 90
3
 70
0
 10
12910.0
 20
3720.0
 10
13950.0
 20
3720.0
 10
13950.0
 20
-600.0
  0
LWPOLYLINE
  5
618
330
17
100
AcDbEntity
  8
A-SANEAMIENTO
100
AcDbPolyline
 90
2
 70
0
 10
13180.0
 20
2500.0
 10
13950.0
 20
2500.0
  0
LWPOLYLINE
  5
619
330
17
100
AcDbEntity
  8
A-SANEAMIENTO
100
AcDbPolyline
 90
2
 70
0
 10
8740.0
 20
450.0
 10
13220.0
 20
450.0
  0
LWPOLYLINE
  5
61A
330
17
100
AcDbEntity
  8
A-SANEAMIENTO
100
AcDbPolyline
 90
3
 70
0
 10
13220.0
 20
450.0
 10
13220.0
 20
-400.0
 10
13750.0
 20
-600.0
  0
LWPOLYLINE
  5
61B
330
17
100
AcDbEntity
  8
A-SANEAMIENTO
100
AcDbPolyline
 90
5
 70
0
 10
17400.0
 20
5300.0
 10
17550.0
 20
5300.0
 10
17550.0
 20
300.0
 10
16400.0
 20
-550.0
 10
14150.0
 20
-600.0
  0
LWPOLYLINE
  5
61C
330
17
100
AcDbEntity
  8
A-SANEAMIENTO
  6
CONTINUOUS
100
AcDbPolyline
 90
4
 70
1
 10
13750.0
 20
-800.0
 10
14150.0
 20
-800.0
 10
14150.0
 20
-400.0
 10
13750.0
 20
-400.0
  0
LINE
  5
61D
330
17
100
AcDbEntity
  8
A-SANEAMIENTO
  6
CONTINUOUS
100
AcDbLine
 10
13750.0
 20
-800.0
 30
0.0
 11
14150.0
 21
-400.0
 31
0.0
  0
LINE
  5
61E
330
17
100
AcDbEntity
  8
A-SANEAMIENTO
  6
CONTINUOUS
100
AcDbLine
 10
13750.0
 20
-400.0
 30
0.0
 11
14150.0
 21
-800.0
 31
0.0
  0
TEXT
  5
61F
330
17
100
AcDbEntity
  8
A-SANEAMIENTO
100
AcDbText
 10
13950.0
 20
-950.0
 30
0.0
 40
80.0
  1
ARQUETA
  7
A-TEXTO
 72
1
 11
13950.0
 21
-950.0
 31
0.0
100
AcDbText
 73
2
  0
TEXT
  5
620
330
17
100
AcDbEntity
  8
A-TEXTO
100
AcDbText
 10
2150.0
 20
3950.0
 30
0.0
 40
140.0
  1
SALÓN
  7
A-TEXTO
 72
1
 11
2150.0
 21
3950.0
 31
0.0
100
AcDbText
 73
2
  0
TEXT
  5
621
330
17
100
AcDbEntity
  8
A-TEXTO
100
AcDbText
 10
7000.0
 20
5200.0
 30
0.0
 40
140.0
  1
COMEDOR
  7
A-TEXTO
 72
1
 11
7000.0
 21
5200.0
 31
0.0
100
AcDbText
 73
2
  0
TEXT
  5
622
330
17
100
AcDbEntity
  8
A-TEXTO
100
AcDbText
 10
9800.0
 20
1300.0
 30
0.0
 40
140.0
  1
COCINA
  7
A-TEXTO
 72
1
 11
9800.0
 21
1300.0
 31
0.0
100
AcDbText
 73
2
  0
TEXT
  5
623
330
17
100
AcDbEntity
  8
A-TEXTO
100
AcDbText
 10
5250.0
 20
2500.0
 30
0.0
 40
120.0
  1
RECIBIDOR
  7
A-TEXTO
 72
1
 11
5250.0
 21
2500.0
 31
0.0
100
AcDbText
 73
2
  0
TEXT
  5
624
330
17
100
AcDbEntity
  8
A-TEXTO
100
AcDbText
 10
10500.0
 20
4820.0
 30
0.0
 40
100.0
  1
ESCALERA
  7
A-TEXTO
 72
1
 11
10500.0
 21
4820.0
 31
0.0
100
AcDbText
 73
2
  0
TEXT
  5
625
330
17
100
AcDbEntity
  8
A-TEXTO
100
AcDbText
 10
10500.0
 20
4680.0
 30
0.0
 40
80.0
  1
1,50 m²
  7
A-TEXTO
 72
1
 11
10500.0
 21
4680.0
 31
0.0
100
AcDbText
 73
2
  0
TEXT
  5
626
330
17
100
AcDbEntity
  8
A-TEXTO
100
AcDbText
 10
12700.0
 20
3000.0
 30
0.0
 40
100.0
  1
ASEO
  7
A-TEXTO
 72
1
 11
12700.0
 21
3000.0
 31
0.0
100
AcDbText
 73
2
  0
TEXT
  5
627
330
17
100
AcDbEntity
  8
A-TEXTO
100
AcDbText
 10
12700.0
 20
2860.0
 30
0.0
 40
80.0
  1
1,90 m²
  7
A-TEXTO
 72
1
 11
12700.0
 21
2860.0
 31
0.0
100
AcDbText
 73
2
  0
TEXT
  5
628
330
17
100
AcDbEntity
  8
A-TEXTO
100
AcDbText
 10
12620.0
 20
1500.0
 30
0.0
 40
110.0
  1
VESTÍBULO
  7
A-TEXTO
 72
1
 11
12620.0
 21
1500.0
 31
0.0
100
AcDbText
 73
2
  0
TEXT
  5
629
330
17
100
AcDbEntity
  8
A-TEXTO
100
AcDbText
 10
12620.0
 20
1350.0
 30
0.0
 40
80.0
  1
2,55 m²
  7
A-TEXTO
 72
1
 11
12620.0
 21
1350.0
 31
0.0
100
AcDbText
 73
2
  0
TEXT
  5
62A
330
17
100
AcDbEntity
  8
A-TEXTO
100
AcDbText
 10
14400.0
 20
5400.0
 30
0.0
 40
140.0
  1
LAVADERO
  7
A-TEXTO
 72
1
 11
14400.0
 21
5400.0
 31
0.0
100
AcDbText
 73
2
  0
TEXT
  5
62B
330
17
100
AcDbEntity
  8
A-TEXTO
100
AcDbText
 10
14400.0
 20
5220.0
 30
0.0
 40
80.0
  1
5,40 m²
  7
A-TEXTO
 72
1
 11
14400.0
 21
5220.0
 31
0.0
100
AcDbText
 73
2
  0
TEXT
  5
62C
330
17
100
AcDbEntity
  8
A-TEXTO
100
AcDbText
 10
15700.0
 20
2500.0
 30
0.0
 40
140.0
  1
GARAJE / ALMACÉN
  7
A-TEXTO
 72
1
 11
15700.0
 21
2500.0
 31
0.0
100
AcDbText
 73
2
  0
TEXT
  5
62D
330
17
100
AcDbEntity
  8
A-TEXTO
100
AcDbText
 10
15700.0
 20
2320.0
 30
0.0
 40
80.0
  1
16,20 m²
  7
A-TEXTO
 72
1
 11
15700.0
 21
2320.0
 31
0.0
100
AcDbText
 73
2
  0
TEXT
  5
62E
330
17
100
AcDbEntity
  8
A-TEXTO
100
AcDbText
 10
7000.0
 20
2350.0
 30
0.0
 40
90.0
  1
SALÓN-COMEDOR-COCINA: 58,36 m²
  7
A-TEXTO
 72
1
 11
7000.0
 21
2350.0
 31
0.0
100
AcDbText
 73
2
  0
DIMENSION
  5
62F
330
17
100
AcDbEntity
  8
A-COTAS
100
AcDbDimension
280
0
  2
*D1
  3
COTAS
 10
0.0
 20
-1400.0
 30
0.0
 11
2400.0
 21
-1315.0
 31
0.0
 70
32
 71
5
  1
<>
100
AcDbAlignedDimension
 13
0.0
 23
0.0
 33
0.0
 14
4800.0
 24
0.0
 34
0.0
 50
0.0
100
AcDbRotatedDimension
  0
DIMENSION
  5
63E
330
17
100
AcDbEntity
  8
A-COTAS
100
AcDbDimension
280
0
  2
*D2
  3
COTAS
 10
4800.0
 20
-1400.0
 30
0.0
 11
5250.0
 21
-1315.0
 31
0.0
 70
32
 71
5
  1
<>
100
AcDbAlignedDimension
 13
4800.0
 23
0.0
 33
0.0
 14
5700.0
 24
0.0
 34
0.0
 50
0.0
100
AcDbRotatedDimension
  0
DIMENSION
  5
64D
330
17
100
AcDbEntity
  8
A-COTAS
100
AcDbDimension
280
0
  2
*D3
  3
COTAS
 10
5700.0
 20
-1400.0
 30
0.0
 11
7100.0
 21
-1315.0
 31
0.0
 70
32
 71
5
  1
<>
100
AcDbAlignedDimension
 13
5700.0
 23
0.0
 33
0.0
 14
8500.0
 24
0.0
 34
0.0
 50
0.0
100
AcDbRotatedDimension
  0
DIMENSION
  5
65C
330
17
100
AcDbEntity
  8
A-COTAS
100
AcDbDimension
280
0
  2
*D4
  3
COTAS
 10
8500.0
 20
-1400.0
 30
0.0
 11
8900.0
 21
-1315.0
 31
0.0
 70
32
 71
5
  1
<>
100
AcDbAlignedDimension
 13
8500.0
 23
0.0
 33
0.0
 14
9300.0
 24
0.0
 34
0.0
 50
0.0
100
AcDbRotatedDimension
  0
DIMENSION
  5
66B
330
17
100
AcDbEntity
  8
A-COTAS
100
AcDbDimension
280
0
  2
*D5
  3
COTAS
 10
9300.0
 20
-1400.0
 30
0.0
 11
11500.0
 21
-1315.0
 31
0.0
 70
32
 71
5
  1
<>
100
AcDbAlignedDimension
 13
9300.0
 23
0.0
 33
0.0
 14
13700.0
 24
0.0
 34
0.0
 50
0.0
100
AcDbRotatedDimension
  0
DIMENSION
  5
67A
330
17
100
AcDbEntity
  8
A-COTAS
100
AcDbDimension
280
0
  2
*D6
  3
COTAS
 10
13700.0
 20
-1400.0
 30
0.0
 11
15800.0
 21
-1315.0
 31
0.0
 70
32
 71
5
  1
<>
100
AcDbAlignedDimension
 13
13700.0
 23
0.0
 33
0.0
 14
17900.0
 24
0.0
 34
0.0
 50
0.0
100
AcDbRotatedDimension
  0
DIMENSION
  5
689
330
17
100
AcDbEntity
  8
A-COTAS
100
AcDbDimension
280
0
  2
*D7
  3
COTAS
 10
0.0
 20
-1850.0
 30
0.0
 11
6850.0
 21
-1765.0
 31
0.0
 70
32
 71
5
  1
<>
100
AcDbAlignedDimension
 13
0.0
 23
0.0
 33
0.0
 14
13700.0
 24
0.0
 34
0.0
 50
0.0
100
AcDbRotatedDimension
  0
DIMENSION
  5
698
330
17
100
AcDbEntity
  8
A-COTAS
100
AcDbDimension
280
0
  2
*D8
  3
COTAS
 10
13700.0
 20
-1850.0
 30
0.0
 11
15800.0
 21
-1765.0
 31
0.0
 70
32
 71
5
  1
<>
100
AcDbAlignedDimension
 13
13700.0
 23
0.0
 33
0.0
 14
17900.0
 24
0.0
 34
0.0
 50
0.0
100
AcDbRotatedDimension
  0
DIMENSION
  5
6A7
330
17
100
AcDbEntity
  8
A-COTAS
100
AcDbDimension
280
0
  2
*D9
  3
COTAS
 10
0.0
 20
6400.0
 30
0.0
 11
1500.0
 21
6485.0
 31
0.0
 70
32
 71
5
  1
<>
100
AcDbAlignedDimension
 13
0.0
 23
5800.0
 33
0.0
 14
3000.0
 24
5800.0
 34
0.0
 50
0.0
100
AcDbRotatedDimension
  0
DIMENSION
  5
6B6
330
17
100
AcDbEntity
  8
A-COTAS
100
AcDbDimension
280
0
  2
*D10
  3
COTAS
 10
3000.0
 20
6400.0
 30
0.0
 11
3900.0
 21
6485.0
 31
0.0
 70
32
 71
5
  1
<>
100
AcDbAlignedDimension
 13
3000.0
 23
5800.0
 33
0.0
 14
4800.0
 24
5800.0
 34
0.0
 50
0.0
100
AcDbRotatedDimension
  0
DIMENSION
  5
6C5
330
17
100
AcDbEntity
  8
A-COTAS
100
AcDbDimension
280
0
  2
*D11
  3
COTAS
 10
4800.0
 20
6400.0
 30
0.0
 11
6700.0
 21
6485.0
 31
0.0
 70
32
 71
5
  1
<>
100
AcDbAlignedDimension
 13
4800.0
 23
5800.0
 33
0.0
 14
8600.0
 24
5800.0
 34
0.0
 50
0.0
100
AcDbRotatedDimension
  0
DIMENSION
  5
6D4
330
17
100
AcDbEntity
  8
A-COTAS
100
AcDbDimension
280
0
  2
*D12
  3
COTAS
 10
8600.0
 20
6400.0
 30
0.0
 11
9000.0
 21
6485.0
 31
0.0
 70
32
 71
5
  1
<>
100
AcDbAlignedDimension
 13
8600.0
 23
5800.0
 33
0.0
 14
9400.0
 24
5800.0
 34
0.0
 50
0.0
100
AcDbRotatedDimension
  0
DIMENSION
  5
6E3
330
17
100
AcDbEntity
  8
A-COTAS
100
AcDbDimension
280
0
  2
*D13
  3
COTAS
 10
9400.0
 20
6400.0
 30
0.0
 11
11550.0
 21
6485.0
 31
0.0
 70
32
 71
5
  1
<>
100
AcDbAlignedDimension
 13
9400.0
 23
5800.0
 33
0.0
 14
13700.0
 24
5800.0
 34
0.0
 50
0.0
100
AcDbRotatedDimension
  0
DIMENSION
  5
6F2
330
17
100
AcDbEntity
  8
A-COTAS
100
AcDbDimension
280
0
  2
*D14
  3
COTAS
 10
-600.0
 20
0.0
 30
0.0
 11
-685.0
 21
2900.0
 31
0.0
 70
32
 71
5
  1
<>
100
AcDbAlignedDimension
 13
0.0
 23
0.0
 33
0.0
 14
0.0
 24
5800.0
 34
0.0
 50
90.0
100
AcDbRotatedDimension
  0
DIMENSION
  5
701
330
17
100
AcDbEntity
  8
A-COTAS
100
AcDbDimension
280
0
  2
*D15
  3
COTAS
 10
18500.0
 20
0.0
 30
0.0
 11
18415.0
 21
2075.0
 31
0.0
 70
32
 71
5
  1
<>
100
AcDbAlignedDimension
 13
17900.0
 23
0.0
 33
0.0
 14
17900.0
 24
4150.0
 34
0.0
 50
90.0
100
AcDbRotatedDimension
  0
DIMENSION
  5
710
330
17
100
AcDbEntity
  8
A-COTAS
100
AcDbDimension
280
0
  2
*D16
  3
COTAS
 10
18500.0
 20
4150.0
 30
0.0
 11
18365.0
 21
4200.0
 31
0.0
 70
32
 71
5
  1
<>
100
AcDbAlignedDimension
 13
17900.0
 23
4150.0
 33
0.0
 14
17900.0
 24
4250.0
 34
0.0
 50
90.0
100
AcDbRotatedDimension
  0
DIMENSION
  5
71F
330
17
100
AcDbEntity
  8
A-COTAS
100
AcDbDimension
280
0
  2
*D17
  3
COTAS
 10
18500.0
 20
4250.0
 30
0.0
 11
18415.0
 21
5025.0
 31
0.0
 70
32
 71
5
  1
<>
100
AcDbAlignedDimension
 13
17900.0
 23
4250.0
 33
0.0
 14
17900.0
 24
5800.0
 34
0.0
 50
90.0
100
AcDbRotatedDimension
  0
CIRCLE
  5
72E
330
17
100
AcDbEntity
  8
A-MEJORAS
100
AcDbCircle
 10
5250.0
 20
600.0
 30
0.0
 40
160.0
  0
TEXT
  5
72F
330
17
100
AcDbEntity
  8
A-MEJORAS
100
AcDbText
 10
5250.0
 20
600.0
 30
0.0
 40
160.0
  1
1
  7
A-TEXTO
 72
1
 11
5250.0
 21
600.0
 31
0.0
100
AcDbText
 73
2
  0
CIRCLE
  5
730
330
17
100
AcDbEntity
  8
A-MEJORAS
100
AcDbCircle
 10
3000.0
 20
3450.0
 30
0.0
 40
160.0
  0
TEXT
  5
731
330
17
100
AcDbEntity
  8
A-MEJORAS
100
AcDbText
 10
3000.0
 20
3450.0
 30
0.0
 40
160.0
  1
2
  7
A-TEXTO
 72
1
 11
3000.0
 21
3450.0
 31
0.0
100
AcDbText
 73
2
  0
CIRCLE
  5
732
330
17
100
AcDbEntity
  8
A-MEJORAS
100
AcDbCircle
 10
5250.0
 20
3800.0
 30
0.0
 40
160.0
  0
TEXT
  5
733
330
17
100
AcDbEntity
  8
A-MEJORAS
100
AcDbText
 10
5250.0
 20
3800.0
 30
0.0
 40
160.0
  1
3
  7
A-TEXTO
 72
1
 11
5250.0
 21
3800.0
 31
0.0
100
AcDbText
 73
2
  0
CIRCLE
  5
734
330
17
100
AcDbEntity
  8
A-MEJORAS
100
AcDbCircle
 10
10000.0
 20
3500.0
 30
0.0
 40
160.0
  0
TEXT
  5
735
330
17
100
AcDbEntity
  8
A-MEJORAS
100
AcDbText
 10
10000.0
 20
3500.0
 30
0.0
 40
160.0
  1
4
  7
A-TEXTO
 72
1
 11
10000.0
 21
3500.0
 31
0.0
100
AcDbText
 73
2
  0
CIRCLE
  5
736
330
17
100
AcDbEntity
  8
A-MEJORAS
100
AcDbCircle
 10
7500.0
 20
1100.0
 30
0.0
 40
160.0
  0
TEXT
  5
737
330
17
100
AcDbEntity
  8
A-MEJORAS
100
AcDbText
 10
7500.0
 20
1100.0
 30
0.0
 40
160.0
  1
5
  7
A-TEXTO
 72
1
 11
7500.0
 21
1100.0
 31
0.0
100
AcDbText
 73
2
  0
CIRCLE
  5
738
330
17
100
AcDbEntity
  8
A-MEJORAS
100
AcDbCircle
 10
11500.0
 20
4200.0
 30
0.0
 40
160.0
  0
TEXT
  5
739
330
17
100
AcDbEntity
  8
A-MEJORAS
100
AcDbText
 10
11500.0
 20
4200.0
 30
0.0
 40
160.0
  1
6
  7
A-TEXTO
 72
1
 11
11500.0
 21
4200.0
 31
0.0
100
AcDbText
 73
2
  0
CIRCLE
  5
73A
330
17
100
AcDbEntity
  8
A-MEJORAS
100
AcDbCircle
 10
12000.0
 20
1050.0
 30
0.0
 40
160.0
  0
TEXT
  5
73B
330
17
100
AcDbEntity
  8
A-MEJORAS
100
AcDbText
 10
12000.0
 20
1050.0
 30
0.0
 40
160.0
  1
7
  7
A-TEXTO
 72
1
 11
12000.0
 21
1050.0
 31
0.0
100
AcDbText
 73
2
  0
CIRCLE
  5
73C
330
17
100
AcDbEntity
  8
A-MEJORAS
100
AcDbCircle
 10
12970.0
 20
2050.0
 30
0.0
 40
160.0
  0
TEXT
  5
73D
330
17
100
AcDbEntity
  8
A-MEJORAS
100
AcDbText
 10
12970.0
 20
2050.0
 30
0.0
 40
160.0
  1
8
  7
A-TEXTO
 72
1
 11
12970.0
 21
2050.0
 31
0.0
100
AcDbText
 73
2
  0
CIRCLE
  5
73E
330
17
100
AcDbEntity
  8
A-MEJORAS
100
AcDbCircle
 10
16900.0
 20
4700.0
 30
0.0
 40
160.0
  0
TEXT
  5
73F
330
17
100
AcDbEntity
  8
A-MEJORAS
100
AcDbText
 10
16900.0
 20
4700.0
 30
0.0
 40
160.0
  1
9
  7
A-TEXTO
 72
1
 11
16900.0
 21
4700.0
 31
0.0
100
AcDbText
 73
2
  0
TEXT
  5
740
330
17
100
AcDbEntity
  8
A-TEXTO
100
AcDbText
 10
0.0
 20
-3000.0
 30
0.0
 40
300.0
  1
PLANTA BAJA - PROPUESTA OPTIMIZADA
  7
A-TEXTO
 11
0.0
 21
-3000.0
 31
0.0
100
AcDbText
  0
TEXT
  5
741
330
17
100
AcDbEntity
  8
A-TEXTO
100
AcDbText
 10
0.0
 20
-3450.0
 30
0.0
 40
120.0
  1
Redibujada a partir de una captura: cotas aproximadas (escala estimada con el mobiliario). Ajustar con las medidas reales antes de usar.
  7
A-TEXTO
 11
0.0
 21
-3450.0
 31
0.0
100
AcDbText
  0
TEXT
  5
742
330
17
100
AcDbEntity
  8
A-TEXTO
100
AcDbText
 10
0.0
 20
-3900.0
 30
0.0
 40
120.0
  1
1  Entrada: puerta abriendo hacia dentro, recibidor con armario 140x60 y consola que separa el salón.
  7
A-TEXTO
 11
0.0
 21
-3900.0
 31
0.0
100
AcDbText
  0
TEXT
  5
743
330
17
100
AcDbEntity
  8
A-TEXTO
100
AcDbText
 10
0.0
 20
-4160.0
 30
0.0
 40
120.0
  1
2  Salón: sofá en L orientado a la TV (2,6 m) y butaca hacia la chimenea; paso libre de 1,3 m desde la entrada.
  7
A-TEXTO
 11
0.0
 21
-4160.0
 31
0.0
100
AcDbText
  0
TEXT
  5
744
330
17
100
AcDbEntity
  8
A-TEXTO
100
AcDbText
 10
0.0
 20
-4420.0
 30
0.0
 40
120.0
  1
3  Comedor 8 plazas (240x100) separado 60 cm del muro trasero: antes las sillas quedaban pegadas a la pared.
  7
A-TEXTO
 11
0.0
 21
-4420.0
 31
0.0
100
AcDbText
  0
TEXT
  5
745
330
17
100
AcDbEntity
  8
A-TEXTO
100
AcDbText
 10
0.0
 20
-4680.0
 30
0.0
 40
120.0
  1
4  Cocina en L + isla: fregadero bajo ventana, placa y columnas; pasillos de 90-100 cm; barra de 3 taburetes hacia el comedor.
  7
A-TEXTO
 11
0.0
 21
-4680.0
 31
0.0
100
AcDbText
  0
TEXT
  5
746
330
17
100
AcDbEntity
  8
A-TEXTO
100
AcDbText
 10
0.0
 20
-4940.0
 30
0.0
 40
120.0
  1
5  Vinoteca bajo encimera en el extremo de la cocina más cercano al comedor.
  7
A-TEXTO
 11
0.0
 21
-4940.0
 31
0.0
100
AcDbText
  0
TEXT
  5
747
330
17
100
AcDbEntity
  8
A-TEXTO
100
AcDbText
 10
0.0
 20
-5200.0
 30
0.0
 40
120.0
  1
6  Columnas de frigorífico, horno+micro, despensa y escobero en lugar de la despensa con puertas plegables.
  7
A-TEXTO
 11
0.0
 21
-5200.0
 31
0.0
100
AcDbText
  0
TEXT
  5
748
330
17
100
AcDbEntity
  8
A-TEXTO
100
AcDbText
 10
0.0
 20
-5460.0
 30
0.0
 40
120.0
  1
7  Vestíbulo de servicio con banco: la puerta del garaje ya no choca con la encimera ni con la bajante (recomendado EI2 45-C5).
  7
A-TEXTO
 11
0.0
 21
-5460.0
 31
0.0
100
AcDbText
  0
TEXT
  5
749
330
17
100
AcDbEntity
  8
A-TEXTO
100
AcDbText
 10
0.0
 20
-5720.0
 30
0.0
 40
120.0
  1
8  Aseo con puerta corredera empotrada al vestíbulo (en el plano original no tenía acceso).
  7
A-TEXTO
 11
0.0
 21
-5720.0
 31
0.0
100
AcDbText
  0
TEXT
  5
74A
330
17
100
AcDbEntity
  8
A-TEXTO
100
AcDbText
 10
0.0
 20
-5980.0
 30
0.0
 40
120.0
  1
9  Lavadero: lavadora+secadora en columna, pila con encimera y espacio de mantenimiento para la aerotermia.
  7
A-TEXTO
 11
0.0
 21
-5980.0
 31
0.0
100
AcDbText
  0
TEXT
  5
74B
330
17
100
AcDbEntity
  8
A-TEXTO
100
AcDbText
 10
0.0
 20
-6340.0
 30
0.0
 40
120.0
  1
Escalera existente sin cambios: comprobar número de peldaños y altura libre del aseo bajo el tramo superior.
  7
A-TEXTO
 11
0.0
 21
-6340.0
 31
0.0
100
AcDbText
  0
TEXT
  5
74C
330
17
100
AcDbEntity
  8
A-TEXTO
100
AcDbText
 10
0.0
 20
-6600.0
 30
0.0
 40
120.0
  1
Garaje: fondo útil aprox. 4,0 m (solo coche pequeño); comprobar con medidas reales.
  7
A-TEXTO
 11
0.0
 21
-6600.0
 31
0.0
100
AcDbText
  0
ENDSEC
  0
SECTION
  2
OBJECTS
  0
DICTIONARY
  5
A
330
0
100
AcDbDictionary
281
1
  3
ACAD_COLOR
350
B
  3
ACAD_GROUP
350
C
  3
ACAD_LAYOUT
350
D
  3
ACAD_MATERIAL
350
E
  3
ACAD_MLEADERSTYLE
350
F
  3
ACAD_MLINESTYLE
350
10
  3
ACAD_PLOTSETTINGS
350
11
  3
ACAD_PLOTSTYLENAME
350
12
  3
ACAD_SCALELIST
350
14
  3
ACAD_TABLESTYLE
350
15
  3
ACAD_VISUALSTYLE
350
16
  3
EZDXF_META
350
2D
  0
DICTIONARY
  5
B
330
A
100
AcDbDictionary
281
1
  0
DICTIONARY
  5
C
330
A
100
AcDbDictionary
281
1
  0
DICTIONARY
  5
D
330
A
100
AcDbDictionary
281
1
  3
Model
350
1A
  3
Layout1
350
1E
  0
DICTIONARY
  5
E
330
A
100
AcDbDictionary
281
1
  3
ByBlock
350
1F
  3
ByLayer
350
20
  3
Global
350
21
  0
DICTIONARY
  5
F
330
A
100
AcDbDictionary
281
1
  3
Standard
350
2C
  0
DICTIONARY
  5
10
330
A
100
AcDbDictionary
281
1
  3
Standard
350
22
  0
DICTIONARY
  5
11
330
A
100
AcDbDictionary
281
1
  0
ACDBDICTIONARYWDFLT
  5
12
330
A
100
AcDbDictionary
281
1
  3
Normal
350
13
100
AcDbDictionaryWithDefault
340
13
  0
ACDBPLACEHOLDER
  5
13
330
12
  0
DICTIONARY
  5
14
330
A
100
AcDbDictionary
281
1
  0
DICTIONARY
  5
15
330
A
100
AcDbDictionary
281
1
  0
DICTIONARY
  5
16
330
A
100
AcDbDictionary
281
1
  0
LAYOUT
  5
1A
330
D
100
AcDbPlotSettings
  1

  4
A3
  6

 40
7.5
 41
20.0
 42
7.5
 43
20.0
 44
420.0
 45
297.0
 46
0.0
 47
0.0
 48
0.0
 49
0.0
140
0.0
141
0.0
142
1.0
143
1.0
 70
1024
 72
1
 73
0
 74
5
  7

 75
16
 76
0
 77
2
 78
300
147
1.0
148
0.0
149
0.0
100
AcDbLayout
  1
Model
 70
1
 71
0
 10
0.0
 20
0.0
 11
420.0
 21
297.0
 12
0.0
 22
0.0
 32
0.0
 14
1e+20
 24
1e+20
 34
1e+20
 15
-1e+20
 25
-1e+20
 35
-1e+20
146
0.0
 13
0.0
 23
0.0
 33
0.0
 16
1.0
 26
0.0
 36
0.0
 17
0.0
 27
1.0
 37
0.0
 76
1
330
17
  0
LAYOUT
  5
1E
330
D
100
AcDbPlotSettings
  1

  4
A3
  6

 40
7.5
 41
20.0
 42
7.5
 43
20.0
 44
420.0
 45
297.0
 46
0.0
 47
0.0
 48
0.0
 49
0.0
140
0.0
141
0.0
142
1.0
143
1.0
 70
0
 72
1
 73
0
 74
5
  7

 75
16
 76
0
 77
2
 78
300
147
1.0
148
0.0
149
0.0
100
AcDbLayout
  1
Layout1
 70
1
 71
1
 10
0.0
 20
0.0
 11
420.0
 21
297.0
 12
0.0
 22
0.0
 32
0.0
 14
1e+20
 24
1e+20
 34
1e+20
 15
-1e+20
 25
-1e+20
 35
-1e+20
146
0.0
 13
0.0
 23
0.0
 33
0.0
 16
1.0
 26
0.0
 36
0.0
 17
0.0
 27
1.0
 37
0.0
 76
1
330
1B
  0
MATERIAL
  5
1F
102
{ACAD_REACTORS
330
E
102
}
330
E
100
AcDbMaterial
  1
ByBlock
  2

 70
0
 40
1.0
 71
1
 41
1.0
 91
-1023410177
 42
1.0
 72
1
  3

 73
1
 74
1
 75
1
 44
0.5
 73
0
 45
1.0
 46
1.0
 77
1
  4

 78
1
 79
1
170
1
 48
1.0
171
1
  6

172
1
173
1
174
1
140
1.0
141
1.0
175
1
  7

176
1
177
1
178
1
143
1.0
179
1
  8

270
1
271
1
272
1
145
1.0
146
1.0
273
1
  9

274
1
275
1
276
1
 42
1.0
 72
1
  3

 73
1
 74
1
 75
1
 94
63
  0
MATERIAL
  5
20
102
{ACAD_REACTORS
330
E
102
}
330
E
100
AcDbMaterial
  1
ByLayer
  2

 70
0
 40
1.0
 71
1
 41
1.0
 91
-1023410177
 42
1.0
 72
1
  3

 73
1
 74
1
 75
1
 44
0.5
 73
0
 45
1.0
 46
1.0
 77
1
  4

 78
1
 79
1
170
1
 48
1.0
171
1
  6

172
1
173
1
174
1
140
1.0
141
1.0
175
1
  7

176
1
177
1
178
1
143
1.0
179
1
  8

270
1
271
1
272
1
145
1.0
146
1.0
273
1
  9

274
1
275
1
276
1
 42
1.0
 72
1
  3

 73
1
 74
1
 75
1
 94
63
  0
MATERIAL
  5
21
102
{ACAD_REACTORS
330
E
102
}
330
E
100
AcDbMaterial
  1
Global
  2

 70
0
 40
1.0
 71
1
 41
1.0
 91
-1023410177
 42
1.0
 72
1
  3

 73
1
 74
1
 75
1
 44
0.5
 73
0
 45
1.0
 46
1.0
 77
1
  4

 78
1
 79
1
170
1
 48
1.0
171
1
  6

172
1
173
1
174
1
140
1.0
141
1.0
175
1
  7

176
1
177
1
178
1
143
1.0
179
1
  8

270
1
271
1
272
1
145
1.0
146
1.0
273
1
  9

274
1
275
1
276
1
 42
1.0
 72
1
  3

 73
1
 74
1
 75
1
 94
63
  0
MLINESTYLE
  5
22
102
{ACAD_REACTORS
330
10
102
}
330
10
100
AcDbMlineStyle
  2
Standard
 70
0
  3

 62
256
 51
90.0
 52
90.0
 71
2
 49
0.5
 62
256
  6
BYLAYER
 49
-0.5
 62
256
  6
BYLAYER
  0
MLEADERSTYLE
  5
2C
102
{ACAD_REACTORS
330
F
102
}
330
F
100
AcDbMLeaderStyle
179
2
170
2
171
1
172
0
 90
2
 40
0.0
 41
0.0
173
1
 91
-1056964608
 92
-2
290
1
 42
2.0
291
1
 43
8.0
  3
Standard
 44
4.0
300

342
29
174
1
175
1
176
0
178
1
 93
-1056964608
 45
4.0
292
0
297
0
 46
4.0
 94
-1056964608
 47
1.0
 49
1.0
140
1.0
294
1
141
0.0
177
0
142
1.0
295
0
296
0
143
3.75
271
0
272
9
273
9
  0
DICTIONARY
  5
2D
330
A
100
AcDbDictionary
280
1
281
1
  3
CREATED_BY_EZDXF
350
2E
  3
WRITTEN_BY_EZDXF
350
750
  0
DICTIONARYVAR
  5
2E
330
2D
100
DictionaryVariables
280
0
  1
1.4.4 @ 2026-09-24T14:14:32.851865+00:00
  0
DICTIONARYVAR
  5
750
330
2D
100
DictionaryVariables
280
0
  1
1.4.4 @ 2026-09-24T14:14:33.755857+00:00
  0
ENDSEC
  0
EOF
