  0
SECTION
  2
HEADER
  9
$ACADVER
  1
AC1024
  9
$ACADMAINTVER
 70
6
  9
$DWGCODEPAGE
  3
ANSI_1252
  9
$LASTSAVEDBY
  1
ezdxf
  9
$INSBASE
 10
0.0
 20
0.0
 30
0.0
  9
$EXTMIN
 10
1e+20
 20
1e+20
 30
1e+20
  9
$EXTMAX
 10
-1e+20
 20
-1e+20
 30
-1e+20
  9
$LIMMIN
 10
0.0
 20
0.0
  9
$LIMMAX
 10
420.0
 20
297.0
  9
$ORTHOMODE
 70
0
  9
$REGENMODE
 70
1
  9
$FILLMODE
 70
1
  9
$QTEXTMODE
 70
0
  9
$MIRRTEXT
 70
1
  9
$LTSCALE
 40
1.0
  9
$ATTMODE
 70
1
  9
$TEXTSIZE
 40
2.5
  9
$TRACEWID
 40
1.0
  9
$TEXTSTYLE
  7
Standard
  9
$CLAYER
  8
0
  9
$CELTYPE
  6
ByLayer
  9
$CECOLOR
 62
256
  9
$CELTSCALE
 40
1.0
  9
$DISPSILH
 70
0
  9
$DIMSCALE
 40
1.0
  9
$DIMASZ
 40
2.5
  9
$DIMEXO
 40
0.625
  9
$DIMDLI
 40
3.75
  9
$DIMRND
 40
0.0
  9
$DIMDLE
 40
0.0
  9
$DIMEXE
 40
1.25
  9
$DIMTP
 40
0.0
  9
$DIMTM
 40
0.0
  9
$DIMTXT
 40
2.5
  9
$DIMCEN
 40
2.5
  9
$DIMTSZ
 40
0.0
  9
$DIMTOL
 70
0
  9
$DIMLIM
 70
0
  9
$DIMTIH
 70
0
  9
$DIMTOH
 70
0
  9
$DIMSE1
 70
0
  9
$DIMSE2
 70
0
  9
$DIMTAD
 70
1
  9
$DIMZIN
 70
8
  9
$DIMBLK
  1

  9
$DIMASO
 70
1
  9
$DIMSHO
 70
1
  9
$DIMPOST
  1

  9
$DIMAPOST
  1

  9
$DIMALT
 70
0
  9
$DIMALTD
 70
3
  9
$DIMALTF
 40
0.03937007874
  9
$DIMLFAC
 40
1.0
  9
$DIMTOFL
 70
1
  9
$DIMTVP
 40
0.0
  9
$DIMTIX
 70
0
  9
$DIMSOXD
 70
0
  9
$DIMSAH
 70
0
  9
$DIMBLK1
  1

  9
$DIMBLK2
  1

  9
$DIMSTYLE
  2
ISO-25
  9
$DIMCLRD
 70
0
  9
$DIMCLRE
 70
0
  9
$DIMCLRT
 70
0
  9
$DIMTFAC
 40
1.0
  9
$DIMGAP
 40
0.625
  9
$DIMJUST
 70
0
  9
$DIMSD1
 70
0
  9
$DIMSD2
 70
0
  9
$DIMTOLJ
 70
0
  9
$DIMTZIN
 70
8
  9
$DIMALTZ
 70
0
  9
$DIMALTTZ
 70
0
  9
$DIMUPT
 70
0
  9
$DIMDEC
 70
2
  9
$DIMTDEC
 70
2
  9
$DIMALTU
 70
2
  9
$DIMALTTD
 70
3
  9
$DIMTXSTY
  7
Standard
  9
$DIMAUNIT
 70
0
  9
$DIMADEC
 70
0
  9
$DIMALTRND
 40
0.0
  9
$DIMAZIN
 70
0
  9
$DIMDSEP
 70
44
  9
$DIMATFIT
 70
3
  9
$DIMFRAC
 70
0
  9
$DIMLDRBLK
  1

  9
$DIMLUNIT
 70
2
  9
$DIMLWD
 70
-2
  9
$DIMLWE
 70
-2
  9
$DIMTMOVE
 70
0
  9
$DIMFXL
 40
1.0
  9
$DIMFXLON
 70
0
  9
$DIMJOGANG
 40
0.785398163397
  9
$DIMTFILL
 70
0
  9
$DIMTFILLCLR
 70
0
  9
$DIMARCSYM
 70
0
  9
$DIMLTYPE
  6

  9
$DIMLTEX1
  6

  9
$DIMLTEX2
  6

  9
$DIMTXTDIRECTION
 70
0
  9
$LUNITS
 70
2
  9
$LUPREC
 70
4
  9
$SKETCHINC
 40
1.0
  9
$FILLETRAD
 40
10.0
  9
$AUNITS
 70
0
  9
$AUPREC
 70
2
  9
$MENU
  1
.
  9
$ELEVATION
 40
0.0
  9
$PELEVATION
 40
0.0
  9
$THICKNESS
 40
0.0
  9
$LIMCHECK
 70
0
  9
$CHAMFERA
 40
0.0
  9
$CHAMFERB
 40
0.0
  9
$CHAMFERC
 40
0.0
  9
$CHAMFERD
 40
0.0
  9
$SKPOLY
 70
0
  9
$TDCREATE
 40
2461308.593414352
  9
$TDUCREATE
 40
2458532.153996898
  9
$TDUPDATE
 40
2461308.593425926
  9
$TDUUPDATE
 40
2458532.1544311
  9
$TDINDWG
 40
0.0
  9
$TDUSRTIMER
 40
0.0
  9
$USRTIMER
 70
1
  9
$ANGBASE
 50
0.0
  9
$ANGDIR
 70
0
  9
$PDMODE
 70
0
  9
$PDSIZE
 40
0.0
  9
$PLINEWID
 40
0.0
  9
$SPLFRAME
 70
0
  9
$SPLINETYPE
 70
6
  9
$SPLINESEGS
 70
8
  9
$HANDSEED
  5
751
  9
$SURFTAB1
 70
6
  9
$SURFTAB2
 70
6
  9
$SURFTYPE
 70
6
  9
$SURFU
 70
6
  9
$SURFV
 70
6
  9
$UCSBASE
  2

  9
$UCSNAME
  2

  9
$UCSORG
 10
0.0
 20
0.0
 30
0.0
  9
$UCSXDIR
 10
1.0
 20
0.0
 30
0.0
  9
$UCSYDIR
 10
0.0
 20
1.0
 30
0.0
  9
$UCSORTHOREF
  2

  9
$UCSORTHOVIEW
 70
0
  9
$UCSORGTOP
 10
0.0
 20
0.0
 30
0.0
  9
$UCSORGBOTTOM
 10
0.0
 20
0.0
 30
0.0
  9
$UCSORGLEFT
 10
0.0
 20
0.0
 30
0.0
  9
$UCSORGRIGHT
 10
0.0
 20
0.0
 30
0.0
  9
$UCSORGFRONT
 10
0.0
 20
0.0
 30
0.0
  9
$UCSORGBACK
 10
0.0
 20
0.0
 30
0.0
  9
$PUCSBASE
  2

  9
$PUCSNAME
  2

  9
$PUCSORG
 10
0.0
 20
0.0
 30
0.0
  9
$PUCSXDIR
 10
1.0
 20
0.0
 30
0.0
  9
$PUCSYDIR
 10
0.0
 20
1.0
 30
0.0
  9
$PUCSORTHOREF
  2

  9
$PUCSORTHOVIEW
 70
0
  9
$PUCSORGTOP
 10
0.0
 20
0.0
 30
0.0
  9
$PUCSORGBOTTOM
 10
0.0
 20
0.0
 30
0.0
  9
$PUCSORGLEFT
 10
0.0
 20
0.0
 30
0.0
  9
$PUCSORGRIGHT
 10
0.0
 20
0.0
 30
0.0
  9
$PUCSORGFRONT
 10
0.0
 20
0.0
 30
0.0
  9
$PUCSORGBACK
 10
0.0
 20
0.0
 30
0.0
  9
$USERI1
 70
0
  9
$USERI2
 70
0
  9
$USERI3
 70
0
  9
$USERI4
 70
0
  9
$USERI5
 70
0
  9
$USERR1
 40
0.0
  9
$USERR2
 40
0.0
  9
$USERR3
 40
0.0
  9
$USERR4
 40
0.0
  9
$USERR5
 40
0.0
  9
$WORLDVIEW
 70
1
  9
$SHADEDGE
 70
3
  9
$SHADEDIF
 70
70
  9
$TILEMODE
 70
1
  9
$MAXACTVP
 70
64
  9
$PINSBASE
 10
0.0
 20
0.0
 30
0.0
  9
$PLIMCHECK
 70
0
  9
$PEXTMIN
 10
1e+20
 20
1e+20
 30
1e+20
  9
$PEXTMAX
 10
-1e+20
 20
-1e+20
 30
-1e+20
  9
$PLIMMIN
 10
0.0
 20
0.0
  9
$PLIMMAX
 10
420.0
 20
297.0
  9
$UNITMODE
 70
0
  9
$VISRETAIN
 70
1
  9
$PLINEGEN
 70
0
  9
$PSLTSCALE
 70
1
  9
$TREEDEPTH
 70
3020
  9
$CMLSTYLE
  2
Standard
  9
$CMLJUST
 70
0
  9
$CMLSCALE
 40
20.0
  9
$PROXYGRAPHICS
 70
1
  9
$MEASUREMENT
 70
1
  9
$CELWEIGHT
370
-1
  9
$ENDCAPS
280
0
  9
$JOINSTYLE
280
0
  9
$LWDISPLAY
290
0
  9
$INSUNITS
 70
6
  9
$HYPERLINKBASE
  1

  9
$STYLESHEET
  1

  9
$XEDIT
290
1
  9
$CEPSNTYPE
380
0
  9
$PSTYLEMODE
290
1
  9
$FINGERPRINTGUID
  2
{88CD1F0D-2AF8-4D53-973A-2978F3F34972}
  9
$VERSIONGUID
  2
{8AE45385-95FE-456A-A470-2F090E540261}
  9
$EXTNAMES
290
1
  9
$PSVPSCALE
 40
0.0
  9
$OLESTARTUP
290
0
  9
$SORTENTS
280
127
  9
$INDEXCTL
280
0
  9
$HIDETEXT
280
1
  9
$XCLIPFRAME
280
1
  9
$HALOGAP
280
0
  9
$OBSCOLOR
 70
257
  9
$OBSLTYPE
280
0
  9
$INTERSECTIONDISPLAY
280
0
  9
$INTERSECTIONCOLOR
 70
257
  9
$DIMASSOC
280
2
  9
$PROJECTNAME
  1

  9
$CAMERADISPLAY
290
0
  9
$LENSLENGTH
 40
50.0
  9
$CAMERAHEIGHT
 40
0.0
  9
$STEPSPERSEC
 40
24.0
  9
$STEPSIZE
 40
100.0
  9
$3DDWFPREC
 40
2.0
  9
$PSOLWIDTH
 40
0.005
  9
$PSOLHEIGHT
 40
0.08
  9
$LOFTANG1
 40
1.570796326795
  9
$LOFTANG2
 40
1.570796326795
  9
$LOFTMAG1
 40
0.0
  9
$LOFTMAG2
 40
0.0
  9
$LOFTPARAM
 70
7
  9
$LOFTNORMALS
280
1
  9
$LATITUDE
 40
37.795
  9
$LONGITUDE
 40
-122.394
  9
$NORTHDIRECTION
 40
0.0
  9
$TIMEZONE
 70
-8000
  9
$LIGHTGLYPHDISPLAY
280
1
  9
$TILEMODELIGHTSYNCH
280
1
  9
$CMATERIAL
347
20
  9
$SOLIDHIST
280
0
  9
$SHOWHIST
280
1
  9
$DWFFRAME
280
2
  9
$DGNFRAME
280
2
  9
$REALWORLDSCALE
290
1
  9
$INTERFERECOLOR
 62
256
  9
$CSHADOW
280
0
  9
$SHADOWPLANELOCATION
 40
0.0
  0
ENDSEC
  0
SECTION
  2
CLASSES
  0
CLASS
  1
ACDBDICTIONARYWDFLT
  2
AcDbDictionaryWithDefault
  3
ObjectDBX Classes
 90
0
 91
0
280
0
281
0
  0
CLASS
  1
SUN
  2
AcDbSun
  3
SCENEOE
 90
1153
 91
0
280
0
281
0
  0
CLASS
  1
VISUALSTYLE
  2
AcDbVisualStyle
  3
ObjectDBX Classes
 90
4095
 91
0
280
0
281
0
  0
CLASS
  1
MATERIAL
  2
AcDbMaterial
  3
ObjectDBX Classes
 90
1153
 91
0
280
0
281
0
  0
CLASS
  1
SCALE
  2
AcDbScale
  3
ObjectDBX Classes
 90
1153
 91
0
280
0
281
0
  0
CLASS
  1
TABLESTYLE
  2
AcDbTableStyle
  3
ObjectDBX Classes
 90
4095
 91
0
280
0
281
0
  0
CLASS
  1
MLEADERSTYLE
  2
AcDbMLeaderStyle
  3
ACDB_MLEADERSTYLE_CLASS
 90
4095
 91
0
280
0
281
0
  0
CLASS
  1
DICTIONARYVAR
  2
AcDbDictionaryVar
  3
ObjectDBX Classes
 90
0
 91
0
280
0
281
0
  0
CLASS
  1
CELLSTYLEMAP
  2
AcDbCellStyleMap
  3
ObjectDBX Classes
 90
1152
 91
0
280
0
281
0
  0
CLASS
  1
MENTALRAYRENDERSETTINGS
  2
AcDbMentalRayRenderSettings
  3
SCENEOE
 90
1024
 91
0
280
0
281
0
  0
CLASS
  1
ACDBDETAILVIEWSTYLE
  2
AcDbDetailViewStyle
  3
ObjectDBX Classes
 90
1025
 91
0
280
0
281
0
  0
CLASS
  1
ACDBSECTIONVIEWSTYLE
  2
AcDbSectionViewStyle
  3
ObjectDBX Classes
 90
1025
 91
0
280
0
281
0
  0
CLASS
  1
RASTERVARIABLES
  2
AcDbRasterVariables
  3
ISM
 90
0
 91
0
280
0
281
0
  0
CLASS
  1
ACDBPLACEHOLDER
  2
AcDbPlaceHolder
  3
ObjectDBX Classes
 90
0
 91
0
280
0
281
0
  0
CLASS
  1
LAYOUT
  2
AcDbLayout
  3
ObjectDBX Classes
 90
0
 91
0
280
0
281
0
  0
ENDSEC
  0
SECTION
  2
TABLES
  0
TABLE
  2
VPORT
  5
8
330
0
100
AcDbSymbolTable
 70
1
  0
VPORT
  5
74D
330
8
100
AcDbSymbolTableRecord
100
AcDbViewportTableRecord
  2
*Active
 70
0
 10
0.0
 20
0.0
 11
1.0
 21
1.0
 12
9.0
 22
0.5
 13
0.0
 23
0.0
 14
0.5
 24
0.5
 15
0.5
 25
0.5
 16
0.0
 26
0.0
 36
1.0
 17
0.0
 27
0.0
 37
0.0
 40
11.0
 41
1.34
 42
50.0
 43
0.0
 44
0.0
 50
0.0
 51
0.0
 71
0
 72
1000
 73
1
 74
3
 75
0
 76
0
 77
0
 78
0
281
0
 65
1
110
0.0
120
0.0
130
0.0
111
1.0
121
0.0
131
0.0
112
0.0
122
1.0
132
0.0
 79
0
146
0.0
  0
ENDTAB
  0
TABLE
  2
LTYPE
  5
2
330
0
100
AcDbSymbolTable
 70
4
  0
LTYPE
  5
24
330
2
100
AcDbSymbolTableRecord
100
AcDbLinetypeTableRecord
  2
ByBlock
 70
0
  3

 72
65
 73
0
 40
0.0
  0
LTYPE
  5
25
330
2
100
AcDbSymbolTableRecord
100
AcDbLinetypeTableRecord
  2
ByLayer
 70
0
  3

 72
65
 73
0
 40
0.0
  0
LTYPE
  5
26
330
2
100
AcDbSymbolTableRecord
100
AcDbLinetypeTableRecord
  2
Continuous
 70
0
  3

 72
65
 73
0
 40
0.0
  0
LTYPE
  5
2F
330
2
100
AcDbSymbolTableRecord
100
AcDbLinetypeTableRecord
  2
OCULTA
 70
0
  3
Oculta __ __ __
 72
65
 73
2
 40
0.15
 49
0.1
 74
0
 49
-0.05
 74
0
  0
ENDTAB
  0
TABLE
  2
LAYER
  5
1
330
0
100
AcDbSymbolTable
 70
22
  0
LAYER
  5
27
330
1
100
AcDbSymbolTableRecord
100
AcDbLayerTableRecord
  2
0
 70
0
 62
7
  6
Continuous
370
-3
390
13
347
21
  0
LAYER
  5
28
330
1
100
AcDbSymbolTableRecord
100
AcDbLayerTableRecord
  2
Defpoints
 70
0
 62
7
  6
Continuous
290
0
370
-3
390
13
347
21
  0
LAYER
  5
30
330
1
100
AcDbSymbolTableRecord
100
AcDbLayerTableRecord
  2
A-MURO-BLOQUE
 70
0
 62
2
  6
Continuous
370
35
390
13
347
21
  0
LAYER
  5
31
330
1
100
AcDbSymbolTableRecord
100
AcDbLayerTableRecord
  2
A-MURO-TRASDOSADO
 70
0
 62
8
  6
Continuous
370
18
390
13
347
21
  0
LAYER
  5
32
330
1
100
AcDbSymbolTableRecord
100
AcDbLayerTableRecord
  2
A-TABIQUE
 70
0
 62
2
  6
Continuous
370
25
390
13
347
21
  0
LAYER
  5
33
330
1
100
AcDbSymbolTableRecord
100
AcDbLayerTableRecord
  2
A-POCHE
 70
0
 62
252
  6
Continuous
370
-3
390
13
347
21
  0
LAYER
  5
34
330
1
100
AcDbSymbolTableRecord
100
AcDbLayerTableRecord
  2
A-CARPINTERIA
 70
0
 62
4
  6
Continuous
370
18
390
13
347
21
  0
LAYER
  5
35
330
1
100
AcDbSymbolTableRecord
100
AcDbLayerTableRecord
  2
A-ESCALERA
 70
0
 62
7
  6
Continuous
370
18
390
13
347
21
  0
LAYER
  5
36
330
1
100
AcDbSymbolTableRecord
100
AcDbLayerTableRecord
  2
A-ESCALERA-OCULTA
 70
0
 62
8
  6
OCULTA
370
13
390
13
347
21
  0
LAYER
  5
37
330
1
100
AcDbSymbolTableRecord
100
AcDbLayerTableRecord
  2
A-MOBILIARIO
 70
0
 62
40
  6
Continuous
370
13
390
13
347
21
  0
LAYER
  5
38
330
1
100
AcDbSymbolTableRecord
100
AcDbLayerTableRecord
  2
A-COCINA
 70
0
 62
40
  6
Continuous
370
13
390
13
347
21
  0
LAYER
  5
39
330
1
100
AcDbSymbolTableRecord
100
AcDbLayerTableRecord
  2
A-SANITARIOS
 70
0
 62
22
  6
Continuous
370
13
390
13
347
21
  0
LAYER
  5
3A
330
1
100
AcDbSymbolTableRecord
100
AcDbLayerTableRecord
  2
A-SANEAMIENTO
 70
0
 62
211
  6
OCULTA
370
25
390
13
347
21
  0
LAYER
  5
3B
330
1
100
AcDbSymbolTableRecord
100
AcDbLayerTableRecord
  2
A-COTAS
 70
0
 62
3
  6
Continuous
370
13
390
13
347
21
  0
LAYER
  5
3C
330
1
100
AcDbSymbolTableRecord
100
AcDbLayerTableRecord
  2
A-TEXTO
 70
0
 62
7
  6
Continuous
370
18
390
13
347
21
  0
LAYER
  5
3D
330
1
100
AcDbSymbolTableRecord
100
AcDbLayerTableRecord
  2
A-MEJORAS
 70
0
 62
1
  6
Continuous
370
25
390
13
347
21
  0
LAYER
  5
3E
330
1
100
AcDbSymbolTableRecord
100
AcDbLayerTableRecord
  2
VEG-HOJAS
 70
0
 62
117
420
3038776
  6
Continuous
370
18
390
13
347
21
  0
LAYER
  5
3F
330
1
100
AcDbSymbolTableRecord
100
AcDbLayerTableRecord
  2
VEG-NERVIOS
 70
0
 62
115
420
5409884
  6
Continuous
370
9
390
13
347
21
  0
LAYER
  5
40
330
1
100
AcDbSymbolTableRecord
100
AcDbLayerTableRecord
  2
VEG-TRONCO
 70
0
 62
25
420
6834224
  6
Continuous
370
18
390
13
347
21
  0
LAYER
  5
41
330
1
100
AcDbSymbolTableRecord
100
AcDbLayerTableRecord
  2
VEG-MACETA
 70
0
 62
25
420
7623744
  6
Continuous
370
25
390
13
347
21
  0
LAYER
  5
42
330
1
100
AcDbSymbolTableRecord
100
AcDbLayerTableRecord
  2
VEG-FLOR
 70
0
 62
243
420
11552878
  6
Continuous
370
13
390
13
347
21
  0
LAYER
  5
43
330
1
100
AcDbSymbolTableRecord
100
AcDbLayerTableRecord
  2
VEG-RELLENO
 70
0
 62
253
420
9881750
  6
Continuous
370
-3
390
13
347
21
  0
ENDTAB
  0
TABLE
  2
STYLE
  5
5
330
0
100
AcDbSymbolTable
 70
2
  0
STYLE
  5
29
330
5
100
AcDbSymbolTableRecord
100
AcDbTextStyleTableRecord
  2
Standard
 70
0
 40
0.0
 41
1.0
 50
0.0
 71
0
 42
2.5
  3
txt
  4

  0
STYLE
  5
44
330
5
100
AcDbSymbolTableRecord
100
AcDbTextStyleTableRecord
  2
A-TEXTO
 70
0
 40
0.0
 41
1.0
 50
0.0
 71
0
 42
2.5
  3
arial.ttf
  4

  0
ENDTAB
  0
TABLE
  2
VIEW
  5
7
330
0
100
AcDbSymbolTable
 70
0
  0
ENDTAB
  0
TABLE
  2
UCS
  5
6
330
0
100
AcDbSymbolTable
 70
0
  0
ENDTAB
  0
TABLE
  2
APPID
  5
3
330
0
100
AcDbSymbolTable
 70
3
  0
APPID
  5
2A
330
3
100
AcDbSymbolTableRecord
100
AcDbRegAppTableRecord
  2
ACAD
 70
0
  0
APPID
  5
74E
330
3
100
AcDbSymbolTableRecord
100
AcDbRegAppTableRecord
  2
HATCHBACKGROUNDCOLOR
 70
0
  0
APPID
  5
74F
330
3
100
AcDbSymbolTableRecord
100
AcDbRegAppTableRecord
  2
EZDXF
 70
0
  0
ENDTAB
  0
TABLE
  2
DIMSTYLE
  5
4
330
0
100
AcDbSymbolTable
 70
2
100
AcDbDimStyleTable
  0
DIMSTYLE
105
2B
330
4
100
AcDbSymbolTableRecord
100
AcDbDimStyleTableRecord
  2
Standard
 70
0
 40
1.0
 41
2.5
 42
0.625
 43
3.75
 44
1.25
 45
0.0
 46
0.0
 47
0.0
 48
0.0
 49
2.5
140
2.5
141
2.5
142
0.0
143
0.03937007874
144
1.0
145
0.0
146
1.0
147
0.625
148
0.0
 69
0
 70
0
 71
0
 72
0
 73
0
 74
0
 75
0
 76
0
 77
1
 78
8
 79
3
170
0
171
3
172
1
173
0
174
0
175
0
176
0
177
0
178
0
179
2
271
2
272
2
273
2
274
3
275
0
276
0
277
2
278
44
279
0
280
0
281
0
282
0
283
0
284
8
285
0
286
0
288
0
289
3
290
0
371
-2
372
-2
  0
DIMSTYLE
105
45
330
4
100
AcDbSymbolTableRecord
100
AcDbDimStyleTableRecord
  2
COTAS
 70
0
 40
1.0
 41
0.06
 42
0.04
 43
3.75
 44
0.05
 45
0.0
 46
0.0
 47
0.0
 48
0.0
 49
2.5
140
0.11
141
2.5
142
0.0
143
0.03937007874
144
1.0
145
0.0
146
1.0
147
0.03
148
0.0
 69
0
 70
0
 71
0
 72
0
 73
0
 74
0
 75
0
 76
0
 77
1
 78
8
 79
3
170
0
171
3
172
1
173
0
174
0
175
0
176
3
177
3
178
7
179
2
271
2
272
2
273
2
274
3
275
0
276
0
277
2
278
44
279
0
280
0
281
0
282
0
283
0
284
8
285
0
286
0
288
0
289
3
290
0
340
44
342
46
371
-2
372
-2
  0
ENDTAB
  0
TABLE
  2
BLOCK_RECORD
  5
9
330
0
100
AcDbSymbolTable
 70
25
  0
BLOCK_RECORD
  5
17
330
9
100
AcDbSymbolTableRecord
100
AcDbBlockTableRecord
  2
*Model_Space
340
1A
 70
0
280
1
281
0
  0
BLOCK_RECORD
  5
1B
330
9
100
AcDbSymbolTableRecord
100
AcDbBlockTableRecord
  2
*Paper_Space
340
1E
 70
0
280
1
281
0
  0
BLOCK_RECORD
  5
46
330
9
100
AcDbSymbolTableRecord
100
AcDbBlockTableRecord
  2
_ARCHTICK
340
0
 70
0
280
1
281
0
  0
BLOCK_RECORD
  5
4A
330
9
100
AcDbSymbolTableRecord
100
AcDbBlockTableRecord
  2
_CLOSEDFILLED
340
0
 70
0
280
1
281
0
  0
BLOCK_RECORD
  5
B3
330
9
100
AcDbSymbolTableRecord
100
AcDbBlockTableRecord
  2
VEG_Kentia_PLANTA
340
0
 70
6
280
1
281
0
  0
BLOCK_RECORD
  5
31F
330
9
100
AcDbSymbolTableRecord
100
AcDbBlockTableRecord
  2
VEG_Monstera_PLANTA
340
0
 70
6
280
1
281
0
  0
BLOCK_RECORD
  5
4BB
330
9
100
AcDbSymbolTableRecord
100
AcDbBlockTableRecord
  2
VEG_Sansevieria_PLANTA
340
0
 70
6
280
1
281
0
  0
BLOCK_RECORD
  5
4FE
330
9
100
AcDbSymbolTableRecord
100
AcDbBlockTableRecord
  2
VEG_Pilea_PLANTA
340
0
 70
6
280
1
281
0
  0
BLOCK_RECORD
  5
630
330
9
100
AcDbSymbolTableRecord
100
AcDbBlockTableRecord
  2
*D1
340
0
 70
0
280
1
281
0
  0
BLOCK_RECORD
  5
63F
330
9
100
AcDbSymbolTableRecord
100
AcDbBlockTableRecord
  2
*D2
340
0
 70
0
280
1
281
0
  0
BLOCK_RECORD
  5
64E
330
9
100
AcDbSymbolTableRecord
100
AcDbBlockTableRecord
  2
*D3
340
0
 70
0
280
1
281
0
  0
BLOCK_RECORD
  5
65D
330
9
100
AcDbSymbolTableRecord
100
AcDbBlockTableRecord
  2
*D4
340
0
 70
0
280
1
281
0
  0
BLOCK_RECORD
  5
66C
330
9
100
AcDbSymbolTableRecord
100
AcDbBlockTableRecord
  2
*D5
340
0
 70
0
280
1
281
0
  0
BLOCK_RECORD
  5
67B
330
9
100
AcDbSymbolTableRecord
100
AcDbBlockTableRecord
  2
*D6
340
0
 70
0
280
1
281
0
  0
BLOCK_RECORD
  5
68A
330
9
100
AcDbSymbolTableRecord
100
AcDbBlockTableRecord
  2
*D7
340
0
 70
0
280
1
281
0
  0
BLOCK_RECORD
  5
699
330
9
100
AcDbSymbolTableRecord
100
AcDbBlockTableRecord
  2
*D8
340
0
 70
0
280
1
281
0
  0
BLOCK_RECORD
  5
6A8
330
9
100
AcDbSymbolTableRecord
100
AcDbBlockTableRecord
  2
*D9
340
0
 70
0
280
1
281
0
  0
BLOCK_RECORD
  5
6B7
330
9
100
AcDbSymbolTableRecord
100
AcDbBlockTableRecord
  2
*D10
340
0
 70
0
280
1
281
0
  0
BLOCK_RECORD
  5
6C6
330
9
100
AcDbSymbolTableRecord
100
AcDbBlockTableRecord
  2
*D11
340
0
 70
0
280
1
281
0
  0
BLOCK_RECORD
  5
6D5
330
9
100
AcDbSymbolTableRecord
100
AcDbBlockTableRecord
  2
*D12
340
0
 70
0
280
1
281
0
  0
BLOCK_RECORD
  5
6E4
330
9
100
AcDbSymbolTableRecord
100
AcDbBlockTableRecord
  2
*D13
340
0
 70
0
280
1
281
0
  0
BLOCK_RECORD
  5
6F3
330
9
100
AcDbSymbolTableRecord
100
AcDbBlockTableRecord
  2
*D14
340
0
 70
0
280
1
281
0
  0
BLOCK_RECORD
  5
702
330
9
100
AcDbSymbolTableRecord
100
AcDbBlockTableRecord
  2
*D15
340
0
 70
0
280
1
281
0
  0
BLOCK_RECORD
  5
711
330
9
100
AcDbSymbolTableRecord
100
AcDbBlockTableRecord
  2
*D16
340
0
 70
0
280
1
281
0
  0
BLOCK_RECORD
  5
720
330
9
100
AcDbSymbolTableRecord
100
AcDbBlockTableRecord
  2
*D17
340
0
 70
0
280
1
281
0
  0
ENDTAB
  0
ENDSEC
  0
SECTION
  2
BLOCKS
  0
BLOCK
  5
18
330
17
100
AcDbEntity
  8
0
100
AcDbBlockBegin
  2
*Model_Space
 70
0
 10
0.0
 20
0.0
 30
0.0
  3
*Model_Space
  1

  0
ENDBLK
  5
19
330
17
100
AcDbEntity
  8
0
100
AcDbBlockEnd
  0
BLOCK
  5
1C
330
1B
100
AcDbEntity
  8
0
100
AcDbBlockBegin
  2
*Paper_Space
 70
0
 10
0.0
 20
0.0
 30
0.0
  3
*Paper_Space
  1

  0
ENDBLK
  5
1D
330
1B
100
AcDbEntity
  8
0
100
AcDbBlockEnd
  0
BLOCK
  5
47
330
46
100
AcDbEntity
  8
0
100
AcDbBlockBegin
  2
_ARCHTICK
 70
0
 10
0.0
 20
0.0
 30
0.0
  3
_ARCHTICK
  1

  0
LWPOLYLINE
  5
49
330
46
100
AcDbEntity
  8
0
  6
BYBLOCK
 62
0
100
AcDbPolyline
 90
2
 70
0
 43
0.15
 10
-0.5
 20
-0.5
 10
0.5
 20
0.5
  0
ENDBLK
  5
48
330
46
100
AcDbEntity
  8
0
100
AcDbBlockEnd
  0
BLOCK
  5
4B
330
4A
100
AcDbEntity
  8
0
100
AcDbBlockBegin
  2
_CLOSEDFILLED
 70
0
 10
0.0
 20
0.0
 30
0.0
  3
_CLOSEDFILLED
  1

  0
SOLID
  5
4D
330
4A
100
AcDbEntity
  8
0
  6
BYBLOCK
 62
0
100
AcDbTrace
 10
-1.0
 20
0.16439898372402537
 30
0.0
 11
0.0
 21
0.0
 31
0.0
 12
-1.0
 22
-0.16439898372402537
 32
0.0
 13
-1.0
 23
-0.16439898372402537
 33
0.0
  0
ENDBLK
  5
4C
330
4A
100
AcDbEntity
  8
0
100
AcDbBlockEnd
  0
BLOCK
  5
B4
330
B3
100
AcDbEntity
  8
0
100
AcDbBlockBegin
  2
VEG_Kentia_PLANTA
 70
0
 10
0.0
 20
0.0
 30
0.0
  3
VEG_Kentia_PLANTA
  1

  0
HATCH
  5
B6
330
B3
100
AcDbEntity
  8
VEG-RELLENO
 62
253
420
12757376
100
AcDbHatch
 10
0.0
 20
0.0
 30
0.0
210
0.0
220
0.0
230
1.0
  2
SOLID
 70
1
 71
0
 91
3
 92
3
 72
0
 73
1
 93
6
 10
0.242
 20
-0.0181
 10
0.241
 20
-0.0228
 10
0.23
 20
-0.0116
 10
0.23
 20
-0.0008
 10
0.2317
 20
-0.0008
 10
0.2351
 20
-0.008
 97
0
 92
3
 72
0
 73
1
 93
5
 10
0.2155
 20
0.03
 10
0.2107
 20
0.0224
 10
0.209
 20
0.0191
 10
0.2085
 20
0.0241
 10
0.2138
 20
0.03
 97
0
 92
3
 72
0
 73
1
 93
9
 10
0.2357
 20
0.0286
 10
0.2394
 20
0.0254
 10
0.2343
 20
0.0166
 10
0.2314
 20
0.0092
 10
0.23
 20
0.0092
 10
0.23
 20
0.0126
 10
0.2293
 20
0.0148
 10
0.2278
 20
0.0166
 10
0.2257
 20
0.0178
 97
0
 75
1
 76
1
 98
0
  0
HATCH
  5
B7
330
B3
100
AcDbEntity
  8
VEG-RELLENO
 62
253
420
12757376
100
AcDbHatch
 10
0.0
 20
0.0
 30
0.0
210
0.0
220
0.0
230
1.0
  2
SOLID
 70
1
 71
0
 91
6
 92
3
 72
0
 73
1
 93
5
 10
-0.2187
 20
-0.03
 10
-0.2097
 20
-0.018
 10
-0.2091
 20
-0.018
 10
-0.2083
 20
-0.0262
 10
-0.2111
 20
-0.03
 97
0
 92
3
 72
0
 73
1
 93
7
 10
-0.2385
 20
-0.0265
 10
-0.2411
 20
-0.0226
 10
-0.242
 20
-0.0184
 10
-0.237
 20
-0.0128
 10
-0.23
 20
-0.0028
 10
-0.23
 20
-0.0126
 10
-0.2287
 20
-0.0158
 97
0
 92
3
 72
0
 73
1
 93
3
 10
-0.242
 20
0.0025
 10
-0.2391
 20
0.0023
 10
-0.242
 20
0.0004
 97
0
 92
3
 72
0
 73
1
 93
3
 10
-0.242
 20
0.0126
 10
-0.242
 20
0.0186
 10
-0.236
 20
0.0121
 97
0
 92
3
 72
0
 73
1
 93
4
 10
-0.2078
 20
0.03
 10
-0.2082
 20
0.0274
 10
-0.2085
 20
0.0244
 10
-0.2124
 20
0.03
 97
0
 92
3
 72
0
 73
1
 93
3
 10
-0.2225
 20
0.018
 10
-0.2277
 20
0.0167
 10
-0.2312
 20
0.0268
 97
0
 75
1
 76
1
 98
0
  0
HATCH
  5
B8
330
B3
100
AcDbEntity
  8
VEG-RELLENO
 62
31
420
14204046
100
AcDbHatch
 10
0.0
 20
0.0
 30
0.0
210
0.0
220
0.0
230
1.0
  2
SOLID
 70
1
 71
0
 91
45
 92
3
 72
0
 73
1
 93
5
 10
0.2096
 20
-0.0137
 10
0.2016
 20
-0.0072
 10
0.1933
 20
-0.0013
 10
0.2054
 20
-0.0011
 10
0.2097
 20
-0.0104
 97
0
 92
3
 72
0
 73
1
 93
5
 10
0.207
 20
-0.0344
 10
0.2049
 20
-0.0455
 10
0.1885
 20
-0.0231
 10
0.1891
 20
-0.0171
 10
0.1969
 20
-0.0255
 97
0
 92
3
 72
0
 73
1
 93
9
 10
0.2035
 20
-0.0516
 10
0.1989
 20
-0.0675
 10
0.194
 20
-0.0804
 10
0.1904
 20
-0.0885
 10
0.1695
 20
-0.0857
 10
0.1755
 20
-0.0727
 10
0.1799
 20
-0.0611
 10
0.1835
 20
-0.0492
 10
0.1857
 20
-0.0399
 97
0
 92
3
 72
0
 73
1
 93
5
 10
0.1887
 20
-0.092
 10
0.1841
 20
-0.1009
 10
0.1724
 20
-0.1014
 10
0.1596
 20
-0.103
 10
0.1621
 20
-0.0989
 97
0
 92
3
 72
0
 73
1
 93
7
 10
0.1712
 20
-0.1214
 10
0.1583
 20
-0.1265
 10
0.1524
 20
-0.1303
 10
0.1448
 20
-0.1229
 10
0.1468
 20
-0.1205
 10
0.1554
 20
-0.1203
 10
0.1735
 20
-0.1182
 97
0
 92
3
 72
0
 73
1
 93
7
 10
0.1419
 20
-0.1547
 10
0.1377
 20
-0.1585
 10
0.1377
 20
-0.1403
 10
0.1368
 20
-0.1317
 10
0.1381
 20
-0.1304
 10
0.1461
 20
-0.1381
 10
0.1437
 20
-0.1447
 97
0
 92
3
 72
0
 73
1
 93
5
 10
0.1217
 20
-0.171
 10
0.1034
 20
-0.1827
 10
0.1113
 20
-0.1538
 10
0.1212
 20
-0.1462
 10
0.121
 20
-0.1595
 97
0
 92
3
 72
0
 73
1
 93
13
 10
0.0929
 20
-0.1883
 10
0.0804
 20
-0.194
 10
0.0675
 20
-0.1989
 10
0.0483
 20
-0.2043
 10
0.0432
 20
-0.1981
 10
0.0326
 20
-0.1871
 10
0.044
 20
-0.1847
 10
0.0661
 20
-0.1986
 10
0.0541
 20
-0.182
 10
0.0727
 20
-0.1755
 10
0.084
 20
-0.1704
 10
0.1001
 20
-0.1614
 10
0.1027
 20
-0.1831
 97
0
 92
3
 72
0
 73
1
 93
7
 10
0.0289
 20
-0.208
 10
0.0145
 20
-0.1983
 10
0.0063
 20
-0.1944
 10
0.0054
 20
-0.1898
 10
0.0108
 20
-0.1896
 10
0.0166
 20
-0.1955
 10
0.0305
 20
-0.2077
 97
0
 92
3
 72
0
 73
1
 93
3
 10
-0.0108
 20
-0.2096
 10
-0.0128
 20
-0.2064
 10
-0.0105
 20
-0.2038
 97
0
 92
3
 72
0
 73
1
 93
5
 10
-0.0392
 20
-0.2063
 10
-0.0426
 20
-0.2006
 10
-0.0369
 20
-0.1973
 10
-0.0331
 20
-0.2042
 10
-0.0366
 20
-0.2067
 97
0
 92
3
 72
0
 73
1
 93
4
 10
-0.0799
 20
-0.1942
 10
-0.0723
 20
-0.1905
 10
-0.0692
 20
-0.1887
 10
-0.0725
 20
-0.197
 97
0
 92
3
 72
0
 73
1
 93
6
 10
-0.1539
 20
-0.1427
 10
-0.1452
 20
-0.1417
 10
-0.1297
 20
-0.1387
 10
-0.1276
 20
-0.1407
 10
-0.1328
 20
-0.1472
 10
-0.1395
 20
-0.1448
 97
0
 92
3
 72
0
 73
1
 93
5
 10
-0.1666
 20
-0.1278
 10
-0.1753
 20
-0.1156
 10
-0.1487
 20
-0.1181
 10
-0.1435
 20
-0.1245
 10
-0.1573
 20
-0.1261
 97
0
 92
3
 72
0
 73
1
 93
11
 10
-0.1819
 20
-0.105
 10
-0.1883
 20
-0.0929
 10
-0.194
 20
-0.0804
 10
-0.2001
 20
-0.0634
 10
-0.1831
 20
-0.0505
 10
-0.1799
 20
-0.0611
 10
-0.1755
 20
-0.0727
 10
-0.1704
 20
-0.084
 10
-0.1645
 20
-0.095
 10
-0.1571
 20
-0.1068
 10
-0.177
 20
-0.1127
 97
0
 92
3
 72
0
 73
1
 93
5
 10
-0.2008
 20
-0.0612
 10
-0.2047
 20
-0.0465
 10
-0.195
 20
-0.0366
 10
-0.1879
 20
-0.0279
 10
-0.1865
 20
-0.0364
 97
0
 92
3
 72
0
 73
1
 93
7
 10
-0.2092
 20
-0.0173
 10
-0.2033
 20
-0.007
 10
-0.2011
 20
-0.0004
 10
-0.19
 20
-0.0011
 10
-0.1898
 20
-0.0052
 10
-0.1958
 20
-0.0112
 10
-0.2083
 20
-0.0262
 97
0
 92
3
 72
0
 73
1
 93
7
 10
-0.2085
 20
0.0244
 10
-0.2076
 20
0.0312
 10
-0.196
 20
0.0171
 10
-0.1896
 20
0.0109
 10
-0.1897
 20
0.0089
 10
-0.2012
 20
0.0097
 10
-0.2037
 20
0.0162
 97
0
 92
3
 72
0
 73
1
 93
5
 10
-0.2036
 20
0.0512
 10
-0.1983
 20
0.0691
 10
-0.1851
 20
0.0423
 10
-0.1871
 20
0.0322
 10
-0.1953
 20
0.0425
 97
0
 92
3
 72
0
 73
1
 93
5
 10
-0.1948
 20
0.0783
 10
-0.1728
 20
0.0787
 10
-0.1755
 20
0.0727
 10
-0.1815
 20
0.0558
 10
-0.1978
 20
0.0703
 97
0
 92
3
 72
0
 73
1
 93
7
 10
-0.1943
 20
0.0795
 10
-0.1854
 20
0.0983
 10
-0.1757
 20
0.0991
 10
-0.1604
 20
0.1016
 10
-0.166
 20
0.0924
 10
-0.1682
 20
0.0923
 10
-0.1663
 20
0.0917
 97
0
 92
3
 72
0
 73
1
 93
6
 10
-0.1746
 20
0.1167
 10
-0.1734
 20
0.1183
 10
-0.1637
 20
0.1225
 10
-0.1523
 20
0.1216
 10
-0.1483
 20
0.1186
 10
-0.159
 20
0.1182
 97
0
 92
3
 72
0
 73
1
 93
4
 10
-0.1304
 20
0.1645
 10
-0.1243
 20
0.156
 10
-0.1243
 20
0.1551
 10
-0.1293
 20
0.1561
 97
0
 92
3
 72
0
 73
1
 93
3
 10
-0.1187
 20
0.1732
 10
-0.1122
 20
0.1774
 10
-0.1151
 20
0.1633
 97
0
 92
3
 72
0
 73
1
 93
6
 10
-0.087
 20
0.191
 10
-0.0956
 20
0.1641
 10
-0.1088
 20
0.1557
 10
-0.1046
 20
0.1617
 10
-0.0996
 20
0.1707
 10
-0.0919
 20
0.1888
 97
0
 92
3
 72
0
 73
1
 93
8
 10
-0.0435
 20
0.2054
 10
-0.0377
 20
0.2013
 10
-0.0307
 20
0.1973
 10
-0.0239
 20
0.1947
 10
-0.0237
 20
0.1885
 10
-0.031
 20
0.1874
 10
-0.0402
 20
0.1952
 10
-0.0514
 20
0.2035
 97
0
 92
3
 72
0
 73
1
 93
8
 10
0.0079
 20
0.2097
 10
0.0169
 20
0.2092
 10
0.0022
 20
0.197
 10
-0.0052
 20
0.1898
 10
-0.0137
 20
0.1895
 10
-0.0139
 20
0.1951
 10
-0.0074
 20
0.1982
 10
-0.0041
 20
0.2005
 97
0
 92
3
 72
0
 73
1
 93
5
 10
0.0354
 20
0.2069
 10
0.0436
 20
0.2054
 10
0.0211
 20
0.1887
 10
0.0184
 20
0.189
 10
0.0286
 20
0.1992
 97
0
 92
3
 72
0
 73
1
 93
13
 10
0.0544
 20
0.2028
 10
0.0675
 20
0.1989
 10
0.0804
 20
0.194
 10
0.0929
 20
0.1883
 10
0.1093
 20
0.1792
 10
0.1059
 20
0.1577
 10
0.095
 20
0.1645
 10
0.084
 20
0.1704
 10
0.0727
 20
0.1755
 10
0.0611
 20
0.1799
 10
0.0492
 20
0.1835
 10
0.0328
 20
0.187
 10
0.044
 20
0.2053
 97
0
 92
3
 72
0
 73
1
 93
3
 10
0.1127
 20
0.1771
 10
0.1243
 20
0.1691
 10
0.1191
 20
0.149
 97
0
 92
3
 72
0
 73
1
 93
4
 10
0.1467
 20
0.1501
 10
0.1492
 20
0.1477
 10
0.1515
 20
0.1396
 10
0.1467
 20
0.1353
 97
0
 92
3
 72
0
 73
1
 93
3
 10
0.1664
 20
0.1281
 10
0.1681
 20
0.1257
 10
0.1652
 20
0.1234
 97
0
 92
3
 72
0
 73
1
 93
3
 10
0.1879
 20
0.0937
 10
0.1898
 20
0.0897
 10
0.1802
 20
0.0923
 97
0
 92
3
 72
0
 73
1
 93
4
 10
0.2011
 20
0.06
 10
0.1839
 20
0.0477
 10
0.1794
 20
0.0624
 10
0.2004
 20
0.0623
 97
0
 92
3
 72
0
 73
1
 93
5
 10
0.2051
 20
0.0447
 10
0.1945
 20
0.0339
 10
0.1882
 20
0.0261
 10
0.1874
 20
0.0309
 10
0.2029
 20
0.0541
 97
0
 92
3
 72
0
 73
1
 93
6
 10
0.209
 20
0.0191
 10
0.2072
 20
0.0154
 10
0.2051
 20
0.0089
 10
0.1918
 20
0.0087
 10
0.2007
 20
0.0161
 10
0.2085
 20
0.0241
 97
0
 92
3
 72
0
 73
1
 93
4
 10
-0.1441
 20
0.1383
 10
-0.1506
 20
0.1385
 10
-0.1497
 20
0.1424
 10
-0.1448
 20
0.1428
 97
0
 92
3
 72
0
 73
1
 93
4
 10
-0.1281
 20
0.145
 10
-0.1246
 20
0.146
 10
-0.1246
 20
0.1434
 10
-0.1279
 20
0.1404
 97
0
 92
3
 72
0
 73
1
 93
6
 10
-0.0756
 20
-0.1801
 10
-0.0847
 20
-0.1815
 10
-0.0843
 20
-0.1776
 10
-0.0761
 20
-0.174
 10
-0.0652
 20
-0.1784
 10
-0.0658
 20
-0.18
 97
0
 92
3
 72
0
 73
1
 93
4
 10
-0.1105
 20
-0.1702
 10
-0.1178
 20
-0.1735
 10
-0.1197
 20
-0.1664
 10
-0.1121
 20
-0.1644
 97
0
 92
3
 72
0
 73
1
 93
4
 10
-0.1146
 20
-0.1515
 10
-0.1237
 20
-0.1564
 10
-0.1252
 20
-0.1538
 10
-0.12
 20
-0.1472
 97
0
 92
3
 72
0
 73
1
 93
4
 10
0.0011
 20
-0.19
 10
0.0023
 20
-0.1899
 10
0.0046
 20
-0.1938
 10
0.0024
 20
-0.193
 97
0
 92
3
 72
0
 73
1
 93
4
 10
-0.0224
 20
-0.1886
 10
-0.0163
 20
-0.1892
 10
-0.0134
 20
-0.1936
 10
-0.0183
 20
-0.1956
 97
0
 92
3
 72
0
 73
1
 93
3
 10
0.1584
 20
0.1053
 10
0.1727
 20
0.1031
 10
0.1745
 20
0.1023
 97
0
 92
3
 72
0
 73
1
 93
4
 10
0.1558
 20
0.122
 10
0.1518
 20
0.1222
 10
0.1469
 20
0.122
 10
0.1547
 20
0.129
 97
0
 75
1
 76
1
 98
0
  0
HATCH
  5
B9
330
B3
100
AcDbEntity
  8
VEG-RELLENO
 62
35
420
8019530
100
AcDbHatch
 10
0.0
 20
0.0
 30
0.0
210
0.0
220
0.0
230
1.0
  2
SOLID
 70
1
 71
0
 91
57
 92
3
 72
0
 73
1
 93
6
 10
0.1885
 20
-0.0231
 10
0.1775
 20
-0.0106
 10
0.1671
 20
-0.0016
 10
0.1794
 20
-0.0015
 10
0.1817
 20
-0.0067
 10
0.1891
 20
-0.0171
 97
0
 92
3
 72
0
 73
1
 93
276
 10
0.1835
 20
-0.0492
 10
0.1799
 20
-0.0611
 10
0.1755
 20
-0.0727
 10
0.1695
 20
-0.0857
 10
0.1542
 20
-0.0849
 10
0.1372
 20
-0.086
 10
0.1296
 20
-0.0875
 10
0.1231
 20
-0.0895
 10
0.118
 20
-0.0919
 10
0.1144
 20
-0.0943
 10
0.1077
 20
-0.0881
 10
0.1167
 20
-0.0879
 10
0.1225
 20
-0.087
 10
0.1521
 20
-0.0791
 10
0.1278
 20
-0.0725
 10
0.116
 20
-0.0711
 10
0.1052
 20
-0.0719
 10
0.1007
 20
-0.0732
 10
0.0951
 20
-0.0765
 10
0.0542
 20
-0.0399
 10
0.0185
 20
-0.0091
 10
0.0153
 20
-0.0079
 10
0.0134
 20
-0.0083
 10
0.0118
 20
-0.0093
 10
0.0107
 20
-0.0109
 10
0.0103
 20
-0.0129
 10
0.0106
 20
-0.0148
 10
0.0117
 20
-0.0164
 10
0.0535
 20
-0.0526
 10
0.0884
 20
-0.0839
 10
0.0857
 20
-0.0898
 10
0.0848
 20
-0.0944
 10
0.0849
 20
-0.1052
 10
0.0873
 20
-0.1167
 10
0.0953
 20
-0.14
 10
0.0993
 20
-0.1215
 10
0.1012
 20
-0.1101
 10
0.1016
 20
-0.1043
 10
0.1011
 20
-0.0956
 10
0.1074
 20
-0.1015
 10
0.1052
 20
-0.1051
 10
0.103
 20
-0.1103
 10
0.1011
 20
-0.1168
 10
0.0998
 20
-0.1244
 10
0.0988
 20
-0.1412
 10
0.1001
 20
-0.1614
 10
0.084
 20
-0.1704
 10
0.0727
 20
-0.1755
 10
0.0541
 20
-0.182
 10
0.0437
 20
-0.169
 10
0.0377
 20
-0.1625
 10
0.0248
 20
-0.1508
 10
0.0183
 20
-0.1463
 10
0.0123
 20
-0.143
 10
0.0069
 20
-0.1408
 10
0.0026
 20
-0.1399
 10
0.0029
 20
-0.1304
 10
0.0096
 20
-0.1374
 10
0.0141
 20
-0.1411
 10
0.0399
 20
-0.1577
 10
0.0284
 20
-0.1353
 10
0.0215
 20
-0.1256
 10
0.0136
 20
-0.1181
 10
0.0096
 20
-0.1157
 10
0.0035
 20
-0.1138
 10
0.0046
 20
-0.0669
 10
0.0049
 20
-0.019
 10
0.0038
 20
-0.0168
 10
0.0014
 20
-0.0152
 10
-0.0005
 20
-0.015
 10
-0.0023
 20
-0.0155
 10
-0.0038
 20
-0.0145
 10
-0.0057
 20
-0.0142
 10
-0.0085
 20
-0.015
 10
-0.0094
 20
-0.0118
 10
-0.0118
 20
-0.0101
 10
-0.0147
 20
-0.0099
 10
-0.0172
 20
-0.0114
 10
-0.0526
 20
-0.0512
 10
-0.0824
 20
-0.0858
 10
-0.088
 20
-0.0828
 10
-0.0925
 20
-0.0817
 10
-0.1034
 20
-0.0813
 10
-0.1151
 20
-0.0832
 10
-0.1391
 20
-0.0909
 10
-0.1092
 20
-0.0975
 10
-0.0979
 20
-0.0982
 10
-0.0924
 20
-0.0977
 10
-0.0996
 20
-0.1063
 10
-0.1035
 20
-0.1045
 10
-0.1091
 20
-0.103
 10
-0.1158
 20
-0.102
 10
-0.1236
 20
-0.1017
 10
-0.1406
 20
-0.1032
 10
-0.1571
 20
-0.1068
 10
-0.1645
 20
-0.095
 10
-0.1704
 20
-0.084
 10
-0.1755
 20
-0.0727
 10
-0.1799
 20
-0.0611
 10
-0.1831
 20
-0.0505
 10
-0.1693
 20
-0.038
 10
-0.1582
 20
-0.0251
 10
-0.154
 20
-0.0187
 10
-0.1509
 20
-0.0126
 10
-0.149
 20
-0.0073
 10
-0.1482
 20
-0.0032
 10
-0.1382
 20
-0.0035
 10
-0.1418
 20
-0.0068
 10
-0.1491
 20
-0.0155
 10
-0.165
 20
-0.0417
 10
-0.1429
 20
-0.0296
 10
-0.1334
 20
-0.0224
 10
-0.1262
 20
-0.0143
 10
-0.1239
 20
-0.0103
 10
-0.1222
 20
-0.0041
 10
-0.0671
 20
-0.0052
 10
-0.0199
 20
-0.0052
 10
-0.018
 20
-0.0048
 10
-0.0164
 20
-0.0037
 10
-0.0154
 20
-0.0021
 10
-0.015
 20
0.0003
 10
-0.0165
 20
0.0034
 10
-0.0196
 20
0.0048
 10
-0.075
 20
0.0049
 10
-0.1221
 20
0.0059
 10
-0.1237
 20
0.0121
 10
-0.1259
 20
0.0162
 10
-0.1328
 20
0.0245
 10
-0.1419
 20
0.0319
 10
-0.1629
 20
0.0449
 10
-0.1543
 20
0.028
 10
-0.1485
 20
0.018
 10
-0.1452
 20
0.0133
 10
-0.1389
 20
0.0065
 10
-0.1481
 20
0.0069
 10
-0.1488
 20
0.0111
 10
-0.1506
 20
0.0165
 10
-0.1536
 20
0.0225
 10
-0.1576
 20
0.029
 10
-0.168
 20
0.0422
 10
-0.1815
 20
0.0558
 10
-0.1755
 20
0.0727
 10
-0.1728
 20
0.0787
 10
-0.1544
 20
0.0802
 10
-0.1459
 20
0.0815
 10
-0.1364
 20
0.0838
 10
-0.1335
 20
0.0832
 10
-0.1524
 20
0.076
 10
-0.1339
 20
0.0724
 10
-0.1224
 20
0.0711
 10
-0.111
 20
0.0715
 10
-0.1059
 20
0.0725
 10
-0.1015
 20
0.074
 10
-0.0961
 20
0.0776
 10
-0.0914
 20
0.0737
 10
-0.1124
 20
0.0691
 10
-0.0885
 20
0.0611
 10
-0.0827
 20
0.0598
 10
-0.0736
 20
0.0589
 10
-0.0476
 20
0.0365
 10
-0.0177
 20
0.0096
 10
-0.015
 20
0.0086
 10
-0.0126
 20
0.009
 10
-0.009
 20
0.0121
 10
-0.0079
 20
0.0137
 10
-0.0075
 20
0.0161
 10
-0.0083
 20
0.0184
 10
-0.0477
 20
0.0689
 10
-0.0433
 20
0.0733
 10
-0.0409
 20
0.0773
 10
-0.0372
 20
0.0875
 10
-0.0354
 20
0.0991
 10
-0.0349
 20
0.1196
 10
-0.0295
 20
0.1167
 10
-0.0251
 20
0.1152
 10
-0.0188
 20
0.1148
 10
-0.0144
 20
0.0705
 10
-0.0078
 20
0.0191
 10
-0.0069
 20
0.0168
 10
-0.005
 20
0.0153
 10
-0.0026
 20
0.0148
 10
-0.0003
 20
0.0155
 10
0.0014
 20
0.0172
 10
0.0022
 20
0.02
 10
-0.0045
 20
0.0719
 10
-0.0089
 20
0.1161
 10
-0.0029
 20
0.1183
 10
0.001
 20
0.1209
 10
0.0086
 20
0.1285
 10
0.0152
 20
0.1383
 10
0.0262
 20
0.1602
 10
0.0101
 20
0.1501
 10
0.0007
 20
0.1435
 10
-0.0037
 20
0.1398
 10
-0.0102
 20
0.1324
 10
-0.011
 20
0.1426
 10
-0.0069
 20
0.1441
 10
-0.0019
 20
0.147
 10
0.0036
 20
0.1511
 10
0.0093
 20
0.1563
 10
0.0205
 20
0.1691
 10
0.0328
 20
0.187
 10
0.0492
 20
0.1835
 10
0.0611
 20
0.1799
 10
0.0727
 20
0.1755
 10
0.084
 20
0.1704
 10
0.095
 20
0.1645
 10
0.1059
 20
0.1577
 10
0.1046
 20
0.1436
 10
0.1045
 20
0.136
 10
0.1012
 20
0.1265
 10
0.097
 20
0.1431
 10
0.0898
 20
0.1193
 10
0.0879
 20
0.1076
 10
0.0882
 20
0.0968
 10
0.0893
 20
0.0923
 10
0.0923
 20
0.0866
 10
0.085
 20
0.0802
 10
0.0831
 20
0.0915
 10
0.0789
 20
0.1101
 10
0.0727
 20
0.0922
 10
0.0698
 20
0.081
 10
0.0688
 20
0.0752
 10
0.0687
 20
0.0659
 10
0.0116
 20
0.0165
 10
0.0104
 20
0.0144
 10
0.0102
 20
0.0124
 10
0.0108
 20
0.0106
 10
0.0129
 20
0.0077
 10
0.0144
 20
0.0065
 10
0.0162
 20
0.0059
 10
0.0195
 20
0.0066
 10
0.0779
 20
0.0459
 10
0.0822
 20
0.0414
 10
0.0862
 20
0.0389
 10
0.0964
 20
0.0351
 10
0.1082
 20
0.0333
 10
0.1335
 20
0.0332
 10
0.107
 20
0.0488
 10
0.0965
 20
0.0529
 10
0.0898
 20
0.0543
 10
0.0999
 20
0.0615
 10
0.1037
 20
0.0583
 10
0.1091
 20
0.0551
 10
0.1159
 20
0.052
 10
0.124
 20
0.0493
 10
0.1377
 20
0.0463
 10
0.1536
 20
0.0444
 10
0.1425
 20
0.0357
 10
0.1341
 20
0.0273
 10
0.1281
 20
0.0182
 10
0.1264
 20
0.0139
 10
0.1255
 20
0.0077
 10
0.0194
 20
0.0055
 10
0.0171
 20
0.0046
 10
0.0155
 20
0.0027
 10
0.015
 20
0.0004
 10
0.0156
 20
-0.002
 10
0.0173
 20
-0.0037
 10
0.0201
 20
-0.0045
 10
0.1263
 20
-0.0023
 10
0.1282
 20
-0.0084
 10
0.1307
 20
-0.0124
 10
0.138
 20
-0.0203
 10
0.1476
 20
-0.0273
 10
0.1696
 20
-0.039
 10
0.1535
 20
-0.013
 10
0.1498
 20
-0.0085
 10
0.1431
 20
-0.002
 10
0.1528
 20
-0.0018
 10
0.1541
 20
-0.0059
 10
0.1566
 20
-0.011
 10
0.1604
 20
-0.0165
 10
0.1653
 20
-0.0223
 10
0.1775
 20
-0.0337
 10
0.1857
 20
-0.0399
 97
0
 92
3
 72
0
 73
1
 93
8
 10
0.1596
 20
-0.103
 10
0.1449
 20
-0.1066
 10
0.1385
 20
-0.1093
 10
0.1336
 20
-0.1123
 10
0.1239
 20
-0.1032
 10
0.1319
 20
-0.1035
 10
0.1394
 20
-0.1029
 10
0.1621
 20
-0.0989
 97
0
 92
3
 72
0
 73
1
 93
3
 10
0.1448
 20
-0.1229
 10
0.1418
 20
-0.1201
 10
0.1468
 20
-0.1205
 97
0
 92
3
 72
0
 73
1
 93
9
 10
0.1212
 20
-0.1462
 10
0.1113
 20
-0.1538
 10
0.114
 20
-0.1425
 10
0.1166
 20
-0.1261
 10
0.117
 20
-0.1187
 10
0.1165
 20
-0.1099
 10
0.127
 20
-0.1198
 10
0.1247
 20
-0.1251
 10
0.1229
 20
-0.1318
 97
0
 92
3
 72
0
 73
1
 93
9
 10
0.044
 20
-0.1847
 10
0.0326
 20
-0.1871
 10
0.0205
 20
-0.1766
 10
0.0134
 20
-0.1718
 10
0.0072
 20
-0.1685
 10
0.0015
 20
-0.1665
 10
0.0021
 20
-0.1519
 10
0.0085
 20
-0.1591
 10
0.0207
 20
-0.1694
 97
0
 92
3
 72
0
 73
1
 93
4
 10
0.0054
 20
-0.1898
 10
0.0043
 20
-0.1838
 10
0.004
 20
-0.182
 10
0.0108
 20
-0.1896
 97
0
 92
3
 72
0
 73
1
 93
4
 10
-0.0224
 20
-0.1886
 10
-0.0227
 20
-0.188
 10
-0.0189
 20
-0.1852
 10
-0.0163
 20
-0.1892
 97
0
 92
3
 72
0
 73
1
 93
4
 10
-0.0652
 20
-0.1784
 10
-0.0761
 20
-0.174
 10
-0.0695
 20
-0.1708
 10
-0.0603
 20
-0.1655
 97
0
 92
3
 72
0
 73
1
 93
3
 10
-0.1145
 20
-0.1515
 10
-0.12
 20
-0.1472
 10
-0.1154
 20
-0.1414
 97
0
 92
3
 72
0
 73
1
 93
4
 10
-0.1297
 20
-0.1387
 10
-0.1279
 20
-0.1383
 10
-0.1249
 20
-0.1374
 10
-0.1276
 20
-0.1407
 97
0
 92
3
 72
0
 73
1
 93
9
 10
-0.1487
 20
-0.1181
 10
-0.1314
 20
-0.1189
 10
-0.1232
 20
-0.1188
 10
-0.1156
 20
-0.1181
 10
-0.1082
 20
-0.1167
 10
-0.1166
 20
-0.127
 10
-0.1222
 20
-0.1253
 10
-0.1291
 20
-0.1244
 10
-0.1435
 20
-0.1245
 97
0
 92
3
 72
0
 73
1
 93
10
 10
-0.1879
 20
-0.0279
 10
-0.183
 20
-0.021
 10
-0.1788
 20
-0.0138
 10
-0.1761
 20
-0.0074
 10
-0.1746
 20
-0.0019
 10
-0.16
 20
-0.0026
 10
-0.167
 20
-0.0091
 10
-0.1719
 20
-0.0149
 10
-0.1768
 20
-0.0214
 10
-0.1865
 20
-0.0364
 97
0
 92
3
 72
0
 73
1
 93
3
 10
-0.19
 20
-0.0011
 10
-0.1853
 20
-0.0013
 10
-0.1898
 20
-0.0052
 97
0
 92
3
 72
0
 73
1
 93
9
 10
-0.1871
 20
0.0322
 10
-0.1851
 20
0.0423
 10
-0.1802
 20
0.0331
 10
-0.1713
 20
0.0192
 10
-0.1667
 20
0.0133
 10
-0.1608
 20
0.0074
 10
-0.1747
 20
0.0081
 10
-0.1763
 20
0.0137
 10
-0.1792
 20
0.0199
 97
0
 92
3
 72
0
 73
1
 93
6
 10
-0.166
 20
0.0924
 10
-0.1604
 20
0.1016
 10
-0.155
 20
0.1029
 10
-0.137
 20
0.1007
 10
-0.1496
 20
0.0977
 10
-0.1645
 20
0.0924
 97
0
 92
3
 72
0
 73
1
 93
4
 10
-0.1279
 20
0.1404
 10
-0.1246
 20
0.1434
 10
-0.1245
 20
0.1368
 10
-0.1279
 20
0.1371
 97
0
 92
3
 72
0
 73
1
 93
5
 10
-0.1056
 20
0.158
 10
-0.0956
 20
0.1641
 10
-0.0986
 20
0.1524
 10
-0.1005
 20
0.1399
 10
-0.1105
 20
0.1538
 97
0
 92
3
 72
0
 73
1
 93
3
 10
-0.031
 20
0.1874
 10
-0.0237
 20
0.1885
 10
-0.0233
 20
0.1795
 97
0
 92
3
 72
0
 73
1
 93
3
 10
-0.0137
 20
0.1895
 10
-0.0052
 20
0.1898
 10
-0.0133
 20
0.18
 97
0
 92
3
 72
0
 73
1
 93
9
 10
0.0211
 20
0.1887
 10
0.0029
 20
0.1737
 10
-0.0079
 20
0.1622
 10
-0.0119
 20
0.1566
 10
-0.0127
 20
0.1685
 10
-0.0071
 20
0.1705
 10
-0.0009
 20
0.1739
 10
0.0061
 20
0.1786
 10
0.0184
 20
0.189
 97
0
 92
3
 72
0
 73
1
 93
12
 10
0.1794
 20
0.0624
 10
0.1839
 20
0.0477
 10
0.1831
 20
0.0471
 10
0.1552
 20
0.0575
 10
0.1373
 20
0.0634
 10
0.1204
 20
0.0675
 10
0.1098
 20
0.0686
 10
0.1126
 20
0.0707
 10
0.1236
 20
0.0689
 10
0.1391
 20
0.0691
 10
0.1541
 20
0.0653
 10
0.1657
 20
0.0635
 97
0
 92
3
 72
0
 73
1
 93
7
 10
0.1882
 20
0.0261
 10
0.184
 20
0.02
 10
0.1808
 20
0.0139
 10
0.179
 20
0.0085
 10
0.1666
 20
0.0084
 10
0.1769
 20
0.018
 10
0.1874
 20
0.0309
 97
0
 92
3
 72
0
 73
1
 93
14
 10
-0.0658
 20
0.1512
 10
-0.0624
 20
0.1758
 10
-0.0555
 20
0.1671
 10
-0.0619
 20
0.1488
 10
-0.0639
 20
0.1497
 10
-0.0622
 20
0.1478
 10
-0.0679
 20
0.1286
 10
-0.0699
 20
0.1196
 10
-0.0713
 20
0.1112
 10
-0.0719
 20
0.101
 10
-0.08
 20
0.1119
 10
-0.0762
 20
0.118
 10
-0.0729
 20
0.1254
 10
-0.0697
 20
0.1346
 97
0
 92
3
 72
0
 73
1
 93
11
 10
-0.0496
 20
0.1446
 10
-0.0492
 20
0.1601
 10
-0.0426
 20
0.154
 10
-0.0364
 20
0.1492
 10
-0.0306
 20
0.1456
 10
-0.0253
 20
0.1432
 10
-0.021
 20
0.142
 10
-0.02
 20
0.1294
 10
-0.0252
 20
0.1336
 10
-0.0299
 20
0.1365
 10
-0.0405
 20
0.1414
 97
0
 92
3
 72
0
 73
1
 93
12
 10
-0.0515
 20
0.1254
 10
-0.0505
 20
0.1332
 10
-0.0435
 20
0.126
 10
-0.0366
 20
0.1207
 10
-0.045
 20
0.1078
 10
-0.0507
 20
0.0978
 10
-0.0549
 20
0.0873
 10
-0.0563
 20
0.0802
 10
-0.0642
 20
0.0907
 10
-0.0612
 20
0.0949
 10
-0.0583
 20
0.1007
 10
-0.0556
 20
0.1078
 97
0
 92
3
 72
0
 73
1
 93
3
 10
-0.0412
 20
0.0441
 10
-0.0603
 20
0.0607
 10
-0.0558
 20
0.0631
 97
0
 92
3
 72
0
 73
1
 93
6
 10
-0.0721
 20
0.0843
 10
-0.0649
 20
0.0751
 10
-0.071
 20
0.0758
 10
-0.078
 20
0.0756
 10
-0.084
 20
0.0806
 10
-0.0767
 20
0.0823
 97
0
 92
3
 72
0
 73
1
 93
4
 10
-0.1034
 20
0.0963
 10
-0.1089
 20
0.1007
 10
-0.1006
 20
0.1018
 10
-0.1005
 20
0.0963
 97
0
 92
3
 72
0
 73
1
 93
3
 10
-0.079
 20
0.0938
 10
-0.0844
 20
0.0949
 10
-0.0836
 20
0.0999
 97
0
 92
3
 72
0
 73
1
 93
5
 10
-0.13
 20
0.1216
 10
-0.1235
 20
0.1222
 10
-0.1228
 20
0.1171
 10
-0.13
 20
0.1172
 10
-0.1312
 20
0.1181
 97
0
 92
3
 72
0
 73
1
 93
5
 10
-0.1034
 20
0.1268
 10
-0.0976
 20
0.119
 10
-0.0987
 20
0.1147
 10
-0.1069
 20
0.1159
 10
-0.1068
 20
0.1255
 97
0
 92
3
 72
0
 73
1
 93
5
 10
-0.0854
 20
0.1479
 10
-0.0821
 20
0.1551
 10
-0.0854
 20
0.138
 10
-0.0866
 20
0.126
 10
-0.0903
 20
0.1391
 97
0
 92
3
 72
0
 73
1
 93
4
 10
-0.0952
 20
0.1327
 10
-0.094
 20
0.1339
 10
-0.0924
 20
0.1362
 10
-0.094
 20
0.131
 97
0
 92
3
 72
0
 73
1
 93
6
 10
-0.0421
 20
0.1759
 10
-0.0349
 20
0.172
 10
-0.0284
 20
0.1693
 10
-0.0226
 20
0.168
 10
-0.022
 20
0.1568
 10
-0.0314
 20
0.1669
 97
0
 92
3
 72
0
 73
1
 93
7
 10
-0.083
 20
-0.1601
 10
-0.0829
 20
-0.1555
 10
-0.0664
 20
-0.1492
 10
-0.0513
 20
-0.1414
 10
-0.0566
 20
-0.1558
 10
-0.0652
 20
-0.1561
 10
-0.0743
 20
-0.1578
 97
0
 92
3
 72
0
 73
1
 93
5
 10
-0.101
 20
-0.1451
 10
-0.1016
 20
-0.1436
 10
-0.1048
 20
-0.1377
 10
-0.1009
 20
-0.1369
 10
-0.0999
 20
-0.1446
 97
0
 92
3
 72
0
 73
1
 93
4
 10
-0.0838
 20
-0.138
 10
-0.0845
 20
-0.1333
 10
-0.0777
 20
-0.1316
 10
-0.076
 20
-0.1355
 97
0
 92
3
 72
0
 73
1
 93
6
 10
-0.068
 20
-0.1333
 10
-0.0674
 20
-0.1286
 10
-0.0522
 20
-0.1228
 10
-0.0428
 20
-0.1176
 10
-0.0475
 20
-0.131
 10
-0.0546
 20
-0.1309
 97
0
 92
3
 72
0
 73
1
 93
4
 10
-0.1061
 20
-0.1301
 10
-0.1048
 20
-0.1284
 10
-0.1012
 20
-0.1241
 10
-0.1013
 20
-0.1272
 97
0
 92
3
 72
0
 73
1
 93
5
 10
-0.0882
 20
-0.1199
 10
-0.092
 20
-0.1129
 10
-0.085
 20
-0.1045
 10
-0.0846
 20
-0.1095
 10
-0.0829
 20
-0.1173
 97
0
 92
3
 72
0
 73
1
 93
9
 10
-0.0673
 20
-0.1108
 10
-0.0678
 20
-0.1075
 10
-0.0491
 20
-0.1033
 10
-0.0437
 20
-0.1014
 10
-0.0357
 20
-0.0973
 10
-0.0387
 20
-0.106
 10
-0.0438
 20
-0.1057
 10
-0.0502
 20
-0.1062
 10
-0.0576
 20
-0.1077
 97
0
 92
3
 72
0
 73
1
 93
9
 10
-0.0696
 20
-0.101
 10
-0.071
 20
-0.0975
 10
-0.0748
 20
-0.0923
 10
-0.0451
 20
-0.0578
 10
-0.011
 20
-0.0195
 10
-0.0303
 20
-0.0812
 10
-0.0368
 20
-0.081
 10
-0.0462
 20
-0.0839
 10
-0.0561
 20
-0.0896
 97
0
 92
3
 72
0
 73
1
 93
5
 10
-0.0206
 20
-0.0836
 10
-0.0051
 20
-0.0346
 10
-0.006
 20
-0.0964
 10
-0.0115
 20
-0.0894
 10
-0.015
 20
-0.0864
 97
0
 92
3
 72
0
 73
1
 93
6
 10
-0.0219
 20
-0.1034
 10
-0.0126
 20
-0.1144
 10
-0.0203
 20
-0.1185
 10
-0.0254
 20
-0.1128
 10
-0.0294
 20
-0.1096
 10
-0.0252
 20
-0.0973
 97
0
 92
3
 72
0
 73
1
 93
4
 10
-0.0081
 20
-0.1402
 10
-0.0115
 20
-0.1329
 10
-0.007
 20
-0.1289
 10
-0.0074
 20
-0.1401
 97
0
 92
3
 72
0
 73
1
 93
5
 10
-0.0399
 20
-0.1479
 10
-0.0355
 20
-0.1573
 10
-0.0416
 20
-0.1635
 10
-0.0471
 20
-0.1589
 10
-0.0436
 20
-0.1494
 97
0
 92
3
 72
0
 73
1
 93
3
 10
-0.0505
 20
-0.1678
 10
-0.049
 20
-0.172
 10
-0.0549
 20
-0.1795
 97
0
 92
3
 72
0
 73
1
 93
4
 10
-0.0366
 20
-0.135
 10
-0.038
 20
-0.1341
 10
-0.0339
 20
-0.1224
 10
-0.0317
 20
-0.129
 97
0
 92
3
 72
0
 73
1
 93
4
 10
-0.0236
 20
-0.1476
 10
-0.0279
 20
-0.1427
 10
-0.0261
 20
-0.1418
 10
-0.0233
 20
-0.1474
 97
0
 92
3
 72
0
 73
1
 93
10
 10
0.1595
 20
0.044
 10
0.1791
 20
0.0439
 10
0.1696
 20
0.0352
 10
0.1595
 20
0.0232
 10
0.156
 20
0.0174
 10
0.1537
 20
0.0123
 10
0.1526
 20
0.0082
 10
0.1401
 20
0.008
 10
0.1446
 20
0.0129
 10
0.1506
 20
0.0225
 97
0
 92
3
 72
0
 73
1
 93
4
 10
0.0632
 20
0.0479
 10
0.07
 20
0.0538
 10
0.0716
 20
0.0552
 10
0.0723
 20
0.0541
 97
0
 92
3
 72
0
 73
1
 93
4
 10
0.0935
 20
0.0744
 10
0.0946
 20
0.07
 10
0.0845
 20
0.0627
 10
0.0852
 20
0.067
 97
0
 92
3
 72
0
 73
1
 93
4
 10
0.1141
 20
0.0926
 10
0.1151
 20
0.0875
 10
0.1091
 20
0.0881
 10
0.1091
 20
0.0882
 97
0
 92
3
 72
0
 73
1
 93
4
 10
0.1446
 20
0.1105
 10
0.1472
 20
0.1093
 10
0.1439
 20
0.1069
 10
0.1444
 20
0.1091
 97
0
 92
3
 72
0
 73
1
 93
6
 10
0.1459
 20
0.0898
 10
0.1528
 20
0.0855
 10
0.1614
 20
0.0814
 10
0.1468
 20
0.0835
 10
0.131
 20
0.0843
 10
0.139
 20
0.0904
 97
0
 92
3
 72
0
 73
1
 93
3
 10
0.1333
 20
0.1098
 10
0.1341
 20
0.107
 10
0.1298
 20
0.1067
 97
0
 75
1
 76
1
 98
0
  0
HATCH
  5
BA
330
B3
100
AcDbEntity
  8
VEG-RELLENO
 62
83
420
7248726
100
AcDbHatch
 10
0.0
 20
0.0
 30
0.0
210
0.0
220
0.0
230
1.0
  2
SOLID
 70
1
 71
0
 91
45
 92
3
 72
0
 73
1
 93
36
 10
-0.2067
 20
-0.2178
 10
-0.2266
 20
-0.2183
 10
-0.2786
 20
-0.2177
 10
-0.3108
 20
-0.2242
 10
-0.2961
 20
-0.2175
 10
-0.3197
 20
-0.2177
 10
-0.3386
 20
-0.2187
 10
-0.2958
 20
-0.2083
 10
-0.2735
 20
-0.2044
 10
-0.2603
 20
-0.2027
 10
-0.2379
 20
-0.1955
 10
-0.2232
 20
-0.1918
 10
-0.209
 20
-0.1891
 10
-0.1957
 20
-0.1874
 10
-0.184
 20
-0.1869
 10
-0.1743
 20
-0.1872
 10
-0.1654
 20
-0.1889
 10
-0.1552
 20
-0.1757
 10
-0.1392
 20
-0.1714
 10
-0.1409
 20
-0.1737
 10
-0.1352
 20
-0.182
 10
-0.1459
 20
-0.1879
 10
-0.1466
 20
-0.1809
 10
-0.1568
 20
-0.1942
 10
-0.18
 20
-0.2082
 10
-0.1721
 20
-0.1977
 10
-0.1822
 20
-0.2008
 10
-0.1968
 20
-0.2041
 10
-0.1898
 20
-0.2056
 10
-0.181
 20
-0.2088
 10
-0.1853
 20
-0.2112
 10
-0.1648
 20
-0.2046
 10
-0.1725
 20
-0.2148
 10
-0.1931
 20
-0.2257
 10
-0.1856
 20
-0.2156
 10
-0.1906
 20
-0.2165
 97
0
 92
3
 72
0
 73
1
 93
76
 10
-0.1555
 20
-0.1749
 10
-0.166
 20
-0.1763
 10
-0.1887
 20
-0.177
 10
-0.2654
 20
-0.1739
 10
-0.2863
 20
-0.1739
 10
-0.2604
 20
-0.1678
 10
-0.2427
 20
-0.1642
 10
-0.2294
 20
-0.1622
 10
-0.2112
 20
-0.1604
 10
-0.2365
 20
-0.1604
 10
-0.2553
 20
-0.1611
 10
-0.2168
 20
-0.1498
 10
-0.1934
 20
-0.145
 10
-0.2208
 20
-0.1466
 10
-0.1975
 20
-0.1375
 10
-0.1784
 20
-0.1311
 10
-0.1626
 20
-0.1272
 10
-0.147
 20
-0.1247
 10
-0.1375
 20
-0.1241
 10
-0.1291
 20
-0.1244
 10
-0.1222
 20
-0.1253
 10
-0.1166
 20
-0.127
 10
-0.1082
 20
-0.1167
 10
-0.1156
 20
-0.1181
 10
-0.1314
 20
-0.1189
 10
-0.1486
 20
-0.1182
 10
-0.1846
 20
-0.115
 10
-0.1534
 20
-0.1059
 10
-0.1406
 20
-0.1032
 10
-0.1319
 20
-0.1021
 10
-0.1236
 20
-0.1017
 10
-0.1158
 20
-0.102
 10
-0.1091
 20
-0.103
 10
-0.1035
 20
-0.1045
 10
-0.0996
 20
-0.1063
 10
-0.0924
 20
-0.0977
 10
-0.0979
 20
-0.0982
 10
-0.1092
 20
-0.0975
 10
-0.1391
 20
-0.0909
 10
-0.1151
 20
-0.0832
 10
-0.1034
 20
-0.0813
 10
-0.0925
 20
-0.0817
 10
-0.088
 20
-0.0828
 10
-0.0824
 20
-0.0858
 10
-0.0526
 20
-0.0512
 10
-0.0172
 20
-0.0114
 10
-0.0156
 20
-0.0103
 10
-0.0137
 20
-0.0098
 10
-0.0118
 20
-0.0101
 10
-0.0101
 20
-0.0111
 10
-0.0089
 20
-0.0127
 10
-0.0085
 20
-0.015
 10
-0.0101
 20
-0.0169
 10
-0.011
 20
-0.0195
 10
-0.0451
 20
-0.0578
 10
-0.0748
 20
-0.0923
 10
-0.071
 20
-0.0975
 10
-0.0696
 20
-0.101
 10
-0.0789
 20
-0.1098
 10
-0.0678
 20
-0.1075
 10
-0.0673
 20
-0.1108
 10
-0.0829
 20
-0.1173
 10
-0.0846
 20
-0.1095
 10
-0.085
 20
-0.1045
 10
-0.092
 20
-0.1129
 10
-0.0882
 20
-0.1199
 10
-0.1013
 20
-0.1272
 10
-0.1012
 20
-0.1241
 10
-0.1061
 20
-0.1301
 10
-0.1258
 20
-0.1422
 10
-0.1048
 20
-0.1377
 10
-0.101
 20
-0.1451
 10
-0.1145
 20
-0.1515
 10
-0.1154
 20
-0.1414
 10
-0.1252
 20
-0.1538
 10
-0.1237
 20
-0.1564
 97
0
 92
2
 72
0
 73
1
 93
7
 10
-0.1359
 20
-0.1402
 10
-0.1452
 20
-0.1417
 10
-0.1544
 20
-0.1427
 10
-0.1475
 20
-0.1433
 10
-0.1395
 20
-0.1448
 10
-0.1328
 20
-0.1472
 10
-0.1249
 20
-0.1374
 97
0
 92
2
 72
0
 73
1
 93
7
 10
-0.1568
 20
-0.1586
 10
-0.1676
 20
-0.1595
 10
-0.1836
 20
-0.1601
 10
-0.1651
 20
-0.1623
 10
-0.1564
 20
-0.1644
 10
-0.1488
 20
-0.1675
 10
-0.1396
 20
-0.1558
 97
0
 92
3
 72
0
 73
1
 93
4
 10
-0.0674
 20
-0.1286
 10
-0.068
 20
-0.1333
 10
-0.076
 20
-0.1355
 10
-0.0777
 20
-0.1316
 97
0
 92
3
 72
0
 73
1
 93
4
 10
-0.0845
 20
-0.1333
 10
-0.0838
 20
-0.138
 10
-0.0999
 20
-0.1446
 10
-0.1009
 20
-0.1369
 97
0
 92
3
 72
0
 73
1
 93
5
 10
-0.0829
 20
-0.1555
 10
-0.083
 20
-0.1601
 10
-0.0971
 20
-0.1648
 10
-0.1105
 20
-0.1702
 10
-0.1121
 20
-0.1644
 97
0
 92
3
 72
0
 73
1
 93
4
 10
-0.0847
 20
-0.1815
 10
-0.0903
 20
-0.1828
 10
-0.091
 20
-0.1805
 10
-0.0843
 20
-0.1776
 97
0
 92
3
 72
0
 73
1
 93
4
 10
-0.0915
 20
-0.1809
 10
-0.0912
 20
-0.1829
 10
-0.1054
 20
-0.1867
 10
-0.1057
 20
-0.1859
 97
0
 92
3
 72
0
 73
1
 93
4
 10
-0.0895
 20
-0.1983
 10
-0.0889
 20
-0.206
 10
-0.0977
 20
-0.208
 10
-0.0999
 20
-0.2022
 97
0
 92
3
 72
0
 73
1
 93
4
 10
-0.0883
 20
-0.2193
 10
-0.0882
 20
-0.2211
 10
-0.0914
 20
-0.2243
 10
-0.0926
 20
-0.2212
 97
0
 92
3
 72
0
 73
1
 93
4
 10
-0.0881
 20
-0.224
 10
-0.088
 20
-0.2277
 10
-0.0902
 20
-0.2277
 10
-0.091
 20
-0.2255
 97
0
 92
3
 72
0
 73
1
 93
4
 10
-0.1197
 20
-0.1664
 10
-0.1178
 20
-0.1735
 10
-0.1326
 20
-0.1808
 10
-0.1331
 20
-0.1699
 97
0
 92
3
 72
0
 73
1
 93
5
 10
-0.1148
 20
-0.1897
 10
-0.1251
 20
-0.1934
 10
-0.1434
 20
-0.2009
 10
-0.144
 20
-0.1983
 10
-0.1149
 20
-0.1891
 97
0
 92
3
 72
0
 73
1
 93
4
 10
-0.1133
 20
-0.2069
 10
-0.113
 20
-0.2128
 10
-0.1374
 20
-0.2225
 10
-0.1397
 20
-0.2149
 97
0
 92
3
 72
0
 73
1
 93
4
 10
-0.1137
 20
-0.2462
 10
-0.1138
 20
-0.2542
 10
-0.1254
 20
-0.257
 10
-0.1278
 20
-0.2506
 97
0
 92
3
 72
0
 73
1
 93
4
 10
-0.1119
 20
-0.2682
 10
-0.111
 20
-0.275
 10
-0.1187
 20
-0.2751
 10
-0.12
 20
-0.2715
 97
0
 92
3
 72
0
 73
1
 93
4
 10
-0.1101
 20
-0.2842
 10
-0.11
 20
-0.2849
 10
-0.1127
 20
-0.2909
 10
-0.1144
 20
-0.2863
 97
0
 92
3
 72
0
 73
1
 93
4
 10
-0.1531
 20
-0.201
 10
-0.1514
 20
-0.2045
 10
-0.1625
 20
-0.2098
 10
-0.1629
 20
-0.204
 97
0
 92
3
 72
0
 73
1
 93
4
 10
-0.1465
 20
-0.2169
 10
-0.1438
 20
-0.2254
 10
-0.1588
 20
-0.2328
 10
-0.161
 20
-0.2209
 97
0
 92
3
 72
0
 73
1
 93
5
 10
-0.1374
 20
-0.2532
 10
-0.1363
 20
-0.2603
 10
-0.1558
 20
-0.2673
 10
-0.166
 20
-0.2716
 10
-0.1692
 20
-0.2612
 97
0
 92
3
 72
0
 73
1
 93
4
 10
-0.1322
 20
-0.2977
 10
-0.1414
 20
-0.2985
 10
-0.1423
 20
-0.2955
 10
-0.1326
 20
-0.2927
 97
0
 92
3
 72
0
 73
1
 93
4
 10
-0.1314
 20
-0.3118
 10
-0.131
 20
-0.321
 10
-0.135
 20
-0.3205
 10
-0.137
 20
-0.3135
 97
0
 92
3
 72
0
 73
1
 93
4
 10
-0.1427
 20
-0.2986
 10
-0.156
 20
-0.3009
 10
-0.1567
 20
-0.299
 10
-0.1432
 20
-0.2957
 97
0
 92
3
 72
0
 73
1
 93
4
 10
-0.1399
 20
-0.3144
 10
-0.139
 20
-0.3203
 10
-0.1489
 20
-0.3207
 10
-0.1503
 20
-0.3168
 97
0
 92
3
 72
0
 73
1
 93
5
 10
-0.1372
 20
-0.3338
 10
-0.1364
 20
-0.3408
 10
-0.1383
 20
-0.3448
 10
-0.1405
 20
-0.3442
 10
-0.1435
 20
-0.3357
 97
0
 92
3
 72
0
 73
1
 93
4
 10
-0.1745
 20
-0.2411
 10
-0.1775
 20
-0.2254
 10
-0.1674
 20
-0.2226
 10
-0.1615
 20
-0.2342
 97
0
 92
3
 72
0
 73
1
 93
214
 10
-0.1813
 20
-0.2265
 10
-0.1882
 20
-0.2359
 10
-0.1818
 20
-0.2452
 10
-0.1919
 20
-0.2511
 10
-0.1931
 20
-0.2426
 10
-0.2038
 20
-0.2573
 10
-0.2033
 20
-0.258
 10
-0.2211
 20
-0.269
 10
-0.2262
 20
-0.2714
 10
-0.217
 20
-0.2585
 10
-0.232
 20
-0.2619
 10
-0.2618
 20
-0.2659
 10
-0.242
 20
-0.268
 10
-0.2367
 20
-0.2689
 10
-0.2272
 20
-0.2719
 10
-0.2403
 20
-0.2781
 10
-0.214
 20
-0.2715
 10
-0.2187
 20
-0.2781
 10
-0.2127
 20
-0.2867
 10
-0.2093
 20
-0.2931
 10
-0.2211
 20
-0.2997
 10
-0.2235
 20
-0.285
 10
-0.2337
 20
-0.2996
 10
-0.2302
 20
-0.3049
 10
-0.2388
 20
-0.3098
 10
-0.239
 20
-0.3072
 10
-0.2452
 20
-0.3163
 10
-0.2461
 20
-0.3166
 10
-0.2453
 20
-0.3164
 10
-0.2485
 20
-0.3211
 10
-0.2435
 20
-0.3294
 10
-0.2395
 20
-0.3387
 10
-0.2355
 20
-0.3503
 10
-0.2318
 20
-0.3637
 10
-0.2286
 20
-0.3784
 10
-0.225
 20
-0.4015
 10
-0.2221
 20
-0.4308
 10
-0.22
 20
-0.4725
 10
-0.2244
 20
-0.4549
 10
-0.2372
 20
-0.4102
 10
-0.2325
 20
-0.4376
 10
-0.2274
 20
-0.4833
 10
-0.2567
 20
-0.3992
 10
-0.2641
 20
-0.3735
 10
-0.2665
 20
-0.3624
 10
-0.2681
 20
-0.3504
 10
-0.277
 20
-0.3639
 10
-0.2723
 20
-0.3705
 10
-0.2661
 20
-0.3832
 10
-0.2602
 20
-0.3996
 10
-0.2568
 20
-0.4122
 10
-0.2538
 20
-0.4254
 10
-0.2496
 20
-0.4516
 10
-0.2452
 20
-0.4938
 10
-0.2728
 20
-0.4164
 10
-0.2794
 20
-0.3927
 10
-0.2815
 20
-0.3824
 10
-0.2827
 20
-0.3727
 10
-0.2911
 20
-0.3858
 10
-0.2871
 20
-0.3915
 10
-0.2818
 20
-0.403
 10
-0.2769
 20
-0.4177
 10
-0.2742
 20
-0.4291
 10
-0.272
 20
-0.441
 10
-0.2697
 20
-0.4588
 10
-0.2668
 20
-0.5025
 10
-0.2831
 20
-0.4556
 10
-0.2904
 20
-0.4329
 10
-0.2956
 20
-0.4114
 10
-0.2975
 20
-0.3958
 10
-0.3048
 20
-0.4074
 10
-0.3012
 20
-0.4118
 10
-0.2978
 20
-0.4178
 10
-0.2945
 20
-0.4252
 10
-0.2889
 20
-0.4437
 10
-0.2868
 20
-0.4539
 10
-0.2846
 20
-0.4692
 10
-0.2815
 20
-0.5069
 10
-0.2979
 20
-0.4673
 10
-0.3049
 20
-0.448
 10
-0.3099
 20
-0.4297
 10
-0.3114
 20
-0.4181
 10
-0.3182
 20
-0.4291
 10
-0.3154
 20
-0.4322
 10
-0.3123
 20
-0.4368
 10
-0.3094
 20
-0.4427
 10
-0.3046
 20
-0.4574
 10
-0.3016
 20
-0.474
 10
-0.2992
 20
-0.5086
 10
-0.3174
 20
-0.4701
 10
-0.314
 20
-0.4843
 10
-0.3114
 20
-0.5031
 10
-0.3236
 20
-0.4884
 10
-0.3305
 20
-0.4792
 10
-0.336
 20
-0.4693
 10
-0.3382
 20
-0.4623
 10
-0.3409
 20
-0.4656
 10
-0.3442
 20
-0.4662
 10
-0.3468
 20
-0.465
 10
-0.3482
 20
-0.463
 10
-0.3483
 20
-0.4601
 10
-0.347
 20
-0.4574
 10
-0.354
 20
-0.4588
 10
-0.3653
 20
-0.4589
 10
-0.3957
 20
-0.4546
 10
-0.3724
 20
-0.4451
 10
-0.3608
 20
-0.4423
 10
-0.35
 20
-0.4419
 10
-0.3454
 20
-0.4427
 10
-0.3397
 20
-0.4451
 10
-0.3329
 20
-0.434
 10
-0.3412
 20
-0.4362
 10
-0.3564
 20
-0.4378
 10
-0.373
 20
-0.4379
 10
-0.408
 20
-0.4365
 10
-0.3785
 20
-0.4259
 10
-0.3662
 20
-0.4226
 10
-0.3579
 20
-0.4211
 10
-0.3498
 20
-0.4202
 10
-0.3423
 20
-0.4201
 10
-0.3357
 20
-0.4207
 10
-0.3303
 20
-0.4219
 10
-0.3265
 20
-0.4234
 10
-0.3188
 20
-0.4109
 10
-0.3323
 20
-0.414
 10
-0.3413
 20
-0.4152
 10
-0.3616
 20
-0.4164
 10
-0.4154
 20
-0.4168
 10
-0.3909
 20
-0.4083
 10
-0.4164
 20
-0.4132
 10
-0.3808
 20
-0.3961
 10
-0.3639
 20
-0.3895
 10
-0.3462
 20
-0.3839
 10
-0.3347
 20
-0.3812
 10
-0.3191
 20
-0.3792
 10
-0.3064
 20
-0.3791
 10
-0.2995
 20
-0.3804
 10
-0.2902
 20
-0.3658
 10
-0.3013
 20
-0.3684
 10
-0.3236
 20
-0.3709
 10
-0.3994
 20
-0.3743
 10
-0.4201
 20
-0.3759
 10
-0.4046
 20
-0.3708
 10
-0.3833
 20
-0.3607
 10
-0.3573
 20
-0.3502
 10
-0.343
 20
-0.3454
 10
-0.3285
 20
-0.3413
 10
-0.3145
 20
-0.3383
 10
-0.2955
 20
-0.3359
 10
-0.2802
 20
-0.3356
 10
-0.2713
 20
-0.337
 10
-0.2619
 20
-0.323
 10
-0.2751
 20
-0.3266
 10
-0.2869
 20
-0.3289
 10
-0.3813
 20
-0.3419
 10
-0.4109
 20
-0.3473
 10
-0.3827
 20
-0.3357
 10
-0.3635
 20
-0.3286
 10
-0.341
 20
-0.3218
 10
-0.3177
 20
-0.3164
 10
-0.3026
 20
-0.314
 10
-0.2824
 20
-0.3126
 10
-0.2662
 20
-0.3132
 10
-0.2566
 20
-0.3153
 10
-0.2472
 20
-0.3014
 10
-0.2613
 20
-0.3051
 10
-0.2736
 20
-0.3075
 10
-0.3653
 20
-0.3205
 10
-0.3884
 20
-0.3245
 10
-0.4024
 20
-0.3275
 10
-0.3731
 20
-0.3154
 10
-0.3531
 20
-0.308
 10
-0.3324
 20
-0.3016
 10
-0.3109
 20
-0.2963
 10
-0.2898
 20
-0.2927
 10
-0.2753
 20
-0.2914
 10
-0.2625
 20
-0.2911
 10
-0.252
 20
-0.2918
 10
-0.2419
 20
-0.2939
 10
-0.2314
 20
-0.2787
 10
-0.2476
 20
-0.2812
 10
-0.2604
 20
-0.2821
 10
-0.3547
 20
-0.285
 10
-0.3784
 20
-0.2865
 10
-0.3929
 20
-0.288
 10
-0.3683
 20
-0.2808
 10
-0.3459
 20
-0.275
 10
-0.3767
 20
-0.2801
 10
-0.3527
 20
-0.2709
 10
-0.3329
 20
-0.2641
 10
-0.31
 20
-0.2574
 10
-0.2934
 20
-0.2535
 10
-0.2687
 20
-0.2495
 10
-0.2458
 20
-0.2477
 10
-0.2327
 20
-0.2478
 10
-0.222
 20
-0.2489
 10
-0.2118
 20
-0.2513
 10
-0.2019
 20
-0.2376
 10
-0.2163
 20
-0.2409
 10
-0.2287
 20
-0.2428
 10
-0.3211
 20
-0.2529
 10
-0.3443
 20
-0.2561
 10
-0.3585
 20
-0.2587
 10
-0.3287
 20
-0.2474
 10
-0.3084
 20
-0.2407
 10
-0.2929
 20
-0.2363
 10
-0.2767
 20
-0.2325
 10
-0.2603
 20
-0.2295
 10
-0.2445
 20
-0.2276
 10
-0.2298
 20
-0.2267
 10
-0.217
 20
-0.2269
 10
-0.2065
 20
-0.2279
 10
-0.1996
 20
-0.2293
 10
-0.2098
 20
-0.2347
 97
0
 92
2
 72
0
 73
1
 93
7
 10
-0.2628
 20
-0.3423
 10
-0.2576
 20
-0.3497
 10
-0.2532
 20
-0.3582
 10
-0.246
 20
-0.3769
 10
-0.2511
 20
-0.3539
 10
-0.253
 20
-0.3421
 10
-0.2541
 20
-0.3293
 97
0
 92
2
 72
0
 73
1
 93
6
 10
-0.3311
 20
-0.4502
 10
-0.3262
 20
-0.454
 10
-0.3233
 20
-0.4577
 10
-0.3197
 20
-0.4642
 10
-0.323
 20
-0.4545
 10
-0.3256
 20
-0.4412
 97
0
 92
2
 72
0
 73
1
 93
6
 10
-0.3059
 20
-0.3904
 10
-0.321
 20
-0.3954
 10
-0.3315
 20
-0.398
 10
-0.325
 20
-0.3985
 10
-0.3183
 20
-0.3997
 10
-0.313
 20
-0.4016
 97
0
 92
2
 72
0
 73
1
 93
5
 10
-0.277
 20
-0.3457
 10
-0.2877
 20
-0.3493
 10
-0.3065
 20
-0.354
 10
-0.2929
 20
-0.3557
 10
-0.2851
 20
-0.3581
 97
0
 92
3
 72
0
 73
1
 93
4
 10
-0.1736
 20
-0.2623
 10
-0.1694
 20
-0.2731
 10
-0.1845
 20
-0.2801
 10
-0.1886
 20
-0.2657
 97
0
 92
3
 72
0
 73
1
 93
4
 10
-0.1607
 20
-0.3019
 10
-0.176
 20
-0.3058
 10
-0.1769
 20
-0.3034
 10
-0.1611
 20
-0.3
 97
0
 92
3
 72
0
 73
1
 93
4
 10
-0.1569
 20
-0.3181
 10
-0.1561
 20
-0.3216
 10
-0.1695
 20
-0.3242
 10
-0.1708
 20
-0.3206
 97
0
 92
3
 72
0
 73
1
 93
4
 10
-0.153
 20
-0.338
 10
-0.1521
 20
-0.3433
 10
-0.1619
 20
-0.3448
 10
-0.1637
 20
-0.3399
 97
0
 92
3
 72
0
 73
1
 93
4
 10
-0.1497
 20
-0.3591
 10
-0.1488
 20
-0.3678
 10
-0.1455
 20
-0.3911
 10
-0.156
 20
-0.3607
 97
0
 92
3
 72
0
 73
1
 93
4
 10
-0.1981
 20
-0.2679
 10
-0.1922
 20
-0.284
 10
-0.2064
 20
-0.2915
 10
-0.2091
 20
-0.2704
 97
0
 92
3
 72
0
 73
1
 93
4
 10
-0.1866
 20
-0.3053
 10
-0.1859
 20
-0.3088
 10
-0.2159
 20
-0.3196
 10
-0.2183
 20
-0.3111
 97
0
 92
3
 72
0
 73
1
 93
4
 10
-0.1833
 20
-0.3224
 10
-0.1825
 20
-0.3277
 10
-0.2103
 20
-0.3376
 10
-0.214
 20
-0.3262
 97
0
 92
3
 72
0
 73
1
 93
4
 10
-0.1806
 20
-0.3418
 10
-0.1796
 20
-0.3501
 10
-0.2025
 20
-0.3605
 10
-0.2083
 20
-0.3437
 97
0
 92
3
 72
0
 73
1
 93
6
 10
-0.1785
 20
-0.3634
 10
-0.1761
 20
-0.4185
 10
-0.181
 20
-0.3974
 10
-0.176
 20
-0.436
 10
-0.1837
 20
-0.4127
 10
-0.2013
 20
-0.3637
 97
0
 92
3
 72
0
 73
1
 93
4
 10
-0.229
 20
-0.307
 10
-0.2281
 20
-0.3086
 10
-0.2385
 20
-0.3133
 10
-0.2388
 20
-0.3103
 97
0
 92
3
 72
0
 73
1
 93
4
 10
-0.2263
 20
-0.3126
 10
-0.2223
 20
-0.3221
 10
-0.2361
 20
-0.3278
 10
-0.2382
 20
-0.3149
 97
0
 92
3
 72
0
 73
1
 93
11
 10
-0.2205
 20
-0.327
 10
-0.2164
 20
-0.34
 10
-0.2296
 20
-0.3451
 10
-0.2152
 20
-0.344
 10
-0.2105
 20
-0.364
 10
-0.2059
 20
-0.3905
 10
-0.2026
 20
-0.42
 10
-0.1998
 20
-0.4562
 10
-0.2048
 20
-0.438
 10
-0.2277
 20
-0.3624
 10
-0.2359
 20
-0.3289
 97
0
 75
1
 76
1
 98
0
  0
HATCH
  5
BB
330
B3
100
AcDbEntity
  8
VEG-RELLENO
 62
73
420
7512154
100
AcDbHatch
 10
0.0
 20
0.0
 30
0.0
210
0.0
220
0.0
230
1.0
  2
SOLID
 70
1
 71
0
 91
46
 92
3
 72
0
 73
1
 93
4
 10
-0.0321
 20
-0.2921
 10
-0.0357
 20
-0.2772
 10
-0.0263
 20
-0.2733
 10
-0.0215
 20
-0.2839
 97
0
 92
3
 72
0
 73
1
 93
5
 10
-0.0589
 20
-0.3098
 10
-0.0659
 20
-0.2908
 10
-0.0749
 20
-0.2721
 10
-0.0712
 20
-0.2678
 10
-0.0552
 20
-0.3075
 97
0
 92
3
 72
0
 73
1
 93
4
 10
-0.0827
 20
-0.324
 10
-0.0903
 20
-0.3284
 10
-0.0964
 20
-0.3171
 10
-0.0893
 20
-0.3115
 97
0
 92
3
 72
0
 73
1
 93
4
 10
-0.1073
 20
-0.3381
 10
-0.1128
 20
-0.3311
 10
-0.1082
 20
-0.327
 10
-0.1048
 20
-0.3367
 97
0
 92
3
 72
0
 73
1
 93
5
 10
-0.1202
 20
-0.3456
 10
-0.1281
 20
-0.3502
 10
-0.1294
 20
-0.3493
 10
-0.1266
 20
-0.3436
 10
-0.1222
 20
-0.3395
 97
0
 92
3
 72
0
 73
1
 93
4
 10
-0.0898
 20
-0.3106
 10
-0.0974
 20
-0.3155
 10
-0.1028
 20
-0.3081
 10
-0.0956
 20
-0.2984
 97
0
 92
3
 72
0
 73
1
 93
5
 10
-0.1094
 20
-0.3233
 10
-0.1163
 20
-0.3278
 10
-0.1182
 20
-0.3263
 10
-0.1167
 20
-0.3232
 10
-0.111
 20
-0.3172
 97
0
 92
3
 72
0
 73
1
 93
3
 10
-0.0874
 20
-0.2875
 10
-0.0853
 20
-0.2849
 10
-0.0829
 20
-0.2927
 97
0
 92
3
 72
0
 73
1
 93
5
 10
-0.0467
 20
-0.2427
 10
-0.0421
 20
-0.2387
 10
-0.0288
 20
-0.2678
 10
-0.0365
 20
-0.2739
 10
-0.0409
 20
-0.2589
 97
0
 92
3
 72
0
 73
1
 93
4
 10
-0.0282
 20
-0.2279
 10
-0.0219
 20
-0.2239
 10
-0.0155
 20
-0.2348
 10
-0.0224
 20
-0.2425
 97
0
 92
3
 72
0
 73
1
 93
31
 10
-0.0105
 20
-0.2038
 10
-0.0128
 20
-0.2064
 10
-0.0183
 20
-0.1956
 10
-0.0134
 20
-0.1936
 10
-0.001
 20
-0.212
 10
-0.0014
 20
-0.2195
 10
0.0078
 20
-0.2251
 10
0.019
 20
-0.2431
 10
0.0155
 20
-0.2315
 10
0.0255
 20
-0.2414
 10
0.0383
 20
-0.2567
 10
0.0466
 20
-0.2683
 10
0.0543
 20
-0.2803
 10
0.0672
 20
-0.3035
 10
0.0816
 20
-0.333
 10
0.0682
 20
-0.3163
 10
0.0441
 20
-0.2888
 10
0.0546
 20
-0.3033
 10
0.0668
 20
-0.3224
 10
0.0765
 20
-0.3397
 10
0.09
 20
-0.3658
 10
0.0714
 20
-0.3434
 10
0.0282
 20
-0.2958
 10
0.0111
 20
-0.276
 10
0.0038
 20
-0.2491
 10
0.0129
 20
-0.2558
 10
0.0246
 20
-0.2665
 10
0.0091
 20
-0.2475
 10
-0.0022
 20
-0.231
 10
-0.0022
 20
-0.2314
 10
-0.0109
 20
-0.2104
 97
0
 92
3
 72
0
 73
1
 93
4
 10
-0.025
 20
-0.2184
 10
-0.0304
 20
-0.223
 10
-0.0382
 20
-0.2079
 10
-0.0331
 20
-0.2042
 97
0
 92
3
 72
0
 73
1
 93
4
 10
-0.0443
 20
-0.2338
 10
-0.0489
 20
-0.2372
 10
-0.0561
 20
-0.2229
 10
-0.0511
 20
-0.2182
 97
0
 92
3
 72
0
 73
1
 93
4
 10
-0.0639
 20
-0.2477
 10
-0.071
 20
-0.2377
 10
-0.0668
 20
-0.2333
 10
-0.0627
 20
-0.2469
 97
0
 92
3
 72
0
 73
1
 93
5
 10
-0.0755
 20
-0.2556
 10
-0.0827
 20
-0.2604
 10
-0.0864
 20
-0.2563
 10
-0.0851
 20
-0.2535
 10
-0.0786
 20
-0.2459
 97
0
 92
3
 72
0
 73
1
 93
9
 10
-0.0189
 20
-0.1852
 10
-0.0227
 20
-0.188
 10
-0.0275
 20
-0.1804
 10
-0.0343
 20
-0.1714
 10
-0.0416
 20
-0.1635
 10
-0.0355
 20
-0.1573
 10
-0.0273
 20
-0.1719
 10
-0.0278
 20
-0.1723
 10
-0.0272
 20
-0.172
 97
0
 92
3
 72
0
 73
1
 93
7
 10
-0.0369
 20
-0.1973
 10
-0.0426
 20
-0.2006
 10
-0.0497
 20
-0.1907
 10
-0.0566
 20
-0.1837
 10
-0.0549
 20
-0.1795
 10
-0.049
 20
-0.172
 10
-0.0462
 20
-0.1789
 97
0
 92
3
 72
0
 73
1
 93
5
 10
-0.0554
 20
-0.2076
 10
-0.0635
 20
-0.2117
 10
-0.0664
 20
-0.2084
 10
-0.0612
 20
-0.1954
 10
-0.0598
 20
-0.1943
 97
0
 92
3
 72
0
 73
1
 93
4
 10
-0.0823
 20
-0.2211
 10
-0.0951
 20
-0.2278
 10
-0.0836
 20
-0.2164
 10
-0.0793
 20
-0.2137
 97
0
 92
3
 72
0
 73
1
 93
55
 10
-0.0074
 20
-0.1401
 10
-0.007
 20
-0.1289
 10
-0.0115
 20
-0.1329
 10
-0.0166
 20
-0.1237
 10
-0.0203
 20
-0.1185
 10
-0.017
 20
-0.1164
 10
-0.0126
 20
-0.1144
 10
0.0078
 20
-0.1329
 10
0.0003
 20
-0.1088
 10
-0.0021
 20
-0.1033
 10
-0.006
 20
-0.0964
 10
-0.0051
 20
-0.0346
 10
-0.0008
 20
-0.0201
 10
-0.0009
 20
-0.0177
 10
-0.0023
 20
-0.0155
 10
0.0005
 20
-0.015
 10
0.0023
 20
-0.0156
 10
0.0038
 20
-0.0168
 10
0.005
 20
-0.02
 10
0.0035
 20
-0.1138
 10
0.0096
 20
-0.1157
 10
0.0136
 20
-0.1181
 10
0.0215
 20
-0.1256
 10
0.0284
 20
-0.1353
 10
0.0399
 20
-0.1577
 10
0.0141
 20
-0.1411
 10
0.0096
 20
-0.1374
 10
0.0029
 20
-0.1304
 10
0.0026
 20
-0.1399
 10
0.0069
 20
-0.1408
 10
0.0123
 20
-0.143
 10
0.0183
 20
-0.1463
 10
0.0248
 20
-0.1508
 10
0.0313
 20
-0.1563
 10
0.0377
 20
-0.1625
 10
0.0465
 20
-0.1724
 10
0.0661
 20
-0.1986
 10
0.0351
 20
-0.1792
 10
0.0207
 20
-0.1694
 10
0.0085
 20
-0.1591
 10
0.0021
 20
-0.1519
 10
0.0015
 20
-0.1665
 10
0.0072
 20
-0.1685
 10
0.0134
 20
-0.1718
 10
0.0205
 20
-0.1766
 10
0.028
 20
-0.1828
 10
0.0357
 20
-0.19
 10
0.0467
 20
-0.2023
 10
0.0566
 20
-0.2151
 10
0.0762
 20
-0.2444
 10
0.0243
 20
-0.2024
 10
0.0099
 20
-0.1887
 10
0.0043
 20
-0.1825
 10
-0.0017
 20
-0.1583
 10
-0.0081
 20
-0.1402
 97
0
 92
3
 72
0
 73
1
 93
5
 10
-0.0279
 20
-0.1427
 10
-0.0323
 20
-0.1383
 10
-0.0366
 20
-0.135
 10
-0.0317
 20
-0.129
 10
-0.0261
 20
-0.1418
 97
0
 92
3
 72
0
 73
1
 93
3
 10
-0.0399
 20
-0.1479
 10
-0.0436
 20
-0.1494
 10
-0.0415
 20
-0.1438
 97
0
 92
3
 72
0
 73
1
 93
15
 10
0.0046
 20
-0.1938
 10
0.0072
 20
-0.1985
 10
0.0063
 20
-0.1944
 10
0.0145
 20
-0.1983
 10
0.0229
 20
-0.2035
 10
0.032
 20
-0.2102
 10
0.0459
 20
-0.2226
 10
0.0593
 20
-0.2364
 10
0.0673
 20
-0.2458
 10
0.092
 20
-0.2782
 10
0.0771
 20
-0.2662
 10
0.0305
 20
-0.2312
 10
0.013
 20
-0.2163
 10
0.0099
 20
-0.2132
 10
0.0024
 20
-0.193
 97
0
 92
3
 72
0
 73
1
 93
27
 10
-0.0003
 20
-0.2611
 10
-0.0039
 20
-0.2556
 10
-0.0051
 20
-0.2715
 10
0.0035
 20
-0.2765
 10
0.0115
 20
-0.2828
 10
0.0144
 20
-0.2889
 10
0.0132
 20
-0.2844
 10
0.0209
 20
-0.2915
 10
0.0356
 20
-0.308
 10
0.0501
 20
-0.3272
 10
0.059
 20
-0.3408
 10
0.0706
 20
-0.3607
 10
0.0906
 20
-0.4006
 10
0.0735
 20
-0.3785
 10
0.0842
 20
-0.3956
 10
0.1001
 20
-0.4233
 10
0.0908
 20
-0.4122
 10
0.0749
 20
-0.3948
 10
0.0097
 20
-0.3276
 10
-0.0052
 20
-0.3099
 10
-0.0092
 20
-0.2888
 10
-0.0147
 20
-0.2662
 10
-0.0138
 20
-0.2539
 10
-0.0173
 20
-0.2576
 10
-0.0208
 20
-0.2469
 10
-0.0131
 20
-0.2445
 10
-0.0128
 20
-0.2395
 97
0
 92
2
 72
0
 73
1
 93
5
 10
0.0021
 20
-0.3018
 10
0.0182
 20
-0.3138
 10
0.0014
 20
-0.2925
 10
-0.0059
 20
-0.2815
 10
-0.0072
 20
-0.2971
 97
0
 92
3
 72
0
 73
1
 93
179
 10
-0.0087
 20
-0.3136
 10
-0.0096
 20
-0.3229
 10
-0.0042
 20
-0.3252
 10
-0.0017
 20
-0.3326
 10
-0.0027
 20
-0.3259
 10
0.009
 20
-0.3332
 10
0.025
 20
-0.3461
 10
0.042
 20
-0.3625
 10
0.0532
 20
-0.3752
 10
0.0638
 20
-0.3884
 10
0.0778
 20
-0.4078
 10
0.1024
 20
-0.4471
 10
0.0927
 20
-0.4362
 10
0.0762
 20
-0.4191
 10
0.0085
 20
-0.3531
 10
-0.0003
 20
-0.3438
 10
-0.0104
 20
-0.3312
 10
-0.0122
 20
-0.349
 10
-0.0029
 20
-0.3538
 10
0.0058
 20
-0.3599
 10
0.0157
 20
-0.3683
 10
0.0263
 20
-0.3785
 10
0.0406
 20
-0.3947
 10
0.0543
 20
-0.4124
 10
0.0665
 20
-0.4304
 10
0.0777
 20
-0.4488
 10
0.0931
 20
-0.4768
 10
0.084
 20
-0.4656
 10
0.0683
 20
-0.4479
 10
0.0043
 20
-0.3797
 10
-0.004
 20
-0.3701
 10
-0.0131
 20
-0.3577
 10
-0.015
 20
-0.3752
 10
-0.0065
 20
-0.3805
 10
0.0014
 20
-0.3871
 10
0.0104
 20
-0.3959
 10
0.0198
 20
-0.4067
 10
0.0339
 20
-0.4257
 10
0.047
 20
-0.4463
 10
0.0546
 20
-0.4601
 10
0.0639
 20
-0.4787
 10
0.0767
 20
-0.507
 10
0.0732
 20
-0.5018
 10
0.0812
 20
-0.5155
 10
0.0615
 20
-0.4942
 10
0.0059
 20
-0.4388
 10
-0.0109
 20
-0.4202
 10
-0.019
 20
-0.4093
 10
-0.0212
 20
-0.427
 10
-0.0142
 20
-0.4317
 10
-0.0038
 20
-0.4419
 10
0.0076
 20
-0.4559
 10
0.0153
 20
-0.4672
 10
0.026
 20
-0.4857
 10
0.0352
 20
-0.5045
 10
0.0423
 20
-0.5213
 10
0.0521
 20
-0.5466
 10
0.0401
 20
-0.5289
 10
-0.0062
 20
-0.4659
 10
-0.0186
 20
-0.4464
 10
-0.0227
 20
-0.4387
 10
-0.0245
 20
-0.4526
 10
-0.0184
 20
-0.4565
 10
-0.0088
 20
-0.4655
 10
0.0015
 20
-0.4779
 10
0.0084
 20
-0.488
 10
0.018
 20
-0.5046
 10
0.0263
 20
-0.5214
 10
0.0416
 20
-0.5591
 10
0.0304
 20
-0.5436
 10
0.0078
 20
-0.5148
 10
0.0187
 20
-0.5341
 10
0.0334
 20
-0.566
 10
-0.0112
 20
-0.5166
 10
-0.0232
 20
-0.501
 10
-0.0298
 20
-0.49
 10
-0.0318
 20
-0.503
 10
-0.0277
 20
-0.5048
 10
-0.0229
 20
-0.5079
 10
-0.0176
 20
-0.5123
 10
-0.0122
 20
-0.5179
 10
-0.0069
 20
-0.5245
 10
-0.0018
 20
-0.5318
 10
0.0048
 20
-0.5431
 10
0.019
 20
-0.5725
 10
-0.0076
 20
-0.5477
 10
-0.0198
 20
-0.5353
 10
-0.0297
 20
-0.5229
 10
-0.0338
 20
-0.5163
 10
-0.0357
 20
-0.5282
 10
-0.0298
 20
-0.5306
 10
-0.0261
 20
-0.5334
 10
-0.0189
 20
-0.5416
 10
-0.0129
 20
-0.5519
 10
-0.0036
 20
-0.5752
 10
-0.0277
 20
-0.5563
 10
-0.0355
 20
-0.548
 10
-0.0382
 20
-0.544
 10
-0.0388
 20
-0.5462
 10
-0.04
 20
-0.5477
 10
-0.0417
 20
-0.5487
 10
-0.0441
 20
-0.5489
 10
-0.046
 20
-0.5482
 10
-0.0474
 20
-0.5469
 10
-0.0482
 20
-0.5451
 10
-0.0482
 20
-0.5428
 10
-0.0564
 20
-0.5484
 10
-0.0616
 20
-0.551
 10
-0.0723
 20
-0.5552
 10
-0.0904
 20
-0.5612
 10
-0.0744
 20
-0.5423
 10
-0.0656
 20
-0.5345
 10
-0.0563
 20
-0.5289
 10
-0.0519
 20
-0.5273
 10
-0.0456
 20
-0.5267
 10
-0.0436
 20
-0.5144
 10
-0.0499
 20
-0.5196
 10
-0.0633
 20
-0.5279
 10
-0.0789
 20
-0.5354
 10
-0.1122
 20
-0.5491
 10
-0.0891
 20
-0.5271
 10
-0.0791
 20
-0.5188
 10
-0.072
 20
-0.5137
 10
-0.058
 20
-0.5058
 10
-0.0516
 20
-0.5033
 10
-0.046
 20
-0.5018
 10
-0.0416
 20
-0.5014
 10
-0.0394
 20
-0.4863
 10
-0.0515
 20
-0.4949
 10
-0.0597
 20
-0.4995
 10
-0.0689
 20
-0.504
 10
-0.0885
 20
-0.5124
 10
-0.13
 20
-0.5284
 10
-0.098
 20
-0.5032
 10
-0.1343
 20
-0.5235
 10
-0.1016
 20
-0.4919
 10
-0.0875
 20
-0.4799
 10
-0.0775
 20
-0.4723
 10
-0.0675
 20
-0.4655
 10
-0.0535
 20
-0.4576
 10
-0.0415
 20
-0.4524
 10
-0.0344
 20
-0.4508
 10
-0.0322
 20
-0.4344
 10
-0.041
 20
-0.4418
 10
-0.0498
 20
-0.4479
 10
-0.0715
 20
-0.4611
 10
-0.1466
 20
-0.5003
 10
-0.1136
 20
-0.4715
 10
-0.0975
 20
-0.459
 10
-0.0803
 20
-0.447
 10
-0.0688
 20
-0.44
 10
-0.0528
 20
-0.4318
 10
-0.0393
 20
-0.4266
 10
-0.031
 20
-0.425
 10
-0.0288
 20
-0.4078
 10
-0.0335
 20
-0.4116
 10
-0.0362
 20
-0.4007
 10
-0.0278
 20
-0.3992
 10
-0.0261
 20
-0.3847
 10
-0.0373
 20
-0.3962
 10
-0.0412
 20
-0.3817
 10
-0.0289
 20
-0.3756
 10
-0.0239
 20
-0.3919
 10
-0.0259
 20
-0.3745
 10
-0.0249
 20
-0.3743
 10
-0.0231
 20
-0.3578
 10
-0.0248
 20
-0.3596
 10
-0.0254
 20
-0.3491
 10
-0.0221
 20
-0.3483
 10
-0.0205
 20
-0.332
 10
-0.0262
 20
-0.3379
 10
-0.0274
 20
-0.3252
 10
-0.0196
 20
-0.3225
 10
-0.018
 20
-0.3051
 10
-0.0286
 20
-0.3148
 10
-0.0307
 20
-0.3009
 10
-0.0195
 20
-0.2967
 10
-0.0172
 20
-0.2963
 10
-0.017
 20
-0.294
 97
0
 92
2
 72
0
 73
1
 93
5
 10
-0.0179
 20
-0.4005
 10
-0.0095
 20
-0.4045
 10
0.0041
 20
-0.4142
 10
-0.0091
 20
-0.3964
 10
-0.0161
 20
-0.3851
 97
0
 92
2
 72
0
 73
1
 93
6
 10
-0.028
 20
-0.4778
 10
-0.0227
 20
-0.4806
 10
-0.0171
 20
-0.4848
 10
-0.0084
 20
-0.4934
 10
-0.0184
 20
-0.4788
 10
-0.0262
 20
-0.4648
 97
0
 92
2
 72
0
 73
1
 93
6
 10
-0.0359
 20
-0.4618
 10
-0.0492
 20
-0.4732
 10
-0.0621
 20
-0.4821
 10
-0.0507
 20
-0.4778
 10
-0.0438
 20
-0.4762
 10
-0.0379
 20
-0.4758
 97
0
 92
3
 72
0
 73
1
 93
24
 10
-0.0339
 20
-0.412
 10
-0.0495
 20
-0.4226
 10
-0.0609
 20
-0.4293
 10
-0.0867
 20
-0.443
 10
-0.1146
 20
-0.4567
 10
-0.1428
 20
-0.4784
 10
-0.1314
 20
-0.465
 10
-0.1552
 20
-0.4773
 10
-0.129
 20
-0.4556
 10
-0.1111
 20
-0.4417
 10
-0.0999
 20
-0.4298
 10
-0.0842
 20
-0.4146
 10
-0.0785
 20
-0.4257
 10
-0.0811
 20
-0.4118
 10
-0.0752
 20
-0.4065
 10
-0.0666
 20
-0.4286
 10
-0.0699
 20
-0.4021
 10
-0.0497
 20
-0.387
 10
-0.0448
 20
-0.4031
 10
-0.0456
 20
-0.4037
 10
-0.0447
 20
-0.4034
 10
-0.0423
 20
-0.4127
 10
-0.043
 20
-0.4029
 10
-0.0391
 20
-0.4016
 97
0
 92
3
 72
0
 73
1
 93
4
 10
-0.0275
 20
-0.3623
 10
-0.0292
 20
-0.3506
 10
-0.029
 20
-0.3505
 10
-0.0262
 20
-0.3611
 97
0
 92
3
 72
0
 73
1
 93
5
 10
-0.032
 20
-0.3666
 10
-0.0429
 20
-0.3758
 10
-0.0471
 20
-0.3626
 10
-0.0475
 20
-0.36
 10
-0.0366
 20
-0.354
 97
0
 92
3
 72
0
 73
1
 93
5
 10
-0.0512
 20
-0.3823
 10
-0.0707
 20
-0.3967
 10
-0.074
 20
-0.3786
 10
-0.0582
 20
-0.3669
 10
-0.0536
 20
-0.375
 97
0
 92
3
 72
0
 73
1
 93
4
 10
-0.0774
 20
-0.4014
 10
-0.0824
 20
-0.405
 10
-0.0861
 20
-0.3885
 10
-0.0839
 20
-0.3866
 97
0
 92
3
 72
0
 73
1
 93
5
 10
-0.0876
 20
-0.4086
 10
-0.0933
 20
-0.4125
 10
-0.1042
 20
-0.4199
 10
-0.1059
 20
-0.4066
 10
-0.0948
 20
-0.3962
 97
0
 92
3
 72
0
 73
1
 93
5
 10
-0.1042
 20
-0.42
 10
-0.1326
 20
-0.4395
 10
-0.148
 20
-0.4509
 10
-0.123
 20
-0.4238
 10
-0.11
 20
-0.4106
 97
0
 92
3
 72
0
 73
1
 93
4
 10
-0.0385
 20
-0.349
 10
-0.048
 20
-0.3567
 10
-0.0513
 20
-0.3388
 10
-0.0443
 20
-0.3343
 97
0
 92
3
 72
0
 73
1
 93
4
 10
-0.0591
 20
-0.3653
 10
-0.0744
 20
-0.3766
 10
-0.0786
 20
-0.3597
 10
-0.0676
 20
-0.3506
 97
0
 92
3
 72
0
 73
1
 93
4
 10
-0.0849
 20
-0.3841
 10
-0.0869
 20
-0.3855
 10
-0.0913
 20
-0.3709
 10
-0.0909
 20
-0.3705
 97
0
 92
3
 72
0
 73
1
 93
4
 10
-0.0968
 20
-0.3925
 10
-0.1069
 20
-0.3997
 10
-0.109
 20
-0.3881
 10
-0.1028
 20
-0.3819
 97
0
 92
3
 72
0
 73
1
 93
4
 10
-0.1139
 20
-0.4046
 10
-0.1342
 20
-0.4192
 10
-0.1454
 20
-0.4278
 10
-0.1183
 20
-0.3979
 97
0
 92
3
 72
0
 73
1
 93
4
 10
-0.0466
 20
-0.3284
 10
-0.0527
 20
-0.3327
 10
-0.0572
 20
-0.3155
 10
-0.053
 20
-0.3129
 97
0
 92
3
 72
0
 73
1
 93
4
 10
-0.0709
 20
-0.3448
 10
-0.0812
 20
-0.3514
 10
-0.0865
 20
-0.3369
 10
-0.0788
 20
-0.3309
 97
0
 92
3
 72
0
 73
1
 93
4
 10
-0.1096
 20
-0.3693
 10
-0.1138
 20
-0.372
 10
-0.1173
 20
-0.3642
 10
-0.1138
 20
-0.3609
 97
0
 92
3
 72
0
 73
1
 93
4
 10
-0.1281
 20
-0.381
 10
-0.1421
 20
-0.3902
 10
-0.1473
 20
-0.3939
 10
-0.1302
 20
-0.3768
 97
0
 92
3
 72
0
 73
1
 93
4
 10
-0.0431
 20
-0.4016
 10
-0.0434
 20
-0.3984
 10
-0.0438
 20
-0.3926
 10
-0.0404
 20
-0.3991
 97
0
 75
1
 76
1
 98
0
  0
HATCH
  5
BC
330
B3
100
AcDbEntity
  8
VEG-RELLENO
 62
73
420
7512410
100
AcDbHatch
 10
0.0
 20
0.0
 30
0.0
210
0.0
220
0.0
230
1.0
  2
SOLID
 70
1
 71
0
 91
20
 92
3
 72
0
 73
1
 93
344
 10
0.0007
 20
0.2948
 10
0.0168
 20
0.3064
 10
0.0293
 20
0.3146
 10
0.1108
 20
0.3634
 10
0.0693
 20
0.3255
 10
0.0514
 20
0.3108
 10
0.0389
 20
0.3013
 10
0.0204
 20
0.289
 10
0.0035
 20
0.2794
 10
-0.0058
 20
0.2753
 10
-0.0153
 20
0.2725
 10
-0.0153
 20
0.2556
 10
-0.0062
 20
0.2653
 10
0.0024
 20
0.2729
 10
0.0239
 20
0.2895
 10
0.0481
 20
0.3061
 10
0.0987
 20
0.3396
 10
0.0597
 20
0.2994
 10
0.0473
 20
0.282
 10
0.035
 20
0.266
 10
0.017
 20
0.2459
 10
0.0081
 20
0.2374
 10
-0.0001
 20
0.2304
 10
-0.0075
 20
0.2252
 10
-0.0148
 20
0.2214
 10
-0.0144
 20
0.207
 10
-0.0046
 20
0.22
 10
0.0111
 20
0.2362
 10
0.0292
 20
0.2526
 10
0.0678
 20
0.2851
 10
0.0424
 20
0.2487
 10
0.0313
 20
0.2343
 10
0.0232
 20
0.2249
 10
0.0109
 20
0.2126
 10
-0.0007
 20
0.2027
 10
-0.0074
 20
0.1982
 10
-0.0139
 20
0.1951
 10
-0.0133
 20
0.18
 10
-0.0046
 20
0.1905
 10
0.0098
 20
0.2036
 10
0.0266
 20
0.2164
 10
0.0626
 20
0.2415
 10
0.0389
 20
0.2111
 10
0.0286
 20
0.1992
 10
0.0211
 20
0.1915
 10
0.0061
 20
0.1786
 10
-0.0009
 20
0.1739
 10
-0.0071
 20
0.1705
 10
-0.0127
 20
0.1685
 10
-0.0119
 20
0.1566
 10
-0.0029
 20
0.1679
 10
0.0093
 20
0.1794
 10
0.0447
 20
0.2063
 10
0.0256
 20
0.1761
 10
0.015
 20
0.1624
 10
0.0036
 20
0.1511
 10
-0.0019
 20
0.147
 10
-0.0069
 20
0.1441
 10
-0.011
 20
0.1426
 10
-0.0102
 20
0.1324
 10
-0.0037
 20
0.1398
 10
0.0007
 20
0.1435
 10
0.0101
 20
0.1501
 10
0.0262
 20
0.1602
 10
0.0152
 20
0.1383
 10
0.0086
 20
0.1285
 10
0.001
 20
0.1209
 10
-0.0029
 20
0.1183
 10
-0.0089
 20
0.1161
 10
-0.0045
 20
0.0719
 10
0.0022
 20
0.02
 10
0.0017
 20
0.0176
 10
0.0005
 20
0.0161
 10
-0.0012
 20
0.0151
 10
-0.0031
 20
0.0148
 10
-0.0062
 20
0.0161
 10
-0.0078
 20
0.0191
 10
-0.0144
 20
0.0705
 10
-0.0188
 20
0.1148
 10
-0.0251
 20
0.1152
 10
-0.0295
 20
0.1167
 10
-0.0342
 20
0.1191
 10
-0.0349
 20
0.1196
 10
-0.0348
 20
0.1239
 10
-0.0366
 20
0.1207
 10
-0.0435
 20
0.126
 10
-0.0505
 20
0.1332
 10
-0.0496
 20
0.1446
 10
-0.0405
 20
0.1414
 10
-0.0299
 20
0.1365
 10
-0.0252
 20
0.1336
 10
-0.02
 20
0.1294
 10
-0.021
 20
0.142
 10
-0.0253
 20
0.1432
 10
-0.0306
 20
0.1456
 10
-0.0364
 20
0.1492
 10
-0.0426
 20
0.154
 10
-0.0492
 20
0.1601
 10
-0.0494
 20
0.1851
 10
-0.0555
 20
0.1671
 10
-0.0624
 20
0.1758
 10
-0.0614
 20
0.19
 10
-0.0593
 20
0.1886
 10
-0.0613
 20
0.1904
 10
-0.0608
 20
0.2101
 10
-0.0402
 20
0.1952
 10
-0.0329
 20
0.1892
 10
-0.0233
 20
0.1795
 10
-0.0239
 20
0.1947
 10
-0.0307
 20
0.1973
 10
-0.0377
 20
0.2013
 10
-0.0457
 20
0.207
 10
-0.0543
 20
0.2143
 10
-0.0607
 20
0.2206
 10
-0.0606
 20
0.2326
 10
-0.0631
 20
0.223
 10
-0.0635
 20
0.2234
 10
-0.0589
 20
0.257
 10
-0.0419
 20
0.2444
 10
-0.0336
 20
0.2376
 10
-0.025
 20
0.2292
 10
-0.0253
 20
0.2464
 10
-0.0341
 20
0.249
 10
-0.043
 20
0.2531
 10
-0.0582
 20
0.2624
 10
-0.0572
 20
0.27
 10
-0.0595
 20
0.2632
 10
-0.0716
 20
0.2722
 10
-0.0689
 20
0.2917
 10
-0.0439
 20
0.2723
 10
-0.0351
 20
0.2648
 10
-0.0253
 20
0.2551
 10
-0.0253
 20
0.273
 10
-0.0345
 20
0.2767
 10
-0.0434
 20
0.2819
 10
-0.0535
 20
0.2892
 10
-0.0676
 20
0.3012
 10
-0.0672
 20
0.3041
 10
-0.068
 20
0.3016
 10
-0.0813
 20
0.315
 10
-0.0936
 20
0.3291
 10
-0.0932
 20
0.3353
 10
-0.0944
 20
0.3301
 10
-0.1033
 20
0.3416
 10
-0.102
 20
0.3554
 10
-0.1052
 20
0.3441
 10
-0.1186
 20
0.3636
 10
-0.135
 20
0.3903
 10
-0.1219
 20
0.3761
 10
-0.1042
 20
0.3585
 10
-0.0431
 20
0.3016
 10
-0.0345
 20
0.2929
 10
-0.0253
 20
0.2822
 10
-0.025
 20
0.299
 10
-0.0346
 20
0.3029
 10
-0.0438
 20
0.3083
 10
-0.06
 20
0.3204
 10
-0.0774
 20
0.3362
 10
-0.0961
 20
0.3571
 10
-0.1096
 20
0.3745
 10
-0.1182
 20
0.3869
 10
-0.1389
 20
0.42
 10
-0.1171
 20
0.3968
 10
-0.0808
 20
0.3624
 10
-0.0986
 20
0.3808
 10
-0.1129
 20
0.3979
 10
-0.1261
 20
0.4156
 10
-0.1444
 20
0.4428
 10
-0.1342
 20
0.4322
 10
-0.1166
 20
0.4157
 10
-0.0448
 20
0.3536
 10
-0.0353
 20
0.3449
 10
-0.024
 20
0.3329
 10
-0.0232
 20
0.3509
 10
-0.033
 20
0.3547
 10
-0.0423
 20
0.3599
 10
-0.0531
 20
0.3672
 10
-0.0647
 20
0.3765
 10
-0.0807
 20
0.3914
 10
-0.0961
 20
0.408
 10
-0.11
 20
0.4253
 10
-0.1227
 20
0.4431
 10
-0.1404
 20
0.4706
 10
-0.1266
 20
0.4559
 10
-0.1078
 20
0.438
 10
-0.0429
 20
0.3799
 10
-0.0337
 20
0.3711
 10
-0.0228
 20
0.3591
 10
-0.0217
 20
0.3777
 10
-0.0303
 20
0.3829
 10
-0.0384
 20
0.3896
 10
-0.0475
 20
0.3985
 10
-0.0571
 20
0.4094
 10
-0.0699
 20
0.4266
 10
-0.0817
 20
0.4453
 10
-0.0921
 20
0.4643
 10
-0.1013
 20
0.4838
 10
-0.1136
 20
0.5132
 10
-0.1058
 20
0.5011
 10
-0.0921
 20
0.482
 10
-0.0353
 20
0.4091
 10
-0.0279
 20
0.399
 10
-0.021
 20
0.3881
 10
-0.0198
 20
0.4037
 10
-0.0277
 20
0.4089
 10
-0.0395
 20
0.4199
 10
-0.0525
 20
0.4351
 10
-0.0613
 20
0.4475
 10
-0.0736
 20
0.4679
 10
-0.0861
 20
0.4933
 10
-0.0993
 20
0.5138
 10
-0.1134
 20
0.5384
 10
-0.0974
 20
0.521
 10
-0.1031
 20
0.5362
 10
-0.0856
 20
0.5092
 10
-0.0405
 20
0.4653
 10
-0.0242
 20
0.4478
 10
-0.0167
 20
0.4379
 10
-0.0148
 20
0.4553
 10
-0.0215
 20
0.4593
 10
-0.0317
 20
0.4685
 10
-0.0428
 20
0.4813
 10
-0.0503
 20
0.4918
 10
-0.0574
 20
0.5032
 10
-0.0669
 20
0.521
 10
-0.0746
 20
0.5379
 10
-0.0848
 20
0.5639
 10
-0.0873
 20
0.5681
 10
-0.0747
 20
0.5557
 10
-0.0352
 20
0.5191
 10
-0.0205
 20
0.5038
 10
-0.0105
 20
0.4907
 10
-0.0085
 20
0.5056
 10
-0.0133
 20
0.5073
 10
-0.0189
 20
0.5104
 10
-0.0251
 20
0.5148
 10
-0.0317
 20
0.5205
 10
-0.0383
 20
0.5273
 10
-0.0476
 20
0.5388
 10
-0.0559
 20
0.5508
 10
-0.0719
 20
0.5783
 10
-0.0264
 20
0.5394
 10
-0.014
 20
0.5266
 10
-0.0069
 20
0.5169
 10
-0.0047
 20
0.5311
 10
-0.008
 20
0.532
 10
-0.0124
 20
0.5342
 10
-0.0172
 20
0.5376
 10
-0.027
 20
0.5473
 10
-0.0316
 20
0.5532
 10
-0.0396
 20
0.5659
 10
-0.0507
 20
0.5876
 10
-0.0203
 20
0.5639
 10
-0.0099
 20
0.554
 10
-0.0026
 20
0.5443
 10
0.0006
 20
0.5621
 10
0.0018
 20
0.5637
 10
0.004
 20
0.5648
 10
0.0059
 20
0.5648
 10
0.0082
 20
0.5638
 10
0.0097
 20
0.5619
 10
0.0101
 20
0.5595
 10
0.0072
 20
0.5424
 10
0.0176
 20
0.5491
 10
0.0307
 20
0.5546
 10
0.0674
 20
0.5648
 10
0.0438
 20
0.5454
 10
0.0315
 20
0.5372
 10
0.019
 20
0.5315
 10
0.0134
 20
0.53
 10
0.0085
 20
0.5293
 10
0.0051
 20
0.5295
 10
0.003
 20
0.5151
 10
0.013
 20
0.5222
 10
0.0288
 20
0.53
 10
0.0466
 20
0.5368
 10
0.0846
 20
0.549
 10
0.0528
 20
0.5254
 10
0.0363
 20
0.5153
 10
0.02
 20
0.5078
 10
0.0127
 20
0.5055
 10
0.0064
 20
0.5043
 10
0.0014
 20
0.5041
 10
-0.0006
 20
0.4896
 10
0.0122
 20
0.4994
 10
0.0304
 20
0.5099
 10
0.0509
 20
0.5197
 10
0.0943
 20
0.5384
 10
0.0666
 20
0.5155
 10
0.0539
 20
0.5059
 10
0.0977
 20
0.5311
 10
0.0641
 20
0.4986
 10
0.0497
 20
0.4859
 10
0.0395
 20
0.4778
 10
0.0243
 20
0.4674
 10
0.0104
 20
0.4594
 10
0.0026
 20
0.4559
 10
-0.0049
 20
0.4539
 10
-0.0065
 20
0.4391
 10
0.0006
 20
0.4466
 10
0.0088
 20
0.4541
 10
0.0294
 20
0.4701
 10
0.0526
 20
0.4862
 10
0.1013
 20
0.5182
 10
0.066
 20
0.4811
 10
0.0507
 20
0.4667
 10
0.0399
 20
0.4573
 10
0.0238
 20
0.4451
 10
0.009
 20
0.4355
 10
0.0007
 20
0.4313
 10
-0.0076
 20
0.4284
 10
-0.0091
 20
0.4109
 10
0.0014
 20
0.4201
 10
0.0222
 20
0.4344
 10
0.0476
 20
0.4495
 10
0.0774
 20
0.4657
 10
0.1025
 20
0.4858
 10
0.0926
 20
0.4738
 10
0.1156
 20
0.4865
 10
0.0728
 20
0.4499
 10
0.0501
 20
0.4249
 10
0.0274
 20
0.4033
 10
0.0164
 20
0.3943
 10
0.0063
 20
0.3868
 10
-0.0026
 20
0.3813
 10
-0.0117
 20
0.3771
 10
-0.0128
 20
0.3588
 10
-0.001
 20
0.3694
 10
0.0209
 20
0.3852
 10
0.0477
 20
0.4022
 10
0.119
 20
0.4442
 10
0.0885
 20
0.4166
 10
0.1085
 20
0.4315
 10
0.0909
 20
0.412
 10
0.0949
 20
0.4158
 10
0.0651
 20
0.3756
 10
0.0486
 20
0.3554
 10
0.0342
 20
0.3394
 10
0.0179
 20
0.3233
 10
0.0027
 20
0.3104
 10
-0.006
 20
0.3043
 10
-0.015
 20
0.2995
 10
-0.0153
 20
0.2807
 10
-0.0117
 20
0.2844
 97
0
 92
2
 72
0
 73
1
 93
8
 10
-0.0753
 20
0.3574
 10
-0.0439
 20
0.3282
 10
-0.0349
 20
0.3193
 10
-0.0248
 20
0.3077
 10
-0.0243
 20
0.3248
 10
-0.0342
 20
0.3284
 10
-0.0437
 20
0.3335
 10
-0.0606
 20
0.3452
 97
0
 92
2
 72
0
 73
1
 93
5
 10
-0.0176
 20
0.4288
 10
-0.0256
 20
0.4323
 10
-0.0326
 20
0.4367
 10
-0.0245
 20
0.4246
 10
-0.0188
 20
0.4149
 97
0
 92
2
 72
0
 73
1
 93
5
 10
-0.0119
 20
0.4802
 10
-0.018
 20
0.4826
 10
-0.0269
 20
0.4884
 10
-0.0172
 20
0.4738
 10
-0.0135
 20
0.4671
 97
0
 92
2
 72
0
 73
1
 93
6
 10
-0.0035
 20
0.465
 10
0.0102
 20
0.4773
 10
0.0254
 20
0.4882
 10
0.0117
 20
0.4821
 10
0.0045
 20
0.4799
 10
-0.002
 20
0.479
 97
0
 92
2
 72
0
 73
1
 93
5
 10
-0.011
 20
0.3878
 10
-0.0029
 20
0.3973
 10
0.0074
 20
0.4077
 10
-0.0006
 20
0.4045
 10
-0.0099
 20
0.4021
 97
0
 92
2
 72
0
 73
1
 93
6
 10
-0.0138
 20
0.3344
 10
-0.004
 20
0.3451
 10
0.0162
 20
0.3629
 10
0.0065
 20
0.3578
 10
-0.0032
 20
0.3534
 10
-0.0132
 20
0.3505
 97
0
 92
2
 72
0
 73
1
 93
5
 10
-0.0148
 20
0.3102
 10
-0.007
 20
0.3204
 10
0.0073
 20
0.336
 10
-0.0046
 20
0.329
 10
-0.0143
 20
0.325
 97
0
 92
2
 72
0
 73
1
 93
5
 10
-0.0068
 20
0.2442
 10
0.0015
 20
0.2538
 10
-0.0065
 20
0.2497
 10
-0.0153
 20
0.2467
 10
-0.0151
 20
0.233
 97
0
 92
2
 72
0
 73
1
 93
5
 10
-0.0329
 20
0.2222
 10
-0.0419
 20
0.2261
 10
-0.035
 20
0.2191
 10
-0.0244
 20
0.2066
 10
-0.0248
 20
0.2202
 97
0
 92
2
 72
0
 73
1
 93
5
 10
-0.0284
 20
0.1693
 10
-0.0421
 20
0.1759
 10
-0.0314
 20
0.1669
 10
-0.022
 20
0.1568
 10
-0.0226
 20
0.168
 97
0
 92
3
 72
0
 73
1
 93
4
 10
-0.0801
 20
0.2097
 10
-0.0837
 20
0.2138
 10
-0.0811
 20
0.2236
 10
-0.0761
 20
0.2203
 97
0
 92
3
 72
0
 73
1
 93
4
 10
-0.0954
 20
0.2288
 10
-0.1005
 20
0.2355
 10
-0.1032
 20
0.2389
 10
-0.0941
 20
0.2323
 97
0
 92
3
 72
0
 73
1
 93
4
 10
-0.0715
 20
0.2323
 10
-0.0774
 20
0.2396
 10
-0.0725
 20
0.2666
 10
-0.0612
 20
0.2587
 97
0
 92
3
 72
0
 73
1
 93
4
 10
-0.0867
 20
0.2523
 10
-0.0983
 20
0.2696
 10
-0.0967
 20
0.2833
 10
-0.0791
 20
0.2711
 97
0
 92
3
 72
0
 73
1
 93
5
 10
-0.1107
 20
0.2832
 10
-0.1097
 20
0.2885
 10
-0.1092
 20
0.292
 10
-0.1057
 20
0.2895
 10
-0.1083
 20
0.2805
 97
0
 92
3
 72
0
 73
1
 93
4
 10
-0.121
 20
0.2956
 10
-0.1301
 20
0.3069
 10
-0.13
 20
0.3076
 10
-0.1197
 20
0.2996
 97
0
 92
3
 72
0
 73
1
 93
4
 10
-0.077
 20
0.2766
 10
-0.0958
 20
0.2942
 10
-0.0946
 20
0.3108
 10
-0.0709
 20
0.2931
 97
0
 92
3
 72
0
 73
1
 93
4
 10
-0.1023
 20
0.3011
 10
-0.1071
 20
0.3063
 10
-0.1055
 20
0.3191
 10
-0.0987
 20
0.3139
 97
0
 92
3
 72
0
 73
1
 93
4
 10
-0.1145
 20
0.315
 10
-0.1279
 20
0.3318
 10
-0.1275
 20
0.3365
 10
-0.1116
 20
0.3238
 97
0
 75
1
 76
1
 98
0
  0
HATCH
  5
BD
330
B3
100
AcDbEntity
  8
VEG-RELLENO
 62
73
420
7644252
100
AcDbHatch
 10
0.0
 20
0.0
 30
0.0
210
0.0
220
0.0
230
1.0
  2
SOLID
 70
1
 71
0
 91
13
 92
3
 72
0
 73
1
 93
401
 10
0.3024
 20
-0.0098
 10
0.3282
 20
-0.0404
 10
0.366
 20
-0.0905
 10
0.3688
 20
-0.0929
 10
0.367
 20
-0.0919
 10
0.3709
 20
-0.0969
 10
0.3854
 20
-0.1149
 10
0.3582
 20
-0.0926
 10
0.338
 20
-0.0745
 10
0.3119
 20
-0.0568
 10
0.3003
 20
-0.0479
 10
0.2894
 20
-0.0386
 10
0.2751
 20
-0.0247
 10
0.2676
 20
-0.016
 10
0.2621
 20
-0.0084
 10
0.258
 20
-0.0006
 10
0.2432
 20
-0.0007
 10
0.2578
 20
-0.0123
 10
0.2753
 20
-0.0293
 10
0.3307
 20
-0.0893
 10
0.295
 20
-0.0661
 10
0.2792
 20
-0.0543
 10
0.2637
 20
-0.0413
 10
0.2544
 20
-0.0324
 10
0.2431
 20
-0.0194
 10
0.2351
 20
-0.008
 10
0.2317
 20
-0.0008
 10
0.2171
 20
-0.001
 10
0.2293
 20
-0.0109
 10
0.2446
 20
-0.0266
 10
0.2918
 20
-0.0827
 10
0.2603
 20
-0.0611
 10
0.2416
 20
-0.0464
 10
0.2326
 20
-0.0382
 10
0.2581
 20
-0.0672
 10
0.2295
 20
-0.0504
 10
0.2125
 20
-0.0388
 10
0.2006
 20
-0.0289
 10
0.1905
 20
-0.0188
 10
0.1854
 20
-0.0124
 10
0.1817
 20
-0.0067
 10
0.1794
 20
-0.0015
 10
0.1671
 20
-0.0016
 10
0.1775
 20
-0.0106
 10
0.1884
 20
-0.0229
 10
0.2142
 20
-0.0582
 10
0.1877
 20
-0.0413
 10
0.1775
 20
-0.0337
 10
0.1711
 20
-0.0281
 10
0.1604
 20
-0.0165
 10
0.1566
 20
-0.011
 10
0.1541
 20
-0.0059
 10
0.1528
 20
-0.0018
 10
0.1431
 20
-0.002
 10
0.1498
 20
-0.0085
 10
0.1535
 20
-0.013
 10
0.1696
 20
-0.039
 10
0.1476
 20
-0.0273
 10
0.138
 20
-0.0203
 10
0.1307
 20
-0.0124
 10
0.1282
 20
-0.0084
 10
0.1263
 20
-0.0023
 10
0.0196
 20
-0.0045
 10
0.0177
 20
-0.004
 10
0.0162
 20
-0.0028
 10
0.0152
 20
-0.0011
 10
0.015
 20
0.0009
 10
0.0155
 20
0.0027
 10
0.0167
 20
0.0043
 10
0.0199
 20
0.0055
 10
0.1255
 20
0.0077
 10
0.1264
 20
0.0139
 10
0.1281
 20
0.0182
 10
0.1307
 20
0.0228
 10
0.1381
 20
0.0316
 10
0.1469
 20
0.0394
 10
0.1536
 20
0.0444
 10
0.1595
 20
0.044
 10
0.1506
 20
0.0225
 10
0.1446
 20
0.0129
 10
0.1401
 20
0.008
 10
0.1526
 20
0.0082
 10
0.1537
 20
0.0123
 10
0.156
 20
0.0174
 10
0.1595
 20
0.0232
 10
0.1696
 20
0.0352
 10
0.1791
 20
0.0439
 10
0.1925
 20
0.044
 10
0.1831
 20
0.0471
 10
0.2048
 20
0.0625
 10
0.2085
 20
0.0626
 10
0.1921
 20
0.0377
 10
0.1821
 20
0.0241
 10
0.1717
 20
0.0127
 10
0.1666
 20
0.0084
 10
0.179
 20
0.0085
 10
0.1808
 20
0.0139
 10
0.184
 20
0.02
 10
0.1886
 20
0.0267
 10
0.1979
 20
0.0376
 10
0.2091
 20
0.0484
 10
0.2295
 20
0.0644
 10
0.2367
 20
0.0651
 10
0.2408
 20
0.0649
 10
0.2266
 20
0.0459
 10
0.2137
 20
0.0299
 10
0.2007
 20
0.0161
 10
0.1918
 20
0.0087
 10
0.2051
 20
0.0089
 10
0.2072
 20
0.0154
 10
0.2107
 20
0.0224
 10
0.2158
 20
0.0304
 10
0.226
 20
0.0434
 10
0.2383
 20
0.0565
 10
0.2469
 20
0.0645
 10
0.2629
 20
0.0641
 10
0.2499
 20
0.0463
 10
0.2353
 20
0.0281
 10
0.2283
 20
0.0203
 10
0.2161
 20
0.009
 10
0.2314
 20
0.0092
 10
0.2343
 20
0.0166
 10
0.2386
 20
0.0242
 10
0.2446
 20
0.0328
 10
0.2521
 20
0.0421
 10
0.2658
 20
0.0563
 10
0.2742
 20
0.0641
 10
0.2797
 20
0.064
 10
0.2751
 20
0.0649
 10
0.291
 20
0.0781
 10
0.3025
 20
0.0867
 10
0.312
 20
0.0873
 10
0.2819
 20
0.0504
 10
0.2649
 20
0.0308
 10
0.2493
 20
0.0151
 10
0.2422
 20
0.0093
 10
0.2579
 20
0.0094
 10
0.2617
 20
0.0173
 10
0.267
 20
0.0252
 10
0.2742
 20
0.034
 10
0.2881
 20
0.0484
 10
0.3044
 20
0.0627
 10
0.3161
 20
0.0717
 10
0.3335
 20
0.0838
 10
0.3553
 20
0.1044
 10
0.3822
 20
0.1274
 10
0.3629
 20
0.1021
 10
0.367
 20
0.1046
 10
0.3601
 20
0.0982
 10
0.3179
 20
0.0395
 10
0.3019
 20
0.0198
 10
0.2918
 20
0.0097
 10
0.3096
 20
0.0098
 10
0.3133
 20
0.0191
 10
0.3221
 20
0.0334
 10
0.3346
 20
0.0498
 10
0.345
 20
0.0615
 10
0.3604
 20
0.0767
 10
0.3803
 20
0.0941
 10
0.3966
 20
0.1069
 10
0.4214
 20
0.1251
 10
0.401
 20
0.1024
 10
0.3475
 20
0.0388
 10
0.3295
 20
0.0194
 10
0.3187
 20
0.0098
 10
0.3361
 20
0.0099
 10
0.3408
 20
0.0191
 10
0.347
 20
0.0278
 10
0.3552
 20
0.0377
 10
0.3654
 20
0.0484
 10
0.377
 20
0.0594
 10
0.3898
 20
0.0701
 10
0.4161
 20
0.0895
 10
0.4339
 20
0.1011
 10
0.4609
 20
0.1173
 10
0.4424
 20
0.1006
 10
0.4121
 20
0.0707
 10
0.4271
 20
0.0831
 10
0.44
 20
0.0929
 10
0.4576
 20
0.1051
 10
0.4842
 20
0.1224
 10
0.4616
 20
0.1003
 10
0.4025
 20
0.038
 10
0.3828
 20
0.019
 10
0.3715
 20
0.0099
 10
0.388
 20
0.0099
 10
0.3925
 20
0.0193
 10
0.4025
 20
0.0332
 10
0.4164
 20
0.0492
 10
0.4278
 20
0.0605
 10
0.4447
 20
0.075
 10
0.4663
 20
0.0915
 10
0.4839
 20
0.1035
 10
0.5104
 20
0.1204
 10
0.4878
 20
0.0987
 10
0.4286
 20
0.0373
 10
0.4088
 20
0.0187
 10
0.3977
 20
0.0099
 10
0.414
 20
0.0099
 10
0.4186
 20
0.0189
 10
0.4285
 20
0.0324
 10
0.4424
 20
0.0478
 10
0.4538
 20
0.0586
 10
0.4704
 20
0.0725
 10
0.4918
 20
0.0882
 10
0.5092
 20
0.0996
 10
0.5355
 20
0.1157
 10
0.5213
 20
0.1028
 10
0.4981
 20
0.0797
 10
0.5211
 20
0.0975
 10
0.5503
 20
0.1179
 10
0.5302
 20
0.0964
 10
0.4773
 20
0.0363
 10
0.4593
 20
0.0182
 10
0.4493
 20
0.0098
 10
0.4657
 20
0.0097
 10
0.4693
 20
0.0179
 10
0.4777
 20
0.0305
 10
0.4897
 20
0.045
 10
0.4996
 20
0.0551
 10
0.5162
 20
0.0698
 10
0.5332
 20
0.0832
 10
0.5718
 20
0.1096
 10
0.5471
 20
0.0831
 10
0.5799
 20
0.1102
 10
0.5676
 20
0.0941
 10
0.5391
 20
0.0544
 10
0.5233
 20
0.0335
 10
0.5086
 20
0.0168
 10
0.5007
 20
0.0095
 10
0.5177
 20
0.0093
 10
0.5206
 20
0.0157
 10
0.528
 20
0.026
 10
0.5385
 20
0.0375
 10
0.5471
 20
0.0455
 10
0.5616
 20
0.0569
 10
0.5764
 20
0.0671
 10
0.6098
 20
0.0871
 10
0.576
 20
0.0513
 10
0.5901
 20
0.0625
 10
0.6181
 20
0.0816
 10
0.5914
 20
0.047
 10
0.5781
 20
0.0308
 10
0.5649
 20
0.0168
 10
0.5553
 20
0.0089
 10
0.5689
 20
0.0088
 10
0.5704
 20
0.013
 10
0.5732
 20
0.018
 10
0.5772
 20
0.0235
 10
0.5884
 20
0.0351
 10
0.5952
 20
0.0406
 10
0.6059
 20
0.0481
 10
0.6336
 20
0.0646
 10
0.6058
 20
0.0295
 10
0.5943
 20
0.0172
 10
0.5837
 20
0.0086
 10
0.5945
 20
0.0084
 10
0.5968
 20
0.015
 10
0.5996
 20
0.0191
 10
0.6077
 20
0.0273
 10
0.618
 20
0.0346
 10
0.6415
 20
0.0467
 10
0.6232
 20
0.0199
 10
0.6192
 20
0.0152
 10
0.6115
 20
0.0082
 10
0.6169
 20
0.008
 10
0.6194
 20
0.0066
 10
0.6208
 20
0.0035
 10
0.6199
 20
0.0003
 10
0.6185
 20
-0.0011
 10
0.6167
 20
-0.0018
 10
0.6087
 20
-0.0018
 10
0.6138
 20
-0.0069
 10
0.6206
 20
-0.0168
 10
0.6348
 20
-0.046
 10
0.6133
 20
-0.0306
 10
0.6042
 20
-0.022
 10
0.5973
 20
-0.0127
 10
0.5952
 20
-0.0082
 10
0.5938
 20
-0.0016
 10
0.58
 20
-0.0014
 10
0.5867
 20
-0.0081
 10
0.5959
 20
-0.0209
 10
0.6045
 20
-0.0359
 10
0.6207
 20
-0.068
 10
0.5969
 20
-0.0466
 10
0.5879
 20
-0.0373
 10
0.5823
 20
-0.0306
 10
0.5734
 20
-0.0171
 10
0.5705
 20
-0.011
 10
0.5687
 20
-0.0055
 10
0.5681
 20
-0.0012
 10
0.5536
 20
-0.001
 10
0.5634
 20
-0.0109
 10
0.575
 20
-0.0262
 10
0.5863
 20
-0.0438
 10
0.6087
 20
-0.0812
 10
0.5796
 20
-0.0555
 10
0.5686
 20
-0.0443
 10
0.5616
 20
-0.0363
 10
0.5555
 20
-0.0281
 10
0.5503
 20
-0.0203
 10
0.5464
 20
-0.0129
 10
0.5438
 20
-0.0065
 10
0.5425
 20
-0.0009
 10
0.5283
 20
-0.0008
 10
0.5406
 20
-0.0121
 10
0.5551
 20
-0.0288
 10
0.5996
 20
-0.0881
 10
0.569
 20
-0.0644
 10
0.5556
 20
-0.0526
 10
0.5425
 20
-0.0398
 10
0.5348
 20
-0.0309
 10
0.5256
 20
-0.0183
 10
0.5194
 20
-0.0073
 10
0.5171
 20
-0.0007
 10
0.5025
 20
-0.0005
 10
0.5172
 20
-0.0133
 10
0.5342
 20
-0.0311
 10
0.5768
 20
-0.0819
 10
0.5874
 20
-0.0938
 10
0.5525
 20
-0.0689
 10
0.5371
 20
-0.0564
 10
0.5221
 20
-0.0427
 10
0.513
 20
-0.0332
 10
0.5022
 20
-0.0197
 10
0.4946
 20
-0.0079
 10
0.4915
 20
-0.0005
 10
0.4752
 20
-0.0003
 10
0.4841
 20
-0.0082
 10
0.5005
 20
-0.0258
 10
0.5185
 20
-0.0476
 10
0.5539
 20
-0.0927
 10
0.565
 20
-0.1059
 10
0.5285
 20
-0.0773
 10
0.5125
 20
-0.063
 10
0.4969
 20
-0.0474
 10
0.4876
 20
-0.0368
 10
0.4764
 20
-0.0217
 10
0.4686
 20
-0.0086
 10
0.4654
 20
-0.0003
 10
0.4492
 20
-0.0002
 10
0.4591
 20
-0.0088
 10
0.4768
 20
-0.0272
 10
0.4963
 20
-0.0499
 10
0.5319
 20
-0.0929
 10
0.5474
 20
-0.1102
 10
0.5082
 20
-0.0806
 10
0.4909
 20
-0.0657
 10
0.4741
 20
-0.0495
 10
0.4641
 20
-0.0384
 10
0.4519
 20
-0.0227
 10
0.4433
 20
-0.009
 10
0.4396
 20
-0.0002
 10
0.4224
 20
-0.0001
 10
0.4332
 20
-0.0101
 10
0.4509
 20
-0.0299
 10
0.5063
 20
-0.1
 10
0.5218
 20
-0.1184
 10
0.5058
 20
-0.1058
 10
0.5102
 20
-0.1097
 10
0.484
 20
-0.0928
 10
0.4666
 20
-0.0809
 10
0.4538
 20
-0.0714
 10
0.4394
 20
-0.0598
 10
0.4703
 20
-0.0898
 10
0.4888
 20
-0.1064
 10
0.4564
 20
-0.0869
 10
0.4263
 20
-0.0664
 10
0.4045
 20
-0.0491
 10
0.3925
 20
-0.0383
 10
0.3821
 20
-0.0277
 10
0.3736
 20
-0.0179
 10
0.3672
 20
-0.0092
 10
0.3622
 20
-0.0001
 10
0.3464
 20
-0.0001
 10
0.3572
 20
-0.0081
 10
0.3775
 20
-0.0261
 10
0.4377
 20
-0.0859
 10
0.4604
 20
-0.1071
 10
0.4339
 20
-0.0907
 10
0.4162
 20
-0.0792
 10
0.3945
 20
-0.0633
 10
0.3774
 20
-0.0492
 10
0.3657
 20
-0.0384
 10
0.3514
 20
-0.0229
 10
0.341
 20
-0.0093
 10
0.3361
 20
-0.0001
 10
0.3205
 20
-0.0002
 10
0.3308
 20
-0.0078
 10
0.3506
 20
-0.0253
 10
0.4136
 20
-0.0882
 10
0.4312
 20
-0.1046
 10
0.3881
 20
-0.0774
 10
0.3669
 20
-0.0619
 10
0.3502
 20
-0.0482
 10
0.3389
 20
-0.0376
 10
0.3249
 20
-0.0224
 10
0.3148
 20
-0.0091
 10
0.3101
 20
-0.0002
 10
0.2923
 20
-0.0003
 97
0
 92
2
 72
0
 73
1
 93
5
 10
0.2899
 20
0.0267
 10
0.2771
 20
0.0155
 10
0.2691
 20
0.0095
 10
0.2832
 20
0.0096
 10
0.286
 20
0.0187
 97
0
 92
2
 72
0
 73
1
 93
6
 10
0.4397
 20
0.0098
 10
0.4434
 20
0.0187
 10
0.4487
 20
0.0273
 10
0.4559
 20
0.0372
 10
0.4347
 20
0.0178
 10
0.4242
 20
0.0099
 97
0
 92
2
 72
0
 73
1
 93
6
 10
0.4911
 20
0.0095
 10
0.4935
 20
0.0172
 10
0.4974
 20
0.0251
 10
0.5028
 20
0.0341
 10
0.4848
 20
0.0166
 10
0.476
 20
0.0096
 97
0
 92
2
 72
0
 73
1
 93
6
 10
0.5431
 20
0.0091
 10
0.5449
 20
0.0145
 10
0.5482
 20
0.0206
 10
0.5541
 20
0.029
 10
0.5422
 20
0.0182
 10
0.5302
 20
0.0092
 97
0
 92
2
 72
0
 73
1
 93
5
 10
0.398
 20
-0.0001
 10
0.409
 20
-0.0085
 10
0.4254
 20
-0.0237
 10
0.4171
 20
-0.0095
 10
0.4135
 20
-0.0001
 97
0
 92
2
 72
0
 73
1
 93
6
 10
0.3726
 20
-0.0001
 10
0.3933
 20
-0.0162
 10
0.4091
 20
-0.0306
 10
0.3957
 20
-0.0137
 10
0.3927
 20
-0.0093
 10
0.388
 20
-0.0001
 97
0
 92
2
 72
0
 73
1
 93
5
 10
0.2696
 20
-0.0005
 10
0.2862
 20
-0.013
 10
0.2906
 20
-0.017
 10
0.2866
 20
-0.0094
 10
0.2834
 20
-0.0004
 97
0
 92
2
 72
0
 73
1
 93
7
 10
0.2016
 20
-0.0072
 10
0.2085
 20
-0.0131
 10
0.2177
 20
-0.0221
 10
0.212
 20
-0.0143
 10
0.208
 20
-0.0075
 10
0.2054
 20
-0.0011
 10
0.1933
 20
-0.0013
 97
0
 92
2
 72
0
 73
1
 93
7
 10
0.3664
 20
0.0194
 10
0.3723
 20
0.0284
 10
0.3839
 20
0.0427
 10
0.3667
 20
0.0264
 10
0.3571
 20
0.0181
 10
0.3462
 20
0.0099
 10
0.3619
 20
0.0099
 97
0
 92
3
 72
0
 73
1
 93
4
 10
0.2432
 20
0.0737
 10
0.2494
 20
0.0778
 10
0.2528
 20
0.0802
 10
0.2467
 20
0.0727
 97
0
 92
3
 72
0
 73
1
 93
4
 10
0.2539
 20
0.0705
 10
0.2729
 20
0.0856
 10
0.2786
 20
0.0857
 10
0.2653
 20
0.0674
 97
0
 92
3
 72
0
 73
1
 93
4
 10
0.3058
 20
0.0891
 10
0.3187
 20
0.0982
 10
0.3212
 20
0.0982
 10
0.3127
 20
0.0882
 97
0
 75
1
 76
1
 98
0
  0
HATCH
  5
BE
330
B3
100
AcDbEntity
  8
VEG-RELLENO
 62
73
420
7710044
100
AcDbHatch
 10
0.0
 20
0.0
 30
0.0
210
0.0
220
0.0
230
1.0
  2
SOLID
 70
1
 71
0
 91
10
 92
3
 72
0
 73
1
 93
384
 10
0.2242
 20
-0.2391
 10
0.2216
 20
-0.2594
 10
0.2191
 20
-0.2745
 10
0.2063
 20
-0.3376
 10
0.2061
 20
-0.347
 10
0.2053
 20
-0.3423
 10
0.2001
 20
-0.3704
 10
0.1995
 20
-0.3342
 10
0.1998
 20
-0.3098
 10
0.1965
 20
-0.2843
 10
0.1952
 20
-0.2689
 10
0.1944
 20
-0.2533
 10
0.1944
 20
-0.2383
 10
0.1952
 20
-0.2245
 10
0.1966
 20
-0.2123
 10
0.1985
 20
-0.2024
 10
0.2016
 20
-0.1933
 10
0.1888
 20
-0.1803
 10
0.1886
 20
-0.1936
 10
0.1854
 20
-0.2176
 10
0.1798
 20
-0.2455
 10
0.163
 20
-0.3182
 10
0.163
 20
-0.2774
 10
0.1583
 20
-0.2415
 10
0.1566
 20
-0.2121
 10
0.1535
 20
-0.2577
 10
0.1457
 20
-0.2203
 10
0.1422
 20
-0.1967
 10
0.141
 20
-0.1787
 10
0.1411
 20
-0.162
 10
0.1421
 20
-0.1525
 10
0.1437
 20
-0.1447
 10
0.1461
 20
-0.1381
 10
0.1362
 20
-0.1286
 10
0.1377
 20
-0.1403
 10
0.1376
 20
-0.1595
 10
0.1359
 20
-0.1802
 10
0.1304
 20
-0.2232
 10
0.1235
 20
-0.1855
 10
0.1216
 20
-0.17
 10
0.121
 20
-0.1595
 10
0.1217
 20
-0.14
 10
0.1229
 20
-0.1318
 10
0.1247
 20
-0.1251
 10
0.127
 20
-0.1198
 10
0.1165
 20
-0.1099
 10
0.117
 20
-0.1187
 10
0.1156
 20
-0.1342
 10
0.1121
 20
-0.1508
 10
0.1029
 20
-0.1851
 10
0.0994
 20
-0.1539
 10
0.0988
 20
-0.1412
 10
0.099
 20
-0.1326
 10
0.1011
 20
-0.1168
 10
0.103
 20
-0.1103
 10
0.1052
 20
-0.1051
 10
0.1074
 20
-0.1015
 10
0.1011
 20
-0.0956
 10
0.1016
 20
-0.1043
 10
0.1012
 20
-0.1101
 10
0.0993
 20
-0.1215
 10
0.0953
 20
-0.14
 10
0.0873
 20
-0.1167
 10
0.0849
 20
-0.1052
 10
0.0848
 20
-0.0944
 10
0.0857
 20
-0.0898
 10
0.0884
 20
-0.0839
 10
0.0535
 20
-0.0526
 10
0.0117
 20
-0.0164
 10
0.0106
 20
-0.0148
 10
0.0103
 20
-0.0129
 10
0.0107
 20
-0.0109
 10
0.0118
 20
-0.0093
 10
0.0134
 20
-0.0083
 10
0.0153
 20
-0.0079
 10
0.0185
 20
-0.0091
 10
0.0542
 20
-0.0399
 10
0.0951
 20
-0.0765
 10
0.1007
 20
-0.0732
 10
0.1052
 20
-0.0719
 10
0.116
 20
-0.0711
 10
0.1278
 20
-0.0725
 10
0.1521
 20
-0.0791
 10
0.1225
 20
-0.087
 10
0.1167
 20
-0.0879
 10
0.1077
 20
-0.0881
 10
0.1144
 20
-0.0943
 10
0.118
 20
-0.0919
 10
0.1231
 20
-0.0895
 10
0.1296
 20
-0.0875
 10
0.1372
 20
-0.086
 10
0.1455
 20
-0.0851
 10
0.1542
 20
-0.0849
 10
0.1671
 20
-0.0855
 10
0.1991
 20
-0.0897
 10
0.1642
 20
-0.0984
 10
0.1475
 20
-0.1018
 10
0.1319
 20
-0.1035
 10
0.1239
 20
-0.1032
 10
0.1336
 20
-0.1123
 10
0.1385
 20
-0.1093
 10
0.1449
 20
-0.1066
 10
0.1529
 20
-0.1043
 10
0.1622
 20
-0.1025
 10
0.1724
 20
-0.1014
 10
0.1884
 20
-0.1009
 10
0.2042
 20
-0.1016
 10
0.2382
 20
-0.1054
 10
0.1745
 20
-0.1181
 10
0.1554
 20
-0.1203
 10
0.1418
 20
-0.1201
 10
0.1524
 20
-0.1303
 10
0.1583
 20
-0.1265
 10
0.1656
 20
-0.1232
 10
0.1747
 20
-0.1203
 10
0.1853
 20
-0.1177
 10
0.197
 20
-0.1158
 10
0.2156
 20
-0.1142
 10
0.2338
 20
-0.1139
 10
0.2734
 20
-0.1161
 10
0.2551
 20
-0.1197
 10
0.2119
 20
-0.1299
 10
0.1886
 20
-0.1345
 10
0.1686
 20
-0.137
 10
0.1593
 20
-0.137
 10
0.1716
 20
-0.149
 10
0.179
 20
-0.1457
 10
0.1928
 20
-0.1424
 10
0.2102
 20
-0.1403
 10
0.2235
 20
-0.1399
 10
0.2443
 20
-0.1409
 10
0.2645
 20
-0.1432
 10
0.308
 20
-0.1515
 10
0.2872
 20
-0.1522
 10
0.2113
 20
-0.1574
 10
0.1888
 20
-0.1573
 10
0.1791
 20
-0.1564
 10
0.1903
 20
-0.1676
 10
0.1988
 20
-0.1647
 10
0.2083
 20
-0.1629
 10
0.2198
 20
-0.1617
 10
0.233
 20
-0.1614
 10
0.2549
 20
-0.1626
 10
0.2699
 20
-0.1645
 10
0.2845
 20
-0.167
 10
0.3047
 20
-0.1715
 10
0.3271
 20
-0.1776
 10
0.3655
 20
-0.1842
 10
0.3355
 20
-0.1852
 10
0.2694
 20
-0.1908
 10
0.2408
 20
-0.1927
 10
0.2287
 20
-0.1929
 10
0.2145
 20
-0.1922
 10
0.2269
 20
-0.205
 10
0.2366
 20
-0.2021
 10
0.247
 20
-0.2005
 10
0.2598
 20
-0.1996
 10
0.2744
 20
-0.1996
 10
0.2902
 20
-0.2007
 10
0.3066
 20
-0.2027
 10
0.323
 20
-0.2056
 10
0.3387
 20
-0.2091
 10
0.3592
 20
-0.2147
 10
0.3894
 20
-0.2241
 10
0.3647
 20
-0.2214
 10
0.327
 20
-0.2191
 10
0.3428
 20
-0.2214
 10
0.3663
 20
-0.2262
 10
0.4111
 20
-0.2383
 10
0.3912
 20
-0.2365
 10
0.3654
 20
-0.2353
 10
0.2785
 20
-0.2334
 10
0.2657
 20
-0.2326
 10
0.2512
 20
-0.2306
 10
0.2626
 20
-0.2429
 10
0.2726
 20
-0.2398
 10
0.2832
 20
-0.2382
 10
0.3037
 20
-0.2371
 10
0.3274
 20
-0.2382
 10
0.3442
 20
-0.2402
 10
0.361
 20
-0.2431
 10
0.3917
 20
-0.2504
 10
0.429
 20
-0.2618
 10
0.4091
 20
-0.2594
 10
0.3807
 20
-0.2574
 10
0.4073
 20
-0.2623
 10
0.4447
 20
-0.2715
 10
0.4303
 20
-0.2705
 10
0.4067
 20
-0.27
 10
0.3135
 20
-0.2706
 10
0.3009
 20
-0.2701
 10
0.2859
 20
-0.2685
 10
0.2973
 20
-0.2811
 10
0.3066
 20
-0.2777
 10
0.3229
 20
-0.2748
 10
0.3433
 20
-0.2734
 10
0.3588
 20
-0.2736
 10
0.3829
 20
-0.2757
 10
0.4064
 20
-0.2794
 10
0.4267
 20
-0.2837
 10
0.4567
 20
-0.2914
 10
0.4262
 20
-0.29
 10
0.3297
 20
-0.2903
 10
0.3174
 20
-0.2897
 10
0.3034
 20
-0.288
 10
0.3145
 20
-0.3006
 10
0.3233
 20
-0.2975
 10
0.3388
 20
-0.295
 10
0.3582
 20
-0.2939
 10
0.3729
 20
-0.2944
 10
0.3958
 20
-0.2968
 10
0.418
 20
-0.3007
 10
0.4373
 20
-0.3051
 10
0.4656
 20
-0.3128
 10
0.4366
 20
-0.3114
 10
0.3582
 20
-0.311
 10
0.3333
 20
-0.3097
 10
0.3208
 20
-0.3079
 10
0.3316
 20
-0.3204
 10
0.3397
 20
-0.3179
 10
0.3487
 20
-0.3165
 10
0.3597
 20
-0.3158
 10
0.3723
 20
-0.316
 10
0.393
 20
-0.318
 10
0.4141
 20
-0.3218
 10
0.4276
 20
-0.3251
 10
0.4452
 20
-0.3301
 10
0.4712
 20
-0.3385
 10
0.463
 20
-0.3376
 10
0.4749
 20
-0.3399
 10
0.4597
 20
-0.3408
 10
0.4097
 20
-0.346
 10
0.385
 20
-0.3479
 10
0.364
 20
-0.348
 10
0.3541
 20
-0.347
 10
0.3648
 20
-0.3598
 10
0.3707
 20
-0.3576
 10
0.3778
 20
-0.3562
 10
0.3865
 20
-0.3553
 10
0.3965
 20
-0.3553
 10
0.4073
 20
-0.356
 10
0.4242
 20
-0.3585
 10
0.4404
 20
-0.3621
 10
0.4751
 20
-0.3724
 10
0.4065
 20
-0.3728
 10
0.3862
 20
-0.3715
 10
0.3724
 20
-0.369
 10
0.3809
 20
-0.3795
 10
0.3853
 20
-0.3775
 10
0.3912
 20
-0.3758
 10
0.3984
 20
-0.3746
 10
0.4067
 20
-0.3741
 10
0.4158
 20
-0.3743
 10
0.4251
 20
-0.3752
 10
0.4435
 20
-0.3784
 10
0.4727
 20
-0.3861
 10
0.4341
 20
-0.3899
 10
0.4157
 20
-0.3911
 10
0.3987
 20
-0.3907
 10
0.3887
 20
-0.3891
 10
0.3973
 20
-0.3999
 10
0.4002
 20
-0.3985
 10
0.4047
 20
-0.3973
 10
0.4103
 20
-0.3967
 10
0.4233
 20
-0.3976
 10
0.4302
 20
-0.399
 10
0.4436
 20
-0.4033
 10
0.4649
 20
-0.412
 10
0.4285
 20
-0.4144
 10
0.415
 20
-0.4138
 10
0.407
 20
-0.4122
 10
0.414
 20
-0.4211
 10
0.415
 20
-0.4234
 10
0.415
 20
-0.4253
 10
0.4142
 20
-0.4271
 10
0.4128
 20
-0.4284
 10
0.4104
 20
-0.4292
 10
0.4085
 20
-0.429
 10
0.4065
 20
-0.4277
 10
0.3981
 20
-0.417
 10
0.397
 20
-0.4268
 10
0.3933
 20
-0.4397
 10
0.3788
 20
-0.4729
 10
0.3779
 20
-0.4437
 10
0.3791
 20
-0.4297
 10
0.3823
 20
-0.4171
 10
0.3845
 20
-0.4121
 10
0.3871
 20
-0.4081
 10
0.3892
 20
-0.4058
 10
0.3819
 20
-0.3966
 10
0.3818
 20
-0.4053
 10
0.3795
 20
-0.422
 10
0.3751
 20
-0.4398
 10
0.3641
 20
-0.4764
 10
0.3622
 20
-0.4427
 10
0.3623
 20
-0.4289
 10
0.363
 20
-0.4196
 10
0.366
 20
-0.4027
 10
0.3682
 20
-0.3958
 10
0.3707
 20
-0.3902
 10
0.3734
 20
-0.3861
 10
0.3653
 20
-0.3762
 10
0.3656
 20
-0.3891
 10
0.3635
 20
-0.4092
 10
0.3595
 20
-0.4308
 10
0.3497
 20
-0.4754
 10
0.3467
 20
-0.4352
 10
0.3464
 20
-0.4187
 10
0.3469
 20
-0.4076
 10
0.3497
 20
-0.3872
 10
0.3518
 20
-0.3787
 10
0.3543
 20
-0.3719
 10
0.3573
 20
-0.3664
 10
0.3471
 20
-0.3542
 10
0.3468
 20
-0.3632
 10
0.3457
 20
-0.3729
 10
0.3413
 20
-0.3955
 10
0.3349
 20
-0.4197
 10
0.3205
 20
-0.4696
 10
0.3216
 20
-0.4238
 10
0.3232
 20
-0.4051
 10
0.3249
 20
-0.3925
 10
0.3273
 20
-0.3805
 10
0.3316
 20
-0.3649
 10
0.3365
 20
-0.3526
 10
0.3405
 20
-0.3463
 10
0.3296
 20
-0.3334
 10
0.3288
 20
-0.3453
 10
0.3271
 20
-0.356
 10
0.3214
 20
-0.3808
 10
0.2972
 20
-0.462
 10
0.2997
 20
-0.4183
 10
0.3019
 20
-0.3981
 10
0.3044
 20
-0.3821
 10
0.2888
 20
-0.4546
 10
0.2884
 20
-0.4345
 10
0.2834
 20
-0.3955
 10
0.2813
 20
-0.3647
 10
0.2813
 20
-0.3413
 10
0.2827
 20
-0.3197
 10
0.2845
 20
-0.3074
 10
0.2868
 20
-0.2974
 10
0.2902
 20
-0.2882
 10
0.2792
 20
-0.2759
 10
0.2799
 20
-0.2899
 10
0.2787
 20
-0.3167
 10
0.2755
 20
-0.3481
 10
0.2681
 20
-0.4059
 10
0.2656
 20
-0.4299
 10
0.2612
 20
-0.3793
 10
0.2604
 20
-0.3529
 10
0.2608
 20
-0.3311
 10
0.2628
 20
-0.3083
 10
0.2661
 20
-0.2885
 10
0.2688
 20
-0.2782
 10
0.2727
 20
-0.2687
 10
0.2617
 20
-0.2566
 10
0.2625
 20
-0.2711
 10
0.2614
 20
-0.2983
 10
0.2585
 20
-0.3301
 10
0.2514
 20
-0.3888
 10
0.2492
 20
-0.4131
 10
0.2443
 20
-0.3618
 10
0.2433
 20
-0.3351
 10
0.2436
 20
-0.313
 10
0.2454
 20
-0.2898
 10
0.2486
 20
-0.2697
 10
0.2513
 20
-0.2593
 10
0.2552
 20
-0.2496
 10
0.2441
 20
-0.2377
 10
0.2451
 20
-0.2519
 10
0.2445
 20
-0.2791
 10
0.2419
 20
-0.3108
 10
0.2357
 20
-0.3694
 10
0.2338
 20
-0.3938
 10
0.2283
 20
-0.3427
 10
0.2269
 20
-0.316
 10
0.2268
 20
-0.2941
 10
0.2283
 20
-0.2709
 10
0.2312
 20
-0.2508
 10
0.2337
 20
-0.2404
 10
0.2375
 20
-0.2307
 10
0.2251
 20
-0.2176
 10
0.2253
 20
-0.2226
 97
0
 92
2
 72
0
 73
1
 93
5
 10
0.2302
 20
-0.1783
 10
0.2086
 20
-0.1769
 10
0.198
 20
-0.1753
 10
0.2083
 20
-0.1858
 10
0.2172
 20
-0.1818
 97
0
 92
2
 72
0
 73
1
 93
6
 10
0.2799
 20
-0.2618
 10
0.2896
 20
-0.2583
 10
0.3
 20
-0.2561
 10
0.3133
 20
-0.2544
 10
0.2833
 20
-0.2522
 10
0.2691
 20
-0.25
 97
0
 92
2
 72
0
 73
1
 93
5
 10
0.348
 20
-0.3396
 10
0.3547
 20
-0.3364
 10
0.3688
 20
-0.3328
 10
0.3484
 20
-0.3305
 10
0.3386
 20
-0.3285
 97
0
 92
2
 72
0
 73
1
 93
7
 10
0.3131
 20
-0.3143
 10
0.3119
 20
-0.3386
 10
0.3063
 20
-0.3726
 10
0.3116
 20
-0.3522
 10
0.3153
 20
-0.3419
 10
0.3191
 20
-0.3336
 10
0.3237
 20
-0.3265
 97
0
 92
2
 72
0
 73
1
 93
5
 10
0.2973
 20
-0.2962
 10
0.2984
 20
-0.3083
 10
0.2985
 20
-0.3272
 10
0.3026
 20
-0.3154
 10
0.3069
 20
-0.3072
 97
0
 92
2
 72
0
 73
1
 93
6
 10
0.2105
 20
-0.2128
 10
0.2112
 20
-0.2247
 10
0.2112
 20
-0.2302
 10
0.2146
 20
-0.2205
 10
0.2192
 20
-0.2114
 10
0.209
 20
-0.2009
 97
0
 92
2
 72
0
 73
1
 93
7
 10
0.1572
 20
-0.1618
 10
0.1577
 20
-0.1724
 10
0.1578
 20
-0.1836
 10
0.1595
 20
-0.1723
 10
0.1616
 20
-0.1637
 10
0.1646
 20
-0.1562
 10
0.155
 20
-0.1467
 97
0
 92
2
 72
0
 73
1
 93
6
 10
0.1734
 20
-0.1731
 10
0.1738
 20
-0.1835
 10
0.1737
 20
-0.195
 10
0.1783
 20
-0.182
 10
0.1827
 20
-0.1741
 10
0.1723
 20
-0.1638
 97
0
 92
2
 72
0
 73
1
 93
7
 10
0.2546
 20
-0.2205
 10
0.2652
 20
-0.2185
 10
0.2821
 20
-0.2171
 10
0.2596
 20
-0.2158
 10
0.2471
 20
-0.2145
 10
0.2339
 20
-0.2124
 10
0.2447
 20
-0.2237
 97
0
 75
1
 76
1
 98
0
  0
HATCH
  5
BF
330
B3
100
AcDbEntity
  8
VEG-RELLENO
 62
73
420
7710044
100
AcDbHatch
 10
0.0
 20
0.0
 30
0.0
210
0.0
220
0.0
230
1.0
  2
SOLID
 70
1
 71
0
 91
41
 92
3
 72
0
 73
1
 93
16
 10
0.3149
 20
0.2417
 10
0.3278
 20
0.24
 10
0.3349
 20
0.2381
 10
0.348
 20
0.2371
 10
0.3787
 20
0.2324
 10
0.4044
 20
0.2333
 10
0.4188
 20
0.2344
 10
0.3998
 20
0.2294
 10
0.4242
 20
0.2264
 10
0.4386
 20
0.2252
 10
0.4069
 20
0.2221
 10
0.3794
 20
0.2207
 10
0.3977
 20
0.2235
 10
0.3384
 20
0.2348
 10
0.3206
 20
0.2365
 10
0.3092
 20
0.2361
 97
0
 92
3
 72
0
 73
1
 93
9
 10
0.3443
 20
0.2178
 10
0.3257
 20
0.2157
 10
0.3072
 20
0.2175
 10
0.2896
 20
0.2176
 10
0.3005
 20
0.2278
 10
0.3049
 20
0.2251
 10
0.3109
 20
0.2226
 10
0.3183
 20
0.2205
 10
0.327
 20
0.2189
 97
0
 92
3
 72
0
 73
1
 93
6
 10
0.2734
 20
0.2161
 10
0.2638
 20
0.2178
 10
0.2636
 20
0.2285
 10
0.2712
 20
0.2295
 10
0.2725
 20
0.2243
 10
0.2752
 20
0.2178
 97
0
 92
3
 72
0
 73
1
 93
17
 10
0.2497
 20
0.2166
 10
0.2445
 20
0.2117
 10
0.244
 20
0.225
 10
0.2471
 20
0.2278
 10
0.246
 20
0.2299
 10
0.2429
 20
0.2405
 10
0.2384
 20
0.2796
 10
0.2382
 20
0.2913
 10
0.2392
 20
0.3133
 10
0.2418
 20
0.34
 10
0.2501
 20
0.3912
 10
0.2507
 20
0.3667
 10
0.2544
 20
0.3008
 10
0.2483
 20
0.3388
 10
0.2451
 20
0.2952
 10
0.2446
 20
0.2677
 10
0.2461
 20
0.2401
 97
0
 92
3
 72
0
 73
1
 93
5
 10
0.2445
 20
0.208
 10
0.2527
 20
0.2075
 10
0.256
 20
0.2002
 10
0.2499
 20
0.1948
 10
0.2442
 20
0.197
 97
0
 92
3
 72
0
 73
1
 93
6
 10
0.2755
 20
0.2045
 10
0.2974
 20
0.2006
 10
0.3115
 20
0.1978
 10
0.2923
 20
0.1995
 10
0.2814
 20
0.2
 10
0.2702
 20
0.1996
 97
0
 92
3
 72
0
 73
1
 93
3
 10
0.3823
 20
0.1843
 10
0.3941
 20
0.1827
 10
0.3534
 20
0.1809
 97
0
 92
3
 72
0
 73
1
 93
10
 10
0.3272
 20
0.18
 10
0.2907
 20
0.1761
 10
0.2642
 20
0.1802
 10
0.2496
 20
0.1811
 10
0.2628
 20
0.1929
 10
0.2705
 20
0.189
 10
0.2792
 20
0.1861
 10
0.29
 20
0.1835
 10
0.3026
 20
0.1815
 10
0.3164
 20
0.1803
 97
0
 92
3
 72
0
 73
1
 93
5
 10
0.2327
 20
0.1796
 10
0.2274
 20
0.1809
 10
0.2294
 20
0.1927
 10
0.2329
 20
0.1929
 10
0.2367
 20
0.1831
 97
0
 92
3
 72
0
 73
1
 93
23
 10
0.2149
 20
0.1841
 10
0.2098
 20
0.1794
 10
0.2117
 20
0.1969
 10
0.2135
 20
0.2287
 10
0.2159
 20
0.3117
 10
0.2073
 20
0.2761
 10
0.2006
 20
0.2435
 10
0.2007
 20
0.2592
 10
0.2022
 20
0.2823
 10
0.2038
 20
0.2971
 10
0.2116
 20
0.345
 10
0.2135
 20
0.3069
 10
0.2147
 20
0.3326
 10
0.218
 20
0.3689
 10
0.2206
 20
0.3451
 10
0.2277
 20
0.295
 10
0.2272
 20
0.2892
 10
0.2214
 20
0.2619
 10
0.2179
 20
0.2408
 10
0.2174
 20
0.244
 10
0.2176
 20
0.2386
 10
0.2157
 20
0.2222
 10
0.2147
 20
0.2072
 97
0
 92
3
 72
0
 73
1
 93
5
 10
0.2091
 20
0.1745
 10
0.2159
 20
0.1748
 10
0.2177
 20
0.1667
 10
0.2116
 20
0.1615
 10
0.2071
 20
0.1628
 97
0
 92
3
 72
0
 73
1
 93
6
 10
0.2462
 20
0.1732
 10
0.2608
 20
0.1665
 10
0.2784
 20
0.1613
 10
0.2456
 20
0.1645
 10
0.2307
 20
0.1646
 10
0.2411
 20
0.1737
 97
0
 92
3
 72
0
 73
1
 93
13
 10
0.195
 20
0.1658
 10
0.1886
 20
0.1599
 10
0.1904
 20
0.1797
 10
0.191
 20
0.195
 10
0.1917
 20
0.2924
 10
0.1839
 20
0.2569
 10
0.1879
 20
0.2859
 10
0.1938
 20
0.3183
 10
0.1944
 20
0.3012
 10
0.1988
 20
0.2326
 10
0.1963
 20
0.2143
 10
0.1949
 20
0.1984
 10
0.1944
 20
0.1837
 97
0
 92
3
 72
0
 73
1
 93
5
 10
0.1882
 20
0.1561
 10
0.1963
 20
0.1559
 10
0.1978
 20
0.1499
 10
0.1897
 20
0.1432
 10
0.1863
 20
0.1445
 97
0
 92
3
 72
0
 73
1
 93
8
 10
0.2177
 20
0.1535
 10
0.2423
 20
0.1492
 10
0.294
 20
0.1388
 10
0.3097
 20
0.1362
 10
0.3023
 20
0.1357
 10
0.239
 20
0.1453
 10
0.2262
 20
0.1467
 10
0.2105
 20
0.1474
 97
0
 92
3
 72
0
 73
1
 93
7
 10
0.241
 20
0.1283
 10
0.2207
 20
0.1257
 10
0.2056
 20
0.1286
 10
0.1898
 20
0.1303
 10
0.2038
 20
0.1419
 10
0.213
 20
0.1368
 10
0.2231
 20
0.133
 97
0
 92
3
 72
0
 73
1
 93
5
 10
0.1665
 20
0.1288
 10
0.1686
 20
0.1407
 10
0.1755
 20
0.1415
 10
0.1776
 20
0.1333
 10
0.1706
 20
0.1277
 97
0
 92
3
 72
0
 73
1
 93
22
 10
0.1547
 20
0.129
 10
0.1469
 20
0.122
 10
0.1559
 20
0.122
 10
0.1573
 20
0.1171
 10
0.1472
 20
0.1093
 10
0.1446
 20
0.1105
 10
0.1457
 20
0.1179
 10
0.1467
 20
0.1353
 10
0.1515
 20
0.1396
 10
0.1495
 20
0.1462
 10
0.1479
 20
0.1586
 10
0.1478
 20
0.174
 10
0.1488
 20
0.1855
 10
0.1505
 20
0.1975
 10
0.1553
 20
0.2206
 10
0.1653
 20
0.2566
 10
0.1703
 20
0.2891
 10
0.1726
 20
0.2636
 10
0.1626
 20
0.2211
 10
0.1573
 20
0.1918
 10
0.1541
 20
0.162
 10
0.1536
 20
0.1483
 97
0
 92
3
 72
0
 73
1
 93
8
 10
0.1765
 20
0.1196
 10
0.2083
 20
0.1125
 10
0.2277
 20
0.1066
 10
0.2371
 20
0.1045
 10
0.2321
 20
0.104
 10
0.1958
 20
0.1115
 10
0.184
 20
0.1134
 10
0.1701
 20
0.1145
 97
0
 92
3
 72
0
 73
1
 93
4
 10
0.1727
 20
0.1031
 10
0.1662
 20
0.1041
 10
0.1588
 20
0.1056
 10
0.1631
 20
0.109
 97
0
 92
3
 72
0
 73
1
 93
8
 10
0.1298
 20
0.1067
 10
0.1341
 20
0.107
 10
0.1363
 20
0.1009
 10
0.1263
 20
0.0933
 10
0.1257
 20
0.0935
 10
0.1292
 20
0.1074
 10
0.1314
 20
0.1215
 10
0.1333
 20
0.1098
 97
0
 92
3
 72
0
 73
1
 93
7
 10
0.1584
 20
0.1053
 10
0.1745
 20
0.1023
 10
0.1803
 20
0.0998
 10
0.1944
 20
0.0951
 10
0.1802
 20
0.0923
 10
0.1614
 20
0.0967
 10
0.1493
 20
0.0983
 97
0
 92
3
 72
0
 73
1
 93
3
 10
0.1459
 20
0.0898
 10
0.139
 20
0.0904
 10
0.1422
 20
0.0928
 97
0
 92
3
 72
0
 73
1
 93
12
 10
0.114
 20
0.0925
 10
0.1091
 20
0.0882
 10
0.1117
 20
0.1028
 10
0.1126
 20
0.1121
 10
0.114
 20
0.1603
 10
0.1045
 20
0.136
 10
0.1057
 20
0.1562
 10
0.1106
 20
0.1871
 10
0.1191
 20
0.149
 10
0.1156
 20
0.1313
 10
0.1141
 20
0.1199
 10
0.1133
 20
0.1093
 97
0
 92
3
 72
0
 73
1
 93
4
 10
0.1091
 20
0.0881
 10
0.1151
 20
0.0875
 10
0.1158
 20
0.0855
 10
0.1064
 20
0.0785
 97
0
 92
3
 72
0
 73
1
 93
5
 10
0.1391
 20
0.0691
 10
0.1236
 20
0.0689
 10
0.1126
 20
0.0707
 10
0.1216
 20
0.0773
 10
0.1274
 20
0.0736
 97
0
 92
3
 72
0
 73
1
 93
15
 10
0.0935
 20
0.0744
 10
0.0852
 20
0.067
 10
0.0854
 20
0.0744
 10
0.085
 20
0.0802
 10
0.0923
 20
0.0866
 10
0.0893
 20
0.0923
 10
0.0882
 20
0.0968
 10
0.0879
 20
0.1076
 10
0.0898
 20
0.1193
 10
0.097
 20
0.1431
 10
0.1012
 20
0.1265
 10
0.0976
 20
0.115
 10
0.0937
 20
0.0969
 10
0.0928
 20
0.0885
 10
0.0927
 20
0.0811
 97
0
 92
3
 72
0
 73
1
 93
10
 10
0.0716
 20
0.0552
 10
0.0632
 20
0.0479
 10
0.0137
 20
0.0148
 10
0.012
 20
0.0124
 10
0.0121
 20
0.009
 10
0.0111
 20
0.0101
 10
0.0102
 20
0.0134
 10
0.0116
 20
0.0165
 10
0.0687
 20
0.0659
 10
0.0696
 20
0.0599
 97
0
 92
3
 72
0
 73
1
 93
6
 10
0.1258
 20
0.1743
 10
0.1279
 20
0.1915
 10
0.134
 20
0.2239
 10
0.136
 20
0.2078
 10
0.1338
 20
0.1934
 10
0.1341
 20
0.2013
 97
0
 92
3
 72
0
 73
1
 93
9
 10
0.1731
 20
0.2594
 10
0.1774
 20
0.22
 10
0.1746
 20
0.1964
 10
0.1736
 20
0.1808
 10
0.1734
 20
0.1664
 10
0.1747
 20
0.1471
 10
0.1688
 20
0.1418
 10
0.1709
 20
0.1605
 10
0.1723
 20
0.19
 97
0
 92
3
 72
0
 73
1
 93
16
 10
0.266
 20
0.2457
 10
0.2626
 20
0.2556
 10
0.2597
 20
0.2726
 10
0.2581
 20
0.2939
 10
0.2581
 20
0.3099
 10
0.2593
 20
0.3321
 10
0.2623
 20
0.3591
 10
0.2714
 20
0.4106
 10
0.2718
 20
0.3794
 10
0.2742
 20
0.326
 10
0.2704
 20
0.2999
 10
0.2683
 20
0.2762
 10
0.2682
 20
0.2523
 10
0.27
 20
0.2357
 10
0.2636
 20
0.2296
 10
0.2627
 20
0.2426
 97
0
 92
3
 72
0
 73
1
 93
16
 10
0.2849
 20
0.2637
 10
0.2822
 20
0.2881
 10
0.2776
 20
0.3222
 10
0.2777
 20
0.3275
 10
0.2791
 20
0.3496
 10
0.2824
 20
0.3763
 10
0.292
 20
0.4274
 10
0.292
 20
0.4028
 10
0.2943
 20
0.3273
 10
0.2943
 20
0.3047
 10
0.2881
 20
0.3303
 10
0.2851
 20
0.2998
 10
0.2844
 20
0.2807
 10
0.2855
 20
0.2616
 10
0.2872
 20
0.252
 10
0.2851
 20
0.25
 97
0
 92
3
 72
0
 73
1
 93
162
 10
0.3037
 20
0.2818
 10
0.3007
 20
0.2914
 10
0.299
 20
0.3017
 10
0.2979
 20
0.3143
 10
0.2976
 20
0.3287
 10
0.2985
 20
0.3496
 10
0.3007
 20
0.3711
 10
0.3039
 20
0.3918
 10
0.3145
 20
0.4415
 10
0.3141
 20
0.4266
 10
0.3174
 20
0.4534
 10
0.3188
 20
0.4352
 10
0.3257
 20
0.3749
 10
0.3285
 20
0.345
 10
0.3295
 20
0.3195
 10
0.3286
 20
0.3058
 10
0.3405
 20
0.3175
 10
0.3369
 20
0.3257
 10
0.3342
 20
0.3348
 10
0.332
 20
0.3461
 10
0.3297
 20
0.3661
 10
0.329
 20
0.3879
 10
0.3302
 20
0.4167
 10
0.3351
 20
0.4628
 10
0.3374
 20
0.441
 10
0.3426
 20
0.4015
 10
0.3418
 20
0.4259
 10
0.3432
 20
0.4688
 10
0.3463
 20
0.4531
 10
0.3579
 20
0.4012
 10
0.3628
 20
0.3754
 10
0.3653
 20
0.3532
 10
0.3652
 20
0.3418
 10
0.3774
 20
0.3539
 10
0.3745
 20
0.3603
 10
0.3713
 20
0.3727
 10
0.3692
 20
0.3882
 10
0.3687
 20
0.4
 10
0.3688
 20
0.4123
 10
0.3706
 20
0.4363
 10
0.376
 20
0.4747
 10
0.3813
 20
0.4337
 10
0.3815
 20
0.4516
 10
0.3826
 20
0.4759
 10
0.3944
 20
0.4335
 10
0.3994
 20
0.413
 10
0.4025
 20
0.3939
 10
0.4028
 20
0.3793
 10
0.4135
 20
0.39
 10
0.411
 20
0.3937
 10
0.4085
 20
0.399
 10
0.4064
 20
0.4056
 10
0.4037
 20
0.4217
 10
0.4031
 20
0.4305
 10
0.4032
 20
0.4437
 10
0.4059
 20
0.476
 10
0.4161
 20
0.4409
 10
0.4202
 20
0.424
 10
0.4223
 20
0.4081
 10
0.4221
 20
0.3987
 10
0.4315
 20
0.4083
 10
0.4278
 20
0.4143
 10
0.4261
 20
0.4192
 10
0.4245
 20
0.431
 10
0.425
 20
0.4441
 10
0.4295
 20
0.4709
 10
0.4398
 20
0.439
 10
0.4419
 20
0.4267
 10
0.4419
 20
0.4189
 10
0.4485
 20
0.4256
 10
0.4502
 20
0.4265
 10
0.4522
 20
0.4267
 10
0.454
 20
0.4262
 10
0.4555
 20
0.425
 10
0.4565
 20
0.4233
 10
0.4566
 20
0.4208
 10
0.4559
 20
0.419
 10
0.4481
 20
0.4109
 10
0.4573
 20
0.4105
 10
0.4695
 20
0.4079
 10
0.5011
 20
0.3963
 10
0.4738
 20
0.3928
 10
0.4607
 20
0.3929
 10
0.449
 20
0.3951
 10
0.4442
 20
0.397
 10
0.4384
 20
0.401
 10
0.4297
 20
0.3921
 10
0.4384
 20
0.3927
 10
0.4544
 20
0.3915
 10
0.4716
 20
0.3884
 10
0.5075
 20
0.3804
 10
0.475
 20
0.3756
 10
0.4618
 20
0.3747
 10
0.4529
 20
0.3748
 10
0.4366
 20
0.3767
 10
0.4299
 20
0.3785
 10
0.4245
 20
0.3807
 10
0.4207
 20
0.3831
 10
0.4101
 20
0.3724
 10
0.4245
 20
0.3723
 10
0.4438
 20
0.3696
 10
0.5075
 20
0.3551
 10
0.4733
 20
0.3524
 10
0.4521
 20
0.3523
 10
0.4413
 20
0.353
 10
0.4311
 20
0.3544
 10
0.4218
 20
0.3564
 10
0.4138
 20
0.3588
 10
0.4073
 20
0.3616
 10
0.4024
 20
0.3647
 10
0.3914
 20
0.3537
 10
0.4001
 20
0.354
 10
0.4096
 20
0.3536
 10
0.4317
 20
0.3508
 10
0.5054
 20
0.3371
 10
0.4663
 20
0.3337
 10
0.4481
 20
0.3333
 10
0.4296
 20
0.3342
 10
0.4178
 20
0.3356
 10
0.4024
 20
0.3389
 10
0.3903
 20
0.343
 10
0.3842
 20
0.3465
 10
0.3726
 20
0.335
 10
0.3836
 20
0.3352
 10
0.4059
 20
0.3332
 10
0.432
 20
0.3292
 10
0.4846
 20
0.3197
 10
0.5006
 20
0.3175
 10
0.4572
 20
0.314
 10
0.4371
 20
0.3137
 10
0.4165
 20
0.3148
 10
0.4034
 20
0.3164
 10
0.3864
 20
0.32
 10
0.3729
 20
0.3245
 10
0.3658
 20
0.3283
 10
0.354
 20
0.3167
 10
0.3667
 20
0.317
 10
0.3908
 20
0.3151
 10
0.4716
 20
0.3033
 10
0.4937
 20
0.3009
 10
0.4672
 20
0.298
 10
0.4845
 20
0.2982
 10
0.4425
 20
0.2896
 10
0.4205
 20
0.2864
 10
0.397
 20
0.2845
 10
0.374
 20
0.2843
 10
0.3601
 20
0.2852
 10
0.3481
 20
0.2869
 10
0.3382
 20
0.2891
 10
0.3292
 20
0.2925
 10
0.3192
 20
0.2828
 10
0.3157
 20
0.2934
 10
0.322
 20
0.2994
 10
0.3182
 20
0.3083
 10
0.3144
 20
0.3243
 10
0.3129
 20
0.3009
 10
0.3075
 20
0.3148
 10
0.3042
 20
0.288
 10
0.3041
 20
0.275
 10
0.3048
 20
0.2689
 10
0.3019
 20
0.2662
 10
0.3002
 20
0.2783
 97
0
 92
2
 72
0
 73
1
 93
8
 10
0.3587
 20
0.3354
 10
0.3547
 20
0.3424
 10
0.3515
 20
0.3506
 10
0.3486
 20
0.3608
 10
0.346
 20
0.3726
 10
0.3479
 20
0.3477
 10
0.3481
 20
0.3364
 10
0.3473
 20
0.3241
 97
0
 92
2
 72
0
 73
1
 93
6
 10
0.3953
 20
0.3717
 10
0.3921
 20
0.3766
 10
0.3893
 20
0.383
 10
0.3857
 20
0.3951
 10
0.3864
 20
0.3786
 10
0.3854
 20
0.3618
 97
0
 92
2
 72
0
 73
1
 93
6
 10
0.3365
 20
0.2996
 10
0.3489
 20
0.3009
 10
0.3718
 20
0.3013
 10
0.3644
 20
0.3031
 10
0.3554
 20
0.3062
 10
0.3474
 20
0.3103
 97
0
 92
3
 72
0
 73
1
 93
23
 10
0.3198
 20
0.2805
 10
0.3316
 20
0.2805
 10
0.3581
 20
0.2784
 10
0.4445
 20
0.2677
 10
0.457
 20
0.2685
 10
0.4509
 20
0.267
 10
0.4717
 20
0.2655
 10
0.4237
 20
0.2603
 10
0.3894
 20
0.2536
 10
0.3728
 20
0.2515
 10
0.3572
 20
0.2502
 10
0.3437
 20
0.254
 10
0.3376
 20
0.255
 10
0.3287
 20
0.2552
 10
0.3316
 20
0.2586
 10
0.3318
 20
0.262
 10
0.3301
 20
0.2644
 10
0.327
 20
0.2655
 10
0.3242
 20
0.2647
 10
0.3218
 20
0.2624
 10
0.3219
 20
0.266
 10
0.3303
 20
0.2664
 10
0.3217
 20
0.269
 97
0
 92
3
 72
0
 73
1
 93
6
 10
0.3109
 20
0.2517
 10
0.3028
 20
0.2532
 10
0.3022
 20
0.2643
 10
0.3058
 20
0.2647
 10
0.3079
 20
0.2584
 10
0.3117
 20
0.2525
 97
0
 92
3
 72
0
 73
1
 93
6
 10
0.2894
 20
0.2439
 10
0.291
 20
0.2396
 10
0.2936
 20
0.235
 10
0.2893
 20
0.2309
 10
0.2845
 20
0.2326
 10
0.2851
 20
0.2441
 97
0
 92
3
 72
0
 73
1
 93
3
 10
0.2842
 20
0.2306
 10
0.2893
 20
0.2309
 10
0.2835
 20
0.2255
 97
0
 92
3
 72
0
 73
1
 93
3
 10
0.244
 20
0.1933
 10
0.2483
 20
0.1933
 10
0.2434
 20
0.1889
 97
0
 75
1
 76
1
 98
0
  0
HATCH
  5
C0
330
B3
100
AcDbEntity
  8
VEG-RELLENO
 62
73
420
7775837
100
AcDbHatch
 10
0.0
 20
0.0
 30
0.0
210
0.0
220
0.0
230
1.0
  2
SOLID
 70
1
 71
0
 91
8
 92
3
 72
0
 73
1
 93
403
 10
-0.2995
 20
0.0328
 10
-0.31
 20
0.0493
 10
-0.3174
 20
0.062
 10
-0.3617
 20
0.145
 10
-0.3304
 20
0.108
 10
-0.3167
 20
0.09
 10
-0.3034
 20
0.0708
 10
-0.2924
 20
0.0519
 10
-0.284
 20
0.0347
 10
-0.2805
 20
0.0252
 10
-0.2784
 20
0.0158
 10
-0.2615
 20
0.0142
 10
-0.27
 20
0.0239
 10
-0.2767
 20
0.033
 10
-0.291
 20
0.0556
 10
-0.3343
 20
0.1332
 10
-0.3037
 20
0.0991
 10
-0.2858
 20
0.0767
 10
-0.2773
 20
0.0647
 10
-0.2664
 20
0.0472
 10
-0.2581
 20
0.0311
 10
-0.2546
 20
0.0222
 10
-0.2525
 20
0.0134
 10
-0.236
 20
0.0121
 10
-0.2434
 20
0.0202
 10
-0.2497
 20
0.0286
 10
-0.2631
 20
0.0493
 10
-0.2763
 20
0.0725
 10
-0.2991
 20
0.1149
 10
-0.2971
 20
0.1151
 10
-0.282
 20
0.0989
 10
-0.2677
 20
0.0825
 10
-0.2455
 20
0.0646
 10
-0.2278
 20
0.048
 10
-0.2199
 20
0.0394
 10
-0.2103
 20
0.027
 10
-0.2037
 20
0.0162
 10
-0.2012
 20
0.0097
 10
-0.1871
 20
0.0088
 10
-0.196
 20
0.0171
 10
-0.2081
 20
0.0319
 10
-0.2199
 20
0.049
 10
-0.2429
 20
0.0856
 10
-0.2137
 20
0.0609
 10
-0.2025
 20
0.0502
 10
-0.1953
 20
0.0425
 10
-0.1834
 20
0.027
 10
-0.1792
 20
0.0199
 10
-0.1763
 20
0.0137
 10
-0.1747
 20
0.0081
 10
-0.1608
 20
0.0074
 10
-0.1667
 20
0.0133
 10
-0.1759
 20
0.0259
 10
-0.1843
 20
0.0406
 10
-0.2001
 20
0.0724
 10
-0.1739
 20
0.0485
 10
-0.1625
 20
0.0357
 10
-0.1536
 20
0.0225
 10
-0.1506
 20
0.0165
 10
-0.1488
 20
0.0111
 10
-0.1481
 20
0.0069
 10
-0.1389
 20
0.0065
 10
-0.1452
 20
0.0133
 10
-0.1485
 20
0.018
 10
-0.1543
 20
0.028
 10
-0.1629
 20
0.0449
 10
-0.1419
 20
0.0319
 10
-0.1328
 20
0.0245
 10
-0.1259
 20
0.0162
 10
-0.1237
 20
0.0121
 10
-0.1221
 20
0.0059
 10
-0.075
 20
0.0049
 10
-0.0196
 20
0.0048
 10
-0.0177
 20
0.0042
 10
-0.0162
 20
0.003
 10
-0.0152
 20
0.0013
 10
-0.015
 20
-0.0006
 10
-0.0156
 20
-0.0025
 10
-0.0168
 20
-0.004
 10
-0.0199
 20
-0.0052
 10
-0.0671
 20
-0.0052
 10
-0.1222
 20
-0.0041
 10
-0.1239
 20
-0.0103
 10
-0.1262
 20
-0.0143
 10
-0.1334
 20
-0.0224
 10
-0.1429
 20
-0.0296
 10
-0.165
 20
-0.0417
 10
-0.1491
 20
-0.0155
 10
-0.1418
 20
-0.0068
 10
-0.1382
 20
-0.0035
 10
-0.1482
 20
-0.0032
 10
-0.149
 20
-0.0073
 10
-0.1509
 20
-0.0126
 10
-0.154
 20
-0.0187
 10
-0.1582
 20
-0.0251
 10
-0.1634
 20
-0.0316
 10
-0.1693
 20
-0.038
 10
-0.1788
 20
-0.0468
 10
-0.2042
 20
-0.0666
 10
-0.186
 20
-0.0357
 10
-0.1768
 20
-0.0214
 10
-0.167
 20
-0.0091
 10
-0.16
 20
-0.0026
 10
-0.1746
 20
-0.0019
 10
-0.1761
 20
-0.0074
 10
-0.1788
 20
-0.0138
 10
-0.183
 20
-0.021
 10
-0.1884
 20
-0.0287
 10
-0.195
 20
-0.0366
 10
-0.2062
 20
-0.048
 10
-0.218
 20
-0.0584
 10
-0.2453
 20
-0.0792
 10
-0.2081
 20
-0.026
 10
-0.1958
 20
-0.0112
 10
-0.1853
 20
-0.0013
 10
-0.2011
 20
-0.0004
 10
-0.2033
 20
-0.007
 10
-0.2071
 20
-0.014
 10
-0.2124
 20
-0.022
 10
-0.2192
 20
-0.0306
 10
-0.2272
 20
-0.0394
 10
-0.2408
 20
-0.052
 10
-0.255
 20
-0.0635
 10
-0.2876
 20
-0.0861
 10
-0.2754
 20
-0.072
 10
-0.2476
 20
-0.0374
 10
-0.2322
 20
-0.0194
 10
-0.218
 20
-0.0052
 10
-0.2112
 20
0.0003
 10
-0.2279
 20
0.0015
 10
-0.2317
 20
-0.0057
 10
-0.237
 20
-0.0128
 10
-0.2441
 20
-0.0207
 10
-0.253
 20
-0.0291
 10
-0.2632
 20
-0.0376
 10
-0.2802
 20
-0.0495
 10
-0.3031
 20
-0.0631
 10
-0.3372
 20
-0.0801
 10
-0.3245
 20
-0.0698
 10
-0.3
 20
-0.048
 10
-0.3145
 20
-0.0585
 10
-0.3267
 20
-0.0665
 10
-0.3434
 20
-0.0763
 10
-0.3687
 20
-0.0899
 10
-0.3473
 20
-0.0713
 10
-0.2917
 20
-0.0184
 10
-0.2732
 20
-0.0026
 10
-0.2634
 20
0.0043
 10
-0.2799
 20
0.0059
 10
-0.2846
 20
-0.0026
 10
-0.295
 20
-0.0151
 10
-0.3093
 20
-0.0293
 10
-0.3211
 20
-0.039
 10
-0.3406
 20
-0.0528
 10
-0.3607
 20
-0.065
 10
-0.3788
 20
-0.0746
 10
-0.4062
 20
-0.0879
 10
-0.3824
 20
-0.0695
 10
-0.3101
 20
-0.0077
 10
-0.3005
 20
-0.0004
 10
-0.2896
 20
0.0068
 10
-0.3062
 20
0.0085
 10
-0.3119
 20
0.0001
 10
-0.319
 20
-0.0076
 10
-0.3284
 20
-0.0163
 10
-0.3462
 20
-0.03
 10
-0.3669
 20
-0.0432
 10
-0.3815
 20
-0.0512
 10
-0.4027
 20
-0.0613
 10
-0.4451
 20
-0.0783
 10
-0.4187
 20
-0.0614
 10
-0.3803
 20
-0.0338
 10
-0.4033
 20
-0.0477
 10
-0.429
 20
-0.0607
 10
-0.4507
 20
-0.0749
 10
-0.4846
 20
-0.0943
 10
-0.4614
 20
-0.0742
 10
-0.4729
 20
-0.0787
 10
-0.4519
 20
-0.0653
 10
-0.3877
 20
-0.003
 10
-0.3782
 20
0.0055
 10
-0.3653
 20
0.0155
 10
-0.383
 20
0.0178
 10
-0.3877
 20
0.0087
 10
-0.3939
 20
-0.0
 10
-0.4022
 20
-0.0099
 10
-0.4125
 20
-0.0204
 10
-0.4287
 20
-0.0347
 10
-0.4464
 20
-0.0482
 10
-0.4646
 20
-0.0603
 10
-0.4831
 20
-0.0712
 10
-0.5113
 20
-0.0863
 10
-0.4959
 20
-0.0739
 10
-0.4767
 20
-0.057
 10
-0.4137
 20
0.0016
 10
-0.404
 20
0.0097
 10
-0.3914
 20
0.019
 10
-0.4088
 20
0.0215
 10
-0.4136
 20
0.0128
 10
-0.4197
 20
0.0045
 10
-0.428
 20
-0.0048
 10
-0.4382
 20
-0.0148
 10
-0.4532
 20
-0.0274
 10
-0.4696
 20
-0.0393
 10
-0.4897
 20
-0.0521
 10
-0.5079
 20
-0.0623
 10
-0.5356
 20
-0.0763
 10
-0.5244
 20
-0.0678
 10
-0.5069
 20
-0.0531
 10
-0.4392
 20
0.0069
 10
-0.4296
 20
0.0146
 10
-0.4175
 20
0.0228
 10
-0.4346
 20
0.0255
 10
-0.4392
 20
0.0174
 10
-0.4493
 20
0.0053
 10
-0.4633
 20
-0.0083
 10
-0.4748
 20
-0.0176
 10
-0.4938
 20
-0.0307
 10
-0.5133
 20
-0.0423
 10
-0.5309
 20
-0.0515
 10
-0.5575
 20
-0.0641
 10
-0.5345
 20
-0.0463
 10
-0.4746
 20
0.0047
 10
-0.4548
 20
0.02
 10
-0.4438
 20
0.027
 10
-0.4601
 20
0.0297
 10
-0.4642
 20
0.0222
 10
-0.4735
 20
0.0109
 10
-0.4865
 20
-0.0018
 10
-0.4972
 20
-0.0105
 10
-0.5148
 20
-0.0228
 10
-0.5329
 20
-0.0337
 10
-0.5493
 20
-0.0423
 10
-0.574
 20
-0.0542
 10
-0.553
 20
-0.0371
 10
-0.4978
 20
0.0111
 10
-0.4793
 20
0.0253
 10
-0.4696
 20
0.0313
 10
-0.4855
 20
0.0341
 10
-0.4888
 20
0.0274
 10
-0.4969
 20
0.0168
 10
-0.5084
 20
0.0049
 10
-0.5178
 20
-0.0032
 10
-0.5336
 20
-0.0147
 10
-0.5498
 20
-0.0249
 10
-0.5866
 20
-0.0444
 10
-0.572
 20
-0.0314
 10
-0.5383
 20
0.0008
 10
-0.5199
 20
0.0176
 10
-0.5034
 20
0.0307
 10
-0.4952
 20
0.0359
 10
-0.5113
 20
0.0389
 10
-0.5144
 20
0.0335
 10
-0.5191
 20
0.0277
 10
-0.5254
 20
0.0215
 10
-0.5331
 20
0.015
 10
-0.542
 20
0.0087
 10
-0.5567
 20
-0.0001
 10
-0.5717
 20
-0.0077
 10
-0.6055
 20
-0.0218
 10
-0.552
 20
0.0222
 10
-0.5353
 20
0.0342
 10
-0.5229
 20
0.0412
 10
-0.5361
 20
0.0438
 10
-0.5381
 20
0.0393
 10
-0.5414
 20
0.0341
 10
-0.5462
 20
0.0284
 10
-0.5522
 20
0.0224
 10
-0.5592
 20
0.0166
 10
-0.5669
 20
0.011
 10
-0.5831
 20
0.0012
 10
-0.6106
 20
-0.0124
 10
-0.5835
 20
0.0161
 10
-0.5702
 20
0.0293
 10
-0.557
 20
0.0403
 10
-0.5477
 20
0.0462
 10
-0.5617
 20
0.0491
 10
-0.5631
 20
0.0461
 10
-0.566
 20
0.0422
 10
-0.5699
 20
0.0381
 10
-0.5807
 20
0.0302
 10
-0.5872
 20
0.0268
 10
-0.6005
 20
0.0212
 10
-0.6229
 20
0.0139
 10
-0.5958
 20
0.0396
 10
-0.5847
 20
0.048
 10
-0.5767
 20
0.0524
 10
-0.5905
 20
0.0554
 10
-0.5922
 20
0.0564
 10
-0.5936
 20
0.0584
 10
-0.594
 20
0.0603
 10
-0.5933
 20
0.0627
 10
-0.592
 20
0.0641
 10
-0.5898
 20
0.0651
 10
-0.5756
 20
0.0623
 10
-0.5805
 20
0.0687
 10
-0.5873
 20
0.0807
 10
-0.6012
 20
0.115
 10
-0.5794
 20
0.0946
 10
-0.5701
 20
0.0836
 10
-0.5632
 20
0.0723
 10
-0.5611
 20
0.067
 10
-0.56
 20
0.0623
 10
-0.5598
 20
0.0589
 10
-0.5484
 20
0.0565
 10
-0.5538
 20
0.0629
 10
-0.5631
 20
0.0772
 10
-0.5716
 20
0.0937
 10
-0.5876
 20
0.129
 10
-0.5638
 20
0.1044
 10
-0.5548
 20
0.0938
 10
-0.5491
 20
0.0863
 10
-0.5402
 20
0.0714
 10
-0.5372
 20
0.0646
 10
-0.5354
 20
0.0586
 10
-0.5347
 20
0.0537
 10
-0.5223
 20
0.0513
 10
-0.5308
 20
0.0609
 10
-0.5424
 20
0.0777
 10
-0.5534
 20
0.0969
 10
-0.5749
 20
0.1376
 10
-0.5464
 20
0.1086
 10
-0.5356
 20
0.0961
 10
-0.5287
 20
0.0872
 10
-0.5226
 20
0.0783
 10
-0.5155
 20
0.0658
 10
-0.511
 20
0.055
 10
-0.5097
 20
0.0488
 10
-0.4948
 20
0.046
 10
-0.5059
 20
0.0604
 10
-0.5178
 20
0.0803
 10
-0.5294
 20
0.1026
 10
-0.5522
 20
0.1495
 10
-0.5223
 20
0.1146
 10
-0.5109
 20
0.0996
 10
-0.5037
 20
0.089
 10
-0.4974
 20
0.0785
 10
-0.49
 20
0.0639
 10
-0.4854
 20
0.0514
 10
-0.4841
 20
0.044
 10
-0.467
 20
0.041
 10
-0.474
 20
0.0511
 10
-0.4793
 20
0.0605
 10
-0.4904
 20
0.0835
 10
-0.5011
 20
0.1091
 10
-0.5132
 20
0.1402
 10
-0.5223
 20
0.1545
 10
-0.5164
 20
0.1484
 10
-0.5223
 20
0.1624
 10
-0.5021
 20
0.134
 10
-0.4848
 20
0.1156
 10
-0.4703
 20
0.0988
 10
-0.4528
 20
0.075
 10
-0.4456
 20
0.0637
 10
-0.44
 20
0.0533
 10
-0.436
 20
0.0444
 10
-0.4334
 20
0.0354
 10
-0.4155
 20
0.0326
 10
-0.4243
 20
0.0449
 10
-0.4371
 20
0.0675
 10
-0.4506
 20
0.095
 10
-0.474
 20
0.1465
 10
-0.4804
 20
0.1557
 10
-0.4764
 20
0.1517
 10
-0.4842
 20
0.1677
 10
-0.4596
 20
0.1351
 10
-0.4341
 20
0.1083
 10
-0.4235
 20
0.096
 10
-0.4087
 20
0.0769
 10
-0.3962
 20
0.0583
 10
-0.3899
 20
0.0472
 10
-0.3853
 20
0.0376
 10
-0.3822
 20
0.0278
 10
-0.3655
 20
0.0256
 10
-0.3755
 20
0.0366
 10
-0.3916
 20
0.0585
 10
-0.4091
 20
0.0852
 10
-0.4401
 20
0.1355
 10
-0.4534
 20
0.156
 10
-0.4228
 20
0.1242
 10
-0.4031
 20
0.1018
 10
-0.4349
 20
0.1465
 10
-0.3974
 20
0.1116
 10
-0.3752
 20
0.0884
 10
-0.3596
 20
0.0698
 10
-0.3462
 20
0.0515
 10
-0.3394
 20
0.0405
 10
-0.3344
 20
0.0311
 10
-0.3308
 20
0.0213
 10
-0.3134
 20
0.0193
 10
-0.3232
 20
0.0305
 10
-0.3385
 20
0.0521
 10
-0.3551
 20
0.0786
 10
-0.396
 20
0.1479
 10
-0.3627
 20
0.1118
 10
-0.3461
 20
0.0917
 10
-0.3332
 20
0.0744
 10
-0.3208
 20
0.0553
 10
-0.3113
 20
0.0379
 10
-0.3072
 20
0.0282
 10
-0.3045
 20
0.0184
 10
-0.2869
 20
0.0166
 10
-0.29
 20
0.02
 97
0
 92
2
 72
0
 73
1
 93
7
 10
-0.3613
 20
-0.0199
 10
-0.3278
 20
0.0033
 10
-0.3167
 20
0.0096
 10
-0.332
 20
0.0114
 10
-0.3378
 20
0.0027
 10
-0.345
 20
-0.0053
 10
-0.3544
 20
-0.0142
 97
0
 92
2
 72
0
 73
1
 93
5
 10
-0.3571
 20
0.0144
 10
-0.3617
 20
0.005
 10
-0.3678
 20
-0.004
 10
-0.3539
 20
0.0055
 10
-0.3419
 20
0.0126
 97
0
 92
2
 72
0
 73
1
 93
5
 10
-0.4437
 20
0.0371
 10
-0.4516
 20
0.0456
 10
-0.4621
 20
0.0592
 10
-0.4591
 20
0.048
 10
-0.4582
 20
0.0395
 97
0
 92
2
 72
0
 73
1
 93
5
 10
-0.3919
 20
0.0292
 10
-0.4014
 20
0.0393
 10
-0.4131
 20
0.0543
 10
-0.4088
 20
0.0412
 10
-0.4072
 20
0.0314
 97
0
 92
2
 72
0
 73
1
 93
6
 10
-0.3407
 20
0.0225
 10
-0.3589
 20
0.0418
 10
-0.3707
 20
0.0567
 10
-0.3638
 20
0.0442
 10
-0.3594
 20
0.0344
 10
-0.3563
 20
0.0244
 97
0
 92
2
 72
0
 73
1
 93
5
 10
-0.225
 20
0.0203
 10
-0.2312
 20
0.0268
 10
-0.2283
 20
0.0193
 10
-0.2265
 20
0.0114
 10
-0.2138
 20
0.0105
 97
0
 92
2
 72
0
 73
1
 93
6
 10
-0.2577
 20
-0.0046
 10
-0.2632
 20
-0.0124
 10
-0.2726
 20
-0.0234
 10
-0.255
 20
-0.0088
 10
-0.2391
 20
0.0023
 10
-0.2537
 20
0.0035
 97
0
 75
1
 76
1
 98
0
  0
HATCH
  5
C1
330
B3
100
AcDbEntity
  8
VEG-RELLENO
 62
73
420
7776093
100
AcDbHatch
 10
0.0
 20
0.0
 30
0.0
210
0.0
220
0.0
230
1.0
  2
SOLID
 70
1
 71
0
 91
50
 92
3
 72
0
 73
1
 93
8
 10
-0.272
 20
0.2279
 10
-0.2777
 20
0.2539
 10
-0.2626
 20
0.2478
 10
-0.2424
 20
0.2412
 10
-0.2394
 20
0.2262
 10
-0.2562
 20
0.227
 10
-0.2582
 20
0.2343
 10
-0.258
 20
0.2271
 97
0
 92
3
 72
0
 73
1
 93
5
 10
-0.2806
 20
0.2689
 10
-0.2858
 20
0.2966
 10
-0.272
 20
0.2899
 10
-0.2568
 20
0.2838
 10
-0.2508
 20
0.2686
 97
0
 92
3
 72
0
 73
1
 93
10
 10
-0.2869
 20
0.3024
 10
-0.2947
 20
0.3391
 10
-0.3031
 20
0.3702
 10
-0.2882
 20
0.3401
 10
-0.2917
 20
0.3495
 10
-0.2788
 20
0.3276
 10
-0.2697
 20
0.311
 10
-0.2789
 20
0.3102
 10
-0.2663
 20
0.3044
 10
-0.2639
 20
0.2995
 97
0
 92
3
 72
0
 73
1
 93
71
 10
-0.2375
 20
0.2023
 10
-0.2383
 20
0.1942
 10
-0.2279
 20
0.1873
 10
-0.2582
 20
0.1901
 10
-0.2515
 20
0.1908
 10
-0.265
 20
0.1995
 10
-0.275
 20
0.192
 10
-0.2981
 20
0.1955
 10
-0.2801
 20
0.189
 10
-0.2928
 20
0.1824
 10
-0.2746
 20
0.187
 10
-0.2525
 20
0.1799
 10
-0.2704
 20
0.1722
 10
-0.2546
 20
0.1751
 10
-0.2414
 20
0.1768
 10
-0.2151
 20
0.1706
 10
-0.1943
 20
0.1674
 10
-0.1949
 20
0.1648
 10
-0.1882
 20
0.1601
 10
-0.2337
 20
0.1613
 10
-0.2201
 20
0.1628
 10
-0.21
 20
0.1631
 10
-0.2222
 20
0.1714
 10
-0.2306
 20
0.1667
 10
-0.2443
 20
0.1617
 10
-0.2767
 20
0.1641
 10
-0.2567
 20
0.1582
 10
-0.2794
 20
0.1534
 10
-0.2946
 20
0.1511
 10
-0.3244
 20
0.1482
 10
-0.372
 20
0.1459
 10
-0.3344
 20
0.156
 10
-0.362
 20
0.1519
 10
-0.3972
 20
0.1477
 10
-0.3706
 20
0.1566
 10
-0.4181
 20
0.1461
 10
-0.3425
 20
0.1798
 10
-0.3132
 20
0.1918
 10
-0.2876
 20
0.2005
 10
-0.2721
 20
0.204
 10
-0.2874
 20
0.2134
 10
-0.296
 20
0.2074
 10
-0.3055
 20
0.2025
 10
-0.3243
 20
0.1948
 10
-0.3464
 20
0.1875
 10
-0.3676
 20
0.1821
 10
-0.3935
 20
0.1766
 10
-0.4436
 20
0.1683
 10
-0.3509
 20
0.2034
 10
-0.3222
 20
0.2125
 10
-0.3099
 20
0.2156
 10
-0.2952
 20
0.2181
 10
-0.3098
 20
0.2269
 10
-0.3184
 20
0.2212
 10
-0.3279
 20
0.2167
 10
-0.3467
 20
0.2096
 10
-0.3687
 20
0.2032
 10
-0.3898
 20
0.1984
 10
-0.4157
 20
0.1938
 10
-0.4654
 20
0.1872
 10
-0.3728
 20
0.2192
 10
-0.3442
 20
0.2273
 10
-0.3319
 20
0.23
 10
-0.3203
 20
0.2317
 10
-0.285
 20
0.2207
 10
-0.2675
 20
0.2129
 10
-0.2677
 20
0.2133
 10
-0.2594
 20
0.21
 10
-0.2599
 20
0.2081
 10
-0.2471
 20
0.1998
 10
-0.2496
 20
0.2064
 97
0
 92
3
 72
0
 73
1
 93
4
 10
-0.2263
 20
0.1874
 10
-0.2306
 20
0.2002
 10
-0.2157
 20
0.1962
 10
-0.2157
 20
0.1863
 97
0
 92
3
 72
0
 73
1
 93
4
 10
-0.2378
 20
0.2261
 10
-0.2415
 20
0.2409
 10
-0.2229
 20
0.2363
 10
-0.2199
 20
0.2252
 97
0
 92
3
 72
0
 73
1
 93
4
 10
-0.2483
 20
0.2685
 10
-0.2517
 20
0.282
 10
-0.2385
 20
0.2783
 10
-0.234
 20
0.268
 97
0
 92
3
 72
0
 73
1
 93
4
 10
-0.2566
 20
0.3003
 10
-0.2479
 20
0.2974
 10
-0.2478
 20
0.2973
 10
-0.2561
 20
0.2985
 97
0
 92
3
 72
0
 73
1
 93
4
 10
-0.26
 20
0.3121
 10
-0.2637
 20
0.3236
 10
-0.2659
 20
0.3295
 10
-0.2561
 20
0.3124
 97
0
 92
3
 72
0
 73
1
 93
4
 10
-0.2084
 20
0.1856
 10
-0.2108
 20
0.1951
 10
-0.1939
 20
0.1919
 10
-0.1934
 20
0.1843
 97
0
 92
3
 72
0
 73
1
 93
4
 10
-0.2171
 20
0.225
 10
-0.2192
 20
0.2355
 10
-0.2025
 20
0.2333
 10
-0.1998
 20
0.2237
 97
0
 92
3
 72
0
 73
1
 93
4
 10
-0.2255
 20
0.2678
 10
-0.2273
 20
0.2763
 10
-0.2191
 20
0.2757
 10
-0.2149
 20
0.2665
 97
0
 92
3
 72
0
 73
1
 93
4
 10
-0.2316
 20
0.295
 10
-0.2288
 20
0.2954
 10
-0.2277
 20
0.2931
 10
-0.2314
 20
0.2941
 97
0
 92
3
 72
0
 73
1
 93
4
 10
-0.184
 20
0.16
 10
-0.186
 20
0.1665
 10
-0.1716
 20
0.1656
 10
-0.1718
 20
0.1595
 97
0
 92
3
 72
0
 73
1
 93
4
 10
-0.19
 20
0.184
 10
-0.1914
 20
0.1915
 10
-0.1737
 20
0.1897
 10
-0.1727
 20
0.1822
 97
0
 92
3
 72
0
 73
1
 93
4
 10
-0.1968
 20
0.2235
 10
-0.1982
 20
0.2329
 10
-0.1857
 20
0.233
 10
-0.1817
 20
0.2218
 97
0
 92
3
 72
0
 73
1
 93
4
 10
-0.2008
 20
0.2485
 10
-0.2014
 20
0.2522
 10
-0.1943
 20
0.2541
 10
-0.1906
 20
0.2454
 97
0
 92
3
 72
0
 73
1
 93
5
 10
-0.2037
 20
0.2647
 10
-0.2047
 20
0.2701
 10
-0.2062
 20
0.2767
 10
-0.2017
 20
0.2697
 10
-0.1987
 20
0.2636
 97
0
 92
3
 72
0
 73
1
 93
4
 10
-0.177
 20
0.2055
 10
-0.1806
 20
0.2063
 10
-0.1871
 20
0.2076
 10
-0.1779
 20
0.2086
 97
0
 92
3
 72
0
 73
1
 93
12
 10
-0.161
 20
0.1405
 10
-0.1615
 20
0.1422
 10
-0.1497
 20
0.1424
 10
-0.1506
 20
0.1385
 10
-0.1761
 20
0.1392
 10
-0.1792
 20
0.1414
 10
-0.1822
 20
0.1392
 10
-0.229
 20
0.14
 10
-0.2191
 20
0.1426
 10
-0.2031
 20
0.1458
 10
-0.1802
 20
0.143
 10
-0.1633
 20
0.1422
 97
0
 92
3
 72
0
 73
1
 93
4
 10
-0.1648
 20
0.1593
 10
-0.1656
 20
0.1655
 10
-0.1487
 20
0.1664
 10
-0.1484
 20
0.1583
 97
0
 92
3
 72
0
 73
1
 93
5
 10
-0.1672
 20
0.1817
 10
-0.1677
 20
0.1895
 10
-0.1593
 20
0.1896
 10
-0.1519
 20
0.1905
 10
-0.1499
 20
0.1791
 97
0
 92
3
 72
0
 73
1
 93
4
 10
-0.1685
 20
0.2035
 10
-0.1689
 20
0.2103
 10
-0.1633
 20
0.2121
 10
-0.1545
 20
0.1992
 97
0
 92
3
 72
0
 73
1
 93
4
 10
-0.1674
 20
0.2417
 10
-0.1637
 20
0.2318
 10
-0.1627
 20
0.229
 10
-0.1696
 20
0.2392
 97
0
 92
3
 72
0
 73
1
 93
4
 10
-0.1441
 20
0.1383
 10
-0.1448
 20
0.1428
 10
-0.1281
 20
0.145
 10
-0.1279
 20
0.1371
 97
0
 92
3
 72
0
 73
1
 93
6
 10
-0.1464
 20
0.1581
 10
-0.147
 20
0.1666
 10
-0.1361
 20
0.1686
 10
-0.1339
 20
0.1695
 10
-0.1309
 20
0.1652
 10
-0.1293
 20
0.1561
 97
0
 92
3
 72
0
 73
1
 93
3
 10
-0.1475
 20
0.1786
 10
-0.1479
 20
0.1896
 10
-0.1388
 20
0.1766
 97
0
 92
3
 72
0
 73
1
 93
5
 10
-0.1485
 20
0.2081
 10
-0.1491
 20
0.2172
 10
-0.1495
 20
0.2214
 10
-0.1449
 20
0.2097
 10
-0.1455
 20
0.2038
 97
0
 92
3
 72
0
 73
1
 93
7
 10
-0.13
 20
0.1216
 10
-0.1312
 20
0.1181
 10
-0.13
 20
0.1172
 10
-0.171
 20
0.1167
 10
-0.159
 20
0.1182
 10
-0.148
 20
0.1183
 10
-0.1523
 20
0.1216
 97
0
 92
3
 72
0
 73
1
 93
5
 10
-0.1229
 20
0.1172
 10
-0.1235
 20
0.1222
 10
-0.1117
 20
0.124
 10
-0.1068
 20
0.1255
 10
-0.1069
 20
0.1159
 97
0
 92
3
 72
0
 73
1
 93
4
 10
-0.1245
 20
0.137
 10
-0.1246
 20
0.146
 10
-0.1186
 20
0.148
 10
-0.1087
 20
0.1342
 97
0
 92
3
 72
0
 73
1
 93
5
 10
-0.1236
 20
0.1725
 10
-0.1233
 20
0.179
 10
-0.1219
 20
0.1815
 10
-0.1151
 20
0.1633
 10
-0.1154
 20
0.1607
 97
0
 92
3
 72
0
 73
1
 93
7
 10
-0.1089
 20
0.1007
 10
-0.1034
 20
0.0963
 10
-0.1277
 20
0.0954
 10
-0.1645
 20
0.0924
 10
-0.1496
 20
0.0977
 10
-0.137
 20
0.1007
 10
-0.1233
 20
0.1
 97
0
 92
3
 72
0
 73
1
 93
6
 10
-0.1005
 20
0.0963
 10
-0.1006
 20
0.1018
 10
-0.0945
 20
0.1031
 10
-0.0878
 20
0.1056
 10
-0.0836
 20
0.0999
 10
-0.0844
 20
0.0949
 97
0
 92
3
 72
0
 73
1
 93
3
 10
-0.0987
 20
0.1147
 10
-0.0976
 20
0.119
 10
-0.0938
 20
0.1137
 97
0
 92
3
 72
0
 73
1
 93
5
 10
-0.094
 20
0.131
 10
-0.0924
 20
0.1362
 10
-0.0903
 20
0.1391
 10
-0.0866
 20
0.126
 10
-0.0868
 20
0.1211
 97
0
 92
3
 72
0
 73
1
 93
14
 10
-0.084
 20
0.0806
 10
-0.078
 20
0.0756
 10
-0.0914
 20
0.0737
 10
-0.0961
 20
0.0776
 10
-0.1015
 20
0.074
 10
-0.1059
 20
0.0725
 10
-0.1166
 20
0.071
 10
-0.1283
 20
0.0716
 10
-0.1524
 20
0.076
 10
-0.1335
 20
0.0832
 10
-0.1185
 20
0.0805
 10
-0.1087
 20
0.0795
 10
-0.0992
 20
0.0792
 10
-0.0905
 20
0.0796
 97
0
 92
3
 72
0
 73
1
 93
11
 10
-0.0603
 20
0.0607
 10
-0.0412
 20
0.0441
 10
-0.0164
 20
0.0125
 10
-0.0135
 20
0.0108
 10
-0.0103
 20
0.0111
 10
-0.0114
 20
0.0098
 10
-0.0145
 20
0.0086
 10
-0.0177
 20
0.0096
 10
-0.0476
 20
0.0365
 10
-0.0736
 20
0.0589
 10
-0.066
 20
0.0592
 97
0
 92
3
 72
0
 73
1
 93
5
 10
-0.1364
 20
0.0838
 10
-0.1459
 20
0.0815
 10
-0.1628
 20
0.0793
 10
-0.198
 20
0.0781
 10
-0.166
 20
0.0918
 97
0
 92
3
 72
0
 73
1
 93
7
 10
-0.155
 20
0.1029
 10
-0.1707
 20
0.0998
 10
-0.1861
 20
0.0983
 10
-0.2065
 20
0.0979
 10
-0.2391
 20
0.0991
 10
-0.1945
 20
0.1117
 10
-0.1723
 20
0.1061
 97
0
 92
3
 72
0
 73
1
 93
11
 10
-0.1637
 20
0.1225
 10
-0.1713
 20
0.119
 10
-0.1789
 20
0.1165
 10
-0.2112
 20
0.1163
 10
-0.1962
 20
0.1122
 10
-0.2081
 20
0.1102
 10
-0.2375
 20
0.1073
 10
-0.275
 20
0.106
 10
-0.228
 20
0.1209
 10
-0.2001
 20
0.1284
 10
-0.1811
 20
0.1247
 97
0
 92
3
 72
0
 73
1
 93
7
 10
-0.2045
 20
0.1294
 10
-0.2279
 20
0.1233
 10
-0.2543
 20
0.1189
 10
-0.2788
 20
0.1164
 10
-0.3086
 20
0.1142
 10
-0.2567
 20
0.1316
 10
-0.2362
 20
0.138
 97
0
 92
3
 72
0
 73
1
 93
8
 10
-0.2189
 20
0.1487
 10
-0.2411
 20
0.1431
 10
-0.2693
 20
0.139
 10
-0.2975
 20
0.1369
 10
-0.3425
 20
0.136
 10
-0.2853
 20
0.1506
 10
-0.2548
 20
0.1576
 10
-0.2343
 20
0.1521
 97
0
 92
3
 72
0
 73
1
 93
163
 10
-0.3183
 20
0.2319
 10
-0.3323
 20
0.24
 10
-0.3406
 20
0.2347
 10
-0.35
 20
0.2303
 10
-0.3616
 20
0.2259
 10
-0.3825
 20
0.2197
 10
-0.4053
 20
0.2145
 10
-0.4356
 20
0.2095
 10
-0.4841
 20
0.204
 10
-0.4426
 20
0.2179
 10
-0.4967
 20
0.2075
 10
-0.4402
 20
0.2317
 10
-0.4126
 20
0.2429
 10
-0.3866
 20
0.2519
 10
-0.3753
 20
0.255
 10
-0.3632
 20
0.2573
 10
-0.3772
 20
0.2649
 10
-0.384
 20
0.2595
 10
-0.392
 20
0.2548
 10
-0.4078
 20
0.2476
 10
-0.4265
 20
0.2407
 10
-0.4401
 20
0.2367
 10
-0.4603
 20
0.2317
 10
-0.51
 20
0.2221
 10
-0.4574
 20
0.2457
 10
-0.4317
 20
0.2564
 10
-0.4073
 20
0.265
 10
-0.3968
 20
0.2679
 10
-0.3866
 20
0.2698
 10
-0.4003
 20
0.277
 10
-0.4064
 20
0.2724
 10
-0.4139
 20
0.2683
 10
-0.4232
 20
0.2642
 10
-0.44
 20
0.2585
 10
-0.4585
 20
0.2537
 10
-0.4832
 20
0.249
 10
-0.523
 20
0.2436
 10
-0.4877
 20
0.2582
 10
-0.5285
 20
0.2489
 10
-0.4873
 20
0.2717
 10
-0.4671
 20
0.2818
 10
-0.4477
 20
0.2897
 10
-0.4334
 20
0.2935
 10
-0.4456
 20
0.2994
 10
-0.4489
 20
0.2954
 10
-0.4536
 20
0.2911
 10
-0.4598
 20
0.2865
 10
-0.4757
 20
0.2778
 10
-0.4937
 20
0.2704
 10
-0.532
 20
0.2587
 10
-0.4993
 20
0.2822
 10
-0.4831
 20
0.2926
 10
-0.4673
 20
0.3007
 10
-0.4561
 20
0.3044
 10
-0.4693
 20
0.3106
 10
-0.4718
 20
0.3078
 10
-0.4758
 20
0.3046
 10
-0.481
 20
0.3014
 10
-0.4941
 20
0.2961
 10
-0.509
 20
0.2924
 10
-0.5404
 20
0.2881
 10
-0.5197
 20
0.301
 10
-0.5066
 20
0.3084
 10
-0.4931
 20
0.3144
 10
-0.4836
 20
0.317
 10
-0.5018
 20
0.3254
 10
-0.5033
 20
0.3273
 10
-0.5036
 20
0.3297
 10
-0.5027
 20
0.332
 10
-0.5013
 20
0.3334
 10
-0.499
 20
0.3341
 10
-0.4971
 20
0.3339
 10
-0.4789
 20
0.3259
 10
-0.4834
 20
0.3354
 10
-0.488
 20
0.3497
 10
-0.4965
 20
0.3888
 10
-0.4815
 20
0.3684
 10
-0.4734
 20
0.3551
 10
-0.47
 20
0.3481
 10
-0.4673
 20
0.3411
 10
-0.4655
 20
0.3344
 10
-0.4645
 20
0.3284
 10
-0.4644
 20
0.3233
 10
-0.465
 20
0.3196
 10
-0.4539
 20
0.3144
 10
-0.4583
 20
0.3231
 10
-0.4644
 20
0.3399
 10
-0.4801
 20
0.3985
 10
-0.4622
 20
0.3718
 10
-0.4549
 20
0.359
 10
-0.4485
 20
0.3454
 10
-0.4452
 20
0.3364
 10
-0.4428
 20
0.328
 10
-0.4415
 20
0.3203
 10
-0.4412
 20
0.3139
 10
-0.4418
 20
0.3087
 10
-0.4294
 20
0.3027
 10
-0.4355
 20
0.3159
 10
-0.4424
 20
0.3359
 10
-0.4568
 20
0.3877
 10
-0.4621
 20
0.4046
 10
-0.4417
 20
0.3726
 10
-0.4335
 20
0.3573
 10
-0.4263
 20
0.3411
 10
-0.4226
 20
0.3304
 10
-0.42
 20
0.3204
 10
-0.4184
 20
0.3114
 10
-0.418
 20
0.3039
 10
-0.4186
 20
0.2974
 10
-0.405
 20
0.2906
 10
-0.4085
 20
0.2986
 10
-0.4154
 20
0.3191
 10
-0.4324
 20
0.3849
 10
-0.4396
 20
0.409
 10
-0.4265
 20
0.387
 10
-0.4181
 20
0.3719
 10
-0.4097
 20
0.3542
 10
-0.4025
 20
0.3356
 10
-0.3988
 20
0.3234
 10
-0.3955
 20
0.3068
 10
-0.3945
 20
0.2933
 10
-0.3953
 20
0.2856
 10
-0.3801
 20
0.2777
 10
-0.3841
 20
0.2894
 10
-0.3894
 20
0.3123
 10
-0.4024
 20
0.3856
 10
-0.4084
 20
0.4125
 10
-0.4011
 20
0.3976
 10
-0.3865
 20
0.3745
 10
-0.376
 20
0.3555
 10
-0.3659
 20
0.3345
 10
-0.3601
 20
0.32
 10
-0.3555
 20
0.3057
 10
-0.351
 20
0.2865
 10
-0.3492
 20
0.2707
 10
-0.3498
 20
0.2613
 10
-0.3356
 20
0.2534
 10
-0.3406
 20
0.2659
 10
-0.3445
 20
0.2777
 10
-0.3674
 20
0.3587
 10
-0.3751
 20
0.3827
 10
-0.3819
 20
0.4009
 10
-0.3655
 20
0.3739
 10
-0.3564
 20
0.3573
 10
-0.3638
 20
0.3759
 10
-0.3699
 20
0.3893
 10
-0.3479
 20
0.3568
 10
-0.3321
 20
0.3295
 10
-0.3201
 20
0.3039
 10
-0.3125
 20
0.2835
 10
-0.3088
 20
0.2705
 10
-0.3186
 20
0.273
 10
-0.3113
 20
0.2695
 10
-0.3161
 20
0.2699
 10
-0.3081
 20
0.2674
 10
-0.3058
 20
0.2565
 10
-0.3046
 20
0.2459
 10
-0.3049
 20
0.2356
 10
-0.2943
 20
0.2293
 10
-0.3002
 20
0.2298
 10
-0.3104
 20
0.2325
 10
-0.3055
 20
0.2302
 10
-0.3195
 20
0.2318
 97
0
 92
2
 72
0
 73
1
 93
6
 10
-0.3545
 20
0.2525
 10
-0.362
 20
0.2468
 10
-0.3706
 20
0.242
 10
-0.3786
 20
0.2381
 10
-0.3537
 20
0.2437
 10
-0.3415
 20
0.2452
 97
0
 92
2
 72
0
 73
1
 93
5
 10
-0.4229
 20
0.2884
 10
-0.4276
 20
0.2838
 10
-0.4392
 20
0.2764
 10
-0.4279
 20
0.2795
 10
-0.4113
 20
0.2825
 97
0
 92
2
 72
0
 73
1
 93
5
 10
-0.3589
 20
0.2663
 10
-0.3637
 20
0.2772
 10
-0.3703
 20
0.2962
 10
-0.3704
 20
0.2819
 10
-0.372
 20
0.2734
 97
0
 92
2
 72
0
 73
1
 93
5
 10
-0.3141
 20
0.241
 10
-0.3194
 20
0.2529
 10
-0.3278
 20
0.2754
 10
-0.3262
 20
0.2585
 10
-0.327
 20
0.2485
 97
0
 92
3
 72
0
 73
1
 93
6
 10
-0.2904
 20
0.229
 10
-0.2939
 20
0.2413
 10
-0.2986
 20
0.2633
 10
-0.2806
 20
0.2551
 10
-0.2799
 20
0.243
 10
-0.2807
 20
0.2283
 97
0
 92
3
 72
0
 73
1
 93
12
 10
-0.2998
 20
0.2691
 10
-0.3133
 20
0.3399
 10
-0.3191
 20
0.3654
 10
-0.3246
 20
0.3849
 10
-0.313
 20
0.3615
 10
-0.3043
 20
0.3423
 10
-0.2954
 20
0.3197
 10
-0.2899
 20
0.3025
 10
-0.3007
 20
0.3042
 10
-0.2887
 20
0.2981
 10
-0.2858
 20
0.2869
 10
-0.2823
 20
0.2689
 97
0
 75
1
 76
1
 98
0
  0
HATCH
  5
C2
330
B3
100
AcDbEntity
  8
VEG-RELLENO
 62
63
420
9224050
100
AcDbHatch
 10
0.0
 20
0.0
 30
0.0
210
0.0
220
0.0
230
1.0
  2
SOLID
 70
1
 71
0
 91
5
 92
3
 72
0
 73
1
 93
293
 10
0.2056
 20
0.1286
 10
0.2321
 20
0.1233
 10
0.3016
 20
0.1072
 10
0.3267
 20
0.1022
 10
0.3462
 20
0.0993
 10
0.3142
 20
0.0981
 10
0.2926
 20
0.0981
 10
0.2709
 20
0.0995
 10
0.2488
 20
0.1023
 10
0.2277
 20
0.1066
 10
0.2136
 20
0.1106
 10
0.2016
 20
0.1151
 10
0.192
 20
0.1195
 10
0.1834
 20
0.1252
 10
0.1701
 20
0.1145
 10
0.184
 20
0.1134
 10
0.1958
 20
0.1115
 10
0.2818
 20
0.0934
 10
0.3037
 20
0.0894
 10
0.3173
 20
0.0876
 10
0.287
 20
0.0859
 10
0.2667
 20
0.0856
 10
0.2514
 20
0.086
 10
0.2278
 20
0.0882
 10
0.2051
 20
0.0922
 10
0.1918
 20
0.0958
 10
0.1803
 20
0.0998
 10
0.1711
 20
0.1038
 10
0.1631
 20
0.109
 10
0.1493
 20
0.0983
 10
0.1614
 20
0.0967
 10
0.1838
 20
0.0914
 10
0.2536
 20
0.0706
 10
0.2797
 20
0.064
 10
0.2367
 20
0.0651
 10
0.2021
 20
0.0623
 10
0.1902
 20
0.0621
 10
0.1718
 20
0.063
 10
0.1541
 20
0.0653
 10
0.1436
 20
0.0676
 10
0.1346
 20
0.0705
 10
0.1274
 20
0.0736
 10
0.1216
 20
0.0773
 10
0.1098
 20
0.0686
 10
0.1204
 20
0.0675
 10
0.1373
 20
0.0634
 10
0.1925
 20
0.044
 10
0.1615
 20
0.0439
 10
0.1424
 20
0.0455
 10
0.1329
 20
0.0471
 10
0.124
 20
0.0493
 10
0.1159
 20
0.052
 10
0.1091
 20
0.0551
 10
0.1037
 20
0.0583
 10
0.0999
 20
0.0615
 10
0.0898
 20
0.0543
 10
0.0965
 20
0.0529
 10
0.107
 20
0.0488
 10
0.1335
 20
0.0332
 10
0.1082
 20
0.0333
 10
0.0964
 20
0.0351
 10
0.0862
 20
0.0389
 10
0.0822
 20
0.0414
 10
0.0779
 20
0.0459
 10
0.0191
 20
0.0064
 10
0.0157
 20
0.006
 10
0.014
 20
0.0067
 10
0.0126
 20
0.0081
 10
0.0118
 20
0.0114
 10
0.0124
 20
0.0133
 10
0.0137
 20
0.0148
 10
0.0723
 20
0.0541
 10
0.0696
 20
0.0599
 10
0.0688
 20
0.0644
 10
0.0688
 20
0.0752
 10
0.0711
 20
0.0868
 10
0.0789
 20
0.1101
 10
0.0831
 20
0.0915
 10
0.085
 20
0.0802
 10
0.0854
 20
0.0689
 10
0.0845
 20
0.0627
 10
0.0946
 20
0.07
 10
0.0934
 20
0.0748
 10
0.0927
 20
0.0811
 10
0.0928
 20
0.0885
 10
0.0953
 20
0.1058
 10
0.1003
 20
0.124
 10
0.114
 20
0.1603
 10
0.1126
 20
0.1121
 10
0.1104
 20
0.094
 10
0.1064
 20
0.0785
 10
0.1158
 20
0.0855
 10
0.1141
 20
0.0921
 10
0.1133
 20
0.1046
 10
0.1141
 20
0.1199
 10
0.1156
 20
0.1313
 10
0.1177
 20
0.143
 10
0.1218
 20
0.1602
 10
0.1341
 20
0.2013
 10
0.1338
 20
0.1934
 10
0.1411
 20
0.2378
 10
0.1453
 20
0.1813
 10
0.1467
 20
0.1539
 10
0.1466
 20
0.1286
 10
0.1457
 20
0.1179
 10
0.1438
 20
0.1067
 10
0.1573
 20
0.1171
 10
0.155
 20
0.1264
 10
0.154
 20
0.1363
 10
0.1539
 20
0.1551
 10
0.1553
 20
0.1767
 10
0.1573
 20
0.1918
 10
0.1612
 20
0.214
 10
0.1734
 20
0.2672
 10
0.1718
 20
0.175
 10
0.1696
 20
0.1471
 10
0.1679
 20
0.1354
 10
0.1652
 20
0.1234
 10
0.1776
 20
0.1333
 10
0.1751
 20
0.1432
 10
0.1739
 20
0.1537
 10
0.1734
 20
0.1736
 10
0.1746
 20
0.1964
 10
0.1771
 20
0.2178
 10
0.1813
 20
0.2435
 10
0.1917
 20
0.2924
 10
0.191
 20
0.195
 10
0.1893
 20
0.1655
 10
0.1878
 20
0.1531
 10
0.1851
 20
0.1394
 10
0.1978
 20
0.1499
 10
0.1956
 20
0.1601
 10
0.1946
 20
0.1708
 10
0.1946
 20
0.1911
 10
0.1963
 20
0.2143
 10
0.1984
 20
0.2306
 10
0.2031
 20
0.257
 10
0.2159
 20
0.3117
 10
0.2127
 20
0.2125
 10
0.2103
 20
0.1825
 10
0.2085
 20
0.1699
 10
0.2055
 20
0.1563
 10
0.2177
 20
0.1667
 10
0.2155
 20
0.1766
 10
0.2146
 20
0.1872
 10
0.2144
 20
0.1999
 10
0.215
 20
0.2144
 10
0.2186
 20
0.246
 10
0.2214
 20
0.2619
 10
0.2272
 20
0.2892
 10
0.2313
 20
0.3355
 10
0.2336
 20
0.3151
 10
0.2363
 20
0.3258
 10
0.2353
 20
0.3031
 10
0.2411
 20
0.2581
 10
0.2439
 20
0.2284
 10
0.2446
 20
0.2029
 10
0.2434
 20
0.1889
 10
0.256
 20
0.2002
 10
0.2525
 20
0.208
 10
0.2499
 20
0.2168
 10
0.2469
 20
0.2339
 10
0.245
 20
0.2537
 10
0.2446
 20
0.2677
 10
0.2449
 20
0.2885
 10
0.2483
 20
0.3388
 10
0.2576
 20
0.2821
 10
0.2615
 20
0.2547
 10
0.2636
 20
0.2291
 10
0.2638
 20
0.2183
 10
0.2629
 20
0.2065
 10
0.2752
 20
0.2178
 10
0.2725
 20
0.2243
 10
0.2698
 20
0.2368
 10
0.2682
 20
0.2523
 10
0.268
 20
0.264
 10
0.2683
 20
0.2762
 10
0.2698
 20
0.2941
 10
0.2758
 20
0.3375
 10
0.2822
 20
0.2881
 10
0.2845
 20
0.2642
 10
0.2851
 20
0.242
 10
0.2835
 20
0.2255
 10
0.2936
 20
0.235
 10
0.291
 20
0.2396
 10
0.2888
 20
0.2456
 10
0.2869
 20
0.253
 10
0.2847
 20
0.271
 10
0.2844
 20
0.2807
 10
0.2849
 20
0.2951
 10
0.2881
 20
0.3303
 10
0.2976
 20
0.2913
 10
0.3012
 20
0.2724
 10
0.3028
 20
0.2547
 10
0.3022
 20
0.2432
 10
0.3117
 20
0.2525
 10
0.3079
 20
0.2584
 10
0.3061
 20
0.2633
 10
0.3041
 20
0.275
 10
0.3042
 20
0.288
 10
0.3075
 20
0.3148
 10
0.315
 20
0.2954
 10
0.3191
 20
0.2833
 10
0.3216
 20
0.2711
 10
0.3218
 20
0.2624
 10
0.3242
 20
0.2647
 10
0.327
 20
0.2655
 10
0.3301
 20
0.2644
 10
0.3318
 20
0.262
 10
0.3316
 20
0.2586
 10
0.3287
 20
0.2552
 10
0.3376
 20
0.255
 10
0.3499
 20
0.2525
 10
0.3818
 20
0.2415
 10
0.3543
 20
0.2374
 10
0.3411
 20
0.2373
 10
0.3293
 20
0.2394
 10
0.3245
 20
0.2413
 10
0.3187
 20
0.2453
 10
0.3092
 20
0.2361
 10
0.3206
 20
0.2365
 10
0.3384
 20
0.2348
 10
0.3977
 20
0.2235
 10
0.366
 20
0.2189
 10
0.3514
 20
0.2179
 10
0.3364
 20
0.218
 10
0.327
 20
0.2189
 10
0.3183
 20
0.2205
 10
0.3109
 20
0.2226
 10
0.3049
 20
0.2251
 10
0.3005
 20
0.2278
 10
0.2896
 20
0.2176
 10
0.2978
 20
0.2179
 10
0.3179
 20
0.2166
 10
0.3416
 20
0.2135
 10
0.3857
 20
0.2063
 10
0.4044
 20
0.2041
 10
0.3646
 20
0.1989
 10
0.3462
 20
0.198
 10
0.3275
 20
0.1984
 10
0.3156
 20
0.1996
 10
0.3048
 20
0.2015
 10
0.2955
 20
0.204
 10
0.288
 20
0.2068
 10
0.2818
 20
0.2103
 10
0.2702
 20
0.1996
 10
0.2814
 20
0.2
 10
0.3047
 20
0.1985
 10
0.3781
 20
0.19
 10
0.4054
 20
0.188
 10
0.378
 20
0.1836
 10
0.3594
 20
0.1814
 10
0.3381
 20
0.1801
 10
0.3164
 20
0.1803
 10
0.3026
 20
0.1815
 10
0.2846
 20
0.1847
 10
0.2705
 20
0.189
 10
0.2628
 20
0.1929
 10
0.2496
 20
0.1811
 10
0.2642
 20
0.1802
 10
0.2761
 20
0.1786
 10
0.3632
 20
0.1623
 10
0.3853
 20
0.1588
 10
0.399
 20
0.1573
 10
0.3623
 20
0.1545
 10
0.339
 20
0.1541
 10
0.3695
 20
0.1515
 10
0.3894
 20
0.1508
 10
0.3641
 20
0.1469
 10
0.3434
 20
0.1444
 10
0.3197
 20
0.1428
 10
0.3028
 20
0.1426
 10
0.2781
 20
0.1441
 10
0.2556
 20
0.1475
 10
0.2431
 20
0.1506
 10
0.233
 20
0.154
 10
0.2238
 20
0.1587
 10
0.2105
 20
0.1474
 10
0.2262
 20
0.1467
 10
0.239
 20
0.1453
 10
0.3255
 20
0.1324
 10
0.3515
 20
0.1294
 10
0.3717
 20
0.1281
 10
0.3391
 20
0.1243
 10
0.3171
 20
0.1227
 10
0.2949
 20
0.1224
 10
0.2722
 20
0.1236
 10
0.2504
 20
0.1263
 10
0.2357
 20
0.1294
 10
0.2231
 20
0.133
 10
0.213
 20
0.1368
 10
0.2038
 20
0.1419
 10
0.1898
 20
0.1303
 97
0
 92
2
 72
0
 73
1
 93
5
 10
0.2367
 20
0.1831
 10
0.2331
 20
0.1921
 10
0.2307
 20
0.202
 10
0.2285
 20
0.1862
 10
0.2257
 20
0.1735
 97
0
 92
2
 72
0
 73
1
 93
7
 10
0.2352
 20
0.1648
 10
0.2583
 20
0.1635
 10
0.2784
 20
0.1613
 10
0.2608
 20
0.1665
 10
0.2515
 20
0.1705
 10
0.2432
 20
0.1755
 10
0.2307
 20
0.1646
 97
0
 92
2
 72
0
 73
1
 93
5
 10
0.1468
 20
0.0835
 10
0.1614
 20
0.0814
 10
0.1489
 20
0.0877
 10
0.1422
 20
0.0928
 10
0.131
 20
0.0843
 97
0
 92
2
 72
0
 73
1
 93
5
 10
0.1335
 20
0.1088
 10
0.1313
 20
0.1225
 10
0.1292
 20
0.1074
 10
0.1255
 20
0.0927
 10
0.1363
 20
0.1009
 97
0
 75
1
 76
1
 98
0
  0
HATCH
  5
C3
330
B3
100
AcDbEntity
  8
VEG-RELLENO
 62
63
420
9420918
100
AcDbHatch
 10
0.0
 20
0.0
 30
0.0
210
0.0
220
0.0
230
1.0
  2
SOLID
 70
1
 71
0
 91
7
 92
3
 72
0
 73
1
 93
251
 10
-0.0813
 20
-0.1949
 10
-0.0924
 20
-0.1995
 10
-0.1193
 20
-0.2089
 10
-0.2098
 20
-0.2347
 10
-0.1671
 20
-0.212
 10
-0.1395
 20
-0.1992
 10
-0.1251
 20
-0.1934
 10
-0.1043
 20
-0.1864
 10
-0.0856
 20
-0.1817
 10
-0.0756
 20
-0.1801
 10
-0.0658
 20
-0.18
 10
-0.0603
 20
-0.1655
 10
-0.0695
 20
-0.1708
 10
-0.0794
 20
-0.1756
 10
-0.1034
 20
-0.1851
 10
-0.13
 20
-0.194
 10
-0.1853
 20
-0.2112
 10
-0.1413
 20
-0.1854
 10
-0.1227
 20
-0.1758
 10
-0.1098
 20
-0.1699
 10
-0.0911
 20
-0.1627
 10
-0.0743
 20
-0.1578
 10
-0.0652
 20
-0.1561
 10
-0.0566
 20
-0.1558
 10
-0.0513
 20
-0.1414
 10
-0.0664
 20
-0.1492
 10
-0.0873
 20
-0.1571
 10
-0.1104
 20
-0.164
 10
-0.1588
 20
-0.1768
 10
-0.1206
 20
-0.1547
 10
-0.1045
 20
-0.1466
 10
-0.0933
 20
-0.1417
 10
-0.0823
 20
-0.1375
 10
-0.0672
 20
-0.1331
 10
-0.0546
 20
-0.1309
 10
-0.0475
 20
-0.131
 10
-0.0428
 20
-0.1176
 10
-0.0522
 20
-0.1228
 10
-0.0686
 20
-0.129
 10
-0.087
 20
-0.1339
 10
-0.1258
 20
-0.1422
 10
-0.0959
 20
-0.1241
 10
-0.0833
 20
-0.1174
 10
-0.0745
 20
-0.1135
 10
-0.0576
 20
-0.1077
 10
-0.0502
 20
-0.1062
 10
-0.0438
 20
-0.1057
 10
-0.0387
 20
-0.106
 10
-0.0357
 20
-0.0973
 10
-0.0437
 20
-0.1014
 10
-0.0491
 20
-0.1033
 10
-0.0603
 20
-0.1061
 10
-0.0789
 20
-0.1098
 10
-0.0608
 20
-0.0932
 10
-0.0511
 20
-0.0865
 10
-0.0413
 20
-0.082
 10
-0.0368
 20
-0.081
 10
-0.0303
 20
-0.0812
 10
-0.0103
 20
-0.0173
 10
-0.0092
 20
-0.0157
 10
-0.0076
 20
-0.0146
 10
-0.0057
 20
-0.0142
 10
-0.0038
 20
-0.0145
 10
-0.0022
 20
-0.0156
 10
-0.0011
 20
-0.0172
 10
-0.0009
 20
-0.0206
 10
-0.0206
 20
-0.0836
 10
-0.015
 20
-0.0864
 10
-0.0115
 20
-0.0894
 10
-0.0049
 20
-0.0981
 10
0.0003
 20
-0.1088
 10
0.0078
 20
-0.1329
 10
-0.0148
 20
-0.1122
 10
-0.0219
 20
-0.1034
 10
-0.0252
 20
-0.0973
 10
-0.0294
 20
-0.1096
 10
-0.0254
 20
-0.1128
 10
-0.0211
 20
-0.1175
 10
-0.0166
 20
-0.1237
 10
-0.0103
 20
-0.1355
 10
-0.0047
 20
-0.1489
 10
0.0008
 20
-0.1675
 10
0.0072
 20
-0.1985
 10
-0.0022
 20
-0.1825
 10
0.007
 20
-0.2048
 10
0.019
 20
-0.2431
 10
0.0091
 20
-0.2271
 10
-0.0159
 20
-0.1899
 10
-0.0287
 20
-0.1697
 10
-0.0383
 20
-0.1518
 10
-0.0415
 20
-0.1438
 10
-0.0471
 20
-0.1589
 10
-0.0404
 20
-0.1645
 10
-0.0309
 20
-0.1759
 10
-0.0207
 20
-0.1913
 10
-0.0141
 20
-0.2036
 10
-0.0052
 20
-0.2236
 10
0.0021
 20
-0.2438
 10
0.0075
 20
-0.2618
 10
0.0144
 20
-0.2889
 10
0.0017
 20
-0.2645
 10
-0.0355
 20
-0.2
 10
-0.0462
 20
-0.1789
 10
-0.0505
 20
-0.1678
 10
-0.0566
 20
-0.1837
 10
-0.0497
 20
-0.1907
 10
-0.0437
 20
-0.1989
 10
-0.0373
 20
-0.2095
 10
-0.0308
 20
-0.222
 10
-0.0219
 20
-0.2437
 10
-0.0146
 20
-0.2667
 10
-0.0108
 20
-0.2818
 10
-0.0066
 20
-0.3021
 10
-0.0017
 20
-0.3326
 10
-0.0064
 20
-0.3195
 10
-0.0151
 20
-0.2985
 10
-0.0517
 20
-0.2167
 10
-0.0562
 20
-0.2054
 10
-0.0601
 20
-0.1929
 10
-0.0664
 20
-0.2084
 10
-0.0599
 20
-0.2165
 10
-0.0545
 20
-0.2257
 10
-0.0488
 20
-0.2374
 10
-0.0409
 20
-0.2589
 10
-0.0343
 20
-0.283
 10
-0.0296
 20
-0.3077
 10
-0.0268
 20
-0.3309
 10
-0.0242
 20
-0.3698
 10
-0.0295
 20
-0.3487
 10
-0.0239
 20
-0.3919
 10
-0.0339
 20
-0.3613
 10
-0.0445
 20
-0.3337
 10
-0.0714
 20
-0.2671
 10
-0.0758
 20
-0.255
 10
-0.0798
 20
-0.241
 10
-0.0864
 20
-0.2563
 10
-0.0799
 20
-0.264
 10
-0.0744
 20
-0.2729
 10
-0.0687
 20
-0.2842
 10
-0.0606
 20
-0.305
 10
-0.0537
 20
-0.3283
 10
-0.0501
 20
-0.3444
 10
-0.0471
 20
-0.3626
 10
-0.0398
 20
-0.3867
 10
-0.0326
 20
-0.415
 10
-0.0438
 20
-0.3926
 10
-0.0423
 20
-0.4127
 10
-0.046
 20
-0.3989
 10
-0.0536
 20
-0.375
 10
-0.0839
 20
-0.3219
 10
-0.095
 20
-0.2999
 10
-0.1
 20
-0.2871
 10
-0.1074
 20
-0.3033
 10
-0.102
 20
-0.3089
 10
-0.0946
 20
-0.3204
 10
-0.087
 20
-0.3356
 10
-0.0825
 20
-0.3475
 10
-0.0768
 20
-0.3668
 10
-0.0725
 20
-0.3861
 10
-0.0698
 20
-0.4031
 10
-0.0666
 20
-0.4286
 10
-0.0738
 20
-0.4098
 10
-0.0948
 20
-0.3615
 10
-0.0897
 20
-0.3758
 10
-0.0854
 20
-0.3913
 10
-0.0785
 20
-0.4257
 10
-0.1105
 20
-0.3677
 10
-0.1187
 20
-0.3498
 10
-0.123
 20
-0.3364
 10
-0.1294
 20
-0.3493
 10
-0.1265
 20
-0.3515
 10
-0.123
 20
-0.3552
 10
-0.1195
 20
-0.3601
 10
-0.1134
 20
-0.3729
 10
-0.111
 20
-0.3803
 10
-0.1076
 20
-0.3953
 10
-0.1042
 20
-0.4201
 10
-0.1252
 20
-0.3865
 10
-0.1318
 20
-0.3732
 10
-0.1355
 20
-0.3617
 10
-0.1399
 20
-0.3702
 10
-0.1414
 20
-0.3715
 10
-0.1438
 20
-0.3722
 10
-0.1457
 20
-0.3718
 10
-0.1473
 20
-0.3708
 10
-0.1485
 20
-0.3692
 10
-0.1489
 20
-0.3673
 10
-0.1485
 20
-0.3653
 10
-0.1444
 20
-0.357
 10
-0.1561
 20
-0.3608
 10
-0.1706
 20
-0.3629
 10
-0.2098
 20
-0.364
 10
-0.1812
 20
-0.3507
 10
-0.1667
 20
-0.3458
 10
-0.1528
 20
-0.3433
 10
-0.1468
 20
-0.3432
 10
-0.1418
 20
-0.3438
 10
-0.1383
 20
-0.3448
 10
-0.1319
 20
-0.3317
 10
-0.1455
 20
-0.3363
 10
-0.1647
 20
-0.34
 10
-0.1857
 20
-0.3423
 10
-0.2296
 20
-0.3451
 10
-0.1934
 20
-0.3313
 10
-0.1783
 20
-0.3265
 10
-0.168
 20
-0.3238
 10
-0.1484
 20
-0.3206
 10
-0.14
 20
-0.3202
 10
-0.1329
 20
-0.3206
 10
-0.1272
 20
-0.3219
 10
-0.1204
 20
-0.3076
 10
-0.1298
 20
-0.3114
 10
-0.1395
 20
-0.3142
 10
-0.1628
 20
-0.3193
 10
-0.1882
 20
-0.3231
 10
-0.2412
 20
-0.3298
 10
-0.1974
 20
-0.3127
 10
-0.1791
 20
-0.3066
 10
-0.1665
 20
-0.3032
 10
-0.1485
 20
-0.2995
 10
-0.1325
 20
-0.2977
 10
-0.124
 20
-0.2977
 10
-0.1163
 20
-0.2988
 10
-0.1095
 20
-0.284
 10
-0.1212
 20
-0.289
 10
-0.1321
 20
-0.2926
 10
-0.1582
 20
-0.2994
 10
-0.2461
 20
-0.3166
 10
-0.2145
 20
-0.3026
 10
-0.2416
 20
-0.3113
 10
-0.1984
 20
-0.2872
 10
-0.1656
 20
-0.2715
 10
-0.1414
 20
-0.2619
 10
-0.1279
 20
-0.2576
 10
-0.1157
 20
-0.2545
 10
-0.1055
 20
-0.2527
 10
-0.0955
 20
-0.2523
 10
-0.0886
 20
-0.2361
 10
-0.1027
 20
-0.2424
 10
-0.1286
 20
-0.2508
 10
-0.1594
 20
-0.2589
 10
-0.2403
 20
-0.2781
 10
-0.2211
 20
-0.269
 10
-0.192
 20
-0.2512
 10
-0.1661
 20
-0.2365
 10
-0.1368
 20
-0.2222
 10
-0.1154
 20
-0.2137
 10
-0.0962
 20
-0.2076
 10
-0.0858
 20
-0.2053
 10
-0.0755
 20
-0.2045
 10
-0.0692
 20
-0.1887
 97
0
 92
2
 72
0
 73
1
 93
5
 10
-0.0608
 20
-0.253
 10
-0.0675
 20
-0.231
 10
-0.0704
 20
-0.2184
 10
-0.0761
 20
-0.2322
 10
-0.0691
 20
-0.24
 97
0
 92
2
 72
0
 73
1
 93
5
 10
-0.0965
 20
-0.2793
 10
-0.0895
 20
-0.2852
 10
-0.0829
 20
-0.2927
 10
-0.0874
 20
-0.2784
 10
-0.0904
 20
-0.2657
 97
0
 92
2
 72
0
 73
1
 93
7
 10
-0.1182
 20
-0.3263
 10
-0.1137
 20
-0.3301
 10
-0.1091
 20
-0.3354
 10
-0.1043
 20
-0.3424
 10
-0.0961
 20
-0.3586
 10
-0.1068
 20
-0.3314
 10
-0.112
 20
-0.3132
 97
0
 92
2
 72
0
 73
1
 93
6
 10
-0.0995
 20
-0.2614
 10
-0.1112
 20
-0.2677
 10
-0.133
 20
-0.2767
 10
-0.1245
 20
-0.2755
 10
-0.1148
 20
-0.2748
 10
-0.1057
 20
-0.2755
 97
0
 92
2
 72
0
 73
1
 93
5
 10
-0.0793
 20
-0.2137
 10
-0.0912
 20
-0.2206
 10
-0.1116
 20
-0.2299
 10
-0.0957
 20
-0.2278
 10
-0.0852
 20
-0.228
 97
0
 92
2
 72
0
 73
1
 93
6
 10
-0.0292
 20
-0.1351
 10
-0.0339
 20
-0.1224
 10
-0.038
 20
-0.1341
 10
-0.0323
 20
-0.1383
 10
-0.0266
 20
-0.144
 10
-0.0222
 20
-0.1493
 97
0
 75
1
 76
1
 98
0
  0
HATCH
  5
C4
330
B3
100
AcDbEntity
  8
VEG-RELLENO
 62
63
420
9486711
100
AcDbHatch
 10
0.0
 20
0.0
 30
0.0
210
0.0
220
0.0
230
1.0
  2
SOLID
 70
1
 71
0
 91
7
 92
3
 72
0
 73
1
 93
253
 10
-0.1138
 20
0.1705
 10
-0.1096
 20
0.1872
 10
-0.1007
 20
0.2145
 10
-0.0733
 20
0.2866
 10
-0.0672
 20
0.3041
 10
-0.0744
 20
0.2552
 10
-0.0789
 20
0.2326
 10
-0.0848
 20
0.2096
 10
-0.092
 20
0.1885
 10
-0.0996
 20
0.1707
 10
-0.1046
 20
0.1617
 10
-0.1105
 20
0.1538
 10
-0.1005
 20
0.1399
 10
-0.0986
 20
0.1524
 10
-0.0924
 20
0.1753
 10
-0.0832
 20
0.2016
 10
-0.0572
 20
0.27
 10
-0.0613
 20
0.2378
 10
-0.0642
 20
0.2193
 10
-0.0606
 20
0.2326
 10
-0.0615
 20
0.1876
 10
-0.063
 20
0.1693
 10
-0.0647
 20
0.157
 10
-0.067
 20
0.1453
 10
-0.0713
 20
0.13
 10
-0.0762
 20
0.118
 10
-0.08
 20
0.1119
 10
-0.0719
 20
0.101
 10
-0.0713
 20
0.1112
 10
-0.0679
 20
0.1286
 10
-0.0625
 20
0.1471
 10
-0.0494
 20
0.1851
 10
-0.0494
 20
0.1495
 10
-0.0503
 20
0.1351
 10
-0.0515
 20
0.1254
 10
-0.0556
 20
0.1078
 10
-0.0583
 20
0.1007
 10
-0.0612
 20
0.0949
 10
-0.0642
 20
0.0907
 10
-0.0563
 20
0.0802
 10
-0.0549
 20
0.0873
 10
-0.0507
 20
0.0978
 10
-0.045
 20
0.1078
 10
-0.0348
 20
0.1239
 10
-0.0354
 20
0.0991
 10
-0.0372
 20
0.0875
 10
-0.0409
 20
0.0773
 10
-0.0433
 20
0.0733
 10
-0.0477
 20
0.0689
 10
-0.0083
 20
0.0184
 10
-0.0075
 20
0.0166
 10
-0.0076
 20
0.0146
 10
-0.0083
 20
0.0128
 10
-0.0097
 20
0.0115
 10
-0.013
 20
0.0107
 10
-0.016
 20
0.0122
 10
-0.0558
 20
0.0631
 10
-0.0614
 20
0.0602
 10
-0.066
 20
0.0592
 10
-0.0768
 20
0.059
 10
-0.0885
 20
0.0611
 10
-0.1124
 20
0.0691
 10
-0.0823
 20
0.0753
 10
-0.071
 20
0.0758
 10
-0.0649
 20
0.0751
 10
-0.072
 20
0.0844
 10
-0.0767
 20
0.0823
 10
-0.0829
 20
0.0807
 10
-0.0905
 20
0.0796
 10
-0.0992
 20
0.0792
 10
-0.1087
 20
0.0795
 10
-0.1185
 20
0.0805
 10
-0.1377
 20
0.0841
 10
-0.1682
 20
0.0923
 10
-0.1277
 20
0.0954
 10
-0.1084
 20
0.0964
 10
-0.0906
 20
0.0958
 10
-0.079
 20
0.0938
 10
-0.0878
 20
0.1056
 10
-0.0945
 20
0.1031
 10
-0.1073
 20
0.1009
 10
-0.1233
 20
0.1
 10
-0.1354
 20
0.1005
 10
-0.1541
 20
0.1027
 10
-0.1723
 20
0.1061
 10
-0.2112
 20
0.1163
 10
-0.1924
 20
0.1162
 10
-0.1472
 20
0.1173
 10
-0.1231
 20
0.1171
 10
-0.1027
 20
0.1155
 10
-0.0938
 20
0.1137
 10
-0.1034
 20
0.1268
 10
-0.1117
 20
0.124
 10
-0.1266
 20
0.1219
 10
-0.1452
 20
0.1213
 10
-0.1592
 20
0.122
 10
-0.1811
 20
0.1247
 10
-0.2022
 20
0.1289
 10
-0.2205
 20
0.1335
 10
-0.2473
 20
0.1412
 10
-0.2197
 20
0.1397
 10
-0.1448
 20
0.1384
 10
-0.121
 20
0.1365
 10
-0.1087
 20
0.1342
 10
-0.1186
 20
0.148
 10
-0.1281
 20
0.145
 10
-0.1444
 20
0.1428
 10
-0.1648
 20
0.1422
 10
-0.1802
 20
0.143
 10
-0.2041
 20
0.146
 10
-0.2273
 20
0.1504
 10
-0.2473
 20
0.1555
 10
-0.2767
 20
0.1641
 10
-0.2465
 20
0.1618
 10
-0.1795
 20
0.1599
 10
-0.1505
 20
0.1585
 10
-0.1383
 20
0.1574
 10
-0.1236
 20
0.1549
 10
-0.1339
 20
0.1695
 10
-0.144
 20
0.1669
 10
-0.1547
 20
0.1658
 10
-0.1677
 20
0.1655
 10
-0.1825
 20
0.1661
 10
-0.204
 20
0.1687
 10
-0.2261
 20
0.173
 10
-0.2473
 20
0.1784
 10
-0.2679
 20
0.1848
 10
-0.2981
 20
0.1955
 10
-0.2838
 20
0.1931
 10
-0.2603
 20
0.1903
 10
-0.1667
 20
0.1816
 10
-0.1541
 20
0.1798
 10
-0.1388
 20
0.1766
 10
-0.149
 20
0.1912
 10
-0.1593
 20
0.1896
 10
-0.1765
 20
0.1899
 10
-0.1977
 20
0.1924
 10
-0.2136
 20
0.1956
 10
-0.2299
 20
0.1999
 10
-0.246
 20
0.2051
 10
-0.2613
 20
0.2107
 10
-0.285
 20
0.2207
 10
-0.3215
 20
0.2321
 10
-0.3055
 20
0.2302
 10
-0.3104
 20
0.2325
 10
-0.3002
 20
0.2298
 10
-0.2975
 20
0.2295
 10
-0.1951
 20
0.2234
 10
-0.1829
 20
0.2219
 10
-0.1681
 20
0.2191
 10
-0.1782
 20
0.2342
 10
-0.1869
 20
0.2328
 10
-0.2021
 20
0.2332
 10
-0.2206
 20
0.2358
 10
-0.2344
 20
0.2389
 10
-0.2486
 20
0.243
 10
-0.2626
 20
0.2478
 10
-0.282
 20
0.2557
 10
-0.3053
 20
0.2666
 10
-0.3161
 20
0.2699
 10
-0.3113
 20
0.2695
 10
-0.3186
 20
0.273
 10
-0.3029
 20
0.2692
 10
-0.2516
 20
0.2687
 10
-0.2272
 20
0.2677
 10
-0.2067
 20
0.2653
 10
-0.1974
 20
0.2632
 10
-0.2064
 20
0.2771
 10
-0.2116
 20
0.276
 10
-0.2181
 20
0.2756
 10
-0.2259
 20
0.2761
 10
-0.2347
 20
0.2774
 10
-0.244
 20
0.2796
 10
-0.2536
 20
0.2826
 10
-0.272
 20
0.2899
 10
-0.3007
 20
0.3042
 10
-0.2459
 20
0.2969
 10
-0.2604
 20
0.3018
 10
-0.2789
 20
0.3102
 10
-0.2467
 20
0.3129
 10
-0.2347
 20
0.3122
 10
-0.2277
 20
0.3106
 10
-0.228
 20
0.3124
 10
-0.2275
 20
0.3143
 10
-0.2252
 20
0.3168
 10
-0.2218
 20
0.3172
 10
-0.2201
 20
0.3164
 10
-0.2187
 20
0.315
 10
-0.2166
 20
0.3229
 10
-0.2113
 20
0.3336
 10
-0.1929
 20
0.36
 10
-0.1948
 20
0.3411
 10
-0.1815
 20
0.378
 10
-0.1821
 20
0.342
 10
-0.1833
 20
0.3274
 10
-0.1847
 20
0.3176
 10
-0.1891
 20
0.2998
 10
-0.1919
 20
0.2926
 10
-0.1949
 20
0.2868
 10
-0.1981
 20
0.2826
 10
-0.1906
 20
0.271
 10
-0.1888
 20
0.2875
 10
-0.1839
 20
0.3097
 10
-0.1771
 20
0.3334
 10
-0.1618
 20
0.3823
 10
-0.1638
 20
0.3371
 10
-0.1657
 20
0.3186
 10
-0.1677
 20
0.3063
 10
-0.1702
 20
0.2945
 10
-0.1749
 20
0.2792
 10
-0.18
 20
0.2672
 10
-0.1841
 20
0.2611
 10
-0.1747
 20
0.2469
 10
-0.1726
 20
0.2591
 10
-0.166
 20
0.282
 10
-0.1565
 20
0.3084
 10
-0.1294
 20
0.3768
 10
-0.1353
 20
0.3362
 10
-0.1258
 20
0.372
 10
-0.1285
 20
0.3226
 10
-0.1321
 20
0.2918
 10
-0.1365
 20
0.2688
 10
-0.142
 20
0.2477
 10
-0.1461
 20
0.236
 10
-0.1502
 20
0.2266
 10
-0.1554
 20
0.2182
 10
-0.1455
 20
0.2038
 10
-0.1433
 20
0.219
 10
-0.1368
 20
0.2454
 10
-0.1275
 20
0.2759
 10
-0.1074
 20
0.3369
 10
-0.102
 20
0.3554
 10
-0.1074
 20
0.3041
 10
-0.1117
 20
0.2777
 10
-0.1163
 20
0.2562
 10
-0.1229
 20
0.2338
 10
-0.13
 20
0.2149
 10
-0.1348
 20
0.2053
 10
-0.1406
 20
0.1966
 10
-0.131
 20
0.1829
 10
-0.1294
 20
0.1977
 10
-0.1239
 20
0.2242
 10
-0.1157
 20
0.255
 10
-0.0979
 20
0.3167
 10
-0.0932
 20
0.3353
 10
-0.0966
 20
0.284
 10
-0.1
 20
0.2574
 10
-0.1038
 20
0.2358
 10
-0.1095
 20
0.2132
 10
-0.116
 20
0.194
 10
-0.1203
 20
0.1843
 10
-0.1258
 20
0.1754
 10
-0.1154
 20
0.1607
 97
0
 92
2
 72
0
 73
1
 93
5
 10
-0.1633
 20
0.2121
 10
-0.1729
 20
0.2093
 10
-0.1871
 20
0.2076
 10
-0.1682
 20
0.2034
 10
-0.1545
 20
0.1992
 97
0
 92
2
 72
0
 73
1
 93
5
 10
-0.192
 20
0.255
 10
-0.1989
 20
0.2527
 10
-0.2108
 20
0.251
 10
-0.1941
 20
0.2466
 10
-0.1842
 20
0.2432
 97
0
 92
2
 72
0
 73
1
 93
6
 10
-0.2198
 20
0.298
 10
-0.2262
 20
0.2957
 10
-0.2311
 20
0.2951
 10
-0.2375
 20
0.2954
 10
-0.2228
 20
0.2919
 10
-0.2138
 20
0.2886
 97
0
 92
2
 72
0
 73
1
 93
5
 10
-0.2055
 20
0.2941
 10
-0.2047
 20
0.3035
 10
-0.2032
 20
0.312
 10
-0.2062
 20
0.3075
 10
-0.2112
 20
0.3031
 97
0
 92
2
 72
0
 73
1
 93
6
 10
-0.1608
 20
0.2262
 10
-0.1596
 20
0.2395
 10
-0.1548
 20
0.2644
 10
-0.1595
 20
0.2544
 10
-0.1641
 20
0.2462
 10
-0.1696
 20
0.2392
 97
0
 92
2
 72
0
 73
1
 93
5
 10
-0.0868
 20
0.1211
 10
-0.0854
 20
0.138
 10
-0.0821
 20
0.1551
 10
-0.0899
 20
0.1397
 10
-0.0952
 20
0.1327
 97
0
 75
1
 76
1
 98
0
  0
LWPOLYLINE
  5
C5
330
B3
100
AcDbEntity
  8
VEG-MACETA
100
AcDbPolyline
 90
2
 70
0
 10
0.2138
 20
0.03
 10
0.2155
 20
0.03
  0
LWPOLYLINE
  5
C6
330
B3
100
AcDbEntity
  8
VEG-MACETA
100
AcDbPolyline
 90
5
 70
0
 10
0.23
 20
0.0092
 10
0.23
 20
0.0126
 10
0.2293
 20
0.0148
 10
0.2278
 20
0.0166
 10
0.2257
 20
0.0178
  0
LWPOLYLINE
  5
C7
330
B3
100
AcDbEntity
  8
VEG-MACETA
100
AcDbPolyline
 90
2
 70
0
 10
0.23
 20
-0.0116
 10
0.23
 20
-0.0008
  0
LWPOLYLINE
  5
C8
330
B3
100
AcDbEntity
  8
VEG-MACETA
100
AcDbPolyline
 90
2
 70
0
 10
0.2357
 20
0.0286
 10
0.2394
 20
0.0254
  0
LWPOLYLINE
  5
C9
330
B3
100
AcDbEntity
  8
VEG-MACETA
100
AcDbPolyline
 90
2
 70
0
 10
0.242
 20
-0.0181
 10
0.241
 20
-0.0228
  0
LWPOLYLINE
  5
CA
330
B3
100
AcDbEntity
  8
VEG-MACETA
100
AcDbPolyline
 90
2
 70
0
 10
-0.242
 20
0.0004
 10
-0.242
 20
0.0025
  0
LWPOLYLINE
  5
CB
330
B3
100
AcDbEntity
  8
VEG-MACETA
100
AcDbPolyline
 90
2
 70
0
 10
-0.242
 20
0.0126
 10
-0.242
 20
0.0186
  0
LWPOLYLINE
  5
CC
330
B3
100
AcDbEntity
  8
VEG-MACETA
100
AcDbPolyline
 90
3
 70
0
 10
-0.2384
 20
-0.0265
 10
-0.2411
 20
-0.0226
 10
-0.242
 20
-0.0184
  0
LWPOLYLINE
  5
CD
330
B3
100
AcDbEntity
  8
VEG-MACETA
100
AcDbPolyline
 90
3
 70
0
 10
-0.23
 20
-0.0028
 10
-0.23
 20
-0.0126
 10
-0.2287
 20
-0.0158
  0
LWPOLYLINE
  5
CE
330
B3
100
AcDbEntity
  8
VEG-MACETA
100
AcDbPolyline
 90
3
 70
0
 10
-0.2225
 20
0.018
 10
-0.2252
 20
0.0179
 10
-0.2277
 20
0.0167
  0
LWPOLYLINE
  5
CF
330
B3
100
AcDbEntity
  8
VEG-MACETA
100
AcDbPolyline
 90
2
 70
0
 10
-0.2111
 20
-0.03
 10
-0.2187
 20
-0.03
  0
LWPOLYLINE
  5
D0
330
B3
100
AcDbEntity
  8
VEG-MACETA
100
AcDbPolyline
 90
2
 70
0
 10
-0.2124
 20
0.03
 10
-0.2078
 20
0.03
  0
LWPOLYLINE
  5
D1
330
B3
100
AcDbEntity
  8
VEG-MACETA
370
9
100
AcDbPolyline
 90
2
 70
0
 10
-0.2042
 20
0.0269
 10
-0.2062
 20
0.0271
  0
LWPOLYLINE
  5
D2
330
B3
100
AcDbEntity
  8
VEG-MACETA
370
9
100
AcDbPolyline
 90
2
 70
0
 10
-0.1957
 20
-0.0524
 10
-0.2009
 20
-0.0538
  0
LWPOLYLINE
  5
D3
330
B3
100
AcDbEntity
  8
VEG-MACETA
370
9
100
AcDbPolyline
 90
2
 70
0
 10
-0.1894
 20
0.0507
 10
-0.2009
 20
0.0538
  0
LWPOLYLINE
  5
D4
330
B3
100
AcDbEntity
  8
VEG-MACETA
370
9
100
AcDbPolyline
 90
2
 70
0
 10
-0.1774
 20
-0.0735
 10
-0.1922
 20
-0.0796
  0
LWPOLYLINE
  5
D5
330
B3
100
AcDbEntity
  8
VEG-MACETA
370
9
100
AcDbPolyline
 90
2
 70
0
 10
-0.1774
 20
0.0735
 10
-0.1892
 20
0.0784
  0
LWPOLYLINE
  5
D6
330
B3
100
AcDbEntity
  8
VEG-MACETA
370
9
100
AcDbPolyline
 90
2
 70
0
 10
-0.1663
 20
-0.096
 10
-0.1801
 20
-0.104
  0
LWPOLYLINE
  5
D7
330
B3
100
AcDbEntity
  8
VEG-MACETA
370
9
100
AcDbPolyline
 90
2
 70
0
 10
-0.1663
 20
0.096
 10
-0.1725
 20
0.0996
  0
LWPOLYLINE
  5
D8
330
B3
100
AcDbEntity
  8
VEG-MACETA
370
9
100
AcDbPolyline
 90
2
 70
0
 10
-0.1534
 20
-0.1177
 10
-0.165
 20
-0.1266
  0
LWPOLYLINE
  5
D9
330
B3
100
AcDbEntity
  8
VEG-MACETA
370
9
100
AcDbPolyline
 90
2
 70
0
 10
-0.1543
 20
0.1184
 10
-0.159
 20
0.122
  0
LWPOLYLINE
  5
DA
330
B3
100
AcDbEntity
  8
VEG-MACETA
370
9
100
AcDbPolyline
 90
2
 70
0
 10
-0.141
 20
-0.141
 10
-0.144
 20
-0.144
  0
LWPOLYLINE
  5
DB
330
B3
100
AcDbEntity
  8
VEG-MACETA
370
9
100
AcDbPolyline
 90
2
 70
0
 10
-0.096
 20
0.1663
 10
-0.0992
 20
0.1717
  0
LWPOLYLINE
  5
DC
330
B3
100
AcDbEntity
  8
VEG-MACETA
370
9
100
AcDbPolyline
 90
2
 70
0
 10
-0.0735
 20
-0.1774
 10
-0.0746
 20
-0.1801
  0
LWPOLYLINE
  5
DD
330
B3
100
AcDbEntity
  8
VEG-MACETA
370
9
100
AcDbPolyline
 90
2
 70
0
 10
-0.0251
 20
0.1904
 10
-0.0257
 20
0.1952
  0
LWPOLYLINE
  5
DE
330
B3
100
AcDbEntity
  8
VEG-MACETA
370
9
100
AcDbPolyline
 90
2
 70
0
 10
0.0
 20
0.1949
 10
0.0
 20
0.2033
  0
LWPOLYLINE
  5
DF
330
B3
100
AcDbEntity
  8
VEG-MACETA
370
9
100
AcDbPolyline
 90
2
 70
0
 10
0.0253
 20
0.1919
 10
0.0259
 20
0.1964
  0
LWPOLYLINE
  5
E0
330
B3
100
AcDbEntity
  8
VEG-MACETA
370
9
100
AcDbPolyline
 90
2
 70
0
 10
0.0269
 20
-0.2046
 10
0.0271
 20
-0.2062
  0
LWPOLYLINE
  5
E1
330
B3
100
AcDbEntity
  8
VEG-MACETA
370
9
100
AcDbPolyline
 90
2
 70
0
 10
0.0497
 20
0.1855
 10
0.0538
 20
0.2009
  0
LWPOLYLINE
  5
E2
330
B3
100
AcDbEntity
  8
VEG-MACETA
370
9
100
AcDbPolyline
 90
2
 70
0
 10
0.0506
 20
-0.1887
 10
0.0538
 20
-0.2009
  0
LWPOLYLINE
  5
E3
330
B3
100
AcDbEntity
  8
VEG-MACETA
370
9
100
AcDbPolyline
 90
2
 70
0
 10
0.0735
 20
0.1774
 10
0.0796
 20
0.1922
  0
LWPOLYLINE
  5
E4
330
B3
100
AcDbEntity
  8
VEG-MACETA
370
9
100
AcDbPolyline
 90
2
 70
0
 10
0.0735
 20
-0.1774
 10
0.0796
 20
-0.1922
  0
LWPOLYLINE
  5
E5
330
B3
100
AcDbEntity
  8
VEG-MACETA
370
9
100
AcDbPolyline
 90
2
 70
0
 10
0.096
 20
-0.1663
 10
0.1019
 20
-0.1766
  0
LWPOLYLINE
  5
E6
330
B3
100
AcDbEntity
  8
VEG-MACETA
370
9
100
AcDbPolyline
 90
2
 70
0
 10
0.096
 20
0.1663
 10
0.104
 20
0.1801
  0
LWPOLYLINE
  5
E7
330
B3
100
AcDbEntity
  8
VEG-MACETA
370
9
100
AcDbPolyline
 90
2
 70
0
 10
0.1169
 20
-0.1523
 10
0.121
 20
-0.1577
  0
LWPOLYLINE
  5
E8
330
B3
100
AcDbEntity
  8
VEG-MACETA
370
9
100
AcDbPolyline
 90
2
 70
0
 10
0.1181
 20
0.1539
 10
0.1213
 20
0.158
  0
LWPOLYLINE
  5
E9
330
B3
100
AcDbEntity
  8
VEG-MACETA
370
9
100
AcDbPolyline
 90
2
 70
0
 10
0.1374
 20
-0.1374
 10
0.144
 20
-0.144
  0
LWPOLYLINE
  5
EA
330
B3
100
AcDbEntity
  8
VEG-MACETA
370
9
100
AcDbPolyline
 90
2
 70
0
 10
0.1566
 20
-0.1202
 10
0.1624
 20
-0.1246
  0
LWPOLYLINE
  5
EB
330
B3
100
AcDbEntity
  8
VEG-MACETA
370
9
100
AcDbPolyline
 90
2
 70
0
 10
0.1685
 20
-0.0973
 10
0.1753
 20
-0.1012
  0
LWPOLYLINE
  5
EC
330
B3
100
AcDbEntity
  8
VEG-MACETA
370
9
100
AcDbPolyline
 90
2
 70
0
 10
0.1774
 20
-0.0735
 10
0.1922
 20
-0.0796
  0
LWPOLYLINE
  5
ED
330
B3
100
AcDbEntity
  8
VEG-MACETA
370
9
100
AcDbPolyline
 90
2
 70
0
 10
0.1855
 20
-0.0497
 10
0.2009
 20
-0.0538
  0
LWPOLYLINE
  5
EE
330
B3
100
AcDbEntity
  8
VEG-MACETA
370
9
100
AcDbPolyline
 90
2
 70
0
 10
0.1855
 20
0.0497
 10
0.1869
 20
0.0501
  0
LWPOLYLINE
  5
EF
330
B3
100
AcDbEntity
  8
VEG-MACETA
370
9
100
AcDbPolyline
 90
2
 70
0
 10
0.1904
 20
-0.0251
 10
0.1974
 20
-0.026
  0
LWPOLYLINE
  5
F0
330
B3
100
AcDbEntity
  8
VEG-MACETA
100
AcDbPolyline
 90
2
 70
0
 10
-0.2083
 20
-0.0262
 10
-0.2092
 20
-0.0173
  0
LWPOLYLINE
  5
F1
330
B3
100
AcDbEntity
  8
VEG-MACETA
100
AcDbPolyline
 90
2
 70
0
 10
-0.2085
 20
0.0244
 10
-0.2076
 20
0.0312
  0
LWPOLYLINE
  5
F2
330
B3
100
AcDbEntity
  8
VEG-MACETA
100
AcDbPolyline
 90
2
 70
0
 10
-0.2008
 20
-0.0612
 10
-0.2047
 20
-0.0465
  0
LWPOLYLINE
  5
F3
330
B3
100
AcDbEntity
  8
VEG-MACETA
100
AcDbPolyline
 90
2
 70
0
 10
-0.2036
 20
0.0512
 10
-0.1983
 20
0.0691
  0
LWPOLYLINE
  5
F4
330
B3
100
AcDbEntity
  8
VEG-MACETA
100
AcDbPolyline
 90
5
 70
0
 10
-0.177
 20
-0.1127
 10
-0.1819
 20
-0.105
 10
-0.1883
 20
-0.0929
 10
-0.194
 20
-0.0804
 10
-0.2001
 20
-0.0634
  0
LWPOLYLINE
  5
F5
330
B3
100
AcDbEntity
  8
VEG-MACETA
100
AcDbPolyline
 90
2
 70
0
 10
-0.1978
 20
0.0703
 10
-0.1948
 20
0.0783
  0
LWPOLYLINE
  5
F6
330
B3
100
AcDbEntity
  8
VEG-MACETA
100
AcDbPolyline
 90
2
 70
0
 10
-0.1943
 20
0.0795
 10
-0.1854
 20
0.0983
  0
LWPOLYLINE
  5
F7
330
B3
100
AcDbEntity
  8
VEG-MACETA
100
AcDbPolyline
 90
2
 70
0
 10
-0.1665
 20
-0.128
 10
-0.1753
 20
-0.1156
  0
LWPOLYLINE
  5
F8
330
B3
100
AcDbEntity
  8
VEG-MACETA
100
AcDbPolyline
 90
2
 70
0
 10
-0.1747
 20
0.1166
 10
-0.1734
 20
0.1183
  0
LWPOLYLINE
  5
F9
330
B3
100
AcDbEntity
  8
VEG-MACETA
100
AcDbPolyline
 90
2
 70
0
 10
-0.1187
 20
0.1732
 10
-0.1122
 20
0.1774
  0
LWPOLYLINE
  5
FA
330
B3
100
AcDbEntity
  8
VEG-MACETA
100
AcDbPolyline
 90
2
 70
0
 10
-0.0919
 20
0.1888
 10
-0.087
 20
0.191
  0
LWPOLYLINE
  5
FB
330
B3
100
AcDbEntity
  8
VEG-MACETA
100
AcDbPolyline
 90
2
 70
0
 10
-0.0725
 20
-0.197
 10
-0.0799
 20
-0.1942
  0
LWPOLYLINE
  5
FC
330
B3
100
AcDbEntity
  8
VEG-MACETA
100
AcDbPolyline
 90
2
 70
0
 10
-0.0514
 20
0.2035
 10
-0.0435
 20
0.2054
  0
LWPOLYLINE
  5
FD
330
B3
100
AcDbEntity
  8
VEG-MACETA
100
AcDbPolyline
 90
2
 70
0
 10
-0.0366
 20
-0.2067
 10
-0.0392
 20
-0.2063
  0
LWPOLYLINE
  5
FE
330
B3
100
AcDbEntity
  8
VEG-MACETA
100
AcDbPolyline
 90
2
 70
0
 10
-0.0145
 20
0.2095
 10
-0.0126
 20
0.2096
  0
LWPOLYLINE
  5
FF
330
B3
100
AcDbEntity
  8
VEG-MACETA
100
AcDbPolyline
 90
2
 70
0
 10
0.0079
 20
0.2097
 10
0.0169
 20
0.2092
  0
LWPOLYLINE
  5
100
330
B3
100
AcDbEntity
  8
VEG-MACETA
100
AcDbPolyline
 90
2
 70
0
 10
0.0305
 20
-0.2077
 10
0.0289
 20
-0.208
  0
LWPOLYLINE
  5
101
330
B3
100
AcDbEntity
  8
VEG-MACETA
100
AcDbPolyline
 90
2
 70
0
 10
0.0354
 20
0.2069
 10
0.0436
 20
0.2054
  0
LWPOLYLINE
  5
102
330
B3
100
AcDbEntity
  8
VEG-MACETA
100
AcDbPolyline
 90
6
 70
0
 10
0.044
 20
0.2053
 10
0.0544
 20
0.2028
 10
0.0675
 20
0.1989
 10
0.0804
 20
0.194
 10
0.0929
 20
0.1883
 10
0.1093
 20
0.1792
  0
LWPOLYLINE
  5
103
330
B3
100
AcDbEntity
  8
VEG-MACETA
100
AcDbPolyline
 90
5
 70
0
 10
0.1027
 20
-0.1831
 10
0.0929
 20
-0.1883
 10
0.0804
 20
-0.194
 10
0.0675
 20
-0.1989
 10
0.0483
 20
-0.2043
  0
LWPOLYLINE
  5
104
330
B3
100
AcDbEntity
  8
VEG-MACETA
100
AcDbPolyline
 90
2
 70
0
 10
0.1217
 20
-0.171
 10
0.1034
 20
-0.1827
  0
LWPOLYLINE
  5
105
330
B3
100
AcDbEntity
  8
VEG-MACETA
100
AcDbPolyline
 90
2
 70
0
 10
0.1127
 20
0.1771
 10
0.1243
 20
0.1691
  0
LWPOLYLINE
  5
106
330
B3
100
AcDbEntity
  8
VEG-MACETA
100
AcDbPolyline
 90
2
 70
0
 10
0.1419
 20
-0.1547
 10
0.1377
 20
-0.1585
  0
LWPOLYLINE
  5
107
330
B3
100
AcDbEntity
  8
VEG-MACETA
100
AcDbPolyline
 90
2
 70
0
 10
0.1467
 20
0.1501
 10
0.1492
 20
0.1477
  0
LWPOLYLINE
  5
108
330
B3
100
AcDbEntity
  8
VEG-MACETA
100
AcDbPolyline
 90
2
 70
0
 10
0.1664
 20
0.1281
 10
0.1681
 20
0.1257
  0
LWPOLYLINE
  5
109
330
B3
100
AcDbEntity
  8
VEG-MACETA
100
AcDbPolyline
 90
2
 70
0
 10
0.1735
 20
-0.1182
 10
0.1712
 20
-0.1214
  0
LWPOLYLINE
  5
10A
330
B3
100
AcDbEntity
  8
VEG-MACETA
100
AcDbPolyline
 90
2
 70
0
 10
0.1887
 20
-0.092
 10
0.1841
 20
-0.1009
  0
LWPOLYLINE
  5
10B
330
B3
100
AcDbEntity
  8
VEG-MACETA
100
AcDbPolyline
 90
2
 70
0
 10
0.1879
 20
0.0937
 10
0.1898
 20
0.0897
  0
LWPOLYLINE
  5
10C
330
B3
100
AcDbEntity
  8
VEG-MACETA
100
AcDbPolyline
 90
4
 70
0
 10
0.2035
 20
-0.0516
 10
0.1989
 20
-0.0675
 10
0.194
 20
-0.0804
 10
0.1904
 20
-0.0885
  0
LWPOLYLINE
  5
10D
330
B3
100
AcDbEntity
  8
VEG-MACETA
100
AcDbPolyline
 90
2
 70
0
 10
0.2004
 20
0.0623
 10
0.2011
 20
0.06
  0
LWPOLYLINE
  5
10E
330
B3
100
AcDbEntity
  8
VEG-MACETA
100
AcDbPolyline
 90
2
 70
0
 10
0.2029
 20
0.0541
 10
0.2051
 20
0.0447
  0
LWPOLYLINE
  5
10F
330
B3
100
AcDbEntity
  8
VEG-MACETA
100
AcDbPolyline
 90
2
 70
0
 10
0.207
 20
-0.0344
 10
0.2049
 20
-0.0455
  0
LWPOLYLINE
  5
110
330
B3
100
AcDbEntity
  8
VEG-MACETA
100
AcDbPolyline
 90
2
 70
0
 10
0.2085
 20
0.0241
 10
0.209
 20
0.0191
  0
LWPOLYLINE
  5
111
330
B3
100
AcDbEntity
  8
VEG-MACETA
100
AcDbPolyline
 90
2
 70
0
 10
0.2097
 20
-0.0104
 10
0.2095
 20
-0.0141
  0
LWPOLYLINE
  5
112
330
B3
100
AcDbEntity
  8
VEG-MACETA
100
AcDbPolyline
 90
2
 70
0
 10
-0.1898
 20
-0.0052
 10
-0.19
 20
-0.0011
  0
LWPOLYLINE
  5
113
330
B3
100
AcDbEntity
  8
VEG-MACETA
100
AcDbPolyline
 90
2
 70
0
 10
-0.1897
 20
0.0089
 10
-0.1896
 20
0.0109
  0
LWPOLYLINE
  5
114
330
B3
100
AcDbEntity
  8
VEG-MACETA
100
AcDbPolyline
 90
2
 70
0
 10
-0.1865
 20
-0.0364
 10
-0.1879
 20
-0.0279
  0
LWPOLYLINE
  5
115
330
B3
100
AcDbEntity
  8
VEG-MACETA
100
AcDbPolyline
 90
2
 70
0
 10
-0.1871
 20
0.0322
 10
-0.1851
 20
0.0423
  0
LWPOLYLINE
  5
116
330
B3
100
AcDbEntity
  8
VEG-MACETA
100
AcDbPolyline
 90
6
 70
0
 10
-0.1571
 20
-0.1068
 10
-0.1645
 20
-0.095
 10
-0.1704
 20
-0.084
 10
-0.1755
 20
-0.0727
 10
-0.1799
 20
-0.0611
 10
-0.1831
 20
-0.0505
  0
LWPOLYLINE
  5
117
330
B3
100
AcDbEntity
  8
VEG-MACETA
100
AcDbPolyline
 90
3
 70
0
 10
-0.1815
 20
0.0558
 10
-0.1755
 20
0.0727
 10
-0.1728
 20
0.0787
  0
LWPOLYLINE
  5
118
330
B3
100
AcDbEntity
  8
VEG-MACETA
100
AcDbPolyline
 90
2
 70
0
 10
-0.166
 20
0.0924
 10
-0.1604
 20
0.1016
  0
LWPOLYLINE
  5
119
330
B3
100
AcDbEntity
  8
VEG-MACETA
100
AcDbPolyline
 90
2
 70
0
 10
-0.1435
 20
-0.1245
 10
-0.1487
 20
-0.1181
  0
LWPOLYLINE
  5
11A
330
B3
100
AcDbEntity
  8
VEG-MACETA
100
AcDbPolyline
 90
2
 70
0
 10
-0.1276
 20
-0.1407
 10
-0.1297
 20
-0.1387
  0
LWPOLYLINE
  5
11B
330
B3
100
AcDbEntity
  8
VEG-MACETA
100
AcDbPolyline
 90
2
 70
0
 10
-0.1279
 20
0.1404
 10
-0.1246
 20
0.1434
  0
LWPOLYLINE
  5
11C
330
B3
100
AcDbEntity
  8
VEG-MACETA
100
AcDbPolyline
 90
2
 70
0
 10
-0.1146
 20
-0.1515
 10
-0.12
 20
-0.1472
  0
LWPOLYLINE
  5
11D
330
B3
100
AcDbEntity
  8
VEG-MACETA
100
AcDbPolyline
 90
2
 70
0
 10
-0.1088
 20
0.1557
 10
-0.0956
 20
0.1641
  0
LWPOLYLINE
  5
11E
330
B3
100
AcDbEntity
  8
VEG-MACETA
100
AcDbPolyline
 90
2
 70
0
 10
-0.0652
 20
-0.1784
 10
-0.0761
 20
-0.174
  0
LWPOLYLINE
  5
11F
330
B3
100
AcDbEntity
  8
VEG-MACETA
100
AcDbPolyline
 90
2
 70
0
 10
-0.031
 20
0.1874
 10
-0.0237
 20
0.1885
  0
LWPOLYLINE
  5
120
330
B3
100
AcDbEntity
  8
VEG-MACETA
100
AcDbPolyline
 90
2
 70
0
 10
-0.0163
 20
-0.1892
 10
-0.0224
 20
-0.1886
  0
LWPOLYLINE
  5
121
330
B3
100
AcDbEntity
  8
VEG-MACETA
100
AcDbPolyline
 90
2
 70
0
 10
-0.0137
 20
0.1895
 10
-0.0052
 20
0.1898
  0
LWPOLYLINE
  5
122
330
B3
100
AcDbEntity
  8
VEG-MACETA
100
AcDbPolyline
 90
2
 70
0
 10
0.0108
 20
-0.1896
 10
0.0054
 20
-0.1898
  0
LWPOLYLINE
  5
123
330
B3
100
AcDbEntity
  8
VEG-MACETA
100
AcDbPolyline
 90
2
 70
0
 10
0.0184
 20
0.189
 10
0.0211
 20
0.1887
  0
LWPOLYLINE
  5
124
330
B3
100
AcDbEntity
  8
VEG-MACETA
100
AcDbPolyline
 90
2
 70
0
 10
0.044
 20
-0.1847
 10
0.0326
 20
-0.1871
  0
LWPOLYLINE
  5
125
330
B3
100
AcDbEntity
  8
VEG-MACETA
100
AcDbPolyline
 90
7
 70
0
 10
0.0328
 20
0.187
 10
0.0492
 20
0.1835
 10
0.0611
 20
0.1799
 10
0.0727
 20
0.1755
 10
0.084
 20
0.1704
 10
0.095
 20
0.1645
 10
0.1059
 20
0.1577
  0
LWPOLYLINE
  5
126
330
B3
100
AcDbEntity
  8
VEG-MACETA
100
AcDbPolyline
 90
4
 70
0
 10
0.1001
 20
-0.1614
 10
0.084
 20
-0.1704
 10
0.0727
 20
-0.1755
 10
0.0541
 20
-0.182
  0
LWPOLYLINE
  5
127
330
B3
100
AcDbEntity
  8
VEG-MACETA
100
AcDbPolyline
 90
2
 70
0
 10
0.1212
 20
-0.1462
 10
0.1113
 20
-0.1538
  0
LWPOLYLINE
  5
128
330
B3
100
AcDbEntity
  8
VEG-MACETA
100
AcDbPolyline
 90
2
 70
0
 10
0.1381
 20
-0.1304
 10
0.1368
 20
-0.1317
  0
LWPOLYLINE
  5
129
330
B3
100
AcDbEntity
  8
VEG-MACETA
100
AcDbPolyline
 90
2
 70
0
 10
0.1468
 20
-0.1205
 10
0.1448
 20
-0.1229
  0
LWPOLYLINE
  5
12A
330
B3
100
AcDbEntity
  8
VEG-MACETA
100
AcDbPolyline
 90
2
 70
0
 10
0.1621
 20
-0.0989
 10
0.1596
 20
-0.103
  0
LWPOLYLINE
  5
12B
330
B3
100
AcDbEntity
  8
VEG-MACETA
100
AcDbPolyline
 90
5
 70
0
 10
0.1857
 20
-0.0399
 10
0.1835
 20
-0.0492
 10
0.1799
 20
-0.0611
 10
0.1755
 20
-0.0727
 10
0.1695
 20
-0.0857
  0
LWPOLYLINE
  5
12C
330
B3
100
AcDbEntity
  8
VEG-MACETA
100
AcDbPolyline
 90
2
 70
0
 10
0.1794
 20
0.0624
 10
0.1839
 20
0.0477
  0
LWPOLYLINE
  5
12D
330
B3
100
AcDbEntity
  8
VEG-MACETA
100
AcDbPolyline
 90
2
 70
0
 10
0.1874
 20
0.0309
 10
0.1882
 20
0.0261
  0
LWPOLYLINE
  5
12E
330
B3
100
AcDbEntity
  8
VEG-MACETA
100
AcDbPolyline
 90
2
 70
0
 10
0.1891
 20
-0.0171
 10
0.1885
 20
-0.0231
  0
LWPOLYLINE
  5
12F
330
B3
100
AcDbEntity
  8
VEG-NERVIOS
100
AcDbPolyline
 90
5
 70
0
 10
-0.2214
 20
-0.2732
 10
-0.2493
 20
-0.3134
 10
-0.2801
 20
-0.3596
 10
-0.3058
 20
-0.3996
 10
-0.3349
 20
-0.4469
  0
LWPOLYLINE
  5
130
330
B3
100
AcDbEntity
  8
VEG-NERVIOS
100
AcDbPolyline
 90
2
 70
0
 10
-0.189
 20
-0.2286
 10
-0.2162
 20
-0.266
  0
LWPOLYLINE
  5
131
330
B3
100
AcDbEntity
  8
VEG-NERVIOS
100
AcDbPolyline
 90
2
 70
0
 10
-0.173
 20
-0.2071
 10
-0.1827
 20
-0.2201
  0
LWPOLYLINE
  5
132
330
B3
100
AcDbEntity
  8
VEG-NERVIOS
100
AcDbPolyline
 90
2
 70
0
 10
-0.1471
 20
-0.1735
 10
-0.1684
 20
-0.2011
  0
LWPOLYLINE
  5
133
330
B3
100
AcDbEntity
  8
VEG-NERVIOS
100
AcDbPolyline
 90
2
 70
0
 10
-0.1215
 20
-0.1411
 10
-0.142
 20
-0.1669
  0
LWPOLYLINE
  5
134
330
B3
100
AcDbEntity
  8
VEG-NERVIOS
100
AcDbPolyline
 90
3
 70
0
 10
-0.0135
 20
-0.0148
 10
-0.066
 20
-0.0742
 10
-0.1192
 20
-0.1382
  0
LWPOLYLINE
  5
135
330
B3
100
AcDbEntity
  8
VEG-HOJAS
100
AcDbPolyline
 90
185
 70
0
 10
-0.2453
 20
-0.3164
 10
-0.2485
 20
-0.3211
 10
-0.2435
 20
-0.3294
 10
-0.2395
 20
-0.3387
 10
-0.2355
 20
-0.3503
 10
-0.2318
 20
-0.3637
 10
-0.2286
 20
-0.3784
 10
-0.224
 20
-0.4092
 10
-0.2216
 20
-0.4377
 10
-0.22
 20
-0.4725
 10
-0.2244
 20
-0.4549
 10
-0.2372
 20
-0.4102
 10
-0.2325
 20
-0.4376
 10
-0.2274
 20
-0.4833
 10
-0.2567
 20
-0.3992
 10
-0.2641
 20
-0.3735
 10
-0.2665
 20
-0.3624
 10
-0.2681
 20
-0.3504
 10
-0.277
 20
-0.3639
 10
-0.2723
 20
-0.3705
 10
-0.2661
 20
-0.3832
 10
-0.2602
 20
-0.3996
 10
-0.2568
 20
-0.4122
 10
-0.2538
 20
-0.4254
 10
-0.2496
 20
-0.4516
 10
-0.2452
 20
-0.4938
 10
-0.2728
 20
-0.4164
 10
-0.2794
 20
-0.3927
 10
-0.2815
 20
-0.3824
 10
-0.2827
 20
-0.3727
 10
-0.2911
 20
-0.3858
 10
-0.2871
 20
-0.3915
 10
-0.2818
 20
-0.403
 10
-0.2769
 20
-0.4177
 10
-0.2742
 20
-0.4291
 10
-0.272
 20
-0.441
 10
-0.2697
 20
-0.4588
 10
-0.2668
 20
-0.5025
 10
-0.2831
 20
-0.4556
 10
-0.2904
 20
-0.4329
 10
-0.2956
 20
-0.4114
 10
-0.2975
 20
-0.3958
 10
-0.3048
 20
-0.4074
 10
-0.3012
 20
-0.4118
 10
-0.2978
 20
-0.4178
 10
-0.2945
 20
-0.4252
 10
-0.2889
 20
-0.4437
 10
-0.2868
 20
-0.4539
 10
-0.2846
 20
-0.4692
 10
-0.2815
 20
-0.5069
 10
-0.2979
 20
-0.4673
 10
-0.3049
 20
-0.448
 10
-0.3099
 20
-0.4297
 10
-0.3114
 20
-0.4181
 10
-0.3182
 20
-0.4291
 10
-0.3154
 20
-0.4322
 10
-0.3123
 20
-0.4368
 10
-0.3094
 20
-0.4427
 10
-0.3046
 20
-0.4574
 10
-0.3016
 20
-0.474
 10
-0.2992
 20
-0.5086
 10
-0.3174
 20
-0.4701
 10
-0.314
 20
-0.4843
 10
-0.3114
 20
-0.5031
 10
-0.3236
 20
-0.4884
 10
-0.3305
 20
-0.4792
 10
-0.336
 20
-0.4693
 10
-0.3382
 20
-0.4623
 10
-0.3409
 20
-0.4656
 10
-0.3442
 20
-0.4662
 10
-0.3468
 20
-0.465
 10
-0.3482
 20
-0.463
 10
-0.3483
 20
-0.4601
 10
-0.347
 20
-0.4574
 10
-0.354
 20
-0.4588
 10
-0.3653
 20
-0.4589
 10
-0.3957
 20
-0.4546
 10
-0.3724
 20
-0.4451
 10
-0.3608
 20
-0.4423
 10
-0.35
 20
-0.4419
 10
-0.3454
 20
-0.4427
 10
-0.3397
 20
-0.4451
 10
-0.3329
 20
-0.434
 10
-0.3412
 20
-0.4362
 10
-0.3564
 20
-0.4378
 10
-0.373
 20
-0.4379
 10
-0.408
 20
-0.4365
 10
-0.3785
 20
-0.4259
 10
-0.3662
 20
-0.4226
 10
-0.3579
 20
-0.4211
 10
-0.3498
 20
-0.4202
 10
-0.3423
 20
-0.4201
 10
-0.3357
 20
-0.4207
 10
-0.3303
 20
-0.4219
 10
-0.3265
 20
-0.4234
 10
-0.3188
 20
-0.4109
 10
-0.3323
 20
-0.414
 10
-0.3413
 20
-0.4152
 10
-0.3616
 20
-0.4164
 10
-0.4154
 20
-0.4168
 10
-0.3909
 20
-0.4083
 10
-0.4164
 20
-0.4132
 10
-0.3808
 20
-0.3961
 10
-0.3639
 20
-0.3895
 10
-0.3462
 20
-0.3839
 10
-0.3347
 20
-0.3812
 10
-0.3191
 20
-0.3792
 10
-0.3064
 20
-0.3791
 10
-0.2995
 20
-0.3804
 10
-0.2902
 20
-0.3658
 10
-0.3013
 20
-0.3684
 10
-0.3236
 20
-0.3709
 10
-0.3994
 20
-0.3743
 10
-0.4201
 20
-0.3759
 10
-0.4046
 20
-0.3708
 10
-0.3833
 20
-0.3607
 10
-0.3573
 20
-0.3502
 10
-0.343
 20
-0.3454
 10
-0.3285
 20
-0.3413
 10
-0.3145
 20
-0.3383
 10
-0.2955
 20
-0.3359
 10
-0.2802
 20
-0.3356
 10
-0.2713
 20
-0.337
 10
-0.2619
 20
-0.323
 10
-0.2751
 20
-0.3266
 10
-0.2869
 20
-0.3289
 10
-0.3813
 20
-0.3419
 10
-0.4109
 20
-0.3473
 10
-0.3827
 20
-0.3357
 10
-0.3635
 20
-0.3286
 10
-0.341
 20
-0.3218
 10
-0.3177
 20
-0.3164
 10
-0.3026
 20
-0.314
 10
-0.2824
 20
-0.3126
 10
-0.2662
 20
-0.3132
 10
-0.2566
 20
-0.3153
 10
-0.2472
 20
-0.3014
 10
-0.2613
 20
-0.3051
 10
-0.2736
 20
-0.3075
 10
-0.3653
 20
-0.3205
 10
-0.3884
 20
-0.3245
 10
-0.4024
 20
-0.3275
 10
-0.3731
 20
-0.3154
 10
-0.3531
 20
-0.308
 10
-0.3324
 20
-0.3016
 10
-0.3109
 20
-0.2963
 10
-0.2898
 20
-0.2927
 10
-0.2753
 20
-0.2914
 10
-0.2625
 20
-0.2911
 10
-0.252
 20
-0.2918
 10
-0.2419
 20
-0.2939
 10
-0.2314
 20
-0.2787
 10
-0.2476
 20
-0.2812
 10
-0.2604
 20
-0.2821
 10
-0.3547
 20
-0.285
 10
-0.3784
 20
-0.2865
 10
-0.3929
 20
-0.288
 10
-0.3683
 20
-0.2808
 10
-0.3459
 20
-0.275
 10
-0.3767
 20
-0.2801
 10
-0.3527
 20
-0.2709
 10
-0.3329
 20
-0.2641
 10
-0.31
 20
-0.2574
 10
-0.2934
 20
-0.2535
 10
-0.2687
 20
-0.2495
 10
-0.2458
 20
-0.2477
 10
-0.2327
 20
-0.2478
 10
-0.222
 20
-0.2489
 10
-0.2118
 20
-0.2513
 10
-0.2019
 20
-0.2376
 10
-0.2163
 20
-0.2409
 10
-0.2287
 20
-0.2428
 10
-0.3211
 20
-0.2529
 10
-0.3443
 20
-0.2561
 10
-0.3585
 20
-0.2587
 10
-0.3287
 20
-0.2474
 10
-0.3084
 20
-0.2407
 10
-0.2929
 20
-0.2363
 10
-0.2767
 20
-0.2325
 10
-0.2603
 20
-0.2295
 10
-0.2445
 20
-0.2276
 10
-0.2298
 20
-0.2267
 10
-0.217
 20
-0.2269
 10
-0.2065
 20
-0.2279
 10
-0.1996
 20
-0.2293
  0
LWPOLYLINE
  5
136
330
B3
100
AcDbEntity
  8
VEG-HOJAS
100
AcDbPolyline
 90
3
 70
0
 10
-0.2388
 20
-0.3098
 10
-0.239
 20
-0.3072
 10
-0.2452
 20
-0.3163
  0
LWPOLYLINE
  5
137
330
B3
100
AcDbEntity
  8
VEG-HOJAS
100
AcDbPolyline
 90
2
 70
0
 10
-0.2385
 20
-0.3133
 10
-0.2388
 20
-0.3103
  0
LWPOLYLINE
  5
138
330
B3
100
AcDbEntity
  8
VEG-HOJAS
100
AcDbPolyline
 90
2
 70
0
 10
-0.2361
 20
-0.3278
 10
-0.2382
 20
-0.3149
  0
LWPOLYLINE
  5
139
330
B3
100
AcDbEntity
  8
VEG-HOJAS
100
AcDbPolyline
 90
8
 70
0
 10
-0.2152
 20
-0.344
 10
-0.2105
 20
-0.364
 10
-0.2059
 20
-0.3905
 10
-0.2026
 20
-0.42
 10
-0.1998
 20
-0.4562
 10
-0.2048
 20
-0.438
 10
-0.2277
 20
-0.3624
 10
-0.2359
 20
-0.3289
  0
LWPOLYLINE
  5
13A
330
B3
100
AcDbEntity
  8
VEG-HOJAS
100
AcDbPolyline
 90
4
 70
0
 10
-0.2211
 20
-0.2997
 10
-0.2235
 20
-0.285
 10
-0.2337
 20
-0.2996
 10
-0.2302
 20
-0.3049
  0
LWPOLYLINE
  5
13B
330
B3
100
AcDbEntity
  8
VEG-HOJAS
100
AcDbPolyline
 90
2
 70
0
 10
-0.229
 20
-0.307
 10
-0.2281
 20
-0.3086
  0
LWPOLYLINE
  5
13C
330
B3
100
AcDbEntity
  8
VEG-HOJAS
100
AcDbPolyline
 90
7
 70
0
 10
-0.2262
 20
-0.2714
 10
-0.217
 20
-0.2585
 10
-0.232
 20
-0.2619
 10
-0.2618
 20
-0.2659
 10
-0.242
 20
-0.268
 10
-0.2367
 20
-0.2689
 10
-0.2272
 20
-0.2719
  0
LWPOLYLINE
  5
13D
330
B3
100
AcDbEntity
  8
VEG-HOJAS
100
AcDbPolyline
 90
2
 70
0
 10
-0.2263
 20
-0.3126
 10
-0.2223
 20
-0.3221
  0
LWPOLYLINE
  5
13E
330
B3
100
AcDbEntity
  8
VEG-HOJAS
100
AcDbPolyline
 90
2
 70
0
 10
-0.2205
 20
-0.327
 10
-0.2164
 20
-0.34
  0
LWPOLYLINE
  5
13F
330
B3
100
AcDbEntity
  8
VEG-HOJAS
100
AcDbPolyline
 90
2
 70
0
 10
-0.2159
 20
-0.3196
 10
-0.2183
 20
-0.3111
  0
LWPOLYLINE
  5
140
330
B3
100
AcDbEntity
  8
VEG-HOJAS
100
AcDbPolyline
 90
4
 70
0
 10
-0.214
 20
-0.2715
 10
-0.2187
 20
-0.2781
 10
-0.2127
 20
-0.2867
 10
-0.2093
 20
-0.2931
  0
LWPOLYLINE
  5
141
330
B3
100
AcDbEntity
  8
VEG-HOJAS
100
AcDbPolyline
 90
2
 70
0
 10
-0.2103
 20
-0.3376
 10
-0.214
 20
-0.3262
  0
LWPOLYLINE
  5
142
330
B3
100
AcDbEntity
  8
VEG-HOJAS
100
AcDbPolyline
 90
2
 70
0
 10
-0.2064
 20
-0.2915
 10
-0.2091
 20
-0.2704
  0
LWPOLYLINE
  5
143
330
B3
100
AcDbEntity
  8
VEG-HOJAS
100
AcDbPolyline
 90
2
 70
0
 10
-0.2025
 20
-0.3605
 10
-0.2083
 20
-0.3437
  0
LWPOLYLINE
  5
144
330
B3
100
AcDbEntity
  8
VEG-HOJAS
100
AcDbPolyline
 90
4
 70
0
 10
-0.1919
 20
-0.2511
 10
-0.1931
 20
-0.2426
 10
-0.2038
 20
-0.2573
 10
-0.2033
 20
-0.258
  0
LWPOLYLINE
  5
145
330
B3
100
AcDbEntity
  8
VEG-HOJAS
100
AcDbPolyline
 90
6
 70
0
 10
-0.1785
 20
-0.3634
 10
-0.1761
 20
-0.4185
 10
-0.181
 20
-0.3974
 10
-0.176
 20
-0.436
 10
-0.1837
 20
-0.4127
 10
-0.2013
 20
-0.3637
  0
LWPOLYLINE
  5
146
330
B3
100
AcDbEntity
  8
VEG-HOJAS
100
AcDbPolyline
 90
2
 70
0
 10
-0.1981
 20
-0.2679
 10
-0.1922
 20
-0.284
  0
LWPOLYLINE
  5
147
330
B3
100
AcDbEntity
  8
VEG-HOJAS
100
AcDbPolyline
 90
21
 70
0
 10
-0.1931
 20
-0.2257
 10
-0.1856
 20
-0.2156
 10
-0.2006
 20
-0.2175
 10
-0.2127
 20
-0.2181
 10
-0.2416
 20
-0.2183
 10
-0.2786
 20
-0.2177
 10
-0.3108
 20
-0.2242
 10
-0.2961
 20
-0.2175
 10
-0.3197
 20
-0.2177
 10
-0.3386
 20
-0.2187
 10
-0.2958
 20
-0.2083
 10
-0.2735
 20
-0.2044
 10
-0.2603
 20
-0.2027
 10
-0.2379
 20
-0.1955
 10
-0.2232
 20
-0.1918
 10
-0.209
 20
-0.1891
 10
-0.1957
 20
-0.1874
 10
-0.184
 20
-0.1869
 10
-0.1743
 20
-0.1872
 10
-0.1654
 20
-0.1889
 10
-0.1552
 20
-0.1757
  0
LWPOLYLINE
  5
148
330
B3
100
AcDbEntity
  8
VEG-HOJAS
100
AcDbPolyline
 90
2
 70
0
 10
-0.1845
 20
-0.2801
 10
-0.1886
 20
-0.2657
  0
LWPOLYLINE
  5
149
330
B3
100
AcDbEntity
  8
VEG-HOJAS
100
AcDbPolyline
 90
2
 70
0
 10
-0.1866
 20
-0.3053
 10
-0.1859
 20
-0.3088
  0
LWPOLYLINE
  5
14A
330
B3
100
AcDbEntity
  8
VEG-HOJAS
100
AcDbPolyline
 90
2
 70
0
 10
-0.1833
 20
-0.3224
 10
-0.1825
 20
-0.3277
  0
LWPOLYLINE
  5
14B
330
B3
100
AcDbEntity
  8
VEG-HOJAS
100
AcDbPolyline
 90
3
 70
0
 10
-0.1812
 20
-0.2264
 10
-0.1882
 20
-0.2359
 10
-0.1818
 20
-0.2452
  0
LWPOLYLINE
  5
14C
330
B3
100
AcDbEntity
  8
VEG-HOJAS
100
AcDbPolyline
 90
6
 70
0
 10
-0.18
 20
-0.2082
 10
-0.1721
 20
-0.1977
 10
-0.1822
 20
-0.2008
 10
-0.1968
 20
-0.2041
 10
-0.1898
 20
-0.2056
 10
-0.181
 20
-0.2088
  0
LWPOLYLINE
  5
14D
330
B3
100
AcDbEntity
  8
VEG-HOJAS
100
AcDbPolyline
 90
2
 70
0
 10
-0.1806
 20
-0.3418
 10
-0.1796
 20
-0.3501
  0
LWPOLYLINE
  5
14E
330
B3
100
AcDbEntity
  8
VEG-HOJAS
100
AcDbPolyline
 90
2
 70
0
 10
-0.1745
 20
-0.2411
 10
-0.1775
 20
-0.2254
  0
LWPOLYLINE
  5
14F
330
B3
100
AcDbEntity
  8
VEG-HOJAS
100
AcDbPolyline
 90
2
 70
0
 10
-0.176
 20
-0.3058
 10
-0.1769
 20
-0.3034
  0
LWPOLYLINE
  5
150
330
B3
100
AcDbEntity
  8
VEG-HOJAS
100
AcDbPolyline
 90
2
 70
0
 10
-0.1736
 20
-0.2623
 10
-0.1694
 20
-0.2731
  0
LWPOLYLINE
  5
151
330
B3
100
AcDbEntity
  8
VEG-HOJAS
100
AcDbPolyline
 90
2
 70
0
 10
-0.1648
 20
-0.2046
 10
-0.1725
 20
-0.2148
  0
LWPOLYLINE
  5
152
330
B3
100
AcDbEntity
  8
VEG-HOJAS
100
AcDbPolyline
 90
2
 70
0
 10
-0.1695
 20
-0.3242
 10
-0.1708
 20
-0.3206
  0
LWPOLYLINE
  5
153
330
B3
100
AcDbEntity
  8
VEG-HOJAS
100
AcDbPolyline
 90
2
 70
0
 10
-0.166
 20
-0.2716
 10
-0.1692
 20
-0.2612
  0
LWPOLYLINE
  5
154
330
B3
100
AcDbEntity
  8
VEG-HOJAS
100
AcDbPolyline
 90
2
 70
0
 10
-0.1674
 20
-0.2226
 10
-0.1615
 20
-0.2342
  0
LWPOLYLINE
  5
155
330
B3
100
AcDbEntity
  8
VEG-HOJAS
100
AcDbPolyline
 90
2
 70
0
 10
-0.1619
 20
-0.3448
 10
-0.1637
 20
-0.3399
  0
LWPOLYLINE
  5
156
330
B3
100
AcDbEntity
  8
VEG-HOJAS
100
AcDbPolyline
 90
2
 70
0
 10
-0.1625
 20
-0.2098
 10
-0.1629
 20
-0.204
  0
LWPOLYLINE
  5
157
330
B3
100
AcDbEntity
  8
VEG-HOJAS
100
AcDbPolyline
 90
2
 70
0
 10
-0.1611
 20
-0.3
 10
-0.1607
 20
-0.3019
  0
LWPOLYLINE
  5
158
330
B3
100
AcDbEntity
  8
VEG-HOJAS
100
AcDbPolyline
 90
2
 70
0
 10
-0.1588
 20
-0.2328
 10
-0.161
 20
-0.2209
  0
LWPOLYLINE
  5
159
330
B3
100
AcDbEntity
  8
VEG-HOJAS
100
AcDbPolyline
 90
2
 70
0
 10
-0.1569
 20
-0.3181
 10
-0.1561
 20
-0.3216
  0
LWPOLYLINE
  5
15A
330
B3
100
AcDbEntity
  8
VEG-HOJAS
100
AcDbPolyline
 90
3
 70
0
 10
-0.1459
 20
-0.1879
 10
-0.1466
 20
-0.1809
 10
-0.1568
 20
-0.1942
  0
LWPOLYLINE
  5
15B
330
B3
100
AcDbEntity
  8
VEG-HOJAS
100
AcDbPolyline
 90
2
 70
0
 10
-0.156
 20
-0.3009
 10
-0.1567
 20
-0.299
  0
LWPOLYLINE
  5
15C
330
B3
100
AcDbEntity
  8
VEG-HOJAS
100
AcDbPolyline
 90
3
 70
0
 10
-0.1483
 20
-0.3694
 10
-0.1455
 20
-0.3911
 10
-0.156
 20
-0.3607
  0
LWPOLYLINE
  5
15D
330
B3
100
AcDbEntity
  8
VEG-HOJAS
100
AcDbPolyline
 90
50
 70
0
 10
-0.1555
 20
-0.1749
 10
-0.166
 20
-0.1763
 10
-0.1887
 20
-0.177
 10
-0.2654
 20
-0.1739
 10
-0.2863
 20
-0.1739
 10
-0.2604
 20
-0.1678
 10
-0.2427
 20
-0.1642
 10
-0.2294
 20
-0.1622
 10
-0.2112
 20
-0.1604
 10
-0.2365
 20
-0.1604
 10
-0.2553
 20
-0.1611
 10
-0.2168
 20
-0.1498
 10
-0.1934
 20
-0.145
 10
-0.2208
 20
-0.1466
 10
-0.1975
 20
-0.1375
 10
-0.1784
 20
-0.1311
 10
-0.1626
 20
-0.1272
 10
-0.147
 20
-0.1247
 10
-0.1375
 20
-0.1241
 10
-0.1291
 20
-0.1244
 10
-0.1222
 20
-0.1253
 10
-0.1166
 20
-0.127
 10
-0.1082
 20
-0.1167
 10
-0.1156
 20
-0.1181
 10
-0.1314
 20
-0.1189
 10
-0.1486
 20
-0.1182
 10
-0.1846
 20
-0.115
 10
-0.1534
 20
-0.1059
 10
-0.1406
 20
-0.1032
 10
-0.1319
 20
-0.1021
 10
-0.1236
 20
-0.1017
 10
-0.1158
 20
-0.102
 10
-0.1091
 20
-0.103
 10
-0.1035
 20
-0.1045
 10
-0.0996
 20
-0.1063
 10
-0.0924
 20
-0.0977
 10
-0.0979
 20
-0.0982
 10
-0.1092
 20
-0.0975
 10
-0.1391
 20
-0.0909
 10
-0.1151
 20
-0.0832
 10
-0.1034
 20
-0.0813
 10
-0.0925
 20
-0.0817
 10
-0.088
 20
-0.0828
 10
-0.0824
 20
-0.0858
 10
-0.0476
 20
-0.0455
 10
-0.0168
 20
-0.0111
 10
-0.0142
 20
-0.0098
 10
-0.0113
 20
-0.0103
 10
-0.0092
 20
-0.0122
 10
-0.0085
 20
-0.015
  0
LWPOLYLINE
  5
15E
330
B3
100
AcDbEntity
  8
VEG-HOJAS
100
AcDbPolyline
 90
2
 70
0
 10
-0.1531
 20
-0.201
 10
-0.1514
 20
-0.2045
  0
LWPOLYLINE
  5
15F
330
B3
100
AcDbEntity
  8
VEG-HOJAS
100
AcDbPolyline
 90
2
 70
0
 10
-0.153
 20
-0.338
 10
-0.1521
 20
-0.3433
  0
LWPOLYLINE
  5
160
330
B3
100
AcDbEntity
  8
VEG-HOJAS
100
AcDbPolyline
 90
2
 70
0
 10
-0.1489
 20
-0.3207
 10
-0.1503
 20
-0.3168
  0
LWPOLYLINE
  5
161
330
B3
100
AcDbEntity
  8
VEG-HOJAS
100
AcDbPolyline
 90
2
 70
0
 10
-0.1497
 20
-0.3591
 10
-0.1488
 20
-0.3661
  0
LWPOLYLINE
  5
162
330
B3
100
AcDbEntity
  8
VEG-HOJAS
100
AcDbPolyline
 90
2
 70
0
 10
-0.1465
 20
-0.2169
 10
-0.1438
 20
-0.2254
  0
LWPOLYLINE
  5
163
330
B3
100
AcDbEntity
  8
VEG-HOJAS
100
AcDbPolyline
 90
2
 70
0
 10
-0.1434
 20
-0.2009
 10
-0.144
 20
-0.1983
  0
LWPOLYLINE
  5
164
330
B3
100
AcDbEntity
  8
VEG-HOJAS
100
AcDbPolyline
 90
2
 70
0
 10
-0.1405
 20
-0.3442
 10
-0.1435
 20
-0.3357
  0
LWPOLYLINE
  5
165
330
B3
100
AcDbEntity
  8
VEG-HOJAS
100
AcDbPolyline
 90
2
 70
0
 10
-0.1432
 20
-0.2957
 10
-0.1427
 20
-0.2986
  0
LWPOLYLINE
  5
166
330
B3
100
AcDbEntity
  8
VEG-HOJAS
100
AcDbPolyline
 90
2
 70
0
 10
-0.1414
 20
-0.2985
 10
-0.1423
 20
-0.2955
  0
LWPOLYLINE
  5
167
330
B3
100
AcDbEntity
  8
VEG-HOJAS
100
AcDbPolyline
 90
2
 70
0
 10
-0.1399
 20
-0.3144
 10
-0.139
 20
-0.3203
  0
LWPOLYLINE
  5
168
330
B3
100
AcDbEntity
  8
VEG-HOJAS
100
AcDbPolyline
 90
2
 70
0
 10
-0.1374
 20
-0.2225
 10
-0.1397
 20
-0.2149
  0
LWPOLYLINE
  5
169
330
B3
100
AcDbEntity
  8
VEG-HOJAS
100
AcDbPolyline
 90
3
 70
0
 10
-0.1392
 20
-0.1714
 10
-0.1409
 20
-0.1737
 10
-0.1352
 20
-0.182
  0
LWPOLYLINE
  5
16A
330
B3
100
AcDbEntity
  8
VEG-HOJAS
100
AcDbPolyline
 90
2
 70
0
 10
-0.1374
 20
-0.2532
 10
-0.1363
 20
-0.2603
  0
LWPOLYLINE
  5
16B
330
B3
100
AcDbEntity
  8
VEG-HOJAS
100
AcDbPolyline
 90
2
 70
0
 10
-0.1372
 20
-0.3338
 10
-0.1364
 20
-0.3408
  0
LWPOLYLINE
  5
16C
330
B3
100
AcDbEntity
  8
VEG-HOJAS
100
AcDbPolyline
 90
2
 70
0
 10
-0.135
 20
-0.3205
 10
-0.137
 20
-0.3135
  0
LWPOLYLINE
  5
16D
330
B3
100
AcDbEntity
  8
VEG-HOJAS
100
AcDbPolyline
 90
2
 70
0
 10
-0.1326
 20
-0.1808
 10
-0.1331
 20
-0.1699
  0
LWPOLYLINE
  5
16E
330
B3
100
AcDbEntity
  8
VEG-HOJAS
100
AcDbPolyline
 90
2
 70
0
 10
-0.1326
 20
-0.2927
 10
-0.1322
 20
-0.2977
  0
LWPOLYLINE
  5
16F
330
B3
100
AcDbEntity
  8
VEG-HOJAS
100
AcDbPolyline
 90
2
 70
0
 10
-0.1314
 20
-0.3118
 10
-0.131
 20
-0.321
  0
LWPOLYLINE
  5
170
330
B3
100
AcDbEntity
  8
VEG-HOJAS
100
AcDbPolyline
 90
2
 70
0
 10
-0.1254
 20
-0.257
 10
-0.1278
 20
-0.2506
  0
LWPOLYLINE
  5
171
330
B3
100
AcDbEntity
  8
VEG-HOJAS
100
AcDbPolyline
 90
4
 70
0
 10
-0.1145
 20
-0.1515
 10
-0.1154
 20
-0.1414
 10
-0.1252
 20
-0.1538
 10
-0.1237
 20
-0.1564
  0
LWPOLYLINE
  5
172
330
B3
100
AcDbEntity
  8
VEG-HOJAS
100
AcDbPolyline
 90
2
 70
0
 10
-0.1187
 20
-0.2751
 10
-0.12
 20
-0.2715
  0
LWPOLYLINE
  5
173
330
B3
100
AcDbEntity
  8
VEG-HOJAS
100
AcDbPolyline
 90
2
 70
0
 10
-0.1197
 20
-0.1664
 10
-0.1178
 20
-0.1735
  0
LWPOLYLINE
  5
174
330
B3
100
AcDbEntity
  8
VEG-HOJAS
100
AcDbPolyline
 90
2
 70
0
 10
-0.1127
 20
-0.2909
 10
-0.1144
 20
-0.2863
  0
LWPOLYLINE
  5
175
330
B3
100
AcDbEntity
  8
VEG-HOJAS
100
AcDbPolyline
 90
2
 70
0
 10
-0.1137
 20
-0.2462
 10
-0.1138
 20
-0.2542
  0
LWPOLYLINE
  5
176
330
B3
100
AcDbEntity
  8
VEG-HOJAS
100
AcDbPolyline
 90
2
 70
0
 10
-0.1133
 20
-0.2069
 10
-0.113
 20
-0.2128
  0
LWPOLYLINE
  5
177
330
B3
100
AcDbEntity
  8
VEG-HOJAS
100
AcDbPolyline
 90
2
 70
0
 10
-0.1105
 20
-0.1702
 10
-0.1121
 20
-0.1644
  0
LWPOLYLINE
  5
178
330
B3
100
AcDbEntity
  8
VEG-HOJAS
100
AcDbPolyline
 90
2
 70
0
 10
-0.1119
 20
-0.268
 10
-0.111
 20
-0.275
  0
LWPOLYLINE
  5
179
330
B3
100
AcDbEntity
  8
VEG-HOJAS
100
AcDbPolyline
 90
3
 70
0
 10
-0.1013
 20
-0.1272
 10
-0.1012
 20
-0.1241
 10
-0.1061
 20
-0.1301
  0
LWPOLYLINE
  5
17A
330
B3
100
AcDbEntity
  8
VEG-HOJAS
100
AcDbPolyline
 90
2
 70
0
 10
-0.1048
 20
-0.1377
 10
-0.101
 20
-0.1451
  0
LWPOLYLINE
  5
17B
330
B3
100
AcDbEntity
  8
VEG-HOJAS
100
AcDbPolyline
 90
2
 70
0
 10
-0.0999
 20
-0.1446
 10
-0.1009
 20
-0.1369
  0
LWPOLYLINE
  5
17C
330
B3
100
AcDbEntity
  8
VEG-HOJAS
100
AcDbPolyline
 90
2
 70
0
 10
-0.0977
 20
-0.208
 10
-0.0999
 20
-0.2022
  0
LWPOLYLINE
  5
17D
330
B3
100
AcDbEntity
  8
VEG-HOJAS
100
AcDbPolyline
 90
2
 70
0
 10
-0.0914
 20
-0.2243
 10
-0.0926
 20
-0.2212
  0
LWPOLYLINE
  5
17E
330
B3
100
AcDbEntity
  8
VEG-HOJAS
100
AcDbPolyline
 90
2
 70
0
 10
-0.0915
 20
-0.1806
 10
-0.0912
 20
-0.1829
  0
LWPOLYLINE
  5
17F
330
B3
100
AcDbEntity
  8
VEG-HOJAS
100
AcDbPolyline
 90
2
 70
0
 10
-0.0903
 20
-0.1828
 10
-0.091
 20
-0.1805
  0
LWPOLYLINE
  5
180
330
B3
100
AcDbEntity
  8
VEG-HOJAS
100
AcDbPolyline
 90
2
 70
0
 10
-0.0902
 20
-0.2277
 10
-0.091
 20
-0.2255
  0
LWPOLYLINE
  5
181
330
B3
100
AcDbEntity
  8
VEG-HOJAS
100
AcDbPolyline
 90
2
 70
0
 10
-0.0895
 20
-0.1983
 10
-0.0889
 20
-0.206
  0
LWPOLYLINE
  5
182
330
B3
100
AcDbEntity
  8
VEG-HOJAS
100
AcDbPolyline
 90
2
 70
0
 10
-0.0883
 20
-0.219
 10
-0.0882
 20
-0.2211
  0
LWPOLYLINE
  5
183
330
B3
100
AcDbEntity
  8
VEG-HOJAS
100
AcDbPolyline
 90
5
 70
0
 10
-0.0829
 20
-0.1173
 10
-0.0846
 20
-0.1095
 10
-0.085
 20
-0.1045
 10
-0.092
 20
-0.1129
 10
-0.0882
 20
-0.1199
  0
LWPOLYLINE
  5
184
330
B3
100
AcDbEntity
  8
VEG-HOJAS
100
AcDbPolyline
 90
2
 70
0
 10
-0.0881
 20
-0.224
 10
-0.088
 20
-0.2277
  0
LWPOLYLINE
  5
185
330
B3
100
AcDbEntity
  8
VEG-HOJAS
100
AcDbPolyline
 90
2
 70
0
 10
-0.0843
 20
-0.1776
 10
-0.0847
 20
-0.1815
  0
LWPOLYLINE
  5
186
330
B3
100
AcDbEntity
  8
VEG-HOJAS
100
AcDbPolyline
 90
2
 70
0
 10
-0.0845
 20
-0.1333
 10
-0.0838
 20
-0.138
  0
LWPOLYLINE
  5
187
330
B3
100
AcDbEntity
  8
VEG-HOJAS
100
AcDbPolyline
 90
2
 70
0
 10
-0.0829
 20
-0.1555
 10
-0.083
 20
-0.1601
  0
LWPOLYLINE
  5
188
330
B3
100
AcDbEntity
  8
VEG-HOJAS
100
AcDbPolyline
 90
2
 70
0
 10
-0.076
 20
-0.1355
 10
-0.0777
 20
-0.1316
  0
LWPOLYLINE
  5
189
330
B3
100
AcDbEntity
  8
VEG-HOJAS
100
AcDbPolyline
 90
5
 70
0
 10
-0.011
 20
-0.0195
 10
-0.0451
 20
-0.0578
 10
-0.0748
 20
-0.0923
 10
-0.071
 20
-0.0975
 10
-0.0696
 20
-0.101
  0
LWPOLYLINE
  5
18A
330
B3
100
AcDbEntity
  8
VEG-HOJAS
100
AcDbPolyline
 90
2
 70
0
 10
-0.0674
 20
-0.1286
 10
-0.068
 20
-0.1333
  0
LWPOLYLINE
  5
18B
330
B3
100
AcDbEntity
  8
VEG-HOJAS
100
AcDbPolyline
 90
2
 70
0
 10
-0.0678
 20
-0.1075
 10
-0.0673
 20
-0.1108
  0
LWPOLYLINE
  5
18C
330
B3
100
AcDbEntity
  8
VEG-HOJAS
100
AcDbPolyline
 90
6
 70
1
 10
-0.3311
 20
-0.4502
 10
-0.3262
 20
-0.454
 10
-0.3233
 20
-0.4577
 10
-0.3197
 20
-0.4642
 10
-0.323
 20
-0.4545
 10
-0.3256
 20
-0.4412
  0
LWPOLYLINE
  5
18D
330
B3
100
AcDbEntity
  8
VEG-HOJAS
100
AcDbPolyline
 90
6
 70
1
 10
-0.3059
 20
-0.3904
 10
-0.321
 20
-0.3954
 10
-0.3315
 20
-0.398
 10
-0.325
 20
-0.3985
 10
-0.3183
 20
-0.3997
 10
-0.313
 20
-0.4016
  0
LWPOLYLINE
  5
18E
330
B3
100
AcDbEntity
  8
VEG-HOJAS
100
AcDbPolyline
 90
5
 70
1
 10
-0.277
 20
-0.3457
 10
-0.2877
 20
-0.3493
 10
-0.3065
 20
-0.354
 10
-0.2929
 20
-0.3557
 10
-0.2851
 20
-0.3581
  0
LWPOLYLINE
  5
18F
330
B3
100
AcDbEntity
  8
VEG-HOJAS
100
AcDbPolyline
 90
7
 70
1
 10
-0.2628
 20
-0.3423
 10
-0.2576
 20
-0.3497
 10
-0.2532
 20
-0.3582
 10
-0.246
 20
-0.3769
 10
-0.2511
 20
-0.3539
 10
-0.253
 20
-0.3421
 10
-0.2541
 20
-0.3293
  0
LWPOLYLINE
  5
190
330
B3
100
AcDbEntity
  8
VEG-HOJAS
100
AcDbPolyline
 90
7
 70
1
 10
-0.152
 20
-0.158
 10
-0.1676
 20
-0.1595
 10
-0.1836
 20
-0.1601
 10
-0.1651
 20
-0.1623
 10
-0.1564
 20
-0.1644
 10
-0.1488
 20
-0.1675
 10
-0.1396
 20
-0.1558
  0
LWPOLYLINE
  5
191
330
B3
100
AcDbEntity
  8
VEG-HOJAS
100
AcDbPolyline
 90
7
 70
1
 10
-0.1319
 20
-0.1392
 10
-0.1452
 20
-0.1417
 10
-0.1544
 20
-0.1427
 10
-0.1475
 20
-0.1433
 10
-0.1395
 20
-0.1448
 10
-0.1328
 20
-0.1472
 10
-0.1249
 20
-0.1374
  0
LWPOLYLINE
  5
192
330
B3
100
AcDbEntity
  8
VEG-NERVIOS
100
AcDbPolyline
 90
5
 70
0
 10
-0.0128
 20
-0.3037
 10
-0.0186
 20
-0.3623
 10
-0.025
 20
-0.4178
 10
-0.0324
 20
-0.4732
 10
-0.0408
 20
-0.5284
  0
LWPOLYLINE
  5
193
330
B3
100
AcDbEntity
  8
VEG-NERVIOS
100
AcDbPolyline
 90
2
 70
0
 10
-0.0083
 20
-0.2471
 10
-0.0109
 20
-0.2812
  0
LWPOLYLINE
  5
194
330
B3
100
AcDbEntity
  8
VEG-NERVIOS
100
AcDbPolyline
 90
2
 70
0
 10
-0.0056
 20
-0.2052
 10
-0.0065
 20
-0.2204
  0
LWPOLYLINE
  5
195
330
B3
100
AcDbEntity
  8
VEG-NERVIOS
100
AcDbPolyline
 90
2
 70
0
 10
-0.0018
 20
-0.1243
 10
-0.003
 20
-0.1542
  0
LWPOLYLINE
  5
196
330
B3
100
AcDbEntity
  8
VEG-NERVIOS
100
AcDbPolyline
 90
2
 70
0
 10
-0.0
 20
-0.02
 10
-0.0013
 20
-0.1052
  0
LWPOLYLINE
  5
197
330
B3
100
AcDbEntity
  8
VEG-HOJAS
100
AcDbPolyline
 90
3
 70
0
 10
-0.1281
 20
-0.381
 10
-0.1473
 20
-0.3939
 10
-0.1302
 20
-0.3768
  0
LWPOLYLINE
  5
198
330
B3
100
AcDbEntity
  8
VEG-HOJAS
100
AcDbPolyline
 90
2
 70
0
 10
-0.1202
 20
-0.3456
 10
-0.1281
 20
-0.3502
  0
LWPOLYLINE
  5
199
330
B3
100
AcDbEntity
  8
VEG-HOJAS
100
AcDbPolyline
 90
2
 70
0
 10
-0.1266
 20
-0.3436
 10
-0.1222
 20
-0.3395
  0
LWPOLYLINE
  5
19A
330
B3
100
AcDbEntity
  8
VEG-HOJAS
100
AcDbPolyline
 90
3
 70
0
 10
-0.1139
 20
-0.4046
 10
-0.1454
 20
-0.4278
 10
-0.1183
 20
-0.3979
  0
LWPOLYLINE
  5
19B
330
B3
100
AcDbEntity
  8
VEG-HOJAS
100
AcDbPolyline
 90
2
 70
0
 10
-0.1173
 20
-0.3642
 10
-0.1138
 20
-0.3609
  0
LWPOLYLINE
  5
19C
330
B3
100
AcDbEntity
  8
VEG-HOJAS
100
AcDbPolyline
 90
2
 70
0
 10
-0.1167
 20
-0.3232
 10
-0.111
 20
-0.3172
  0
LWPOLYLINE
  5
19D
330
B3
100
AcDbEntity
  8
VEG-HOJAS
100
AcDbPolyline
 90
2
 70
0
 10
-0.1094
 20
-0.3233
 10
-0.1163
 20
-0.3278
  0
LWPOLYLINE
  5
19E
330
B3
100
AcDbEntity
  8
VEG-HOJAS
100
AcDbPolyline
 90
2
 70
0
 10
-0.1096
 20
-0.3693
 10
-0.1138
 20
-0.372
  0
LWPOLYLINE
  5
19F
330
B3
100
AcDbEntity
  8
VEG-HOJAS
100
AcDbPolyline
 90
2
 70
0
 10
-0.1128
 20
-0.3311
 10
-0.1082
 20
-0.327
  0
LWPOLYLINE
  5
1A0
330
B3
100
AcDbEntity
  8
VEG-HOJAS
100
AcDbPolyline
 90
5
 70
0
 10
-0.1042
 20
-0.42
 10
-0.1326
 20
-0.4395
 10
-0.148
 20
-0.4509
 10
-0.123
 20
-0.4238
 10
-0.11
 20
-0.4106
  0
LWPOLYLINE
  5
1A1
330
B3
100
AcDbEntity
  8
VEG-HOJAS
100
AcDbPolyline
 90
2
 70
0
 10
-0.109
 20
-0.3881
 10
-0.1028
 20
-0.3819
  0
LWPOLYLINE
  5
1A2
330
B3
100
AcDbEntity
  8
VEG-HOJAS
100
AcDbPolyline
 90
2
 70
0
 10
-0.1048
 20
-0.3367
 10
-0.1073
 20
-0.3381
  0
LWPOLYLINE
  5
1A3
330
B3
100
AcDbEntity
  8
VEG-HOJAS
100
AcDbPolyline
 90
2
 70
0
 10
-0.0968
 20
-0.3925
 10
-0.1069
 20
-0.3997
  0
LWPOLYLINE
  5
1A4
330
B3
100
AcDbEntity
  8
VEG-HOJAS
100
AcDbPolyline
 90
2
 70
0
 10
-0.1059
 20
-0.4066
 10
-0.0948
 20
-0.3962
  0
LWPOLYLINE
  5
1A5
330
B3
100
AcDbEntity
  8
VEG-HOJAS
100
AcDbPolyline
 90
2
 70
0
 10
-0.0876
 20
-0.4086
 10
-0.1042
 20
-0.4199
  0
LWPOLYLINE
  5
1A6
330
B3
100
AcDbEntity
  8
VEG-HOJAS
100
AcDbPolyline
 90
2
 70
0
 10
-0.1028
 20
-0.3081
 10
-0.0956
 20
-0.2984
  0
LWPOLYLINE
  5
1A7
330
B3
100
AcDbEntity
  8
VEG-HOJAS
100
AcDbPolyline
 90
2
 70
0
 10
-0.0898
 20
-0.3106
 10
-0.0974
 20
-0.3155
  0
LWPOLYLINE
  5
1A8
330
B3
100
AcDbEntity
  8
VEG-HOJAS
100
AcDbPolyline
 90
2
 70
0
 10
-0.0964
 20
-0.3171
 10
-0.0893
 20
-0.3115
  0
LWPOLYLINE
  5
1A9
330
B3
100
AcDbEntity
  8
VEG-HOJAS
100
AcDbPolyline
 90
2
 70
0
 10
-0.0951
 20
-0.2278
 10
-0.0836
 20
-0.2164
  0
LWPOLYLINE
  5
1AA
330
B3
100
AcDbEntity
  8
VEG-HOJAS
100
AcDbPolyline
 90
2
 70
0
 10
-0.0823
 20
-0.2211
 10
-0.0951
 20
-0.2278
  0
LWPOLYLINE
  5
1AB
330
B3
100
AcDbEntity
  8
VEG-HOJAS
100
AcDbPolyline
 90
2
 70
0
 10
-0.0827
 20
-0.324
 10
-0.0903
 20
-0.3284
  0
LWPOLYLINE
  5
1AC
330
B3
100
AcDbEntity
  8
VEG-HOJAS
100
AcDbPolyline
 90
2
 70
0
 10
-0.0874
 20
-0.2875
 10
-0.0853
 20
-0.2849
  0
LWPOLYLINE
  5
1AD
330
B3
100
AcDbEntity
  8
VEG-HOJAS
100
AcDbPolyline
 90
2
 70
0
 10
-0.0849
 20
-0.3841
 10
-0.0869
 20
-0.3855
  0
LWPOLYLINE
  5
1AE
330
B3
100
AcDbEntity
  8
VEG-HOJAS
100
AcDbPolyline
 90
2
 70
0
 10
-0.0865
 20
-0.3369
 10
-0.0788
 20
-0.3309
  0
LWPOLYLINE
  5
1AF
330
B3
100
AcDbEntity
  8
VEG-HOJAS
100
AcDbPolyline
 90
2
 70
0
 10
-0.0861
 20
-0.3885
 10
-0.0839
 20
-0.3866
  0
LWPOLYLINE
  5
1B0
330
B3
100
AcDbEntity
  8
VEG-HOJAS
100
AcDbPolyline
 90
2
 70
0
 10
-0.0851
 20
-0.2535
 10
-0.0786
 20
-0.2459
  0
LWPOLYLINE
  5
1B1
330
B3
100
AcDbEntity
  8
VEG-HOJAS
100
AcDbPolyline
 90
12
 70
0
 10
-0.0339
 20
-0.412
 10
-0.0495
 20
-0.4226
 10
-0.0609
 20
-0.4293
 10
-0.0867
 20
-0.443
 10
-0.1146
 20
-0.4567
 10
-0.1428
 20
-0.4784
 10
-0.1314
 20
-0.465
 10
-0.1552
 20
-0.4773
 10
-0.129
 20
-0.4556
 10
-0.1111
 20
-0.4417
 10
-0.0999
 20
-0.4298
 10
-0.0842
 20
-0.4146
  0
LWPOLYLINE
  5
1B2
330
B3
100
AcDbEntity
  8
VEG-HOJAS
100
AcDbPolyline
 90
2
 70
0
 10
-0.0755
 20
-0.2556
 10
-0.0827
 20
-0.2604
  0
LWPOLYLINE
  5
1B3
330
B3
100
AcDbEntity
  8
VEG-HOJAS
100
AcDbPolyline
 90
2
 70
0
 10
-0.0774
 20
-0.4014
 10
-0.0824
 20
-0.405
  0
LWPOLYLINE
  5
1B4
330
B3
100
AcDbEntity
  8
VEG-HOJAS
100
AcDbPolyline
 90
2
 70
0
 10
-0.0709
 20
-0.3448
 10
-0.0812
 20
-0.3514
  0
LWPOLYLINE
  5
1B5
330
B3
100
AcDbEntity
  8
VEG-HOJAS
100
AcDbPolyline
 90
2
 70
0
 10
-0.0811
 20
-0.4118
 10
-0.0752
 20
-0.4065
  0
LWPOLYLINE
  5
1B6
330
B3
100
AcDbEntity
  8
VEG-HOJAS
100
AcDbPolyline
 90
2
 70
0
 10
-0.0786
 20
-0.3597
 10
-0.0676
 20
-0.3506
  0
LWPOLYLINE
  5
1B7
330
B3
100
AcDbEntity
  8
VEG-HOJAS
100
AcDbPolyline
 90
2
 70
0
 10
-0.0749
 20
-0.2721
 10
-0.0712
 20
-0.2678
  0
LWPOLYLINE
  5
1B8
330
B3
100
AcDbEntity
  8
VEG-HOJAS
100
AcDbPolyline
 90
2
 70
0
 10
-0.0591
 20
-0.3653
 10
-0.0744
 20
-0.3766
  0
LWPOLYLINE
  5
1B9
330
B3
100
AcDbEntity
  8
VEG-HOJAS
100
AcDbPolyline
 90
2
 70
0
 10
-0.074
 20
-0.3786
 10
-0.0582
 20
-0.3669
  0
LWPOLYLINE
  5
1BA
330
B3
100
AcDbEntity
  8
VEG-HOJAS
100
AcDbPolyline
 90
2
 70
0
 10
-0.071
 20
-0.2377
 10
-0.0668
 20
-0.2333
  0
LWPOLYLINE
  5
1BB
330
B3
100
AcDbEntity
  8
VEG-HOJAS
100
AcDbPolyline
 90
2
 70
0
 10
-0.0512
 20
-0.3823
 10
-0.0707
 20
-0.3967
  0
LWPOLYLINE
  5
1BC
330
B3
100
AcDbEntity
  8
VEG-HOJAS
100
AcDbPolyline
 90
2
 70
0
 10
-0.0699
 20
-0.4021
 10
-0.0497
 20
-0.387
  0
LWPOLYLINE
  5
1BD
330
B3
100
AcDbEntity
  8
VEG-HOJAS
100
AcDbPolyline
 90
2
 70
0
 10
-0.0553
 20
-0.2075
 10
-0.0635
 20
-0.2117
  0
LWPOLYLINE
  5
1BE
330
B3
100
AcDbEntity
  8
VEG-HOJAS
100
AcDbPolyline
 90
2
 70
0
 10
-0.0612
 20
-0.1954
 10
-0.0598
 20
-0.1943
  0
LWPOLYLINE
  5
1BF
330
B3
100
AcDbEntity
  8
VEG-HOJAS
100
AcDbPolyline
 90
2
 70
0
 10
-0.0552
 20
-0.3075
 10
-0.0589
 20
-0.3098
  0
LWPOLYLINE
  5
1C0
330
B3
100
AcDbEntity
  8
VEG-HOJAS
100
AcDbPolyline
 90
2
 70
0
 10
-0.0572
 20
-0.3155
 10
-0.053
 20
-0.3129
  0
LWPOLYLINE
  5
1C1
330
B3
100
AcDbEntity
  8
VEG-HOJAS
100
AcDbPolyline
 90
2
 70
0
 10
-0.0561
 20
-0.2229
 10
-0.0511
 20
-0.2182
  0
LWPOLYLINE
  5
1C2
330
B3
100
AcDbEntity
  8
VEG-HOJAS
100
AcDbPolyline
 90
2
 70
0
 10
-0.0549
 20
-0.1795
 10
-0.049
 20
-0.172
  0
LWPOLYLINE
  5
1C3
330
B3
100
AcDbEntity
  8
VEG-HOJAS
100
AcDbPolyline
 90
2
 70
0
 10
-0.0466
 20
-0.3284
 10
-0.0527
 20
-0.3327
  0
LWPOLYLINE
  5
1C4
330
B3
100
AcDbEntity
  8
VEG-HOJAS
100
AcDbPolyline
 90
2
 70
0
 10
-0.0513
 20
-0.3388
 10
-0.0443
 20
-0.3343
  0
LWPOLYLINE
  5
1C5
330
B3
100
AcDbEntity
  8
VEG-HOJAS
100
AcDbPolyline
 90
2
 70
0
 10
-0.0443
 20
-0.2338
 10
-0.0489
 20
-0.2372
  0
LWPOLYLINE
  5
1C6
330
B3
100
AcDbEntity
  8
VEG-HOJAS
100
AcDbPolyline
 90
2
 70
0
 10
-0.0385
 20
-0.349
 10
-0.048
 20
-0.3567
  0
LWPOLYLINE
  5
1C7
330
B3
100
AcDbEntity
  8
VEG-HOJAS
100
AcDbPolyline
 90
2
 70
0
 10
-0.0475
 20
-0.36
 10
-0.0366
 20
-0.354
  0
LWPOLYLINE
  5
1C8
330
B3
100
AcDbEntity
  8
VEG-HOJAS
100
AcDbPolyline
 90
2
 70
0
 10
-0.0467
 20
-0.2427
 10
-0.0421
 20
-0.2387
  0
LWPOLYLINE
  5
1C9
330
B3
100
AcDbEntity
  8
VEG-HOJAS
100
AcDbPolyline
 90
3
 70
0
 10
-0.0448
 20
-0.4031
 10
-0.0456
 20
-0.4037
 10
-0.0447
 20
-0.4034
  0
LWPOLYLINE
  5
1CA
330
B3
100
AcDbEntity
  8
VEG-HOJAS
100
AcDbPolyline
 90
2
 70
0
 10
-0.0399
 20
-0.1479
 10
-0.0436
 20
-0.1494
  0
LWPOLYLINE
  5
1CB
330
B3
100
AcDbEntity
  8
VEG-HOJAS
100
AcDbPolyline
 90
2
 70
0
 10
-0.0404
 20
-0.3991
 10
-0.0431
 20
-0.4016
  0
LWPOLYLINE
  5
1CC
330
B3
100
AcDbEntity
  8
VEG-HOJAS
100
AcDbPolyline
 90
2
 70
0
 10
-0.043
 20
-0.4029
 10
-0.0391
 20
-0.4016
  0
LWPOLYLINE
  5
1CD
330
B3
100
AcDbEntity
  8
VEG-HOJAS
100
AcDbPolyline
 90
2
 70
0
 10
-0.032
 20
-0.3666
 10
-0.0429
 20
-0.3758
  0
LWPOLYLINE
  5
1CE
330
B3
100
AcDbEntity
  8
VEG-HOJAS
100
AcDbPolyline
 90
2
 70
0
 10
-0.0369
 20
-0.1973
 10
-0.0426
 20
-0.2006
  0
LWPOLYLINE
  5
1CF
330
B3
100
AcDbEntity
  8
VEG-HOJAS
100
AcDbPolyline
 90
2
 70
0
 10
-0.0416
 20
-0.1635
 10
-0.0355
 20
-0.1573
  0
LWPOLYLINE
  5
1D0
330
B3
100
AcDbEntity
  8
VEG-HOJAS
100
AcDbPolyline
 90
2
 70
0
 10
-0.0412
 20
-0.3817
 10
-0.0289
 20
-0.3756
  0
LWPOLYLINE
  5
1D1
330
B3
100
AcDbEntity
  8
VEG-HOJAS
100
AcDbPolyline
 90
2
 70
0
 10
-0.0382
 20
-0.2079
 10
-0.0331
 20
-0.2042
  0
LWPOLYLINE
  5
1D2
330
B3
100
AcDbEntity
  8
VEG-HOJAS
100
AcDbPolyline
 90
4
 70
0
 10
-0.0362
 20
-0.4007
 10
-0.0278
 20
-0.3992
 10
-0.0261
 20
-0.3847
 10
-0.0373
 20
-0.3962
  0
LWPOLYLINE
  5
1D3
330
B3
100
AcDbEntity
  8
VEG-HOJAS
100
AcDbPolyline
 90
2
 70
0
 10
-0.0366
 20
-0.135
 10
-0.0317
 20
-0.129
  0
LWPOLYLINE
  5
1D4
330
B3
100
AcDbEntity
  8
VEG-HOJAS
100
AcDbPolyline
 90
2
 70
0
 10
-0.0288
 20
-0.2678
 10
-0.0365
 20
-0.2739
  0
LWPOLYLINE
  5
1D5
330
B3
100
AcDbEntity
  8
VEG-HOJAS
100
AcDbPolyline
 90
2
 70
0
 10
-0.0357
 20
-0.2772
 10
-0.0263
 20
-0.2733
  0
LWPOLYLINE
  5
1D6
330
B3
100
AcDbEntity
  8
VEG-HOJAS
100
AcDbPolyline
 90
152
 70
0
 10
-0.0027
 20
-0.3259
 10
0.009
 20
-0.3332
 10
0.025
 20
-0.3461
 10
0.042
 20
-0.3625
 10
0.0532
 20
-0.3752
 10
0.0638
 20
-0.3884
 10
0.0778
 20
-0.4078
 10
0.1024
 20
-0.4471
 10
0.0927
 20
-0.4362
 10
0.0762
 20
-0.4191
 10
0.0085
 20
-0.3531
 10
-0.0003
 20
-0.3438
 10
-0.0104
 20
-0.3312
 10
-0.0122
 20
-0.349
 10
-0.0029
 20
-0.3538
 10
0.0058
 20
-0.3599
 10
0.0157
 20
-0.3683
 10
0.0263
 20
-0.3785
 10
0.0406
 20
-0.3947
 10
0.0543
 20
-0.4124
 10
0.0665
 20
-0.4304
 10
0.0777
 20
-0.4488
 10
0.0931
 20
-0.4768
 10
0.084
 20
-0.4656
 10
0.0683
 20
-0.4479
 10
0.0043
 20
-0.3797
 10
-0.004
 20
-0.3701
 10
-0.0131
 20
-0.3577
 10
-0.015
 20
-0.3752
 10
-0.0065
 20
-0.3805
 10
0.0014
 20
-0.3871
 10
0.0104
 20
-0.3959
 10
0.0198
 20
-0.4067
 10
0.0339
 20
-0.4257
 10
0.047
 20
-0.4463
 10
0.0546
 20
-0.4601
 10
0.0639
 20
-0.4787
 10
0.0767
 20
-0.507
 10
0.0732
 20
-0.5018
 10
0.0812
 20
-0.5155
 10
0.0615
 20
-0.4942
 10
0.0059
 20
-0.4388
 10
-0.0109
 20
-0.4202
 10
-0.019
 20
-0.4093
 10
-0.0212
 20
-0.427
 10
-0.0142
 20
-0.4317
 10
-0.0038
 20
-0.4419
 10
0.0076
 20
-0.4559
 10
0.0153
 20
-0.4672
 10
0.026
 20
-0.4857
 10
0.0352
 20
-0.5045
 10
0.0423
 20
-0.5213
 10
0.0521
 20
-0.5466
 10
0.0401
 20
-0.5289
 10
-0.0062
 20
-0.4659
 10
-0.0186
 20
-0.4464
 10
-0.0227
 20
-0.4387
 10
-0.0245
 20
-0.4526
 10
-0.0184
 20
-0.4565
 10
-0.0088
 20
-0.4655
 10
0.0015
 20
-0.4779
 10
0.0084
 20
-0.488
 10
0.018
 20
-0.5046
 10
0.0263
 20
-0.5214
 10
0.0416
 20
-0.5591
 10
0.0304
 20
-0.5436
 10
0.0078
 20
-0.5148
 10
0.0187
 20
-0.5341
 10
0.0334
 20
-0.566
 10
-0.0112
 20
-0.5166
 10
-0.0232
 20
-0.501
 10
-0.0298
 20
-0.49
 10
-0.0318
 20
-0.503
 10
-0.0277
 20
-0.5048
 10
-0.0229
 20
-0.5079
 10
-0.0176
 20
-0.5123
 10
-0.0122
 20
-0.5179
 10
-0.0069
 20
-0.5245
 10
-0.0018
 20
-0.5318
 10
0.0048
 20
-0.5431
 10
0.019
 20
-0.5725
 10
-0.0076
 20
-0.5477
 10
-0.0198
 20
-0.5353
 10
-0.0297
 20
-0.5229
 10
-0.0338
 20
-0.5163
 10
-0.0357
 20
-0.5282
 10
-0.0298
 20
-0.5306
 10
-0.0261
 20
-0.5334
 10
-0.0189
 20
-0.5416
 10
-0.0129
 20
-0.5519
 10
-0.0036
 20
-0.5752
 10
-0.0277
 20
-0.5563
 10
-0.0355
 20
-0.548
 10
-0.0382
 20
-0.544
 10
-0.0388
 20
-0.5462
 10
-0.04
 20
-0.5477
 10
-0.0417
 20
-0.5487
 10
-0.0441
 20
-0.5489
 10
-0.046
 20
-0.5482
 10
-0.0474
 20
-0.5469
 10
-0.0482
 20
-0.5451
 10
-0.0482
 20
-0.5428
 10
-0.0564
 20
-0.5484
 10
-0.0616
 20
-0.551
 10
-0.0723
 20
-0.5552
 10
-0.0904
 20
-0.5612
 10
-0.0744
 20
-0.5423
 10
-0.0656
 20
-0.5345
 10
-0.0563
 20
-0.5289
 10
-0.0519
 20
-0.5273
 10
-0.0456
 20
-0.5267
 10
-0.0436
 20
-0.5144
 10
-0.0499
 20
-0.5196
 10
-0.0633
 20
-0.5279
 10
-0.0789
 20
-0.5354
 10
-0.1122
 20
-0.5491
 10
-0.0891
 20
-0.5271
 10
-0.0791
 20
-0.5188
 10
-0.072
 20
-0.5137
 10
-0.058
 20
-0.5058
 10
-0.0516
 20
-0.5033
 10
-0.046
 20
-0.5018
 10
-0.0416
 20
-0.5014
 10
-0.0394
 20
-0.4863
 10
-0.0515
 20
-0.4949
 10
-0.0597
 20
-0.4995
 10
-0.0689
 20
-0.504
 10
-0.0885
 20
-0.5124
 10
-0.13
 20
-0.5284
 10
-0.098
 20
-0.5032
 10
-0.1343
 20
-0.5235
 10
-0.1016
 20
-0.4919
 10
-0.0875
 20
-0.4799
 10
-0.0775
 20
-0.4723
 10
-0.0675
 20
-0.4655
 10
-0.0535
 20
-0.4576
 10
-0.0415
 20
-0.4524
 10
-0.0344
 20
-0.4508
 10
-0.0322
 20
-0.4344
 10
-0.041
 20
-0.4418
 10
-0.0498
 20
-0.4479
 10
-0.0715
 20
-0.4611
 10
-0.1466
 20
-0.5003
 10
-0.1136
 20
-0.4715
 10
-0.0975
 20
-0.459
 10
-0.0803
 20
-0.447
 10
-0.0688
 20
-0.44
 10
-0.0528
 20
-0.4318
 10
-0.0393
 20
-0.4266
 10
-0.031
 20
-0.425
 10
-0.0288
 20
-0.4078
 10
-0.0335
 20
-0.4116
  0
LWPOLYLINE
  5
1D7
330
B3
100
AcDbEntity
  8
VEG-HOJAS
100
AcDbPolyline
 90
2
 70
0
 10
-0.0215
 20
-0.2839
 10
-0.0323
 20
-0.2923
  0
LWPOLYLINE
  5
1D8
330
B3
100
AcDbEntity
  8
VEG-HOJAS
100
AcDbPolyline
 90
4
 70
0
 10
-0.0307
 20
-0.3009
 10
-0.0195
 20
-0.2967
 10
-0.0172
 20
-0.2963
 10
-0.017
 20
-0.294
  0
LWPOLYLINE
  5
1D9
330
B3
100
AcDbEntity
  8
VEG-HOJAS
100
AcDbPolyline
 90
2
 70
0
 10
-0.025
 20
-0.2184
 10
-0.0304
 20
-0.223
  0
LWPOLYLINE
  5
1DA
330
B3
100
AcDbEntity
  8
VEG-HOJAS
100
AcDbPolyline
 90
4
 70
0
 10
-0.0274
 20
-0.3252
 10
-0.0196
 20
-0.3225
 10
-0.018
 20
-0.3051
 10
-0.0286
 20
-0.3148
  0
LWPOLYLINE
  5
1DB
330
B3
100
AcDbEntity
  8
VEG-HOJAS
100
AcDbPolyline
 90
2
 70
0
 10
-0.0282
 20
-0.2279
 10
-0.0219
 20
-0.2239
  0
LWPOLYLINE
  5
1DC
330
B3
100
AcDbEntity
  8
VEG-HOJAS
100
AcDbPolyline
 90
2
 70
0
 10
-0.0261
 20
-0.1418
 10
-0.0279
 20
-0.1427
  0
LWPOLYLINE
  5
1DD
330
B3
100
AcDbEntity
  8
VEG-HOJAS
100
AcDbPolyline
 90
2
 70
0
 10
-0.0262
 20
-0.3611
 10
-0.0275
 20
-0.3623
  0
LWPOLYLINE
  5
1DE
330
B3
100
AcDbEntity
  8
VEG-HOJAS
100
AcDbPolyline
 90
4
 70
0
 10
-0.0254
 20
-0.3491
 10
-0.0221
 20
-0.3483
 10
-0.0205
 20
-0.332
 10
-0.0262
 20
-0.3379
  0
LWPOLYLINE
  5
1DF
330
B3
100
AcDbEntity
  8
VEG-HOJAS
100
AcDbPolyline
 90
3
 70
0
 10
-0.0259
 20
-0.3745
 10
-0.0249
 20
-0.3743
 10
-0.0244
 20
-0.3691
  0
LWPOLYLINE
  5
1E0
330
B3
100
AcDbEntity
  8
VEG-HOJAS
100
AcDbPolyline
 90
3
 70
0
 10
-0.0243
 20
-0.3685
 10
-0.0231
 20
-0.3578
 10
-0.0248
 20
-0.3596
  0
LWPOLYLINE
  5
1E1
330
B3
100
AcDbEntity
  8
VEG-HOJAS
100
AcDbPolyline
 90
2
 70
0
 10
-0.0189
 20
-0.1852
 10
-0.0227
 20
-0.188
  0
LWPOLYLINE
  5
1E2
330
B3
100
AcDbEntity
  8
VEG-HOJAS
100
AcDbPolyline
 90
2
 70
0
 10
-0.0155
 20
-0.2348
 10
-0.0224
 20
-0.2425
  0
LWPOLYLINE
  5
1E3
330
B3
100
AcDbEntity
  8
VEG-HOJAS
100
AcDbPolyline
 90
3
 70
0
 10
-0.0208
 20
-0.2469
 10
-0.0131
 20
-0.2445
 10
-0.0128
 20
-0.2395
  0
LWPOLYLINE
  5
1E4
330
B3
100
AcDbEntity
  8
VEG-HOJAS
100
AcDbPolyline
 90
2
 70
0
 10
-0.0203
 20
-0.1185
 10
-0.0126
 20
-0.1144
  0
LWPOLYLINE
  5
1E5
330
B3
100
AcDbEntity
  8
VEG-HOJAS
100
AcDbPolyline
 90
2
 70
0
 10
-0.0183
 20
-0.1956
 10
-0.0134
 20
-0.1936
  0
LWPOLYLINE
  5
1E6
330
B3
100
AcDbEntity
  8
VEG-HOJAS
100
AcDbPolyline
 90
3
 70
0
 10
-0.0147
 20
-0.2662
 10
-0.0138
 20
-0.2539
 10
-0.0173
 20
-0.2576
  0
LWPOLYLINE
  5
1E7
330
B3
100
AcDbEntity
  8
VEG-HOJAS
100
AcDbPolyline
 90
3
 70
0
 10
-0.0109
 20
-0.2104
 10
-0.0105
 20
-0.2038
 10
-0.0128
 20
-0.2064
  0
LWPOLYLINE
  5
1E8
330
B3
100
AcDbEntity
  8
VEG-HOJAS
100
AcDbPolyline
 90
4
 70
0
 10
-0.0081
 20
-0.1402
 10
-0.0074
 20
-0.1401
 10
-0.007
 20
-0.1289
 10
-0.0115
 20
-0.1329
  0
LWPOLYLINE
  5
1E9
330
B3
100
AcDbEntity
  8
VEG-HOJAS
100
AcDbPolyline
 90
3
 70
0
 10
-0.0087
 20
-0.3136
 10
-0.0096
 20
-0.3229
 10
-0.0042
 20
-0.3252
  0
LWPOLYLINE
  5
1EA
330
B3
100
AcDbEntity
  8
VEG-HOJAS
100
AcDbPolyline
 90
2
 70
0
 10
-0.006
 20
-0.0964
 10
-0.0051
 20
-0.0346
  0
LWPOLYLINE
  5
1EB
330
B3
100
AcDbEntity
  8
VEG-HOJAS
100
AcDbPolyline
 90
14
 70
0
 10
0.0132
 20
-0.2844
 10
0.0209
 20
-0.2915
 10
0.0356
 20
-0.308
 10
0.0501
 20
-0.3272
 10
0.059
 20
-0.3408
 10
0.074
 20
-0.3671
 10
0.0906
 20
-0.4006
 10
0.0735
 20
-0.3785
 10
0.0842
 20
-0.3956
 10
0.1001
 20
-0.4233
 10
0.0908
 20
-0.4122
 10
0.0749
 20
-0.3948
 10
0.0097
 20
-0.3276
 10
-0.0052
 20
-0.3099
  0
LWPOLYLINE
  5
1EC
330
B3
100
AcDbEntity
  8
VEG-HOJAS
100
AcDbPolyline
 90
40
 70
0
 10
-0.0023
 20
-0.0155
 10
-0.0
 20
-0.015
 10
0.0023
 20
-0.0156
 10
0.0041
 20
-0.0172
 10
0.0049
 20
-0.0195
 10
0.0046
 20
-0.0669
 10
0.0035
 20
-0.1138
 10
0.0096
 20
-0.1157
 10
0.0136
 20
-0.1181
 10
0.0215
 20
-0.1256
 10
0.0284
 20
-0.1353
 10
0.0399
 20
-0.1577
 10
0.0141
 20
-0.1411
 10
0.0096
 20
-0.1374
 10
0.0029
 20
-0.1304
 10
0.0026
 20
-0.1399
 10
0.0069
 20
-0.1408
 10
0.0123
 20
-0.143
 10
0.0183
 20
-0.1463
 10
0.0248
 20
-0.1508
 10
0.0313
 20
-0.1563
 10
0.0377
 20
-0.1625
 10
0.0465
 20
-0.1724
 10
0.0661
 20
-0.1986
 10
0.0351
 20
-0.1792
 10
0.0207
 20
-0.1694
 10
0.0085
 20
-0.1591
 10
0.0021
 20
-0.1519
 10
0.0015
 20
-0.1665
 10
0.0072
 20
-0.1685
 10
0.0134
 20
-0.1718
 10
0.0205
 20
-0.1766
 10
0.028
 20
-0.1828
 10
0.0357
 20
-0.19
 10
0.0467
 20
-0.2023
 10
0.0566
 20
-0.2151
 10
0.0762
 20
-0.2444
 10
0.0243
 20
-0.2024
 10
0.0099
 20
-0.1887
 10
0.004
 20
-0.182
  0
LWPOLYLINE
  5
1ED
330
B3
100
AcDbEntity
  8
VEG-HOJAS
100
AcDbPolyline
 90
6
 70
0
 10
0.0038
 20
-0.2491
 10
0.0129
 20
-0.2558
 10
0.0246
 20
-0.2665
 10
0.0091
 20
-0.2475
 10
-0.0022
 20
-0.231
 10
-0.0022
 20
-0.2314
  0
LWPOLYLINE
  5
1EE
330
B3
100
AcDbEntity
  8
VEG-HOJAS
100
AcDbPolyline
 90
3
 70
0
 10
-0.001
 20
-0.212
 10
-0.0014
 20
-0.2195
 10
0.0078
 20
-0.2251
  0
LWPOLYLINE
  5
1EF
330
B3
100
AcDbEntity
  8
VEG-HOJAS
100
AcDbPolyline
 90
5
 70
0
 10
-0.0003
 20
-0.2611
 10
-0.0039
 20
-0.2556
 10
-0.0051
 20
-0.2715
 10
0.0035
 20
-0.2765
 10
0.0115
 20
-0.2828
  0
LWPOLYLINE
  5
1F0
330
B3
100
AcDbEntity
  8
VEG-HOJAS
100
AcDbPolyline
 90
2
 70
0
 10
0.0005
 20
-0.1868
 10
0.0004
 20
-0.1884
  0
LWPOLYLINE
  5
1F1
330
B3
100
AcDbEntity
  8
VEG-HOJAS
100
AcDbPolyline
 90
2
 70
0
 10
0.0024
 20
-0.193
 10
0.0046
 20
-0.1938
  0
LWPOLYLINE
  5
1F2
330
B3
100
AcDbEntity
  8
VEG-HOJAS
100
AcDbPolyline
 90
10
 70
0
 10
0.0063
 20
-0.1944
 10
0.0145
 20
-0.1983
 10
0.0275
 20
-0.2069
 10
0.0413
 20
-0.2182
 10
0.0505
 20
-0.227
 10
0.0673
 20
-0.2458
 10
0.092
 20
-0.2782
 10
0.0771
 20
-0.2662
 10
0.0305
 20
-0.2312
 10
0.0099
 20
-0.2132
  0
LWPOLYLINE
  5
1F3
330
B3
100
AcDbEntity
  8
VEG-HOJAS
100
AcDbPolyline
 90
17
 70
0
 10
0.0155
 20
-0.2315
 10
0.0212
 20
-0.2368
 10
0.0297
 20
-0.246
 10
0.0383
 20
-0.2567
 10
0.0505
 20
-0.2743
 10
0.0612
 20
-0.2923
 10
0.0697
 20
-0.3085
 10
0.0816
 20
-0.333
 10
0.0682
 20
-0.3163
 10
0.0441
 20
-0.2888
 10
0.0546
 20
-0.3033
 10
0.0668
 20
-0.3224
 10
0.0765
 20
-0.3397
 10
0.09
 20
-0.3658
 10
0.0714
 20
-0.3434
 10
0.0282
 20
-0.2958
 10
0.0111
 20
-0.276
  0
LWPOLYLINE
  5
1F4
330
B3
100
AcDbEntity
  8
VEG-HOJAS
100
AcDbPolyline
 90
6
 70
1
 10
-0.0359
 20
-0.4618
 10
-0.0492
 20
-0.4732
 10
-0.0621
 20
-0.4821
 10
-0.0507
 20
-0.4778
 10
-0.0438
 20
-0.4762
 10
-0.0379
 20
-0.4758
  0
LWPOLYLINE
  5
1F5
330
B3
100
AcDbEntity
  8
VEG-HOJAS
100
AcDbPolyline
 90
6
 70
1
 10
-0.028
 20
-0.4778
 10
-0.0227
 20
-0.4806
 10
-0.0171
 20
-0.4848
 10
-0.0084
 20
-0.4934
 10
-0.0184
 20
-0.4788
 10
-0.0262
 20
-0.4648
  0
LWPOLYLINE
  5
1F6
330
B3
100
AcDbEntity
  8
VEG-HOJAS
100
AcDbPolyline
 90
5
 70
1
 10
-0.0179
 20
-0.4005
 10
-0.0095
 20
-0.4045
 10
0.0041
 20
-0.4142
 10
-0.0091
 20
-0.3964
 10
-0.0161
 20
-0.3851
  0
LWPOLYLINE
  5
1F7
330
B3
100
AcDbEntity
  8
VEG-HOJAS
100
AcDbPolyline
 90
6
 70
1
 10
0.0021
 20
-0.3018
 10
0.0109
 20
-0.3078
 10
0.0182
 20
-0.3138
 10
0.0014
 20
-0.2925
 10
-0.0059
 20
-0.2815
 10
-0.0072
 20
-0.2971
  0
LWPOLYLINE
  5
1F8
330
B3
100
AcDbEntity
  8
VEG-NERVIOS
100
AcDbPolyline
 90
11
 70
0
 10
-0.0028
 20
0.0198
 10
-0.0081
 20
0.0593
 10
-0.0116
 20
0.091
 10
-0.0168
 20
0.1546
 10
-0.0197
 20
0.2183
 10
-0.0203
 20
0.282
 10
-0.0185
 20
0.3458
 10
-0.0143
 20
0.4094
 10
-0.0105
 20
0.4491
 10
-0.0068
 20
0.4807
 10
0.0024
 20
0.5438
  0
LWPOLYLINE
  5
1F9
330
B3
100
AcDbEntity
  8
VEG-HOJAS
100
AcDbPolyline
 90
2
 70
0
 10
-0.121
 20
0.2956
 10
-0.1301
 20
0.3069
  0
LWPOLYLINE
  5
1FA
330
B3
100
AcDbEntity
  8
VEG-HOJAS
100
AcDbPolyline
 90
2
 70
0
 10
-0.13
 20
0.3076
 10
-0.1197
 20
0.2996
  0
LWPOLYLINE
  5
1FB
330
B3
100
AcDbEntity
  8
VEG-HOJAS
100
AcDbPolyline
 90
2
 70
0
 10
-0.1145
 20
0.315
 10
-0.1279
 20
0.3318
  0
LWPOLYLINE
  5
1FC
330
B3
100
AcDbEntity
  8
VEG-HOJAS
100
AcDbPolyline
 90
2
 70
0
 10
-0.1275
 20
0.3365
 10
-0.1116
 20
0.3238
  0
LWPOLYLINE
  5
1FD
330
B3
100
AcDbEntity
  8
VEG-HOJAS
100
AcDbPolyline
 90
2
 70
0
 10
-0.1083
 20
0.2805
 10
-0.1107
 20
0.2832
  0
LWPOLYLINE
  5
1FE
330
B3
100
AcDbEntity
  8
VEG-HOJAS
100
AcDbPolyline
 90
2
 70
0
 10
-0.1092
 20
0.292
 10
-0.1057
 20
0.2895
  0
LWPOLYLINE
  5
1FF
330
B3
100
AcDbEntity
  8
VEG-HOJAS
100
AcDbPolyline
 90
2
 70
0
 10
-0.1023
 20
0.3011
 10
-0.1071
 20
0.3063
  0
LWPOLYLINE
  5
200
330
B3
100
AcDbEntity
  8
VEG-HOJAS
100
AcDbPolyline
 90
2
 70
0
 10
-0.1055
 20
0.3191
 10
-0.0987
 20
0.3139
  0
LWPOLYLINE
  5
201
330
B3
100
AcDbEntity
  8
VEG-HOJAS
100
AcDbPolyline
 90
281
 70
0
 10
-0.1052
 20
0.3441
 10
-0.1186
 20
0.3636
 10
-0.135
 20
0.3903
 10
-0.1219
 20
0.3761
 10
-0.1042
 20
0.3585
 10
-0.0431
 20
0.3016
 10
-0.0345
 20
0.2929
 10
-0.0253
 20
0.2822
 10
-0.025
 20
0.299
 10
-0.0346
 20
0.3029
 10
-0.0438
 20
0.3083
 10
-0.0543
 20
0.3158
 10
-0.0657
 20
0.3252
 10
-0.0812
 20
0.3403
 10
-0.0961
 20
0.3571
 10
-0.1096
 20
0.3745
 10
-0.1219
 20
0.3924
 10
-0.1389
 20
0.42
 10
-0.1171
 20
0.3968
 10
-0.0808
 20
0.3624
 10
-0.0986
 20
0.3808
 10
-0.1129
 20
0.3979
 10
-0.1261
 20
0.4156
 10
-0.1444
 20
0.4428
 10
-0.1342
 20
0.4322
 10
-0.1166
 20
0.4157
 10
-0.0448
 20
0.3536
 10
-0.0353
 20
0.3449
 10
-0.024
 20
0.3329
 10
-0.0232
 20
0.3509
 10
-0.033
 20
0.3547
 10
-0.0423
 20
0.3599
 10
-0.0531
 20
0.3672
 10
-0.0647
 20
0.3765
 10
-0.0807
 20
0.3914
 10
-0.0961
 20
0.408
 10
-0.11
 20
0.4253
 10
-0.1227
 20
0.4431
 10
-0.1404
 20
0.4706
 10
-0.1266
 20
0.4559
 10
-0.1078
 20
0.438
 10
-0.0429
 20
0.3799
 10
-0.0337
 20
0.3711
 10
-0.0228
 20
0.3591
 10
-0.0217
 20
0.3777
 10
-0.0303
 20
0.3829
 10
-0.0384
 20
0.3896
 10
-0.0475
 20
0.3985
 10
-0.0571
 20
0.4094
 10
-0.0699
 20
0.4266
 10
-0.0817
 20
0.4453
 10
-0.0921
 20
0.4643
 10
-0.1013
 20
0.4838
 10
-0.1136
 20
0.5132
 10
-0.1058
 20
0.5011
 10
-0.0921
 20
0.482
 10
-0.0353
 20
0.4091
 10
-0.0279
 20
0.399
 10
-0.021
 20
0.3881
 10
-0.0198
 20
0.4037
 10
-0.0277
 20
0.4089
 10
-0.0395
 20
0.4199
 10
-0.0525
 20
0.4351
 10
-0.0613
 20
0.4475
 10
-0.0736
 20
0.4679
 10
-0.0861
 20
0.4933
 10
-0.0993
 20
0.5138
 10
-0.1134
 20
0.5384
 10
-0.0974
 20
0.521
 10
-0.1031
 20
0.5362
 10
-0.0856
 20
0.5092
 10
-0.0405
 20
0.4653
 10
-0.0242
 20
0.4478
 10
-0.0167
 20
0.4379
 10
-0.0148
 20
0.4553
 10
-0.0215
 20
0.4593
 10
-0.0317
 20
0.4685
 10
-0.0428
 20
0.4813
 10
-0.0503
 20
0.4918
 10
-0.0574
 20
0.5032
 10
-0.0669
 20
0.521
 10
-0.0746
 20
0.5379
 10
-0.0848
 20
0.5639
 10
-0.0873
 20
0.5681
 10
-0.0747
 20
0.5557
 10
-0.0352
 20
0.5191
 10
-0.0205
 20
0.5038
 10
-0.0105
 20
0.4907
 10
-0.0085
 20
0.5056
 10
-0.0133
 20
0.5073
 10
-0.0189
 20
0.5104
 10
-0.0251
 20
0.5148
 10
-0.0317
 20
0.5205
 10
-0.0383
 20
0.5273
 10
-0.0476
 20
0.5388
 10
-0.0559
 20
0.5508
 10
-0.0719
 20
0.5783
 10
-0.0264
 20
0.5394
 10
-0.014
 20
0.5266
 10
-0.0069
 20
0.5169
 10
-0.0047
 20
0.5311
 10
-0.008
 20
0.532
 10
-0.0124
 20
0.5342
 10
-0.0172
 20
0.5376
 10
-0.027
 20
0.5473
 10
-0.0316
 20
0.5532
 10
-0.0396
 20
0.5659
 10
-0.0507
 20
0.5876
 10
-0.0203
 20
0.5639
 10
-0.0099
 20
0.554
 10
-0.0026
 20
0.5443
 10
0.0006
 20
0.5621
 10
0.0018
 20
0.5637
 10
0.004
 20
0.5648
 10
0.0059
 20
0.5648
 10
0.0082
 20
0.5638
 10
0.0097
 20
0.5619
 10
0.0101
 20
0.5595
 10
0.0072
 20
0.5424
 10
0.0176
 20
0.5491
 10
0.0307
 20
0.5546
 10
0.0674
 20
0.5648
 10
0.0438
 20
0.5454
 10
0.0315
 20
0.5372
 10
0.019
 20
0.5315
 10
0.0134
 20
0.53
 10
0.0085
 20
0.5293
 10
0.0051
 20
0.5295
 10
0.003
 20
0.5151
 10
0.013
 20
0.5222
 10
0.0288
 20
0.53
 10
0.0466
 20
0.5368
 10
0.0846
 20
0.549
 10
0.0528
 20
0.5254
 10
0.0363
 20
0.5153
 10
0.02
 20
0.5078
 10
0.0127
 20
0.5055
 10
0.0064
 20
0.5043
 10
0.0014
 20
0.5041
 10
-0.0006
 20
0.4896
 10
0.0122
 20
0.4994
 10
0.0304
 20
0.5099
 10
0.0509
 20
0.5197
 10
0.0943
 20
0.5384
 10
0.0666
 20
0.5155
 10
0.0539
 20
0.5059
 10
0.0977
 20
0.5311
 10
0.0641
 20
0.4986
 10
0.0497
 20
0.4859
 10
0.0395
 20
0.4778
 10
0.0243
 20
0.4674
 10
0.0104
 20
0.4594
 10
0.0026
 20
0.4559
 10
-0.0049
 20
0.4539
 10
-0.0065
 20
0.4391
 10
0.0006
 20
0.4466
 10
0.0088
 20
0.4541
 10
0.0294
 20
0.4701
 10
0.0526
 20
0.4862
 10
0.1013
 20
0.5182
 10
0.066
 20
0.4811
 10
0.0507
 20
0.4667
 10
0.0399
 20
0.4573
 10
0.0238
 20
0.4451
 10
0.009
 20
0.4355
 10
0.0007
 20
0.4313
 10
-0.0076
 20
0.4284
 10
-0.0091
 20
0.4109
 10
0.0014
 20
0.4201
 10
0.0222
 20
0.4344
 10
0.0476
 20
0.4495
 10
0.0774
 20
0.4657
 10
0.1025
 20
0.4858
 10
0.0926
 20
0.4738
 10
0.1156
 20
0.4865
 10
0.0728
 20
0.4499
 10
0.0501
 20
0.4249
 10
0.0274
 20
0.4033
 10
0.0164
 20
0.3943
 10
0.0063
 20
0.3868
 10
-0.0026
 20
0.3813
 10
-0.0117
 20
0.3771
 10
-0.0128
 20
0.3588
 10
-0.001
 20
0.3694
 10
0.0209
 20
0.3852
 10
0.0477
 20
0.4022
 10
0.119
 20
0.4442
 10
0.0885
 20
0.4166
 10
0.1085
 20
0.4315
 10
0.0909
 20
0.412
 10
0.0949
 20
0.4158
 10
0.0651
 20
0.3756
 10
0.0486
 20
0.3554
 10
0.0342
 20
0.3394
 10
0.0179
 20
0.3233
 10
0.0027
 20
0.3104
 10
-0.006
 20
0.3043
 10
-0.015
 20
0.2995
 10
-0.0153
 20
0.2807
 10
-0.0041
 20
0.291
 10
0.0055
 20
0.2985
 10
0.0293
 20
0.3146
 10
0.1108
 20
0.3634
 10
0.0693
 20
0.3255
 10
0.0514
 20
0.3108
 10
0.0389
 20
0.3013
 10
0.0204
 20
0.289
 10
0.0035
 20
0.2794
 10
-0.0058
 20
0.2753
 10
-0.0153
 20
0.2725
 10
-0.0153
 20
0.2556
 10
-0.0062
 20
0.2653
 10
0.0024
 20
0.2729
 10
0.0239
 20
0.2895
 10
0.0481
 20
0.3061
 10
0.0987
 20
0.3396
 10
0.0597
 20
0.2994
 10
0.0473
 20
0.282
 10
0.035
 20
0.266
 10
0.017
 20
0.2459
 10
0.0081
 20
0.2374
 10
-0.0001
 20
0.2304
 10
-0.0075
 20
0.2252
 10
-0.0148
 20
0.2214
 10
-0.0144
 20
0.207
 10
-0.0046
 20
0.22
 10
0.0111
 20
0.2362
 10
0.0292
 20
0.2526
 10
0.0678
 20
0.2851
 10
0.0424
 20
0.2487
 10
0.0313
 20
0.2343
 10
0.0232
 20
0.2249
 10
0.0109
 20
0.2126
 10
-0.0007
 20
0.2027
 10
-0.0074
 20
0.1982
 10
-0.0139
 20
0.1951
 10
-0.0133
 20
0.18
 10
-0.0046
 20
0.1905
 10
0.0098
 20
0.2036
 10
0.0266
 20
0.2164
 10
0.0626
 20
0.2415
 10
0.0389
 20
0.2111
 10
0.0286
 20
0.1992
 10
0.0211
 20
0.1915
 10
0.0061
 20
0.1786
 10
-0.0009
 20
0.1739
 10
-0.0071
 20
0.1705
 10
-0.0127
 20
0.1685
 10
-0.0119
 20
0.1566
 10
-0.0029
 20
0.1679
 10
0.0093
 20
0.1794
 10
0.0447
 20
0.2063
 10
0.0256
 20
0.1761
 10
0.015
 20
0.1624
 10
0.0036
 20
0.1511
 10
-0.0019
 20
0.147
 10
-0.0069
 20
0.1441
 10
-0.011
 20
0.1426
 10
-0.0102
 20
0.1324
 10
-0.0037
 20
0.1398
 10
0.0007
 20
0.1435
 10
0.0101
 20
0.1501
 10
0.0262
 20
0.1602
 10
0.0152
 20
0.1383
 10
0.0086
 20
0.1285
 10
0.001
 20
0.1209
 10
-0.0029
 20
0.1183
 10
-0.0089
 20
0.1161
 10
-0.0045
 20
0.0719
 10
0.0022
 20
0.02
 10
0.0012
 20
0.0168
 10
-0.0012
 20
0.0151
 10
-0.0036
 20
0.0149
 10
-0.0054
 20
0.0155
 10
-0.0071
 20
0.0172
 10
-0.0078
 20
0.0191
 10
-0.0144
 20
0.0705
 10
-0.0188
 20
0.1148
 10
-0.0251
 20
0.1152
 10
-0.0295
 20
0.1167
 10
-0.0349
 20
0.1196
  0
LWPOLYLINE
  5
202
330
B3
100
AcDbEntity
  8
VEG-HOJAS
100
AcDbPolyline
 90
2
 70
0
 10
-0.0944
 20
0.3301
 10
-0.1033
 20
0.3416
  0
LWPOLYLINE
  5
203
330
B3
100
AcDbEntity
  8
VEG-HOJAS
100
AcDbPolyline
 90
2
 70
0
 10
-0.0865
 20
0.2521
 10
-0.0983
 20
0.2696
  0
LWPOLYLINE
  5
204
330
B3
100
AcDbEntity
  8
VEG-HOJAS
100
AcDbPolyline
 90
2
 70
0
 10
-0.0967
 20
0.2833
 10
-0.0791
 20
0.2711
  0
LWPOLYLINE
  5
205
330
B3
100
AcDbEntity
  8
VEG-HOJAS
100
AcDbPolyline
 90
2
 70
0
 10
-0.077
 20
0.2766
 10
-0.0958
 20
0.2942
  0
LWPOLYLINE
  5
206
330
B3
100
AcDbEntity
  8
VEG-HOJAS
100
AcDbPolyline
 90
3
 70
0
 10
-0.0954
 20
0.2288
 10
-0.1032
 20
0.2389
 10
-0.0941
 20
0.2323
  0
LWPOLYLINE
  5
207
330
B3
100
AcDbEntity
  8
VEG-HOJAS
100
AcDbPolyline
 90
2
 70
0
 10
-0.0946
 20
0.3108
 10
-0.0709
 20
0.2931
  0
LWPOLYLINE
  5
208
330
B3
100
AcDbEntity
  8
VEG-HOJAS
100
AcDbPolyline
 90
3
 70
0
 10
-0.068
 20
0.3016
 10
-0.0813
 20
0.315
 10
-0.0936
 20
0.3291
  0
LWPOLYLINE
  5
209
330
B3
100
AcDbEntity
  8
VEG-HOJAS
100
AcDbPolyline
 90
2
 70
0
 10
-0.0801
 20
0.2097
 10
-0.0837
 20
0.2138
  0
LWPOLYLINE
  5
20A
330
B3
100
AcDbEntity
  8
VEG-HOJAS
100
AcDbPolyline
 90
2
 70
0
 10
-0.0811
 20
0.2236
 10
-0.0761
 20
0.2203
  0
LWPOLYLINE
  5
20B
330
B3
100
AcDbEntity
  8
VEG-HOJAS
100
AcDbPolyline
 90
2
 70
0
 10
-0.0714
 20
0.2322
 10
-0.0774
 20
0.2396
  0
LWPOLYLINE
  5
20C
330
B3
100
AcDbEntity
  8
VEG-HOJAS
100
AcDbPolyline
 90
2
 70
0
 10
-0.0725
 20
0.2666
 10
-0.0612
 20
0.2587
  0
LWPOLYLINE
  5
20D
330
B3
100
AcDbEntity
  8
VEG-HOJAS
100
AcDbPolyline
 90
2
 70
0
 10
-0.0595
 20
0.2632
 10
-0.0716
 20
0.2722
  0
LWPOLYLINE
  5
20E
330
B3
100
AcDbEntity
  8
VEG-HOJAS
100
AcDbPolyline
 90
9
 70
0
 10
-0.0689
 20
0.2917
 10
-0.0439
 20
0.2723
 10
-0.0351
 20
0.2648
 10
-0.0253
 20
0.2551
 10
-0.0253
 20
0.273
 10
-0.0345
 20
0.2767
 10
-0.0434
 20
0.2819
 10
-0.0535
 20
0.2892
 10
-0.0676
 20
0.3012
  0
LWPOLYLINE
  5
20F
330
B3
100
AcDbEntity
  8
VEG-HOJAS
100
AcDbPolyline
 90
2
 70
0
 10
-0.0555
 20
0.1671
 10
-0.0624
 20
0.1758
  0
LWPOLYLINE
  5
210
330
B3
100
AcDbEntity
  8
VEG-HOJAS
100
AcDbPolyline
 90
3
 70
0
 10
-0.0622
 20
0.1478
 10
-0.0639
 20
0.1497
 10
-0.0619
 20
0.1488
  0
LWPOLYLINE
  5
211
330
B3
100
AcDbEntity
  8
VEG-HOJAS
100
AcDbPolyline
 90
3
 70
0
 10
-0.0614
 20
0.19
 10
-0.0593
 20
0.1886
 10
-0.0613
 20
0.1904
  0
LWPOLYLINE
  5
212
330
B3
100
AcDbEntity
  8
VEG-HOJAS
100
AcDbPolyline
 90
10
 70
0
 10
-0.0608
 20
0.2101
 10
-0.0402
 20
0.1952
 10
-0.0329
 20
0.1892
 10
-0.0233
 20
0.1795
 10
-0.0239
 20
0.1947
 10
-0.0307
 20
0.1973
 10
-0.0377
 20
0.2013
 10
-0.0457
 20
0.207
 10
-0.0543
 20
0.2143
 10
-0.0607
 20
0.2206
  0
LWPOLYLINE
  5
213
330
B3
100
AcDbEntity
  8
VEG-HOJAS
100
AcDbPolyline
 90
8
 70
0
 10
-0.0589
 20
0.257
 10
-0.0419
 20
0.2444
 10
-0.0336
 20
0.2376
 10
-0.025
 20
0.2292
 10
-0.0253
 20
0.2464
 10
-0.0341
 20
0.249
 10
-0.043
 20
0.2531
 10
-0.0582
 20
0.2624
  0
LWPOLYLINE
  5
214
330
B3
100
AcDbEntity
  8
VEG-HOJAS
100
AcDbPolyline
 90
3
 70
0
 10
-0.0366
 20
0.1207
 10
-0.0435
 20
0.126
 10
-0.0505
 20
0.1332
  0
LWPOLYLINE
  5
215
330
B3
100
AcDbEntity
  8
VEG-HOJAS
100
AcDbPolyline
 90
11
 70
0
 10
-0.0496
 20
0.1446
 10
-0.0405
 20
0.1414
 10
-0.0299
 20
0.1365
 10
-0.0252
 20
0.1336
 10
-0.02
 20
0.1294
 10
-0.021
 20
0.142
 10
-0.0253
 20
0.1432
 10
-0.0306
 20
0.1456
 10
-0.0364
 20
0.1492
 10
-0.0426
 20
0.154
 10
-0.0492
 20
0.1601
  0
LWPOLYLINE
  5
216
330
B3
100
AcDbEntity
  8
VEG-HOJAS
100
AcDbPolyline
 90
9
 70
1
 10
-0.074
 20
0.3562
 10
-0.0439
 20
0.3282
 10
-0.0349
 20
0.3193
 10
-0.0248
 20
0.3077
 10
-0.0243
 20
0.3248
 10
-0.0342
 20
0.3284
 10
-0.0437
 20
0.3335
 10
-0.0606
 20
0.3452
 10
-0.0753
 20
0.3574
  0
LWPOLYLINE
  5
217
330
B3
100
AcDbEntity
  8
VEG-HOJAS
100
AcDbPolyline
 90
6
 70
1
 10
-0.0349
 20
0.172
 10
-0.0421
 20
0.1759
 10
-0.0314
 20
0.1669
 10
-0.022
 20
0.1568
 10
-0.0226
 20
0.168
 10
-0.0284
 20
0.1693
  0
LWPOLYLINE
  5
218
330
B3
100
AcDbEntity
  8
VEG-HOJAS
100
AcDbPolyline
 90
5
 70
1
 10
-0.0329
 20
0.2222
 10
-0.0419
 20
0.2261
 10
-0.035
 20
0.2191
 10
-0.0244
 20
0.2066
 10
-0.0248
 20
0.2202
  0
LWPOLYLINE
  5
219
330
B3
100
AcDbEntity
  8
VEG-HOJAS
100
AcDbPolyline
 90
5
 70
1
 10
-0.0176
 20
0.4288
 10
-0.0256
 20
0.4323
 10
-0.0326
 20
0.4367
 10
-0.0245
 20
0.4246
 10
-0.0188
 20
0.4149
  0
LWPOLYLINE
  5
21A
330
B3
100
AcDbEntity
  8
VEG-HOJAS
100
AcDbPolyline
 90
5
 70
1
 10
-0.0148
 20
0.3102
 10
-0.007
 20
0.3204
 10
0.0073
 20
0.336
 10
-0.0046
 20
0.329
 10
-0.0143
 20
0.325
  0
LWPOLYLINE
  5
21B
330
B3
100
AcDbEntity
  8
VEG-HOJAS
100
AcDbPolyline
 90
6
 70
1
 10
-0.014
 20
0.3343
 10
-0.004
 20
0.3451
 10
0.0162
 20
0.3629
 10
0.0065
 20
0.3578
 10
-0.0032
 20
0.3534
 10
-0.0132
 20
0.3505
  0
LWPOLYLINE
  5
21C
330
B3
100
AcDbEntity
  8
VEG-HOJAS
100
AcDbPolyline
 90
5
 70
1
 10
-0.0119
 20
0.4802
 10
-0.018
 20
0.4826
 10
-0.0269
 20
0.4884
 10
-0.0172
 20
0.4738
 10
-0.0135
 20
0.4671
  0
LWPOLYLINE
  5
21D
330
B3
100
AcDbEntity
  8
VEG-HOJAS
100
AcDbPolyline
 90
5
 70
1
 10
-0.011
 20
0.3878
 10
-0.0029
 20
0.3973
 10
0.0074
 20
0.4077
 10
-0.0006
 20
0.4045
 10
-0.0099
 20
0.4021
  0
LWPOLYLINE
  5
21E
330
B3
100
AcDbEntity
  8
VEG-HOJAS
100
AcDbPolyline
 90
6
 70
1
 10
-0.0101
 20
0.2401
 10
-0.0034
 20
0.2484
 10
0.0015
 20
0.2538
 10
-0.0065
 20
0.2497
 10
-0.0153
 20
0.2467
 10
-0.0151
 20
0.233
  0
LWPOLYLINE
  5
21F
330
B3
100
AcDbEntity
  8
VEG-HOJAS
100
AcDbPolyline
 90
7
 70
1
 10
-0.0037
 20
0.4648
 10
0.0025
 20
0.4708
 10
0.0102
 20
0.4773
 10
0.0254
 20
0.4882
 10
0.0117
 20
0.4821
 10
0.0045
 20
0.4799
 10
-0.002
 20
0.479
  0
LWPOLYLINE
  5
220
330
B3
100
AcDbEntity
  8
VEG-NERVIOS
100
AcDbPolyline
 90
5
 70
0
 10
0.02
 20
0.0005
 10
0.1625
 20
0.0033
 10
0.305
 20
0.0047
 10
0.4475
 20
0.0048
 10
0.5979
 20
0.0034
  0
LWPOLYLINE
  5
221
330
B3
100
AcDbEntity
  8
VEG-HOJAS
100
AcDbPolyline
 90
346
 70
0
 10
0.312
 20
0.0873
 10
0.2819
 20
0.0504
 10
0.2649
 20
0.0308
 10
0.2493
 20
0.0151
 10
0.2422
 20
0.0093
 10
0.2579
 20
0.0094
 10
0.2617
 20
0.0173
 10
0.267
 20
0.0252
 10
0.2742
 20
0.034
 10
0.2881
 20
0.0484
 10
0.3044
 20
0.0627
 10
0.3161
 20
0.0717
 10
0.3335
 20
0.0838
 10
0.3553
 20
0.1044
 10
0.3822
 20
0.1274
 10
0.3629
 20
0.1021
 10
0.367
 20
0.1046
 10
0.3601
 20
0.0982
 10
0.3179
 20
0.0395
 10
0.3019
 20
0.0198
 10
0.2918
 20
0.0097
 10
0.3096
 20
0.0098
 10
0.3133
 20
0.0191
 10
0.3221
 20
0.0334
 10
0.3346
 20
0.0498
 10
0.345
 20
0.0615
 10
0.3604
 20
0.0767
 10
0.3803
 20
0.0941
 10
0.3966
 20
0.1069
 10
0.4214
 20
0.1251
 10
0.401
 20
0.1024
 10
0.3475
 20
0.0388
 10
0.3295
 20
0.0194
 10
0.3187
 20
0.0098
 10
0.3361
 20
0.0099
 10
0.3408
 20
0.0191
 10
0.347
 20
0.0278
 10
0.3552
 20
0.0377
 10
0.3654
 20
0.0484
 10
0.377
 20
0.0594
 10
0.3898
 20
0.0701
 10
0.4161
 20
0.0895
 10
0.4339
 20
0.1011
 10
0.4609
 20
0.1173
 10
0.4424
 20
0.1006
 10
0.4121
 20
0.0707
 10
0.4271
 20
0.0831
 10
0.44
 20
0.0929
 10
0.4576
 20
0.1051
 10
0.4842
 20
0.1224
 10
0.4616
 20
0.1003
 10
0.4025
 20
0.038
 10
0.3828
 20
0.019
 10
0.3715
 20
0.0099
 10
0.388
 20
0.0099
 10
0.3925
 20
0.0193
 10
0.4025
 20
0.0332
 10
0.4164
 20
0.0492
 10
0.4278
 20
0.0605
 10
0.4447
 20
0.075
 10
0.4663
 20
0.0915
 10
0.4839
 20
0.1035
 10
0.5104
 20
0.1204
 10
0.4878
 20
0.0987
 10
0.4286
 20
0.0373
 10
0.4088
 20
0.0187
 10
0.3977
 20
0.0099
 10
0.414
 20
0.0099
 10
0.4186
 20
0.0189
 10
0.4245
 20
0.0275
 10
0.4325
 20
0.0373
 10
0.448
 20
0.0532
 10
0.4662
 20
0.0691
 10
0.4918
 20
0.0882
 10
0.5092
 20
0.0996
 10
0.5355
 20
0.1157
 10
0.5213
 20
0.1028
 10
0.4981
 20
0.0797
 10
0.5211
 20
0.0975
 10
0.5503
 20
0.1179
 10
0.5302
 20
0.0964
 10
0.4773
 20
0.0363
 10
0.4593
 20
0.0182
 10
0.4493
 20
0.0098
 10
0.4657
 20
0.0097
 10
0.4693
 20
0.0179
 10
0.4743
 20
0.0259
 10
0.4812
 20
0.0351
 10
0.4946
 20
0.0501
 10
0.5105
 20
0.0651
 10
0.5332
 20
0.0832
 10
0.5718
 20
0.1096
 10
0.5471
 20
0.0831
 10
0.5799
 20
0.1102
 10
0.5676
 20
0.0941
 10
0.5391
 20
0.0544
 10
0.5233
 20
0.0335
 10
0.5086
 20
0.0168
 10
0.5007
 20
0.0095
 10
0.5177
 20
0.0093
 10
0.5206
 20
0.0157
 10
0.528
 20
0.026
 10
0.5385
 20
0.0375
 10
0.5471
 20
0.0455
 10
0.5616
 20
0.0569
 10
0.5764
 20
0.0671
 10
0.6098
 20
0.0871
 10
0.576
 20
0.0513
 10
0.5901
 20
0.0625
 10
0.6181
 20
0.0816
 10
0.5914
 20
0.047
 10
0.5781
 20
0.0308
 10
0.5649
 20
0.0168
 10
0.5553
 20
0.0089
 10
0.5689
 20
0.0088
 10
0.5704
 20
0.013
 10
0.5732
 20
0.018
 10
0.5772
 20
0.0235
 10
0.5884
 20
0.0351
 10
0.5952
 20
0.0406
 10
0.6059
 20
0.0481
 10
0.6336
 20
0.0646
 10
0.6058
 20
0.0295
 10
0.5943
 20
0.0172
 10
0.5837
 20
0.0086
 10
0.5945
 20
0.0084
 10
0.5968
 20
0.015
 10
0.5996
 20
0.0191
 10
0.6077
 20
0.0273
 10
0.618
 20
0.0346
 10
0.6415
 20
0.0467
 10
0.6232
 20
0.0199
 10
0.6192
 20
0.0152
 10
0.6115
 20
0.0082
 10
0.6169
 20
0.008
 10
0.6194
 20
0.0066
 10
0.6208
 20
0.0035
 10
0.6199
 20
0.0003
 10
0.6185
 20
-0.0011
 10
0.6167
 20
-0.0018
 10
0.6087
 20
-0.0018
 10
0.6138
 20
-0.0069
 10
0.6206
 20
-0.0168
 10
0.6348
 20
-0.046
 10
0.6133
 20
-0.0306
 10
0.6042
 20
-0.022
 10
0.5973
 20
-0.0127
 10
0.5952
 20
-0.0082
 10
0.5938
 20
-0.0016
 10
0.58
 20
-0.0014
 10
0.5867
 20
-0.0081
 10
0.5959
 20
-0.0209
 10
0.6045
 20
-0.0359
 10
0.6207
 20
-0.068
 10
0.5969
 20
-0.0466
 10
0.5879
 20
-0.0373
 10
0.5823
 20
-0.0306
 10
0.5734
 20
-0.0171
 10
0.5705
 20
-0.011
 10
0.5687
 20
-0.0055
 10
0.5681
 20
-0.0012
 10
0.5536
 20
-0.001
 10
0.5634
 20
-0.0109
 10
0.575
 20
-0.0262
 10
0.5863
 20
-0.0438
 10
0.6087
 20
-0.0812
 10
0.5796
 20
-0.0555
 10
0.5686
 20
-0.0443
 10
0.5616
 20
-0.0363
 10
0.5555
 20
-0.0281
 10
0.5503
 20
-0.0203
 10
0.5464
 20
-0.0129
 10
0.5438
 20
-0.0065
 10
0.5425
 20
-0.0009
 10
0.5283
 20
-0.0008
 10
0.5406
 20
-0.0121
 10
0.5551
 20
-0.0288
 10
0.5996
 20
-0.0881
 10
0.569
 20
-0.0644
 10
0.5556
 20
-0.0526
 10
0.5425
 20
-0.0398
 10
0.5348
 20
-0.0309
 10
0.5256
 20
-0.0183
 10
0.5194
 20
-0.0073
 10
0.5171
 20
-0.0007
 10
0.5025
 20
-0.0005
 10
0.5172
 20
-0.0133
 10
0.5342
 20
-0.0311
 10
0.5768
 20
-0.0819
 10
0.5874
 20
-0.0938
 10
0.5525
 20
-0.0689
 10
0.5371
 20
-0.0564
 10
0.5221
 20
-0.0427
 10
0.513
 20
-0.0332
 10
0.5022
 20
-0.0197
 10
0.4946
 20
-0.0079
 10
0.4915
 20
-0.0005
 10
0.4752
 20
-0.0003
 10
0.4841
 20
-0.0082
 10
0.5005
 20
-0.0258
 10
0.5185
 20
-0.0476
 10
0.5539
 20
-0.0927
 10
0.565
 20
-0.1059
 10
0.5285
 20
-0.0773
 10
0.5125
 20
-0.063
 10
0.4969
 20
-0.0474
 10
0.4876
 20
-0.0368
 10
0.4764
 20
-0.0217
 10
0.4686
 20
-0.0086
 10
0.4654
 20
-0.0003
 10
0.4492
 20
-0.0002
 10
0.4591
 20
-0.0088
 10
0.4768
 20
-0.0272
 10
0.4963
 20
-0.0499
 10
0.5319
 20
-0.0929
 10
0.5474
 20
-0.1102
 10
0.5082
 20
-0.0806
 10
0.4909
 20
-0.0657
 10
0.4741
 20
-0.0495
 10
0.4641
 20
-0.0384
 10
0.4519
 20
-0.0227
 10
0.4433
 20
-0.009
 10
0.4396
 20
-0.0002
 10
0.4224
 20
-0.0001
 10
0.4332
 20
-0.0101
 10
0.4509
 20
-0.0299
 10
0.5063
 20
-0.1
 10
0.5218
 20
-0.1184
 10
0.5058
 20
-0.1058
 10
0.5102
 20
-0.1097
 10
0.484
 20
-0.0928
 10
0.4666
 20
-0.0809
 10
0.4538
 20
-0.0714
 10
0.4394
 20
-0.0598
 10
0.4703
 20
-0.0898
 10
0.4888
 20
-0.1064
 10
0.4564
 20
-0.0869
 10
0.4263
 20
-0.0664
 10
0.4045
 20
-0.0491
 10
0.3925
 20
-0.0383
 10
0.3821
 20
-0.0277
 10
0.3736
 20
-0.0179
 10
0.3672
 20
-0.0092
 10
0.3622
 20
-0.0001
 10
0.3464
 20
-0.0001
 10
0.3572
 20
-0.0081
 10
0.3775
 20
-0.0261
 10
0.4377
 20
-0.0859
 10
0.4604
 20
-0.1071
 10
0.4339
 20
-0.0907
 10
0.4162
 20
-0.0792
 10
0.3945
 20
-0.0633
 10
0.3774
 20
-0.0492
 10
0.3657
 20
-0.0384
 10
0.3514
 20
-0.0229
 10
0.341
 20
-0.0093
 10
0.3361
 20
-0.0001
 10
0.3205
 20
-0.0002
 10
0.3308
 20
-0.0078
 10
0.3506
 20
-0.0253
 10
0.4136
 20
-0.0882
 10
0.4312
 20
-0.1046
 10
0.3881
 20
-0.0774
 10
0.3669
 20
-0.0619
 10
0.3502
 20
-0.0482
 10
0.3389
 20
-0.0376
 10
0.3249
 20
-0.0224
 10
0.3148
 20
-0.0091
 10
0.3101
 20
-0.0002
 10
0.2923
 20
-0.0003
 10
0.3024
 20
-0.0098
 10
0.3191
 20
-0.0289
 10
0.3375
 20
-0.0525
 10
0.366
 20
-0.0905
 10
0.3688
 20
-0.0929
 10
0.367
 20
-0.0919
 10
0.3709
 20
-0.0969
 10
0.3854
 20
-0.1149
 10
0.3582
 20
-0.0926
 10
0.338
 20
-0.0745
 10
0.3119
 20
-0.0568
 10
0.3003
 20
-0.0479
 10
0.2894
 20
-0.0386
 10
0.2751
 20
-0.0247
 10
0.2676
 20
-0.016
 10
0.2621
 20
-0.0084
 10
0.258
 20
-0.0006
 10
0.2432
 20
-0.0007
 10
0.2578
 20
-0.0123
 10
0.2753
 20
-0.0293
 10
0.3307
 20
-0.0893
 10
0.295
 20
-0.0661
 10
0.2792
 20
-0.0543
 10
0.2637
 20
-0.0413
 10
0.2544
 20
-0.0324
 10
0.2431
 20
-0.0194
 10
0.2351
 20
-0.008
 10
0.2317
 20
-0.0008
 10
0.2171
 20
-0.001
 10
0.2293
 20
-0.0109
 10
0.2446
 20
-0.0266
 10
0.2918
 20
-0.0827
 10
0.2603
 20
-0.0611
 10
0.2416
 20
-0.0464
 10
0.2326
 20
-0.0382
 10
0.2581
 20
-0.0672
 10
0.2295
 20
-0.0504
 10
0.2125
 20
-0.0388
 10
0.2006
 20
-0.0289
 10
0.1905
 20
-0.0188
 10
0.1854
 20
-0.0124
 10
0.1817
 20
-0.0067
 10
0.1794
 20
-0.0015
 10
0.1671
 20
-0.0016
 10
0.1775
 20
-0.0106
 10
0.1884
 20
-0.0229
 10
0.2142
 20
-0.0582
 10
0.1877
 20
-0.0413
 10
0.1775
 20
-0.0337
 10
0.1711
 20
-0.0281
 10
0.1604
 20
-0.0165
 10
0.1566
 20
-0.011
 10
0.1541
 20
-0.0059
 10
0.1528
 20
-0.0018
 10
0.1431
 20
-0.002
 10
0.1498
 20
-0.0085
 10
0.1535
 20
-0.013
 10
0.1696
 20
-0.039
 10
0.1476
 20
-0.0273
 10
0.138
 20
-0.0203
 10
0.1307
 20
-0.0124
 10
0.1282
 20
-0.0084
 10
0.1263
 20
-0.0023
 10
0.0201
 20
-0.0045
 10
0.0169
 20
-0.0035
 10
0.0152
 20
-0.0011
 10
0.0151
 20
0.0013
 10
0.0158
 20
0.0032
 10
0.0175
 20
0.0048
 10
0.0194
 20
0.0055
 10
0.1255
 20
0.0077
 10
0.1264
 20
0.0139
 10
0.1281
 20
0.0182
 10
0.1341
 20
0.0273
 10
0.1425
 20
0.0357
 10
0.1536
 20
0.0444
  0
LWPOLYLINE
  5
222
330
B3
100
AcDbEntity
  8
VEG-HOJAS
100
AcDbPolyline
 90
10
 70
0
 10
0.1595
 20
0.044
 10
0.1506
 20
0.0225
 10
0.1446
 20
0.0129
 10
0.1401
 20
0.008
 10
0.1526
 20
0.0082
 10
0.1537
 20
0.0123
 10
0.156
 20
0.0174
 10
0.1595
 20
0.0232
 10
0.1696
 20
0.0352
 10
0.1791
 20
0.0439
  0
LWPOLYLINE
  5
223
330
B3
100
AcDbEntity
  8
VEG-HOJAS
100
AcDbPolyline
 90
2
 70
0
 10
0.1831
 20
0.0471
 10
0.2048
 20
0.0625
  0
LWPOLYLINE
  5
224
330
B3
100
AcDbEntity
  8
VEG-HOJAS
100
AcDbPolyline
 90
12
 70
0
 10
0.2085
 20
0.0626
 10
0.1921
 20
0.0377
 10
0.1821
 20
0.0241
 10
0.1717
 20
0.0127
 10
0.1666
 20
0.0084
 10
0.179
 20
0.0085
 10
0.1808
 20
0.0139
 10
0.184
 20
0.02
 10
0.1886
 20
0.0267
 10
0.1945
 20
0.0339
 10
0.2091
 20
0.0484
 10
0.2295
 20
0.0644
  0
LWPOLYLINE
  5
225
330
B3
100
AcDbEntity
  8
VEG-HOJAS
100
AcDbPolyline
 90
11
 70
0
 10
0.2408
 20
0.0649
 10
0.2266
 20
0.0459
 10
0.2137
 20
0.0299
 10
0.2007
 20
0.0161
 10
0.1918
 20
0.0087
 10
0.2051
 20
0.0089
 10
0.2072
 20
0.0154
 10
0.2107
 20
0.0224
 10
0.219
 20
0.0347
 10
0.2298
 20
0.0478
 10
0.2469
 20
0.0645
  0
LWPOLYLINE
  5
226
330
B3
100
AcDbEntity
  8
VEG-HOJAS
100
AcDbPolyline
 90
3
 70
0
 10
0.2432
 20
0.0737
 10
0.2528
 20
0.0802
 10
0.2467
 20
0.0727
  0
LWPOLYLINE
  5
227
330
B3
100
AcDbEntity
  8
VEG-HOJAS
100
AcDbPolyline
 90
2
 70
0
 10
0.2539
 20
0.0705
 10
0.2729
 20
0.0856
  0
LWPOLYLINE
  5
228
330
B3
100
AcDbEntity
  8
VEG-HOJAS
100
AcDbPolyline
 90
12
 70
0
 10
0.2629
 20
0.0641
 10
0.2499
 20
0.0463
 10
0.2353
 20
0.0281
 10
0.2283
 20
0.0203
 10
0.2161
 20
0.009
 10
0.2314
 20
0.0092
 10
0.2343
 20
0.0166
 10
0.2386
 20
0.0242
 10
0.2446
 20
0.0328
 10
0.2521
 20
0.0421
 10
0.261
 20
0.0516
 10
0.2742
 20
0.0641
  0
LWPOLYLINE
  5
229
330
B3
100
AcDbEntity
  8
VEG-HOJAS
100
AcDbPolyline
 90
2
 70
0
 10
0.2786
 20
0.0857
 10
0.2653
 20
0.0674
  0
LWPOLYLINE
  5
22A
330
B3
100
AcDbEntity
  8
VEG-HOJAS
100
AcDbPolyline
 90
3
 70
0
 10
0.2751
 20
0.0649
 10
0.291
 20
0.0781
 10
0.3025
 20
0.0867
  0
LWPOLYLINE
  5
22B
330
B3
100
AcDbEntity
  8
VEG-HOJAS
100
AcDbPolyline
 90
3
 70
0
 10
0.2831
 20
0.0932
 10
0.2866
 20
0.0959
 10
0.2841
 20
0.093
  0
LWPOLYLINE
  5
22C
330
B3
100
AcDbEntity
  8
VEG-HOJAS
100
AcDbPolyline
 90
2
 70
0
 10
0.3058
 20
0.0891
 10
0.3187
 20
0.0982
  0
LWPOLYLINE
  5
22D
330
B3
100
AcDbEntity
  8
VEG-HOJAS
100
AcDbPolyline
 90
2
 70
0
 10
0.3212
 20
0.0982
 10
0.3127
 20
0.0882
  0
LWPOLYLINE
  5
22E
330
B3
100
AcDbEntity
  8
VEG-HOJAS
100
AcDbPolyline
 90
3
 70
0
 10
0.3249
 20
0.1026
 10
0.3257
 20
0.1032
 10
0.3251
 20
0.1025
  0
LWPOLYLINE
  5
22F
330
B3
100
AcDbEntity
  8
VEG-HOJAS
100
AcDbPolyline
 90
7
 70
1
 10
0.1984
 20
-0.0048
 10
0.2085
 20
-0.0131
 10
0.2177
 20
-0.0221
 10
0.212
 20
-0.0143
 10
0.208
 20
-0.0075
 10
0.2054
 20
-0.0011
 10
0.1933
 20
-0.0013
  0
LWPOLYLINE
  5
230
330
B3
100
AcDbEntity
  8
VEG-HOJAS
100
AcDbPolyline
 90
6
 70
1
 10
0.2736
 20
-0.0034
 10
0.2774
 20
-0.006
 10
0.2906
 20
-0.017
 10
0.2866
 20
-0.0094
 10
0.2834
 20
-0.0004
 10
0.2696
 20
-0.0005
  0
LWPOLYLINE
  5
231
330
B3
100
AcDbEntity
  8
VEG-HOJAS
100
AcDbPolyline
 90
6
 70
1
 10
0.2856
 20
0.0228
 10
0.2771
 20
0.0155
 10
0.2691
 20
0.0095
 10
0.2832
 20
0.0096
 10
0.286
 20
0.0187
 10
0.2899
 20
0.0267
  0
LWPOLYLINE
  5
232
330
B3
100
AcDbEntity
  8
VEG-HOJAS
100
AcDbPolyline
 90
7
 70
1
 10
0.3645
 20
0.0158
 10
0.3723
 20
0.0284
 10
0.3839
 20
0.0427
 10
0.3667
 20
0.0264
 10
0.3571
 20
0.0181
 10
0.3462
 20
0.0099
 10
0.3619
 20
0.0099
  0
LWPOLYLINE
  5
233
330
B3
100
AcDbEntity
  8
VEG-HOJAS
100
AcDbPolyline
 90
7
 70
1
 10
0.3726
 20
-0.0001
 10
0.3835
 20
-0.008
 10
0.3933
 20
-0.0162
 10
0.4091
 20
-0.0306
 10
0.3957
 20
-0.0137
 10
0.3927
 20
-0.0093
 10
0.388
 20
-0.0001
  0
LWPOLYLINE
  5
234
330
B3
100
AcDbEntity
  8
VEG-HOJAS
100
AcDbPolyline
 90
5
 70
1
 10
0.398
 20
-0.0001
 10
0.409
 20
-0.0085
 10
0.4254
 20
-0.0237
 10
0.4171
 20
-0.0095
 10
0.4135
 20
-0.0001
  0
LWPOLYLINE
  5
235
330
B3
100
AcDbEntity
  8
VEG-HOJAS
100
AcDbPolyline
 90
6
 70
1
 10
0.4397
 20
0.0098
 10
0.4434
 20
0.0187
 10
0.4487
 20
0.0273
 10
0.4559
 20
0.0372
 10
0.4347
 20
0.0178
 10
0.4242
 20
0.0099
  0
LWPOLYLINE
  5
236
330
B3
100
AcDbEntity
  8
VEG-HOJAS
100
AcDbPolyline
 90
6
 70
1
 10
0.4911
 20
0.0095
 10
0.4935
 20
0.0172
 10
0.4974
 20
0.0251
 10
0.5028
 20
0.0341
 10
0.4848
 20
0.0166
 10
0.476
 20
0.0096
  0
LWPOLYLINE
  5
237
330
B3
100
AcDbEntity
  8
VEG-HOJAS
100
AcDbPolyline
 90
6
 70
1
 10
0.5431
 20
0.0091
 10
0.5449
 20
0.0145
 10
0.5482
 20
0.0206
 10
0.5541
 20
0.029
 10
0.5422
 20
0.0182
 10
0.5302
 20
0.0092
  0
LWPOLYLINE
  5
238
330
B3
100
AcDbEntity
  8
VEG-NERVIOS
100
AcDbPolyline
 90
9
 70
0
 10
0.0153
 20
-0.0129
 10
0.0631
 20
-0.0544
 10
0.1158
 20
-0.1024
 10
0.1672
 20
-0.1517
 10
0.2173
 20
-0.2023
 10
0.2661
 20
-0.2541
 10
0.3084
 20
-0.3013
 10
0.3547
 20
-0.3554
 10
0.3995
 20
-0.4107
  0
LWPOLYLINE
  5
239
330
B3
100
AcDbEntity
  8
VEG-HOJAS
100
AcDbPolyline
 90
7
 70
1
 10
0.1566
 20
-0.1571
 10
0.1577
 20
-0.1724
 10
0.1578
 20
-0.1836
 10
0.1595
 20
-0.1723
 10
0.1616
 20
-0.1637
 10
0.1646
 20
-0.1562
 10
0.155
 20
-0.1467
  0
LWPOLYLINE
  5
23A
330
B3
100
AcDbEntity
  8
VEG-HOJAS
100
AcDbPolyline
 90
6
 70
1
 10
0.1729
 20
-0.1688
 10
0.1738
 20
-0.1835
 10
0.1737
 20
-0.195
 10
0.1783
 20
-0.182
 10
0.1827
 20
-0.1741
 10
0.1723
 20
-0.1638
  0
LWPOLYLINE
  5
23B
330
B3
100
AcDbEntity
  8
VEG-HOJAS
100
AcDbPolyline
 90
6
 70
1
 10
0.2099
 20
-0.2078
 10
0.2105
 20
-0.2128
 10
0.2112
 20
-0.2302
 10
0.2146
 20
-0.2205
 10
0.2192
 20
-0.2114
 10
0.209
 20
-0.2009
  0
LWPOLYLINE
  5
23C
330
B3
100
AcDbEntity
  8
VEG-HOJAS
100
AcDbPolyline
 90
383
 70
1
 10
0.2248
 20
-0.2329
 10
0.2236
 20
-0.2453
 10
0.2191
 20
-0.2745
 10
0.2063
 20
-0.3376
 10
0.2061
 20
-0.347
 10
0.2053
 20
-0.3423
 10
0.2001
 20
-0.3704
 10
0.1995
 20
-0.3342
 10
0.1998
 20
-0.3098
 10
0.1965
 20
-0.2843
 10
0.1952
 20
-0.2689
 10
0.1944
 20
-0.2533
 10
0.1944
 20
-0.2383
 10
0.1952
 20
-0.2245
 10
0.1966
 20
-0.2123
 10
0.1985
 20
-0.2024
 10
0.2016
 20
-0.1933
 10
0.1888
 20
-0.1803
 10
0.1886
 20
-0.1936
 10
0.1854
 20
-0.2176
 10
0.1798
 20
-0.2455
 10
0.163
 20
-0.3182
 10
0.163
 20
-0.2774
 10
0.1583
 20
-0.2415
 10
0.1566
 20
-0.2121
 10
0.1535
 20
-0.2577
 10
0.1457
 20
-0.2203
 10
0.1422
 20
-0.1967
 10
0.141
 20
-0.1787
 10
0.1411
 20
-0.162
 10
0.1421
 20
-0.1525
 10
0.1437
 20
-0.1447
 10
0.1461
 20
-0.1381
 10
0.1362
 20
-0.1286
 10
0.1377
 20
-0.1403
 10
0.1376
 20
-0.1595
 10
0.1359
 20
-0.1802
 10
0.1304
 20
-0.2232
 10
0.1235
 20
-0.1855
 10
0.1216
 20
-0.17
 10
0.121
 20
-0.1595
 10
0.1217
 20
-0.14
 10
0.1229
 20
-0.1318
 10
0.1247
 20
-0.1251
 10
0.127
 20
-0.1198
 10
0.1165
 20
-0.1099
 10
0.117
 20
-0.1187
 10
0.1156
 20
-0.1342
 10
0.1121
 20
-0.1508
 10
0.1029
 20
-0.1851
 10
0.0994
 20
-0.1539
 10
0.0988
 20
-0.1412
 10
0.099
 20
-0.1326
 10
0.1011
 20
-0.1168
 10
0.103
 20
-0.1103
 10
0.1052
 20
-0.1051
 10
0.1074
 20
-0.1015
 10
0.1011
 20
-0.0956
 10
0.1016
 20
-0.1043
 10
0.1012
 20
-0.1101
 10
0.0993
 20
-0.1215
 10
0.0953
 20
-0.14
 10
0.0873
 20
-0.1167
 10
0.0849
 20
-0.1052
 10
0.0848
 20
-0.0944
 10
0.0857
 20
-0.0898
 10
0.0884
 20
-0.0839
 10
0.0535
 20
-0.0526
 10
0.0117
 20
-0.0164
 10
0.0106
 20
-0.0148
 10
0.0103
 20
-0.0129
 10
0.0107
 20
-0.0109
 10
0.0118
 20
-0.0093
 10
0.0134
 20
-0.0083
 10
0.0153
 20
-0.0079
 10
0.0185
 20
-0.0091
 10
0.0542
 20
-0.0399
 10
0.0951
 20
-0.0765
 10
0.1007
 20
-0.0732
 10
0.1052
 20
-0.0719
 10
0.116
 20
-0.0711
 10
0.1278
 20
-0.0725
 10
0.1521
 20
-0.0791
 10
0.1225
 20
-0.087
 10
0.1167
 20
-0.0879
 10
0.1077
 20
-0.0881
 10
0.1144
 20
-0.0943
 10
0.118
 20
-0.0919
 10
0.1231
 20
-0.0895
 10
0.1296
 20
-0.0875
 10
0.1372
 20
-0.086
 10
0.1455
 20
-0.0851
 10
0.1542
 20
-0.0849
 10
0.1671
 20
-0.0855
 10
0.1991
 20
-0.0897
 10
0.1642
 20
-0.0984
 10
0.1475
 20
-0.1018
 10
0.1319
 20
-0.1035
 10
0.1239
 20
-0.1032
 10
0.1336
 20
-0.1123
 10
0.1385
 20
-0.1093
 10
0.1449
 20
-0.1066
 10
0.1529
 20
-0.1043
 10
0.1622
 20
-0.1025
 10
0.1724
 20
-0.1014
 10
0.1884
 20
-0.1009
 10
0.2042
 20
-0.1016
 10
0.2382
 20
-0.1054
 10
0.1745
 20
-0.1181
 10
0.1554
 20
-0.1203
 10
0.1418
 20
-0.1201
 10
0.1524
 20
-0.1303
 10
0.1583
 20
-0.1265
 10
0.1656
 20
-0.1232
 10
0.1747
 20
-0.1203
 10
0.1853
 20
-0.1177
 10
0.197
 20
-0.1158
 10
0.2156
 20
-0.1142
 10
0.2338
 20
-0.1139
 10
0.2734
 20
-0.1161
 10
0.2551
 20
-0.1197
 10
0.2119
 20
-0.1299
 10
0.1886
 20
-0.1345
 10
0.1686
 20
-0.137
 10
0.1593
 20
-0.137
 10
0.1716
 20
-0.149
 10
0.179
 20
-0.1457
 10
0.1928
 20
-0.1424
 10
0.2102
 20
-0.1403
 10
0.2235
 20
-0.1399
 10
0.2443
 20
-0.1409
 10
0.2645
 20
-0.1432
 10
0.308
 20
-0.1515
 10
0.2872
 20
-0.1522
 10
0.2113
 20
-0.1574
 10
0.1888
 20
-0.1573
 10
0.1791
 20
-0.1564
 10
0.1903
 20
-0.1676
 10
0.1988
 20
-0.1647
 10
0.2083
 20
-0.1629
 10
0.2198
 20
-0.1617
 10
0.233
 20
-0.1614
 10
0.2549
 20
-0.1626
 10
0.2699
 20
-0.1645
 10
0.2845
 20
-0.167
 10
0.3047
 20
-0.1715
 10
0.3271
 20
-0.1776
 10
0.3655
 20
-0.1842
 10
0.3355
 20
-0.1852
 10
0.2694
 20
-0.1908
 10
0.2408
 20
-0.1927
 10
0.2287
 20
-0.1929
 10
0.2145
 20
-0.1922
 10
0.2269
 20
-0.205
 10
0.2366
 20
-0.2021
 10
0.247
 20
-0.2005
 10
0.2598
 20
-0.1996
 10
0.2744
 20
-0.1996
 10
0.2902
 20
-0.2007
 10
0.3066
 20
-0.2027
 10
0.323
 20
-0.2056
 10
0.3387
 20
-0.2091
 10
0.3592
 20
-0.2147
 10
0.3894
 20
-0.2241
 10
0.3647
 20
-0.2214
 10
0.327
 20
-0.2191
 10
0.3428
 20
-0.2214
 10
0.3663
 20
-0.2262
 10
0.4111
 20
-0.2383
 10
0.3912
 20
-0.2365
 10
0.3654
 20
-0.2353
 10
0.2785
 20
-0.2334
 10
0.2657
 20
-0.2326
 10
0.2512
 20
-0.2306
 10
0.2626
 20
-0.2429
 10
0.2726
 20
-0.2398
 10
0.2832
 20
-0.2382
 10
0.3037
 20
-0.2371
 10
0.3274
 20
-0.2382
 10
0.3442
 20
-0.2402
 10
0.361
 20
-0.2431
 10
0.3917
 20
-0.2504
 10
0.429
 20
-0.2618
 10
0.4091
 20
-0.2594
 10
0.3807
 20
-0.2574
 10
0.4073
 20
-0.2623
 10
0.4447
 20
-0.2715
 10
0.4303
 20
-0.2705
 10
0.4067
 20
-0.27
 10
0.3135
 20
-0.2706
 10
0.3009
 20
-0.2701
 10
0.2859
 20
-0.2685
 10
0.2973
 20
-0.2811
 10
0.3066
 20
-0.2777
 10
0.3229
 20
-0.2748
 10
0.3433
 20
-0.2734
 10
0.3588
 20
-0.2736
 10
0.3829
 20
-0.2757
 10
0.4064
 20
-0.2794
 10
0.4267
 20
-0.2837
 10
0.4567
 20
-0.2914
 10
0.4262
 20
-0.29
 10
0.3297
 20
-0.2903
 10
0.3174
 20
-0.2897
 10
0.3034
 20
-0.288
 10
0.3145
 20
-0.3006
 10
0.3233
 20
-0.2975
 10
0.3388
 20
-0.295
 10
0.3582
 20
-0.2939
 10
0.3729
 20
-0.2944
 10
0.3958
 20
-0.2968
 10
0.418
 20
-0.3007
 10
0.4373
 20
-0.3051
 10
0.4656
 20
-0.3128
 10
0.4366
 20
-0.3114
 10
0.3582
 20
-0.311
 10
0.3333
 20
-0.3097
 10
0.3208
 20
-0.3079
 10
0.3316
 20
-0.3204
 10
0.3397
 20
-0.3179
 10
0.3487
 20
-0.3165
 10
0.3597
 20
-0.3158
 10
0.3723
 20
-0.316
 10
0.393
 20
-0.318
 10
0.4141
 20
-0.3218
 10
0.4276
 20
-0.3251
 10
0.4452
 20
-0.3301
 10
0.4712
 20
-0.3385
 10
0.463
 20
-0.3376
 10
0.4749
 20
-0.3399
 10
0.4597
 20
-0.3408
 10
0.4097
 20
-0.346
 10
0.385
 20
-0.3479
 10
0.364
 20
-0.348
 10
0.3541
 20
-0.347
 10
0.3648
 20
-0.3598
 10
0.3707
 20
-0.3576
 10
0.3778
 20
-0.3562
 10
0.3865
 20
-0.3553
 10
0.3965
 20
-0.3553
 10
0.4073
 20
-0.356
 10
0.4242
 20
-0.3585
 10
0.4404
 20
-0.3621
 10
0.4751
 20
-0.3724
 10
0.4065
 20
-0.3728
 10
0.3862
 20
-0.3715
 10
0.3724
 20
-0.369
 10
0.3809
 20
-0.3795
 10
0.3853
 20
-0.3775
 10
0.3912
 20
-0.3758
 10
0.3984
 20
-0.3746
 10
0.4067
 20
-0.3741
 10
0.4158
 20
-0.3743
 10
0.4251
 20
-0.3752
 10
0.4435
 20
-0.3784
 10
0.4727
 20
-0.3861
 10
0.4341
 20
-0.3899
 10
0.4157
 20
-0.3911
 10
0.3987
 20
-0.3907
 10
0.3887
 20
-0.3891
 10
0.3973
 20
-0.3999
 10
0.4002
 20
-0.3985
 10
0.4047
 20
-0.3973
 10
0.4103
 20
-0.3967
 10
0.4233
 20
-0.3976
 10
0.4302
 20
-0.399
 10
0.4436
 20
-0.4033
 10
0.4649
 20
-0.412
 10
0.4285
 20
-0.4144
 10
0.415
 20
-0.4138
 10
0.407
 20
-0.4122
 10
0.414
 20
-0.4211
 10
0.415
 20
-0.4234
 10
0.415
 20
-0.4253
 10
0.4142
 20
-0.4271
 10
0.4128
 20
-0.4284
 10
0.4104
 20
-0.4292
 10
0.4085
 20
-0.429
 10
0.4065
 20
-0.4277
 10
0.3981
 20
-0.417
 10
0.397
 20
-0.4268
 10
0.3933
 20
-0.4397
 10
0.3788
 20
-0.4729
 10
0.3779
 20
-0.4437
 10
0.3791
 20
-0.4297
 10
0.3823
 20
-0.4171
 10
0.3845
 20
-0.4121
 10
0.3871
 20
-0.4081
 10
0.3892
 20
-0.4058
 10
0.3819
 20
-0.3966
 10
0.3818
 20
-0.4053
 10
0.3795
 20
-0.422
 10
0.3751
 20
-0.4398
 10
0.3641
 20
-0.4764
 10
0.3622
 20
-0.4427
 10
0.3623
 20
-0.4289
 10
0.363
 20
-0.4196
 10
0.366
 20
-0.4027
 10
0.3682
 20
-0.3958
 10
0.3707
 20
-0.3902
 10
0.3734
 20
-0.3861
 10
0.3653
 20
-0.3762
 10
0.3656
 20
-0.3891
 10
0.3635
 20
-0.4092
 10
0.3595
 20
-0.4308
 10
0.3497
 20
-0.4754
 10
0.3467
 20
-0.4352
 10
0.3464
 20
-0.4187
 10
0.3469
 20
-0.4076
 10
0.3497
 20
-0.3872
 10
0.3518
 20
-0.3787
 10
0.3543
 20
-0.3719
 10
0.3573
 20
-0.3664
 10
0.3471
 20
-0.3542
 10
0.3468
 20
-0.3632
 10
0.3457
 20
-0.3729
 10
0.3413
 20
-0.3955
 10
0.3349
 20
-0.4197
 10
0.3205
 20
-0.4696
 10
0.3216
 20
-0.4238
 10
0.3232
 20
-0.4051
 10
0.3249
 20
-0.3925
 10
0.3273
 20
-0.3805
 10
0.3316
 20
-0.3649
 10
0.3365
 20
-0.3526
 10
0.3405
 20
-0.3463
 10
0.3296
 20
-0.3334
 10
0.3288
 20
-0.3453
 10
0.3271
 20
-0.356
 10
0.3214
 20
-0.3808
 10
0.2972
 20
-0.462
 10
0.2997
 20
-0.4183
 10
0.3019
 20
-0.3981
 10
0.3044
 20
-0.3821
 10
0.2888
 20
-0.4546
 10
0.2884
 20
-0.4345
 10
0.2834
 20
-0.3955
 10
0.2813
 20
-0.3647
 10
0.2813
 20
-0.3413
 10
0.2827
 20
-0.3197
 10
0.2845
 20
-0.3074
 10
0.2868
 20
-0.2974
 10
0.2902
 20
-0.2882
 10
0.2792
 20
-0.2759
 10
0.2799
 20
-0.2899
 10
0.2787
 20
-0.3167
 10
0.2755
 20
-0.3481
 10
0.2681
 20
-0.4059
 10
0.2656
 20
-0.4299
 10
0.2612
 20
-0.3793
 10
0.2604
 20
-0.3529
 10
0.2608
 20
-0.3311
 10
0.2628
 20
-0.3083
 10
0.2661
 20
-0.2885
 10
0.2688
 20
-0.2782
 10
0.2727
 20
-0.2687
 10
0.2617
 20
-0.2566
 10
0.2625
 20
-0.2711
 10
0.2614
 20
-0.2983
 10
0.2585
 20
-0.3301
 10
0.2514
 20
-0.3888
 10
0.2492
 20
-0.4131
 10
0.2443
 20
-0.3618
 10
0.2433
 20
-0.3351
 10
0.2436
 20
-0.313
 10
0.2454
 20
-0.2898
 10
0.2486
 20
-0.2697
 10
0.2513
 20
-0.2593
 10
0.2552
 20
-0.2496
 10
0.2441
 20
-0.2377
 10
0.2451
 20
-0.2519
 10
0.2445
 20
-0.2791
 10
0.2419
 20
-0.3108
 10
0.2357
 20
-0.3694
 10
0.2338
 20
-0.3938
 10
0.2283
 20
-0.3427
 10
0.2269
 20
-0.316
 10
0.2268
 20
-0.2941
 10
0.2283
 20
-0.2709
 10
0.2312
 20
-0.2508
 10
0.2337
 20
-0.2404
 10
0.2375
 20
-0.2307
 10
0.2251
 20
-0.2176
  0
LWPOLYLINE
  5
23D
330
B3
100
AcDbEntity
  8
VEG-HOJAS
100
AcDbPolyline
 90
6
 70
1
 10
0.2264
 20
-0.1781
 10
0.2086
 20
-0.1769
 10
0.198
 20
-0.1753
 10
0.2083
 20
-0.1858
 10
0.2172
 20
-0.1818
 10
0.2302
 20
-0.1783
  0
LWPOLYLINE
  5
23E
330
B3
100
AcDbEntity
  8
VEG-HOJAS
100
AcDbPolyline
 90
7
 70
1
 10
0.2507
 20
-0.2216
 10
0.2652
 20
-0.2185
 10
0.2821
 20
-0.2171
 10
0.2596
 20
-0.2158
 10
0.2471
 20
-0.2145
 10
0.2339
 20
-0.2124
 10
0.2447
 20
-0.2237
  0
LWPOLYLINE
  5
23F
330
B3
100
AcDbEntity
  8
VEG-HOJAS
100
AcDbPolyline
 90
6
 70
1
 10
0.2799
 20
-0.2618
 10
0.2896
 20
-0.2583
 10
0.3
 20
-0.2561
 10
0.3133
 20
-0.2544
 10
0.2833
 20
-0.2522
 10
0.2691
 20
-0.25
  0
LWPOLYLINE
  5
240
330
B3
100
AcDbEntity
  8
VEG-HOJAS
100
AcDbPolyline
 90
5
 70
1
 10
0.2973
 20
-0.2962
 10
0.2984
 20
-0.3083
 10
0.2985
 20
-0.3272
 10
0.3026
 20
-0.3154
 10
0.3069
 20
-0.3072
  0
LWPOLYLINE
  5
241
330
B3
100
AcDbEntity
  8
VEG-HOJAS
100
AcDbPolyline
 90
8
 70
1
 10
0.3131
 20
-0.3143
 10
0.313
 20
-0.3271
 10
0.3119
 20
-0.3386
 10
0.3063
 20
-0.3726
 10
0.3116
 20
-0.3522
 10
0.3153
 20
-0.3419
 10
0.3191
 20
-0.3336
 10
0.3237
 20
-0.3265
  0
LWPOLYLINE
  5
242
330
B3
100
AcDbEntity
  8
VEG-HOJAS
100
AcDbPolyline
 90
5
 70
1
 10
0.348
 20
-0.3396
 10
0.3547
 20
-0.3364
 10
0.3688
 20
-0.3328
 10
0.3484
 20
-0.3305
 10
0.3386
 20
-0.3285
  0
LWPOLYLINE
  5
243
330
B3
100
AcDbEntity
  8
VEG-NERVIOS
100
AcDbPolyline
 90
2
 70
0
 10
0.0286
 20
0.0245
 10
0.0696
 20
0.0601
  0
LWPOLYLINE
  5
244
330
B3
100
AcDbEntity
  8
VEG-NERVIOS
100
AcDbPolyline
 90
2
 70
0
 10
0.0854
 20
0.0739
 10
0.0928
 20
0.0804
  0
LWPOLYLINE
  5
245
330
B3
100
AcDbEntity
  8
VEG-NERVIOS
100
AcDbPolyline
 90
2
 70
0
 10
0.1107
 20
0.0963
 10
0.1135
 20
0.0987
  0
LWPOLYLINE
  5
246
330
B3
100
AcDbEntity
  8
VEG-NERVIOS
100
AcDbPolyline
 90
2
 70
0
 10
0.1301
 20
0.1136
 10
0.1322
 20
0.1155
  0
LWPOLYLINE
  5
247
330
B3
100
AcDbEntity
  8
VEG-NERVIOS
100
AcDbPolyline
 90
2
 70
0
 10
0.1465
 20
0.1284
 10
0.1541
 20
0.1352
  0
LWPOLYLINE
  5
248
330
B3
100
AcDbEntity
  8
VEG-NERVIOS
100
AcDbPolyline
 90
2
 70
0
 10
0.1698
 20
0.1494
 10
0.174
 20
0.1532
  0
LWPOLYLINE
  5
249
330
B3
100
AcDbEntity
  8
VEG-NERVIOS
100
AcDbPolyline
 90
2
 70
0
 10
0.1894
 20
0.1674
 10
0.1946
 20
0.1721
  0
LWPOLYLINE
  5
24A
330
B3
100
AcDbEntity
  8
VEG-NERVIOS
100
AcDbPolyline
 90
2
 70
0
 10
0.2107
 20
0.187
 10
0.2145
 20
0.1906
  0
LWPOLYLINE
  5
24B
330
B3
100
AcDbEntity
  8
VEG-NERVIOS
100
AcDbPolyline
 90
2
 70
0
 10
0.2444
 20
0.2184
 10
0.2488
 20
0.2226
  0
LWPOLYLINE
  5
24C
330
B3
100
AcDbEntity
  8
VEG-NERVIOS
100
AcDbPolyline
 90
2
 70
0
 10
0.2632
 20
0.2361
 10
0.2691
 20
0.2417
  0
LWPOLYLINE
  5
24D
330
B3
100
AcDbEntity
  8
VEG-NERVIOS
100
AcDbPolyline
 90
2
 70
0
 10
0.2849
 20
0.2567
 10
0.2861
 20
0.2579
  0
LWPOLYLINE
  5
24E
330
B3
100
AcDbEntity
  8
VEG-NERVIOS
100
AcDbPolyline
 90
2
 70
0
 10
0.3012
 20
0.2724
 10
0.3041
 20
0.2752
  0
LWPOLYLINE
  5
24F
330
B3
100
AcDbEntity
  8
VEG-NERVIOS
100
AcDbPolyline
 90
3
 70
0
 10
0.3176
 20
0.2882
 10
0.3775
 20
0.3469
 10
0.4392
 20
0.4089
  0
LWPOLYLINE
  5
250
330
B3
100
AcDbEntity
  8
VEG-HOJAS
100
AcDbPolyline
 90
6
 70
0
 10
0.0121
 20
0.009
 10
0.0108
 20
0.0106
 10
0.0102
 20
0.0124
 10
0.0104
 20
0.0144
 10
0.0116
 20
0.0165
 10
0.0687
 20
0.0659
  0
LWPOLYLINE
  5
251
330
B3
100
AcDbEntity
  8
VEG-HOJAS
100
AcDbPolyline
 90
2
 70
0
 10
0.0716
 20
0.0552
 10
0.0632
 20
0.0479
  0
LWPOLYLINE
  5
252
330
B3
100
AcDbEntity
  8
VEG-HOJAS
100
AcDbPolyline
 90
8
 70
0
 10
0.085
 20
0.0802
 10
0.0923
 20
0.0866
 10
0.0893
 20
0.0923
 10
0.0882
 20
0.0968
 10
0.0879
 20
0.1076
 10
0.0898
 20
0.1193
 10
0.097
 20
0.1431
 10
0.1012
 20
0.1265
  0
LWPOLYLINE
  5
253
330
B3
100
AcDbEntity
  8
VEG-HOJAS
100
AcDbPolyline
 90
2
 70
0
 10
0.0935
 20
0.0744
 10
0.0852
 20
0.067
  0
LWPOLYLINE
  5
254
330
B3
100
AcDbEntity
  8
VEG-HOJAS
100
AcDbPolyline
 90
4
 70
0
 10
0.1045
 20
0.136
 10
0.1057
 20
0.1562
 10
0.1106
 20
0.1871
 10
0.1191
 20
0.149
  0
LWPOLYLINE
  5
255
330
B3
100
AcDbEntity
  8
VEG-HOJAS
100
AcDbPolyline
 90
2
 70
0
 10
0.1091
 20
0.0881
 10
0.1151
 20
0.0875
  0
LWPOLYLINE
  5
256
330
B3
100
AcDbEntity
  8
VEG-HOJAS
100
AcDbPolyline
 90
2
 70
0
 10
0.1141
 20
0.0926
 10
0.1091
 20
0.0882
  0
LWPOLYLINE
  5
257
330
B3
100
AcDbEntity
  8
VEG-HOJAS
100
AcDbPolyline
 90
3
 70
0
 10
0.1391
 20
0.0691
 10
0.1236
 20
0.0689
 10
0.1126
 20
0.0707
  0
LWPOLYLINE
  5
258
330
B3
100
AcDbEntity
  8
VEG-HOJAS
100
AcDbPolyline
 90
4
 70
0
 10
0.1258
 20
0.1743
 10
0.1279
 20
0.1915
 10
0.134
 20
0.2239
 10
0.136
 20
0.2078
  0
LWPOLYLINE
  5
259
330
B3
100
AcDbEntity
  8
VEG-HOJAS
100
AcDbPolyline
 90
3
 70
0
 10
0.1333
 20
0.1098
 10
0.1298
 20
0.1067
 10
0.1341
 20
0.107
  0
LWPOLYLINE
  5
25A
330
B3
100
AcDbEntity
  8
VEG-HOJAS
100
AcDbPolyline
 90
2
 70
0
 10
0.1459
 20
0.0898
 10
0.139
 20
0.0904
  0
LWPOLYLINE
  5
25B
330
B3
100
AcDbEntity
  8
VEG-HOJAS
100
AcDbPolyline
 90
2
 70
0
 10
0.1472
 20
0.1093
 10
0.1446
 20
0.1105
  0
LWPOLYLINE
  5
25C
330
B3
100
AcDbEntity
  8
VEG-HOJAS
100
AcDbPolyline
 90
11
 70
0
 10
0.1467
 20
0.1353
 10
0.1515
 20
0.1396
 10
0.1495
 20
0.1462
 10
0.1482
 20
0.1539
 10
0.1477
 20
0.1633
 10
0.1483
 20
0.1798
 10
0.1505
 20
0.1975
 10
0.1553
 20
0.2206
 10
0.1653
 20
0.2566
 10
0.1703
 20
0.2891
 10
0.1726
 20
0.2636
  0
LWPOLYLINE
  5
25D
330
B3
100
AcDbEntity
  8
VEG-HOJAS
100
AcDbPolyline
 90
3
 70
0
 10
0.1547
 20
0.129
 10
0.1469
 20
0.122
 10
0.1559
 20
0.122
  0
LWPOLYLINE
  5
25E
330
B3
100
AcDbEntity
  8
VEG-HOJAS
100
AcDbPolyline
 90
2
 70
0
 10
0.1584
 20
0.1053
 10
0.1745
 20
0.1023
  0
LWPOLYLINE
  5
25F
330
B3
100
AcDbEntity
  8
VEG-HOJAS
100
AcDbPolyline
 90
2
 70
0
 10
0.1727
 20
0.1031
 10
0.1588
 20
0.1056
  0
LWPOLYLINE
  5
260
330
B3
100
AcDbEntity
  8
VEG-HOJAS
100
AcDbPolyline
 90
2
 70
0
 10
0.1706
 20
0.1277
 10
0.1665
 20
0.1288
  0
LWPOLYLINE
  5
261
330
B3
100
AcDbEntity
  8
VEG-HOJAS
100
AcDbPolyline
 90
2
 70
0
 10
0.1686
 20
0.1407
 10
0.1755
 20
0.1415
  0
LWPOLYLINE
  5
262
330
B3
100
AcDbEntity
  8
VEG-HOJAS
100
AcDbPolyline
 90
2
 70
0
 10
0.1747
 20
0.1471
 10
0.1688
 20
0.1418
  0
LWPOLYLINE
  5
263
330
B3
100
AcDbEntity
  8
VEG-HOJAS
100
AcDbPolyline
 90
2
 70
0
 10
0.1731
 20
0.2594
 10
0.1774
 20
0.22
  0
LWPOLYLINE
  5
264
330
B3
100
AcDbEntity
  8
VEG-HOJAS
100
AcDbPolyline
 90
2
 70
0
 10
0.1765
 20
0.1196
 10
0.2083
 20
0.1125
  0
LWPOLYLINE
  5
265
330
B3
100
AcDbEntity
  8
VEG-HOJAS
100
AcDbPolyline
 90
2
 70
0
 10
0.1944
 20
0.0951
 10
0.1802
 20
0.0923
  0
LWPOLYLINE
  5
266
330
B3
100
AcDbEntity
  8
VEG-HOJAS
100
AcDbPolyline
 90
5
 70
0
 10
0.1839
 20
0.2569
 10
0.1879
 20
0.2859
 10
0.1938
 20
0.3183
 10
0.1944
 20
0.3012
 10
0.1988
 20
0.2326
  0
LWPOLYLINE
  5
267
330
B3
100
AcDbEntity
  8
VEG-HOJAS
100
AcDbPolyline
 90
2
 70
0
 10
0.1857
 20
0.1419
 10
0.1881
 20
0.1419
  0
LWPOLYLINE
  5
268
330
B3
100
AcDbEntity
  8
VEG-HOJAS
100
AcDbPolyline
 90
2
 70
0
 10
0.1897
 20
0.1432
 10
0.1863
 20
0.1445
  0
LWPOLYLINE
  5
269
330
B3
100
AcDbEntity
  8
VEG-HOJAS
100
AcDbPolyline
 90
2
 70
0
 10
0.1882
 20
0.1561
 10
0.1963
 20
0.1559
  0
LWPOLYLINE
  5
26A
330
B3
100
AcDbEntity
  8
VEG-HOJAS
100
AcDbPolyline
 90
2
 70
0
 10
0.195
 20
0.1658
 10
0.1886
 20
0.1599
  0
LWPOLYLINE
  5
26B
330
B3
100
AcDbEntity
  8
VEG-HOJAS
100
AcDbPolyline
 90
10
 70
0
 10
0.2006
 20
0.2435
 10
0.201
 20
0.2669
 10
0.2022
 20
0.2823
 10
0.2048
 20
0.3038
 10
0.2116
 20
0.345
 10
0.2135
 20
0.3069
 10
0.2147
 20
0.3326
 10
0.218
 20
0.3689
 10
0.2206
 20
0.3451
 10
0.2277
 20
0.295
  0
LWPOLYLINE
  5
26C
330
B3
100
AcDbEntity
  8
VEG-HOJAS
100
AcDbPolyline
 90
2
 70
0
 10
0.2116
 20
0.1615
 10
0.2071
 20
0.1628
  0
LWPOLYLINE
  5
26D
330
B3
100
AcDbEntity
  8
VEG-HOJAS
100
AcDbPolyline
 90
2
 70
0
 10
0.2091
 20
0.1745
 10
0.2159
 20
0.1748
  0
LWPOLYLINE
  5
26E
330
B3
100
AcDbEntity
  8
VEG-HOJAS
100
AcDbPolyline
 90
2
 70
0
 10
0.2149
 20
0.1841
 10
0.2098
 20
0.1794
  0
LWPOLYLINE
  5
26F
330
B3
100
AcDbEntity
  8
VEG-HOJAS
100
AcDbPolyline
 90
3
 70
0
 10
0.2179
 20
0.2408
 10
0.2174
 20
0.244
 10
0.2176
 20
0.2386
  0
LWPOLYLINE
  5
270
330
B3
100
AcDbEntity
  8
VEG-HOJAS
100
AcDbPolyline
 90
5
 70
0
 10
0.2177
 20
0.1535
 10
0.2423
 20
0.1492
 10
0.294
 20
0.1388
 10
0.3097
 20
0.1362
 10
0.3023
 20
0.1357
  0
LWPOLYLINE
  5
271
330
B3
100
AcDbEntity
  8
VEG-HOJAS
100
AcDbPolyline
 90
2
 70
0
 10
0.241
 20
0.1283
 10
0.2207
 20
0.1257
  0
LWPOLYLINE
  5
272
330
B3
100
AcDbEntity
  8
VEG-HOJAS
100
AcDbPolyline
 90
2
 70
0
 10
0.2327
 20
0.1796
 10
0.2274
 20
0.1809
  0
LWPOLYLINE
  5
273
330
B3
100
AcDbEntity
  8
VEG-HOJAS
100
AcDbPolyline
 90
2
 70
0
 10
0.2294
 20
0.1927
 10
0.2329
 20
0.1929
  0
LWPOLYLINE
  5
274
330
B3
100
AcDbEntity
  8
VEG-HOJAS
100
AcDbPolyline
 90
2
 70
0
 10
0.2371
 20
0.1045
 10
0.2321
 20
0.104
  0
LWPOLYLINE
  5
275
330
B3
100
AcDbEntity
  8
VEG-HOJAS
100
AcDbPolyline
 90
7
 70
0
 10
0.2384
 20
0.2796
 10
0.2386
 20
0.3023
 10
0.24
 20
0.3243
 10
0.2438
 20
0.3545
 10
0.2501
 20
0.3912
 10
0.2507
 20
0.3667
 10
0.2544
 20
0.3008
  0
LWPOLYLINE
  5
276
330
B3
100
AcDbEntity
  8
VEG-HOJAS
100
AcDbPolyline
 90
2
 70
0
 10
0.2411
 20
0.1737
 10
0.2466
 20
0.1732
  0
LWPOLYLINE
  5
277
330
B3
100
AcDbEntity
  8
VEG-HOJAS
100
AcDbPolyline
 90
4
 70
0
 10
0.244
 20
0.225
 10
0.2471
 20
0.2278
 10
0.246
 20
0.2299
 10
0.2429
 20
0.2405
  0
LWPOLYLINE
  5
278
330
B3
100
AcDbEntity
  8
VEG-HOJAS
100
AcDbPolyline
 90
2
 70
0
 10
0.244
 20
0.1933
 10
0.2483
 20
0.1933
  0
LWPOLYLINE
  5
279
330
B3
100
AcDbEntity
  8
VEG-HOJAS
100
AcDbPolyline
 90
2
 70
0
 10
0.2499
 20
0.1948
 10
0.2442
 20
0.197
  0
LWPOLYLINE
  5
27A
330
B3
100
AcDbEntity
  8
VEG-HOJAS
100
AcDbPolyline
 90
2
 70
0
 10
0.25
 20
0.2168
 10
0.2445
 20
0.2117
  0
LWPOLYLINE
  5
27B
330
B3
100
AcDbEntity
  8
VEG-HOJAS
100
AcDbPolyline
 90
2
 70
0
 10
0.2445
 20
0.208
 10
0.2527
 20
0.2075
  0
LWPOLYLINE
  5
27C
330
B3
100
AcDbEntity
  8
VEG-HOJAS
100
AcDbPolyline
 90
12
 70
0
 10
0.2627
 20
0.2426
 10
0.266
 20
0.2457
 10
0.2626
 20
0.2556
 10
0.2605
 20
0.2662
 10
0.259
 20
0.2791
 10
0.2581
 20
0.2939
 10
0.2586
 20
0.3211
 10
0.2603
 20
0.3432
 10
0.2623
 20
0.3591
 10
0.2714
 20
0.4106
 10
0.2718
 20
0.3794
 10
0.2742
 20
0.326
  0
LWPOLYLINE
  5
27D
330
B3
100
AcDbEntity
  8
VEG-HOJAS
100
AcDbPolyline
 90
2
 70
0
 10
0.27
 20
0.2357
 10
0.2636
 20
0.2296
  0
LWPOLYLINE
  5
27E
330
B3
100
AcDbEntity
  8
VEG-HOJAS
100
AcDbPolyline
 90
2
 70
0
 10
0.2636
 20
0.2285
 10
0.2712
 20
0.2295
  0
LWPOLYLINE
  5
27F
330
B3
100
AcDbEntity
  8
VEG-HOJAS
100
AcDbPolyline
 90
2
 70
0
 10
0.2734
 20
0.2161
 10
0.2638
 20
0.2178
  0
LWPOLYLINE
  5
280
330
B3
100
AcDbEntity
  8
VEG-HOJAS
100
AcDbPolyline
 90
2
 70
0
 10
0.2755
 20
0.2045
 10
0.3115
 20
0.1978
  0
LWPOLYLINE
  5
281
330
B3
100
AcDbEntity
  8
VEG-HOJAS
100
AcDbPolyline
 90
8
 70
0
 10
0.2776
 20
0.3222
 10
0.2786
 20
0.3441
 10
0.2813
 20
0.3684
 10
0.2848
 20
0.3907
 10
0.292
 20
0.4274
 10
0.292
 20
0.4028
 10
0.2943
 20
0.3273
 10
0.2943
 20
0.3047
  0
LWPOLYLINE
  5
282
330
B3
100
AcDbEntity
  8
VEG-HOJAS
100
AcDbPolyline
 90
2
 70
0
 10
0.2842
 20
0.2306
 10
0.2893
 20
0.2309
  0
LWPOLYLINE
  5
283
330
B3
100
AcDbEntity
  8
VEG-HOJAS
100
AcDbPolyline
 90
2
 70
0
 10
0.2893
 20
0.2309
 10
0.2845
 20
0.2326
  0
LWPOLYLINE
  5
284
330
B3
100
AcDbEntity
  8
VEG-HOJAS
100
AcDbPolyline
 90
2
 70
0
 10
0.2872
 20
0.252
 10
0.2851
 20
0.25
  0
LWPOLYLINE
  5
285
330
B3
100
AcDbEntity
  8
VEG-HOJAS
100
AcDbPolyline
 90
2
 70
0
 10
0.2851
 20
0.2441
 10
0.2894
 20
0.2439
  0
LWPOLYLINE
  5
286
330
B3
100
AcDbEntity
  8
VEG-HOJAS
100
AcDbPolyline
 90
3
 70
0
 10
0.3272
 20
0.18
 10
0.3064
 20
0.1773
 10
0.2907
 20
0.1761
  0
LWPOLYLINE
  5
287
330
B3
100
AcDbEntity
  8
VEG-HOJAS
100
AcDbPolyline
 90
151
 70
0
 10
0.3002
 20
0.2783
 10
0.3037
 20
0.2818
 10
0.3007
 20
0.2914
 10
0.299
 20
0.3017
 10
0.2979
 20
0.3143
 10
0.2978
 20
0.3365
 10
0.2994
 20
0.3604
 10
0.3039
 20
0.3918
 10
0.3145
 20
0.4415
 10
0.3141
 20
0.4266
 10
0.3174
 20
0.4534
 10
0.3188
 20
0.4352
 10
0.3257
 20
0.3749
 10
0.3285
 20
0.345
 10
0.3295
 20
0.3195
 10
0.3286
 20
0.3058
 10
0.3405
 20
0.3175
 10
0.3369
 20
0.3257
 10
0.3331
 20
0.3405
 10
0.3303
 20
0.3591
 10
0.3293
 20
0.3732
 10
0.3291
 20
0.3953
 10
0.3302
 20
0.4167
 10
0.3351
 20
0.4628
 10
0.3374
 20
0.441
 10
0.3426
 20
0.4015
 10
0.3418
 20
0.4259
 10
0.3432
 20
0.4688
 10
0.3463
 20
0.4531
 10
0.3579
 20
0.4012
 10
0.3628
 20
0.3754
 10
0.3653
 20
0.3532
 10
0.3652
 20
0.3418
 10
0.3774
 20
0.3539
 10
0.3745
 20
0.3603
 10
0.3713
 20
0.3727
 10
0.3692
 20
0.3882
 10
0.3687
 20
0.4
 10
0.3688
 20
0.4123
 10
0.3706
 20
0.4363
 10
0.376
 20
0.4747
 10
0.3813
 20
0.4337
 10
0.3815
 20
0.4516
 10
0.3826
 20
0.4759
 10
0.3944
 20
0.4335
 10
0.3994
 20
0.413
 10
0.4025
 20
0.3939
 10
0.4028
 20
0.3793
 10
0.4135
 20
0.39
 10
0.411
 20
0.3937
 10
0.4085
 20
0.399
 10
0.4064
 20
0.4056
 10
0.4037
 20
0.4217
 10
0.4031
 20
0.4305
 10
0.4032
 20
0.4437
 10
0.4059
 20
0.476
 10
0.4161
 20
0.4409
 10
0.4202
 20
0.424
 10
0.4223
 20
0.4081
 10
0.4221
 20
0.3987
 10
0.4315
 20
0.4083
 10
0.4278
 20
0.4143
 10
0.4261
 20
0.4192
 10
0.4245
 20
0.431
 10
0.425
 20
0.4441
 10
0.4295
 20
0.4709
 10
0.4398
 20
0.439
 10
0.4419
 20
0.4267
 10
0.4419
 20
0.4189
 10
0.4485
 20
0.4256
 10
0.4502
 20
0.4265
 10
0.4522
 20
0.4267
 10
0.454
 20
0.4262
 10
0.4555
 20
0.425
 10
0.4565
 20
0.4233
 10
0.4566
 20
0.4208
 10
0.4559
 20
0.419
 10
0.4481
 20
0.4109
 10
0.4573
 20
0.4105
 10
0.4695
 20
0.4079
 10
0.5011
 20
0.3963
 10
0.4738
 20
0.3928
 10
0.4607
 20
0.3929
 10
0.449
 20
0.3951
 10
0.4442
 20
0.397
 10
0.4384
 20
0.401
 10
0.4297
 20
0.3921
 10
0.4384
 20
0.3927
 10
0.4544
 20
0.3915
 10
0.4716
 20
0.3884
 10
0.5075
 20
0.3804
 10
0.475
 20
0.3756
 10
0.4618
 20
0.3747
 10
0.4529
 20
0.3748
 10
0.4366
 20
0.3767
 10
0.4299
 20
0.3785
 10
0.4245
 20
0.3807
 10
0.4207
 20
0.3831
 10
0.4101
 20
0.3724
 10
0.4245
 20
0.3723
 10
0.4438
 20
0.3696
 10
0.5075
 20
0.3551
 10
0.4733
 20
0.3524
 10
0.4521
 20
0.3523
 10
0.4413
 20
0.353
 10
0.4311
 20
0.3544
 10
0.4218
 20
0.3564
 10
0.4138
 20
0.3588
 10
0.4073
 20
0.3616
 10
0.4024
 20
0.3647
 10
0.3914
 20
0.3537
 10
0.4001
 20
0.354
 10
0.4096
 20
0.3536
 10
0.4317
 20
0.3508
 10
0.5054
 20
0.3371
 10
0.4663
 20
0.3337
 10
0.4481
 20
0.3333
 10
0.4296
 20
0.3342
 10
0.4178
 20
0.3356
 10
0.4024
 20
0.3389
 10
0.3903
 20
0.343
 10
0.3842
 20
0.3465
 10
0.3726
 20
0.335
 10
0.3836
 20
0.3352
 10
0.4059
 20
0.3332
 10
0.432
 20
0.3292
 10
0.4846
 20
0.3197
 10
0.5006
 20
0.3175
 10
0.4572
 20
0.314
 10
0.4371
 20
0.3137
 10
0.4165
 20
0.3148
 10
0.4034
 20
0.3164
 10
0.3864
 20
0.32
 10
0.3729
 20
0.3245
 10
0.3658
 20
0.3283
 10
0.354
 20
0.3167
 10
0.3667
 20
0.317
 10
0.3908
 20
0.3151
 10
0.4716
 20
0.3033
 10
0.4937
 20
0.3009
 10
0.4672
 20
0.298
 10
0.4845
 20
0.2982
 10
0.4425
 20
0.2896
 10
0.4205
 20
0.2864
 10
0.397
 20
0.2845
 10
0.374
 20
0.2843
 10
0.3601
 20
0.2852
 10
0.3481
 20
0.2869
 10
0.3382
 20
0.2891
 10
0.3292
 20
0.2925
 10
0.3192
 20
0.2828
  0
LWPOLYLINE
  5
288
330
B3
100
AcDbEntity
  8
VEG-HOJAS
100
AcDbPolyline
 90
2
 70
0
 10
0.3048
 20
0.2689
 10
0.3019
 20
0.2662
  0
LWPOLYLINE
  5
289
330
B3
100
AcDbEntity
  8
VEG-HOJAS
100
AcDbPolyline
 90
2
 70
0
 10
0.3022
 20
0.2643
 10
0.3058
 20
0.2647
  0
LWPOLYLINE
  5
28A
330
B3
100
AcDbEntity
  8
VEG-HOJAS
100
AcDbPolyline
 90
2
 70
0
 10
0.3109
 20
0.2517
 10
0.3028
 20
0.2532
  0
LWPOLYLINE
  5
28B
330
B3
100
AcDbEntity
  8
VEG-HOJAS
100
AcDbPolyline
 90
5
 70
0
 10
0.3157
 20
0.2934
 10
0.322
 20
0.2994
 10
0.3182
 20
0.3083
 10
0.3144
 20
0.3243
 10
0.3129
 20
0.3009
  0
LWPOLYLINE
  5
28C
330
B3
100
AcDbEntity
  8
VEG-HOJAS
100
AcDbPolyline
 90
2
 70
0
 10
0.3149
 20
0.2417
 10
0.3278
 20
0.24
  0
LWPOLYLINE
  5
28D
330
B3
100
AcDbEntity
  8
VEG-HOJAS
100
AcDbPolyline
 90
11
 70
0
 10
0.3198
 20
0.2805
 10
0.3316
 20
0.2805
 10
0.3581
 20
0.2784
 10
0.4445
 20
0.2677
 10
0.457
 20
0.2685
 10
0.4509
 20
0.267
 10
0.4717
 20
0.2655
 10
0.4237
 20
0.2603
 10
0.3894
 20
0.2536
 10
0.3728
 20
0.2515
 10
0.3572
 20
0.2502
  0
LWPOLYLINE
  5
28E
330
B3
100
AcDbEntity
  8
VEG-HOJAS
100
AcDbPolyline
 90
3
 70
0
 10
0.3219
 20
0.266
 10
0.3303
 20
0.2664
 10
0.3217
 20
0.269
  0
LWPOLYLINE
  5
28F
330
B3
100
AcDbEntity
  8
VEG-HOJAS
100
AcDbPolyline
 90
2
 70
0
 10
0.3443
 20
0.2178
 10
0.3257
 20
0.2157
  0
LWPOLYLINE
  5
290
330
B3
100
AcDbEntity
  8
VEG-HOJAS
100
AcDbPolyline
 90
9
 70
0
 10
0.348
 20
0.2371
 10
0.3787
 20
0.2324
 10
0.4044
 20
0.2333
 10
0.4188
 20
0.2344
 10
0.3998
 20
0.2294
 10
0.4242
 20
0.2264
 10
0.4386
 20
0.2252
 10
0.4069
 20
0.2221
 10
0.3794
 20
0.2207
  0
LWPOLYLINE
  5
291
330
B3
100
AcDbEntity
  8
VEG-HOJAS
100
AcDbPolyline
 90
3
 70
0
 10
0.3823
 20
0.1843
 10
0.3941
 20
0.1827
 10
0.3534
 20
0.1809
  0
LWPOLYLINE
  5
292
330
B3
100
AcDbEntity
  8
VEG-HOJAS
100
AcDbPolyline
 90
6
 70
1
 10
0.3365
 20
0.2996
 10
0.3489
 20
0.3009
 10
0.3718
 20
0.3013
 10
0.3644
 20
0.3031
 10
0.3554
 20
0.3062
 10
0.3474
 20
0.3103
  0
LWPOLYLINE
  5
293
330
B3
100
AcDbEntity
  8
VEG-HOJAS
100
AcDbPolyline
 90
8
 70
1
 10
0.3587
 20
0.3354
 10
0.3547
 20
0.3424
 10
0.3515
 20
0.3506
 10
0.3486
 20
0.3608
 10
0.346
 20
0.3726
 10
0.3479
 20
0.3477
 10
0.3481
 20
0.3364
 10
0.3473
 20
0.3241
  0
LWPOLYLINE
  5
294
330
B3
100
AcDbEntity
  8
VEG-HOJAS
100
AcDbPolyline
 90
6
 70
1
 10
0.3953
 20
0.3717
 10
0.3921
 20
0.3766
 10
0.3893
 20
0.383
 10
0.3857
 20
0.3951
 10
0.3864
 20
0.3786
 10
0.3854
 20
0.3618
  0
LWPOLYLINE
  5
295
330
B3
100
AcDbEntity
  8
VEG-NERVIOS
100
AcDbPolyline
 90
9
 70
0
 10
-0.02
 20
-0.0002
 10
-0.0836
 20
-0.0
 10
-0.155
 20
0.0021
 10
-0.2264
 20
0.0064
 10
-0.2977
 20
0.0126
 10
-0.3687
 20
0.021
 10
-0.4316
 20
0.0301
 10
-0.5021
 20
0.0423
 10
-0.5722
 20
0.0565
  0
LWPOLYLINE
  5
296
330
B3
100
AcDbEntity
  8
VEG-HOJAS
100
AcDbPolyline
 90
3
 70
0
 10
-0.3962
 20
0.148
 10
-0.3968
 20
0.1488
 10
-0.3961
 20
0.148
  0
LWPOLYLINE
  5
297
330
B3
100
AcDbEntity
  8
VEG-HOJAS
100
AcDbPolyline
 90
366
 70
0
 10
-0.2971
 20
0.1151
 10
-0.282
 20
0.0989
 10
-0.2677
 20
0.0825
 10
-0.2544
 20
0.0721
 10
-0.241
 20
0.0606
 10
-0.2278
 20
0.048
 10
-0.2199
 20
0.0394
 10
-0.2131
 20
0.031
 10
-0.2076
 20
0.0231
 10
-0.2037
 20
0.0162
 10
-0.2012
 20
0.0097
 10
-0.1871
 20
0.0088
 10
-0.196
 20
0.0171
 10
-0.2081
 20
0.0319
 10
-0.2199
 20
0.049
 10
-0.2429
 20
0.0856
 10
-0.2137
 20
0.0609
 10
-0.2025
 20
0.0502
 10
-0.1953
 20
0.0425
 10
-0.1834
 20
0.027
 10
-0.1792
 20
0.0199
 10
-0.1763
 20
0.0137
 10
-0.1747
 20
0.0081
 10
-0.1608
 20
0.0074
 10
-0.1667
 20
0.0133
 10
-0.1759
 20
0.0259
 10
-0.1843
 20
0.0406
 10
-0.2001
 20
0.0724
 10
-0.1739
 20
0.0485
 10
-0.1625
 20
0.0357
 10
-0.1536
 20
0.0225
 10
-0.1506
 20
0.0165
 10
-0.1488
 20
0.0111
 10
-0.1481
 20
0.0069
 10
-0.1389
 20
0.0065
 10
-0.1452
 20
0.0133
 10
-0.1485
 20
0.018
 10
-0.1543
 20
0.028
 10
-0.1629
 20
0.0449
 10
-0.1419
 20
0.0319
 10
-0.1328
 20
0.0245
 10
-0.1259
 20
0.0162
 10
-0.1237
 20
0.0121
 10
-0.1221
 20
0.0059
 10
-0.075
 20
0.0049
 10
-0.0196
 20
0.0048
 10
-0.0173
 20
0.004
 10
-0.0156
 20
0.0022
 10
-0.015
 20
-0.0001
 10
-0.0154
 20
-0.0021
 10
-0.0172
 20
-0.0043
 10
-0.0199
 20
-0.0052
 10
-0.0671
 20
-0.0052
 10
-0.1222
 20
-0.0041
 10
-0.1239
 20
-0.0103
 10
-0.1262
 20
-0.0143
 10
-0.1334
 20
-0.0224
 10
-0.1429
 20
-0.0296
 10
-0.165
 20
-0.0417
 10
-0.1491
 20
-0.0155
 10
-0.1418
 20
-0.0068
 10
-0.1382
 20
-0.0035
 10
-0.1482
 20
-0.0032
 10
-0.149
 20
-0.0073
 10
-0.1509
 20
-0.0126
 10
-0.154
 20
-0.0187
 10
-0.1582
 20
-0.0251
 10
-0.1634
 20
-0.0316
 10
-0.1693
 20
-0.038
 10
-0.1788
 20
-0.0468
 10
-0.2042
 20
-0.0666
 10
-0.186
 20
-0.0357
 10
-0.1768
 20
-0.0214
 10
-0.167
 20
-0.0091
 10
-0.16
 20
-0.0026
 10
-0.1746
 20
-0.0019
 10
-0.1761
 20
-0.0074
 10
-0.1788
 20
-0.0138
 10
-0.183
 20
-0.021
 10
-0.1884
 20
-0.0287
 10
-0.195
 20
-0.0366
 10
-0.2062
 20
-0.048
 10
-0.218
 20
-0.0584
 10
-0.2453
 20
-0.0792
 10
-0.2081
 20
-0.026
 10
-0.1958
 20
-0.0112
 10
-0.1853
 20
-0.0013
 10
-0.2011
 20
-0.0004
 10
-0.2033
 20
-0.007
 10
-0.2071
 20
-0.014
 10
-0.2124
 20
-0.022
 10
-0.2192
 20
-0.0306
 10
-0.2272
 20
-0.0394
 10
-0.2408
 20
-0.052
 10
-0.255
 20
-0.0635
 10
-0.2876
 20
-0.0861
 10
-0.2754
 20
-0.072
 10
-0.2476
 20
-0.0374
 10
-0.2322
 20
-0.0194
 10
-0.218
 20
-0.0052
 10
-0.2112
 20
0.0003
 10
-0.2279
 20
0.0015
 10
-0.2317
 20
-0.0057
 10
-0.237
 20
-0.0128
 10
-0.2441
 20
-0.0207
 10
-0.253
 20
-0.0291
 10
-0.2632
 20
-0.0376
 10
-0.2802
 20
-0.0495
 10
-0.3031
 20
-0.0631
 10
-0.3372
 20
-0.0801
 10
-0.3245
 20
-0.0698
 10
-0.3
 20
-0.048
 10
-0.3145
 20
-0.0585
 10
-0.3267
 20
-0.0665
 10
-0.3434
 20
-0.0763
 10
-0.3687
 20
-0.0899
 10
-0.3473
 20
-0.0713
 10
-0.2917
 20
-0.0184
 10
-0.2732
 20
-0.0026
 10
-0.2634
 20
0.0043
 10
-0.2799
 20
0.0059
 10
-0.2846
 20
-0.0026
 10
-0.295
 20
-0.0151
 10
-0.3093
 20
-0.0293
 10
-0.3211
 20
-0.039
 10
-0.3406
 20
-0.0528
 10
-0.3607
 20
-0.065
 10
-0.3788
 20
-0.0746
 10
-0.4062
 20
-0.0879
 10
-0.3824
 20
-0.0695
 10
-0.3101
 20
-0.0077
 10
-0.3005
 20
-0.0004
 10
-0.2896
 20
0.0068
 10
-0.3062
 20
0.0085
 10
-0.3119
 20
0.0001
 10
-0.319
 20
-0.0076
 10
-0.3284
 20
-0.0163
 10
-0.3462
 20
-0.03
 10
-0.3669
 20
-0.0432
 10
-0.3815
 20
-0.0512
 10
-0.4027
 20
-0.0613
 10
-0.4451
 20
-0.0783
 10
-0.4187
 20
-0.0614
 10
-0.3803
 20
-0.0338
 10
-0.4033
 20
-0.0477
 10
-0.429
 20
-0.0607
 10
-0.4507
 20
-0.0749
 10
-0.4846
 20
-0.0943
 10
-0.4614
 20
-0.0742
 10
-0.4729
 20
-0.0787
 10
-0.4519
 20
-0.0653
 10
-0.3877
 20
-0.003
 10
-0.3782
 20
0.0055
 10
-0.3653
 20
0.0155
 10
-0.383
 20
0.0178
 10
-0.3877
 20
0.0087
 10
-0.3939
 20
-0.0
 10
-0.4022
 20
-0.0099
 10
-0.4125
 20
-0.0204
 10
-0.4287
 20
-0.0347
 10
-0.4464
 20
-0.0482
 10
-0.4646
 20
-0.0603
 10
-0.4831
 20
-0.0712
 10
-0.5113
 20
-0.0863
 10
-0.4959
 20
-0.0739
 10
-0.4767
 20
-0.057
 10
-0.4137
 20
0.0016
 10
-0.404
 20
0.0097
 10
-0.3914
 20
0.019
 10
-0.4088
 20
0.0215
 10
-0.4136
 20
0.0128
 10
-0.4197
 20
0.0045
 10
-0.428
 20
-0.0048
 10
-0.4382
 20
-0.0148
 10
-0.4532
 20
-0.0274
 10
-0.4696
 20
-0.0393
 10
-0.4897
 20
-0.0521
 10
-0.5079
 20
-0.0623
 10
-0.5356
 20
-0.0763
 10
-0.5244
 20
-0.0678
 10
-0.5069
 20
-0.0531
 10
-0.4392
 20
0.0069
 10
-0.4296
 20
0.0146
 10
-0.4175
 20
0.0228
 10
-0.4346
 20
0.0255
 10
-0.4392
 20
0.0174
 10
-0.4493
 20
0.0053
 10
-0.4633
 20
-0.0083
 10
-0.4748
 20
-0.0176
 10
-0.4938
 20
-0.0307
 10
-0.5133
 20
-0.0423
 10
-0.5309
 20
-0.0515
 10
-0.5575
 20
-0.0641
 10
-0.5345
 20
-0.0463
 10
-0.4746
 20
0.0047
 10
-0.4548
 20
0.02
 10
-0.4438
 20
0.027
 10
-0.4601
 20
0.0297
 10
-0.4642
 20
0.0222
 10
-0.4735
 20
0.0109
 10
-0.4865
 20
-0.0018
 10
-0.4972
 20
-0.0105
 10
-0.5148
 20
-0.0228
 10
-0.5329
 20
-0.0337
 10
-0.5493
 20
-0.0423
 10
-0.574
 20
-0.0542
 10
-0.553
 20
-0.0371
 10
-0.4978
 20
0.0111
 10
-0.4793
 20
0.0253
 10
-0.4696
 20
0.0313
 10
-0.4855
 20
0.0341
 10
-0.4888
 20
0.0274
 10
-0.4969
 20
0.0168
 10
-0.5084
 20
0.0049
 10
-0.5178
 20
-0.0032
 10
-0.5336
 20
-0.0147
 10
-0.5498
 20
-0.0249
 10
-0.5866
 20
-0.0444
 10
-0.572
 20
-0.0314
 10
-0.5383
 20
0.0008
 10
-0.5199
 20
0.0176
 10
-0.5034
 20
0.0307
 10
-0.4952
 20
0.0359
 10
-0.5113
 20
0.0389
 10
-0.5144
 20
0.0335
 10
-0.5191
 20
0.0277
 10
-0.5254
 20
0.0215
 10
-0.5331
 20
0.015
 10
-0.542
 20
0.0087
 10
-0.5567
 20
-0.0001
 10
-0.5717
 20
-0.0077
 10
-0.6055
 20
-0.0218
 10
-0.552
 20
0.0222
 10
-0.5353
 20
0.0342
 10
-0.5229
 20
0.0412
 10
-0.5361
 20
0.0438
 10
-0.5381
 20
0.0393
 10
-0.5414
 20
0.0341
 10
-0.5462
 20
0.0284
 10
-0.5522
 20
0.0224
 10
-0.5592
 20
0.0166
 10
-0.5669
 20
0.011
 10
-0.5831
 20
0.0012
 10
-0.6106
 20
-0.0124
 10
-0.5835
 20
0.0161
 10
-0.5702
 20
0.0293
 10
-0.557
 20
0.0403
 10
-0.5477
 20
0.0462
 10
-0.5617
 20
0.0491
 10
-0.5631
 20
0.0461
 10
-0.566
 20
0.0422
 10
-0.5699
 20
0.0381
 10
-0.5807
 20
0.0302
 10
-0.5872
 20
0.0268
 10
-0.6005
 20
0.0212
 10
-0.6229
 20
0.0139
 10
-0.5958
 20
0.0396
 10
-0.5847
 20
0.048
 10
-0.5767
 20
0.0524
 10
-0.5905
 20
0.0554
 10
-0.5922
 20
0.0564
 10
-0.5936
 20
0.0584
 10
-0.594
 20
0.0603
 10
-0.5933
 20
0.0627
 10
-0.592
 20
0.0641
 10
-0.5898
 20
0.0651
 10
-0.5756
 20
0.0623
 10
-0.5805
 20
0.0687
 10
-0.5873
 20
0.0807
 10
-0.6012
 20
0.115
 10
-0.5794
 20
0.0946
 10
-0.5701
 20
0.0836
 10
-0.5632
 20
0.0723
 10
-0.5611
 20
0.067
 10
-0.56
 20
0.0623
 10
-0.5598
 20
0.0589
 10
-0.5484
 20
0.0565
 10
-0.5538
 20
0.0629
 10
-0.5631
 20
0.0772
 10
-0.5716
 20
0.0937
 10
-0.5876
 20
0.129
 10
-0.5638
 20
0.1044
 10
-0.5548
 20
0.0938
 10
-0.5491
 20
0.0863
 10
-0.5402
 20
0.0714
 10
-0.5372
 20
0.0646
 10
-0.5354
 20
0.0586
 10
-0.5347
 20
0.0537
 10
-0.5223
 20
0.0513
 10
-0.5308
 20
0.0609
 10
-0.5424
 20
0.0777
 10
-0.5534
 20
0.0969
 10
-0.5749
 20
0.1376
 10
-0.5464
 20
0.1086
 10
-0.5356
 20
0.0961
 10
-0.5287
 20
0.0872
 10
-0.5226
 20
0.0783
 10
-0.5155
 20
0.0658
 10
-0.511
 20
0.055
 10
-0.5097
 20
0.0488
 10
-0.4948
 20
0.046
 10
-0.5059
 20
0.0604
 10
-0.5178
 20
0.0803
 10
-0.5294
 20
0.1026
 10
-0.5522
 20
0.1495
 10
-0.5223
 20
0.1146
 10
-0.5109
 20
0.0996
 10
-0.5037
 20
0.089
 10
-0.4974
 20
0.0785
 10
-0.49
 20
0.0639
 10
-0.4854
 20
0.0514
 10
-0.4841
 20
0.044
 10
-0.467
 20
0.041
 10
-0.474
 20
0.0511
 10
-0.4793
 20
0.0605
 10
-0.4904
 20
0.0835
 10
-0.5011
 20
0.1091
 10
-0.5132
 20
0.1402
 10
-0.5223
 20
0.1545
 10
-0.5164
 20
0.1484
 10
-0.5223
 20
0.1624
 10
-0.5021
 20
0.134
 10
-0.4848
 20
0.1156
 10
-0.4703
 20
0.0988
 10
-0.4528
 20
0.075
 10
-0.4456
 20
0.0637
 10
-0.44
 20
0.0533
 10
-0.436
 20
0.0444
 10
-0.4334
 20
0.0354
 10
-0.4155
 20
0.0326
 10
-0.4243
 20
0.0449
 10
-0.4371
 20
0.0675
 10
-0.4506
 20
0.095
 10
-0.474
 20
0.1465
 10
-0.4804
 20
0.1557
 10
-0.4764
 20
0.1517
 10
-0.4842
 20
0.1677
 10
-0.4596
 20
0.1351
 10
-0.4341
 20
0.1083
 10
-0.4235
 20
0.096
 10
-0.4087
 20
0.0769
 10
-0.3962
 20
0.0583
 10
-0.3899
 20
0.0472
 10
-0.3853
 20
0.0376
 10
-0.3822
 20
0.0278
 10
-0.3655
 20
0.0256
 10
-0.3755
 20
0.0366
 10
-0.3916
 20
0.0585
 10
-0.4091
 20
0.0852
 10
-0.4401
 20
0.1355
 10
-0.4534
 20
0.156
 10
-0.4228
 20
0.1242
 10
-0.4031
 20
0.1018
 10
-0.4349
 20
0.1465
 10
-0.3974
 20
0.1116
 10
-0.3752
 20
0.0884
 10
-0.3596
 20
0.0698
 10
-0.3462
 20
0.0515
 10
-0.3394
 20
0.0405
 10
-0.3344
 20
0.0311
 10
-0.3308
 20
0.0213
 10
-0.3134
 20
0.0193
 10
-0.3232
 20
0.0305
 10
-0.3385
 20
0.0521
 10
-0.3551
 20
0.0786
 10
-0.3961
 20
0.1478
  0
LWPOLYLINE
  5
298
330
B3
100
AcDbEntity
  8
VEG-HOJAS
100
AcDbPolyline
 90
39
 70
0
 10
-0.396
 20
0.1479
 10
-0.3627
 20
0.1118
 10
-0.3461
 20
0.0917
 10
-0.3332
 20
0.0744
 10
-0.3208
 20
0.0553
 10
-0.3113
 20
0.0379
 10
-0.3072
 20
0.0282
 10
-0.3045
 20
0.0184
 10
-0.2869
 20
0.0166
 10
-0.2961
 20
0.0278
 10
-0.31
 20
0.0493
 10
-0.3248
 20
0.0755
 10
-0.3529
 20
0.1291
 10
-0.3617
 20
0.145
 10
-0.3304
 20
0.108
 10
-0.3167
 20
0.09
 10
-0.3034
 20
0.0708
 10
-0.2924
 20
0.0519
 10
-0.284
 20
0.0347
 10
-0.2805
 20
0.0252
 10
-0.2784
 20
0.0158
 10
-0.2615
 20
0.0142
 10
-0.27
 20
0.0239
 10
-0.2767
 20
0.033
 10
-0.291
 20
0.0556
 10
-0.3343
 20
0.1332
 10
-0.3037
 20
0.0991
 10
-0.2858
 20
0.0767
 10
-0.2773
 20
0.0647
 10
-0.2664
 20
0.0472
 10
-0.2581
 20
0.0311
 10
-0.2546
 20
0.0222
 10
-0.2525
 20
0.0134
 10
-0.236
 20
0.0121
 10
-0.2434
 20
0.0202
 10
-0.2497
 20
0.0286
 10
-0.2631
 20
0.0493
 10
-0.2763
 20
0.0725
 10
-0.2991
 20
0.1149
  0
LWPOLYLINE
  5
299
330
B3
100
AcDbEntity
  8
VEG-HOJAS
100
AcDbPolyline
 90
3
 70
0
 10
-0.3001
 20
0.1168
 10
-0.3027
 20
0.1212
 10
-0.2991
 20
0.1172
  0
LWPOLYLINE
  5
29A
330
B3
100
AcDbEntity
  8
VEG-HOJAS
100
AcDbPolyline
 90
5
 70
1
 10
-0.4437
 20
0.0371
 10
-0.4516
 20
0.0456
 10
-0.4621
 20
0.0592
 10
-0.4591
 20
0.048
 10
-0.4582
 20
0.0395
  0
LWPOLYLINE
  5
29B
330
B3
100
AcDbEntity
  8
VEG-HOJAS
100
AcDbPolyline
 90
5
 70
1
 10
-0.3919
 20
0.0292
 10
-0.4014
 20
0.0393
 10
-0.4131
 20
0.0543
 10
-0.4088
 20
0.0412
 10
-0.4072
 20
0.0314
  0
LWPOLYLINE
  5
29C
330
B3
100
AcDbEntity
  8
VEG-HOJAS
100
AcDbPolyline
 90
5
 70
1
 10
-0.3571
 20
0.0144
 10
-0.3617
 20
0.005
 10
-0.3678
 20
-0.004
 10
-0.3539
 20
0.0055
 10
-0.3419
 20
0.0126
  0
LWPOLYLINE
  5
29D
330
B3
100
AcDbEntity
  8
VEG-HOJAS
100
AcDbPolyline
 90
9
 70
1
 10
-0.3563
 20
-0.0163
 10
-0.3383
 20
-0.0036
 10
-0.3278
 20
0.0033
 10
-0.3167
 20
0.0096
 10
-0.332
 20
0.0114
 10
-0.3378
 20
0.0027
 10
-0.345
 20
-0.0053
 10
-0.3544
 20
-0.0142
 10
-0.3613
 20
-0.0199
  0
LWPOLYLINE
  5
29E
330
B3
100
AcDbEntity
  8
VEG-HOJAS
100
AcDbPolyline
 90
7
 70
1
 10
-0.3407
 20
0.0225
 10
-0.3506
 20
0.0322
 10
-0.3589
 20
0.0418
 10
-0.3707
 20
0.0567
 10
-0.3638
 20
0.0442
 10
-0.3594
 20
0.0344
 10
-0.3563
 20
0.0244
  0
LWPOLYLINE
  5
29F
330
B3
100
AcDbEntity
  8
VEG-HOJAS
100
AcDbPolyline
 90
6
 70
1
 10
-0.2577
 20
-0.0046
 10
-0.2632
 20
-0.0124
 10
-0.2726
 20
-0.0234
 10
-0.255
 20
-0.0088
 10
-0.2391
 20
0.0023
 10
-0.2537
 20
0.0035
  0
LWPOLYLINE
  5
2A0
330
B3
100
AcDbEntity
  8
VEG-HOJAS
100
AcDbPolyline
 90
6
 70
1
 10
-0.2216
 20
0.0172
 10
-0.225
 20
0.0203
 10
-0.2312
 20
0.0268
 10
-0.2283
 20
0.0193
 10
-0.2265
 20
0.0114
 10
-0.2138
 20
0.0105
  0
LWPOLYLINE
  5
2A1
330
B3
100
AcDbEntity
  8
VEG-NERVIOS
100
AcDbPolyline
 90
5
 70
0
 10
-0.3084
 20
0.2319
 10
-0.355
 20
0.2585
 10
-0.397
 20
0.2809
 10
-0.4395
 20
0.3021
 10
-0.4827
 20
0.3221
  0
LWPOLYLINE
  5
2A2
330
B3
100
AcDbEntity
  8
VEG-NERVIOS
100
AcDbPolyline
 90
2
 70
0
 10
-0.2383
 20
0.1882
 10
-0.2942
 20
0.2234
  0
LWPOLYLINE
  5
2A3
330
B3
100
AcDbEntity
  8
VEG-NERVIOS
100
AcDbPolyline
 90
2
 70
0
 10
-0.1972
 20
0.1603
 10
-0.2111
 20
0.1699
  0
LWPOLYLINE
  5
2A4
330
B3
100
AcDbEntity
  8
VEG-NERVIOS
100
AcDbPolyline
 90
2
 70
0
 10
-0.1674
 20
0.139
 10
-0.1722
 20
0.1425
  0
LWPOLYLINE
  5
2A5
330
B3
100
AcDbEntity
  8
VEG-NERVIOS
100
AcDbPolyline
 90
2
 70
0
 10
-0.1384
 20
0.1173
 10
-0.1436
 20
0.1213
  0
LWPOLYLINE
  5
2A6
330
B3
100
AcDbEntity
  8
VEG-NERVIOS
100
AcDbPolyline
 90
2
 70
0
 10
-0.1113
 20
0.0963
 10
-0.1163
 20
0.1002
  0
LWPOLYLINE
  5
2A7
330
B3
100
AcDbEntity
  8
VEG-NERVIOS
100
AcDbPolyline
 90
2
 70
0
 10
-0.0849
 20
0.0749
 10
-0.0907
 20
0.0796
  0
LWPOLYLINE
  5
2A8
330
B3
100
AcDbEntity
  8
VEG-NERVIOS
100
AcDbPolyline
 90
2
 70
0
 10
-0.0237
 20
0.0217
 10
-0.0662
 20
0.0592
  0
LWPOLYLINE
  5
2A9
330
B3
100
AcDbEntity
  8
VEG-HOJAS
100
AcDbPolyline
 90
39
 70
0
 10
-0.2567
 20
0.1582
 10
-0.2648
 20
0.1562
 10
-0.287
 20
0.1522
 10
-0.3098
 20
0.1494
 10
-0.3244
 20
0.1482
 10
-0.372
 20
0.1459
 10
-0.3344
 20
0.156
 10
-0.362
 20
0.1519
 10
-0.3972
 20
0.1477
 10
-0.3706
 20
0.1566
 10
-0.4181
 20
0.1461
 10
-0.3425
 20
0.1798
 10
-0.3132
 20
0.1918
 10
-0.2876
 20
0.2005
 10
-0.2721
 20
0.204
 10
-0.2874
 20
0.2134
 10
-0.296
 20
0.2074
 10
-0.3055
 20
0.2025
 10
-0.3243
 20
0.1948
 10
-0.3464
 20
0.1875
 10
-0.3676
 20
0.1821
 10
-0.3935
 20
0.1766
 10
-0.4436
 20
0.1683
 10
-0.3509
 20
0.2034
 10
-0.3222
 20
0.2125
 10
-0.3099
 20
0.2156
 10
-0.2952
 20
0.2181
 10
-0.3098
 20
0.2269
 10
-0.3184
 20
0.2212
 10
-0.3279
 20
0.2167
 10
-0.3467
 20
0.2096
 10
-0.3687
 20
0.2032
 10
-0.3898
 20
0.1984
 10
-0.4157
 20
0.1938
 10
-0.4654
 20
0.1872
 10
-0.3728
 20
0.2192
 10
-0.3442
 20
0.2273
 10
-0.3319
 20
0.23
 10
-0.3203
 20
0.2317
  0
LWPOLYLINE
  5
2AA
330
B3
100
AcDbEntity
  8
VEG-HOJAS
100
AcDbPolyline
 90
153
 70
0
 10
-0.3195
 20
0.2318
 10
-0.3183
 20
0.2319
 10
-0.3323
 20
0.24
 10
-0.3406
 20
0.2347
 10
-0.35
 20
0.2303
 10
-0.3683
 20
0.2238
 10
-0.3898
 20
0.2178
 10
-0.4053
 20
0.2145
 10
-0.4282
 20
0.2106
 10
-0.4841
 20
0.204
 10
-0.4426
 20
0.2179
 10
-0.4967
 20
0.2075
 10
-0.4402
 20
0.2317
 10
-0.4126
 20
0.2429
 10
-0.3866
 20
0.2519
 10
-0.3753
 20
0.255
 10
-0.3632
 20
0.2573
 10
-0.3772
 20
0.2649
 10
-0.384
 20
0.2595
 10
-0.392
 20
0.2548
 10
-0.4078
 20
0.2476
 10
-0.4265
 20
0.2407
 10
-0.4401
 20
0.2367
 10
-0.4603
 20
0.2317
 10
-0.51
 20
0.2221
 10
-0.4574
 20
0.2457
 10
-0.4317
 20
0.2564
 10
-0.4073
 20
0.265
 10
-0.3968
 20
0.2679
 10
-0.3866
 20
0.2698
 10
-0.4003
 20
0.277
 10
-0.4064
 20
0.2724
 10
-0.4139
 20
0.2683
 10
-0.4286
 20
0.2623
 10
-0.4459
 20
0.2568
 10
-0.4585
 20
0.2537
 10
-0.4772
 20
0.2501
 10
-0.523
 20
0.2436
 10
-0.4877
 20
0.2582
 10
-0.5285
 20
0.2489
 10
-0.4873
 20
0.2717
 10
-0.4671
 20
0.2818
 10
-0.4477
 20
0.2897
 10
-0.4334
 20
0.2935
 10
-0.4456
 20
0.2994
 10
-0.4489
 20
0.2954
 10
-0.4536
 20
0.2911
 10
-0.4598
 20
0.2865
 10
-0.4757
 20
0.2778
 10
-0.4937
 20
0.2704
 10
-0.532
 20
0.2587
 10
-0.4993
 20
0.2822
 10
-0.4831
 20
0.2926
 10
-0.4673
 20
0.3007
 10
-0.4561
 20
0.3044
 10
-0.4693
 20
0.3106
 10
-0.4718
 20
0.3078
 10
-0.4758
 20
0.3046
 10
-0.481
 20
0.3014
 10
-0.4941
 20
0.2961
 10
-0.509
 20
0.2924
 10
-0.5404
 20
0.2881
 10
-0.5197
 20
0.301
 10
-0.5066
 20
0.3084
 10
-0.4931
 20
0.3144
 10
-0.4836
 20
0.317
 10
-0.5018
 20
0.3254
 10
-0.5033
 20
0.3273
 10
-0.5036
 20
0.3297
 10
-0.5027
 20
0.332
 10
-0.5013
 20
0.3334
 10
-0.499
 20
0.3341
 10
-0.4971
 20
0.3339
 10
-0.4789
 20
0.3259
 10
-0.4834
 20
0.3354
 10
-0.488
 20
0.3497
 10
-0.4965
 20
0.3888
 10
-0.4815
 20
0.3684
 10
-0.4734
 20
0.3551
 10
-0.47
 20
0.3481
 10
-0.4673
 20
0.3411
 10
-0.4655
 20
0.3344
 10
-0.4645
 20
0.3284
 10
-0.4644
 20
0.3233
 10
-0.465
 20
0.3196
 10
-0.4539
 20
0.3144
 10
-0.4583
 20
0.3231
 10
-0.4644
 20
0.3399
 10
-0.4801
 20
0.3985
 10
-0.4622
 20
0.3718
 10
-0.4549
 20
0.359
 10
-0.4485
 20
0.3454
 10
-0.4452
 20
0.3364
 10
-0.4428
 20
0.328
 10
-0.4415
 20
0.3203
 10
-0.4412
 20
0.3139
 10
-0.4418
 20
0.3087
 10
-0.4294
 20
0.3027
 10
-0.4355
 20
0.3159
 10
-0.4424
 20
0.3359
 10
-0.4568
 20
0.3877
 10
-0.4621
 20
0.4046
 10
-0.4417
 20
0.3726
 10
-0.4335
 20
0.3573
 10
-0.4263
 20
0.3411
 10
-0.4226
 20
0.3304
 10
-0.42
 20
0.3204
 10
-0.4184
 20
0.3114
 10
-0.418
 20
0.3039
 10
-0.4186
 20
0.2974
 10
-0.405
 20
0.2906
 10
-0.4085
 20
0.2986
 10
-0.4154
 20
0.3191
 10
-0.4324
 20
0.3849
 10
-0.4396
 20
0.409
 10
-0.4265
 20
0.387
 10
-0.4181
 20
0.3719
 10
-0.4097
 20
0.3542
 10
-0.4025
 20
0.3356
 10
-0.3988
 20
0.3234
 10
-0.3955
 20
0.3068
 10
-0.3945
 20
0.2933
 10
-0.3953
 20
0.2856
 10
-0.3801
 20
0.2777
 10
-0.3841
 20
0.2894
 10
-0.3894
 20
0.3123
 10
-0.4024
 20
0.3856
 10
-0.4084
 20
0.4125
 10
-0.4011
 20
0.3976
 10
-0.3865
 20
0.3745
 10
-0.376
 20
0.3555
 10
-0.3659
 20
0.3345
 10
-0.3601
 20
0.32
 10
-0.3555
 20
0.3057
 10
-0.351
 20
0.2865
 10
-0.3492
 20
0.2707
 10
-0.3498
 20
0.2613
 10
-0.3356
 20
0.2534
 10
-0.3406
 20
0.2659
 10
-0.3445
 20
0.2777
 10
-0.3674
 20
0.3587
 10
-0.3751
 20
0.3827
 10
-0.3819
 20
0.4009
 10
-0.3655
 20
0.3739
 10
-0.3564
 20
0.3573
 10
-0.3638
 20
0.3759
 10
-0.3699
 20
0.3893
 10
-0.3516
 20
0.3624
 10
-0.336
 20
0.3367
 10
-0.3245
 20
0.3143
 10
-0.3179
 20
0.2987
 10
-0.3125
 20
0.2835
 10
-0.3088
 20
0.2705
  0
LWPOLYLINE
  5
2AB
330
B3
100
AcDbEntity
  8
VEG-HOJAS
100
AcDbPolyline
 90
5
 70
0
 10
-0.3081
 20
0.2674
 10
-0.3058
 20
0.2565
 10
-0.3046
 20
0.2459
 10
-0.3049
 20
0.2356
 10
-0.2943
 20
0.2293
  0
LWPOLYLINE
  5
2AC
330
B3
100
AcDbEntity
  8
VEG-HOJAS
100
AcDbPolyline
 90
8
 70
0
 10
-0.2998
 20
0.2691
 10
-0.3133
 20
0.3399
 10
-0.3191
 20
0.3654
 10
-0.3246
 20
0.3849
 10
-0.313
 20
0.3615
 10
-0.3043
 20
0.3423
 10
-0.2954
 20
0.3197
 10
-0.2899
 20
0.3025
  0
LWPOLYLINE
  5
2AD
330
B3
100
AcDbEntity
  8
VEG-HOJAS
100
AcDbPolyline
 90
3
 70
0
 10
-0.2904
 20
0.229
 10
-0.2939
 20
0.2413
 10
-0.2986
 20
0.2633
  0
LWPOLYLINE
  5
2AE
330
B3
100
AcDbEntity
  8
VEG-HOJAS
100
AcDbPolyline
 90
3
 70
0
 10
-0.2887
 20
0.2981
 10
-0.2858
 20
0.2869
 10
-0.2823
 20
0.2689
  0
LWPOLYLINE
  5
2AF
330
B3
100
AcDbEntity
  8
VEG-HOJAS
100
AcDbPolyline
 90
7
 70
0
 10
-0.2869
 20
0.3022
 10
-0.2947
 20
0.3391
 10
-0.3031
 20
0.3702
 10
-0.2882
 20
0.3401
 10
-0.2917
 20
0.3495
 10
-0.2788
 20
0.3276
 10
-0.2697
 20
0.311
  0
LWPOLYLINE
  5
2B0
330
B3
100
AcDbEntity
  8
VEG-HOJAS
100
AcDbPolyline
 90
2
 70
0
 10
-0.2806
 20
0.2689
 10
-0.2858
 20
0.2966
  0
LWPOLYLINE
  5
2B1
330
B3
100
AcDbEntity
  8
VEG-HOJAS
100
AcDbPolyline
 90
3
 70
0
 10
-0.2806
 20
0.2551
 10
-0.2799
 20
0.243
 10
-0.2807
 20
0.2283
  0
LWPOLYLINE
  5
2B2
330
B3
100
AcDbEntity
  8
VEG-HOJAS
100
AcDbPolyline
 90
3
 70
0
 10
-0.2801
 20
0.189
 10
-0.2928
 20
0.1824
 10
-0.2746
 20
0.187
  0
LWPOLYLINE
  5
2B3
330
B3
100
AcDbEntity
  8
VEG-HOJAS
100
AcDbPolyline
 90
2
 70
0
 10
-0.272
 20
0.2279
 10
-0.2777
 20
0.2539
  0
LWPOLYLINE
  5
2B4
330
B3
100
AcDbEntity
  8
VEG-HOJAS
100
AcDbPolyline
 90
4
 70
0
 10
-0.2582
 20
0.1901
 10
-0.2515
 20
0.1908
 10
-0.265
 20
0.1995
 10
-0.275
 20
0.192
  0
LWPOLYLINE
  5
2B5
330
B3
100
AcDbEntity
  8
VEG-HOJAS
100
AcDbPolyline
 90
3
 70
0
 10
-0.2691
 20
0.2138
 10
-0.2675
 20
0.2129
 10
-0.2677
 20
0.2133
  0
LWPOLYLINE
  5
2B6
330
B3
100
AcDbEntity
  8
VEG-HOJAS
100
AcDbPolyline
 90
2
 70
0
 10
-0.2663
 20
0.3044
 10
-0.2639
 20
0.2995
  0
LWPOLYLINE
  5
2B7
330
B3
100
AcDbEntity
  8
VEG-HOJAS
100
AcDbPolyline
 90
3
 70
0
 10
-0.26
 20
0.3121
 10
-0.2659
 20
0.3295
 10
-0.2561
 20
0.3124
  0
LWPOLYLINE
  5
2B8
330
B3
100
AcDbEntity
  8
VEG-HOJAS
100
AcDbPolyline
 90
4
 70
0
 10
-0.2594
 20
0.21
 10
-0.2599
 20
0.2081
 10
-0.2471
 20
0.1998
 10
-0.2496
 20
0.2064
  0
LWPOLYLINE
  5
2B9
330
B3
100
AcDbEntity
  8
VEG-HOJAS
100
AcDbPolyline
 90
3
 70
0
 10
-0.2562
 20
0.227
 10
-0.2582
 20
0.2343
 10
-0.258
 20
0.2271
  0
LWPOLYLINE
  5
2BA
330
B3
100
AcDbEntity
  8
VEG-HOJAS
100
AcDbPolyline
 90
2
 70
0
 10
-0.2568
 20
0.2838
 10
-0.2508
 20
0.2686
  0
LWPOLYLINE
  5
2BB
330
B3
100
AcDbEntity
  8
VEG-HOJAS
100
AcDbPolyline
 90
2
 70
0
 10
-0.2561
 20
0.2985
 10
-0.2566
 20
0.3003
  0
LWPOLYLINE
  5
2BC
330
B3
100
AcDbEntity
  8
VEG-HOJAS
100
AcDbPolyline
 90
7
 70
0
 10
-0.2189
 20
0.1487
 10
-0.2411
 20
0.1431
 10
-0.2693
 20
0.139
 10
-0.2975
 20
0.1369
 10
-0.3425
 20
0.136
 10
-0.2853
 20
0.1506
 10
-0.2548
 20
0.1576
  0
LWPOLYLINE
  5
2BD
330
B3
100
AcDbEntity
  8
VEG-HOJAS
100
AcDbPolyline
 90
4
 70
0
 10
-0.2525
 20
0.1799
 10
-0.2704
 20
0.1722
 10
-0.2546
 20
0.1751
 10
-0.2414
 20
0.1768
  0
LWPOLYLINE
  5
2BE
330
B3
100
AcDbEntity
  8
VEG-HOJAS
100
AcDbPolyline
 90
2
 70
0
 10
-0.2483
 20
0.2685
 10
-0.2517
 20
0.282
  0
LWPOLYLINE
  5
2BF
330
B3
100
AcDbEntity
  8
VEG-HOJAS
100
AcDbPolyline
 90
6
 70
0
 10
-0.2337
 20
0.1613
 10
-0.2201
 20
0.1628
 10
-0.21
 20
0.1631
 10
-0.2222
 20
0.1714
 10
-0.2306
 20
0.1667
 10
-0.2443
 20
0.1617
  0
LWPOLYLINE
  5
2C0
330
B3
100
AcDbEntity
  8
VEG-HOJAS
100
AcDbPolyline
 90
2
 70
0
 10
-0.2424
 20
0.2412
 10
-0.2394
 20
0.2262
  0
LWPOLYLINE
  5
2C1
330
B3
100
AcDbEntity
  8
VEG-HOJAS
100
AcDbPolyline
 90
2
 70
0
 10
-0.2378
 20
0.2261
 10
-0.2415
 20
0.2409
  0
LWPOLYLINE
  5
2C2
330
B3
100
AcDbEntity
  8
VEG-HOJAS
100
AcDbPolyline
 90
2
 70
0
 10
-0.2385
 20
0.2783
 10
-0.234
 20
0.268
  0
LWPOLYLINE
  5
2C3
330
B3
100
AcDbEntity
  8
VEG-HOJAS
100
AcDbPolyline
 90
3
 70
0
 10
-0.2375
 20
0.2023
 10
-0.2383
 20
0.1942
 10
-0.2279
 20
0.1873
  0
LWPOLYLINE
  5
2C4
330
B3
100
AcDbEntity
  8
VEG-HOJAS
100
AcDbPolyline
 90
7
 70
0
 10
-0.2045
 20
0.1294
 10
-0.2279
 20
0.1233
 10
-0.2477
 20
0.1199
 10
-0.2671
 20
0.1175
 10
-0.3086
 20
0.1142
 10
-0.2567
 20
0.1316
 10
-0.2362
 20
0.138
  0
LWPOLYLINE
  5
2C5
330
B3
100
AcDbEntity
  8
VEG-HOJAS
100
AcDbPolyline
 90
2
 70
0
 10
-0.2262
 20
0.1871
 10
-0.2306
 20
0.2002
  0
LWPOLYLINE
  5
2C6
330
B3
100
AcDbEntity
  8
VEG-HOJAS
100
AcDbPolyline
 90
3
 70
0
 10
-0.229
 20
0.14
 10
-0.2191
 20
0.1426
 10
-0.2031
 20
0.1458
  0
LWPOLYLINE
  5
2C7
330
B3
100
AcDbEntity
  8
VEG-HOJAS
100
AcDbPolyline
 90
2
 70
0
 10
-0.2288
 20
0.2954
 10
-0.2277
 20
0.2931
  0
LWPOLYLINE
  5
2C8
330
B3
100
AcDbEntity
  8
VEG-HOJAS
100
AcDbPolyline
 90
2
 70
0
 10
-0.2254
 20
0.2675
 10
-0.2273
 20
0.2763
  0
LWPOLYLINE
  5
2C9
330
B3
100
AcDbEntity
  8
VEG-HOJAS
100
AcDbPolyline
 90
2
 70
0
 10
-0.2229
 20
0.2363
 10
-0.2199
 20
0.2252
  0
LWPOLYLINE
  5
2CA
330
B3
100
AcDbEntity
  8
VEG-HOJAS
100
AcDbPolyline
 90
2
 70
0
 10
-0.2171
 20
0.225
 10
-0.2192
 20
0.2355
  0
LWPOLYLINE
  5
2CB
330
B3
100
AcDbEntity
  8
VEG-HOJAS
100
AcDbPolyline
 90
2
 70
0
 10
-0.2191
 20
0.2757
 10
-0.2149
 20
0.2665
  0
LWPOLYLINE
  5
2CC
330
B3
100
AcDbEntity
  8
VEG-HOJAS
100
AcDbPolyline
 90
2
 70
0
 10
-0.2157
 20
0.1962
 10
-0.2157
 20
0.1863
  0
LWPOLYLINE
  5
2CD
330
B3
100
AcDbEntity
  8
VEG-HOJAS
100
AcDbPolyline
 90
2
 70
0
 10
-0.2084
 20
0.1856
 10
-0.2108
 20
0.1951
  0
LWPOLYLINE
  5
2CE
330
B3
100
AcDbEntity
  8
VEG-HOJAS
100
AcDbPolyline
 90
2
 70
0
 10
-0.2037
 20
0.2647
 10
-0.2062
 20
0.2767
  0
LWPOLYLINE
  5
2CF
330
B3
100
AcDbEntity
  8
VEG-HOJAS
100
AcDbPolyline
 90
2
 70
0
 10
-0.2025
 20
0.2333
 10
-0.1998
 20
0.2237
  0
LWPOLYLINE
  5
2D0
330
B3
100
AcDbEntity
  8
VEG-HOJAS
100
AcDbPolyline
 90
2
 70
0
 10
-0.2017
 20
0.2697
 10
-0.1987
 20
0.2636
  0
LWPOLYLINE
  5
2D1
330
B3
100
AcDbEntity
  8
VEG-HOJAS
100
AcDbPolyline
 90
2
 70
0
 10
-0.2008
 20
0.2485
 10
-0.2014
 20
0.2522
  0
LWPOLYLINE
  5
2D2
330
B3
100
AcDbEntity
  8
VEG-HOJAS
100
AcDbPolyline
 90
6
 70
0
 10
-0.1962
 20
0.1122
 10
-0.214
 20
0.1093
 10
-0.226
 20
0.1081
 10
-0.275
 20
0.106
 10
-0.228
 20
0.1209
 10
-0.2001
 20
0.1284
  0
LWPOLYLINE
  5
2D3
330
B3
100
AcDbEntity
  8
VEG-HOJAS
100
AcDbPolyline
 90
2
 70
0
 10
-0.1968
 20
0.2235
 10
-0.1982
 20
0.2329
  0
LWPOLYLINE
  5
2D4
330
B3
100
AcDbEntity
  8
VEG-HOJAS
100
AcDbPolyline
 90
6
 70
0
 10
-0.155
 20
0.1029
 10
-0.1657
 20
0.1005
 10
-0.1861
 20
0.0983
 10
-0.2065
 20
0.0979
 10
-0.2391
 20
0.0991
 10
-0.1945
 20
0.1117
  0
LWPOLYLINE
  5
2D5
330
B3
100
AcDbEntity
  8
VEG-HOJAS
100
AcDbPolyline
 90
2
 70
0
 10
-0.1943
 20
0.2541
 10
-0.1906
 20
0.2454
  0
LWPOLYLINE
  5
2D6
330
B3
100
AcDbEntity
  8
VEG-HOJAS
100
AcDbPolyline
 90
3
 70
0
 10
-0.1943
 20
0.1674
 10
-0.1949
 20
0.1648
 10
-0.1882
 20
0.1601
  0
LWPOLYLINE
  5
2D7
330
B3
100
AcDbEntity
  8
VEG-HOJAS
100
AcDbPolyline
 90
2
 70
0
 10
-0.1939
 20
0.1919
 10
-0.1934
 20
0.1843
  0
LWPOLYLINE
  5
2D8
330
B3
100
AcDbEntity
  8
VEG-HOJAS
100
AcDbPolyline
 90
2
 70
0
 10
-0.19
 20
0.184
 10
-0.1914
 20
0.1915
  0
LWPOLYLINE
  5
2D9
330
B3
100
AcDbEntity
  8
VEG-HOJAS
100
AcDbPolyline
 90
2
 70
0
 10
-0.184
 20
0.16
 10
-0.186
 20
0.1665
  0
LWPOLYLINE
  5
2DA
330
B3
100
AcDbEntity
  8
VEG-HOJAS
100
AcDbPolyline
 90
2
 70
0
 10
-0.1857
 20
0.233
 10
-0.1817
 20
0.2218
  0
LWPOLYLINE
  5
2DB
330
B3
100
AcDbEntity
  8
VEG-HOJAS
100
AcDbPolyline
 90
3
 70
0
 10
-0.1761
 20
0.1392
 10
-0.1792
 20
0.1414
 10
-0.1822
 20
0.1392
  0
LWPOLYLINE
  5
2DC
330
B3
100
AcDbEntity
  8
VEG-HOJAS
100
AcDbPolyline
 90
3
 70
0
 10
-0.1637
 20
0.1225
 10
-0.1713
 20
0.119
 10
-0.1789
 20
0.1165
  0
LWPOLYLINE
  5
2DD
330
B3
100
AcDbEntity
  8
VEG-HOJAS
100
AcDbPolyline
 90
2
 70
0
 10
-0.1779
 20
0.2086
 10
-0.177
 20
0.2055
  0
LWPOLYLINE
  5
2DE
330
B3
100
AcDbEntity
  8
VEG-HOJAS
100
AcDbPolyline
 90
2
 70
0
 10
-0.1737
 20
0.1897
 10
-0.1727
 20
0.1822
  0
LWPOLYLINE
  5
2DF
330
B3
100
AcDbEntity
  8
VEG-HOJAS
100
AcDbPolyline
 90
2
 70
0
 10
-0.1716
 20
0.1656
 10
-0.1718
 20
0.1595
  0
LWPOLYLINE
  5
2E0
330
B3
100
AcDbEntity
  8
VEG-HOJAS
100
AcDbPolyline
 90
4
 70
0
 10
-0.171
 20
0.1167
 10
-0.159
 20
0.1182
 10
-0.148
 20
0.1183
 10
-0.1523
 20
0.1216
  0
LWPOLYLINE
  5
2E1
330
B3
100
AcDbEntity
  8
VEG-HOJAS
100
AcDbPolyline
 90
2
 70
0
 10
-0.1693
 20
0.2194
 10
-0.1694
 20
0.2211
  0
LWPOLYLINE
  5
2E2
330
B3
100
AcDbEntity
  8
VEG-HOJAS
100
AcDbPolyline
 90
2
 70
0
 10
-0.1685
 20
0.2035
 10
-0.1689
 20
0.2103
  0
LWPOLYLINE
  5
2E3
330
B3
100
AcDbEntity
  8
VEG-HOJAS
100
AcDbPolyline
 90
2
 70
0
 10
-0.1672
 20
0.1817
 10
-0.1677
 20
0.1895
  0
LWPOLYLINE
  5
2E4
330
B3
100
AcDbEntity
  8
VEG-HOJAS
100
AcDbPolyline
 90
2
 70
0
 10
-0.1674
 20
0.2417
 10
-0.1627
 20
0.229
  0
LWPOLYLINE
  5
2E5
330
B3
100
AcDbEntity
  8
VEG-HOJAS
100
AcDbPolyline
 90
5
 70
0
 10
-0.1364
 20
0.0838
 10
-0.1459
 20
0.0815
 10
-0.1628
 20
0.0793
 10
-0.198
 20
0.0781
 10
-0.166
 20
0.0918
  0
LWPOLYLINE
  5
2E6
330
B3
100
AcDbEntity
  8
VEG-HOJAS
100
AcDbPolyline
 90
2
 70
0
 10
-0.1648
 20
0.1593
 10
-0.1656
 20
0.1655
  0
LWPOLYLINE
  5
2E7
330
B3
100
AcDbEntity
  8
VEG-HOJAS
100
AcDbPolyline
 90
3
 70
0
 10
-0.1645
 20
0.0924
 10
-0.1496
 20
0.0977
 10
-0.137
 20
0.1007
  0
LWPOLYLINE
  5
2E8
330
B3
100
AcDbEntity
  8
VEG-HOJAS
100
AcDbPolyline
 90
3
 70
0
 10
-0.1633
 20
0.1422
 10
-0.161
 20
0.1405
 10
-0.1615
 20
0.1422
  0
LWPOLYLINE
  5
2E9
330
B3
100
AcDbEntity
  8
VEG-HOJAS
100
AcDbPolyline
 90
2
 70
0
 10
-0.1519
 20
0.1905
 10
-0.1499
 20
0.1791
  0
LWPOLYLINE
  5
2EA
330
B3
100
AcDbEntity
  8
VEG-HOJAS
100
AcDbPolyline
 90
2
 70
0
 10
-0.1497
 20
0.1424
 10
-0.1506
 20
0.1385
  0
LWPOLYLINE
  5
2EB
330
B3
100
AcDbEntity
  8
VEG-HOJAS
100
AcDbPolyline
 90
2
 70
0
 10
-0.1487
 20
0.1664
 10
-0.1484
 20
0.1583
  0
LWPOLYLINE
  5
2EC
330
B3
100
AcDbEntity
  8
VEG-HOJAS
100
AcDbPolyline
 90
3
 70
0
 10
-0.1485
 20
0.2081
 10
-0.1495
 20
0.2214
 10
-0.1449
 20
0.2097
  0
LWPOLYLINE
  5
2ED
330
B3
100
AcDbEntity
  8
VEG-HOJAS
100
AcDbPolyline
 90
2
 70
0
 10
-0.1475
 20
0.1786
 10
-0.1479
 20
0.1896
  0
LWPOLYLINE
  5
2EE
330
B3
100
AcDbEntity
  8
VEG-HOJAS
100
AcDbPolyline
 90
2
 70
0
 10
-0.1464
 20
0.1581
 10
-0.147
 20
0.1666
  0
LWPOLYLINE
  5
2EF
330
B3
100
AcDbEntity
  8
VEG-HOJAS
100
AcDbPolyline
 90
2
 70
0
 10
-0.1441
 20
0.1383
 10
-0.1448
 20
0.1428
  0
LWPOLYLINE
  5
2F0
330
B3
100
AcDbEntity
  8
VEG-HOJAS
100
AcDbPolyline
 90
2
 70
0
 10
-0.1401
 20
0.1971
 10
-0.1392
 20
0.1946
  0
LWPOLYLINE
  5
2F1
330
B3
100
AcDbEntity
  8
VEG-HOJAS
100
AcDbPolyline
 90
9
 70
0
 10
-0.0914
 20
0.0737
 10
-0.0961
 20
0.0776
 10
-0.1015
 20
0.074
 10
-0.1059
 20
0.0725
 10
-0.111
 20
0.0715
 10
-0.1224
 20
0.0711
 10
-0.1339
 20
0.0724
 10
-0.1524
 20
0.076
 10
-0.1335
 20
0.0832
  0
LWPOLYLINE
  5
2F2
330
B3
100
AcDbEntity
  8
VEG-HOJAS
100
AcDbPolyline
 90
2
 70
0
 10
-0.1309
 20
0.1652
 10
-0.1293
 20
0.1561
  0
LWPOLYLINE
  5
2F3
330
B3
100
AcDbEntity
  8
VEG-HOJAS
100
AcDbPolyline
 90
3
 70
0
 10
-0.13
 20
0.1216
 10
-0.1312
 20
0.1181
 10
-0.13
 20
0.1172
  0
LWPOLYLINE
  5
2F4
330
B3
100
AcDbEntity
  8
VEG-HOJAS
100
AcDbPolyline
 90
2
 70
0
 10
-0.1281
 20
0.145
 10
-0.1279
 20
0.1371
  0
LWPOLYLINE
  5
2F5
330
B3
100
AcDbEntity
  8
VEG-HOJAS
100
AcDbPolyline
 90
2
 70
0
 10
-0.1245
 20
0.1368
 10
-0.1246
 20
0.146
  0
LWPOLYLINE
  5
2F6
330
B3
100
AcDbEntity
  8
VEG-HOJAS
100
AcDbPolyline
 90
2
 70
0
 10
-0.1236
 20
0.1723
 10
-0.1233
 20
0.179
  0
LWPOLYLINE
  5
2F7
330
B3
100
AcDbEntity
  8
VEG-HOJAS
100
AcDbPolyline
 90
2
 70
0
 10
-0.1228
 20
0.1171
 10
-0.1235
 20
0.1222
  0
LWPOLYLINE
  5
2F8
330
B3
100
AcDbEntity
  8
VEG-HOJAS
100
AcDbPolyline
 90
2
 70
0
 10
-0.1219
 20
0.1815
 10
-0.1151
 20
0.1633
  0
LWPOLYLINE
  5
2F9
330
B3
100
AcDbEntity
  8
VEG-HOJAS
100
AcDbPolyline
 90
2
 70
0
 10
-0.1089
 20
0.1007
 10
-0.1034
 20
0.0963
  0
LWPOLYLINE
  5
2FA
330
B3
100
AcDbEntity
  8
VEG-HOJAS
100
AcDbPolyline
 90
2
 70
0
 10
-0.1068
 20
0.1255
 10
-0.1069
 20
0.1159
  0
LWPOLYLINE
  5
2FB
330
B3
100
AcDbEntity
  8
VEG-HOJAS
100
AcDbPolyline
 90
2
 70
0
 10
-0.1005
 20
0.0963
 10
-0.1006
 20
0.1018
  0
LWPOLYLINE
  5
2FC
330
B3
100
AcDbEntity
  8
VEG-HOJAS
100
AcDbPolyline
 90
2
 70
0
 10
-0.0987
 20
0.1147
 10
-0.0976
 20
0.119
  0
LWPOLYLINE
  5
2FD
330
B3
100
AcDbEntity
  8
VEG-HOJAS
100
AcDbPolyline
 90
2
 70
0
 10
-0.094
 20
0.131
 10
-0.0924
 20
0.1362
  0
LWPOLYLINE
  5
2FE
330
B3
100
AcDbEntity
  8
VEG-HOJAS
100
AcDbPolyline
 90
2
 70
0
 10
-0.0903
 20
0.1391
 10
-0.0866
 20
0.126
  0
LWPOLYLINE
  5
2FF
330
B3
100
AcDbEntity
  8
VEG-HOJAS
100
AcDbPolyline
 90
2
 70
0
 10
-0.0836
 20
0.0999
 10
-0.0844
 20
0.0949
  0
LWPOLYLINE
  5
300
330
B3
100
AcDbEntity
  8
VEG-HOJAS
100
AcDbPolyline
 90
2
 70
0
 10
-0.084
 20
0.0806
 10
-0.078
 20
0.0756
  0
LWPOLYLINE
  5
301
330
B3
100
AcDbEntity
  8
VEG-HOJAS
100
AcDbPolyline
 90
7
 70
0
 10
-0.0103
 20
0.0111
 10
-0.0118
 20
0.0095
 10
-0.0135
 20
0.0087
 10
-0.0155
 20
0.0086
 10
-0.0177
 20
0.0096
 10
-0.0476
 20
0.0365
 10
-0.0736
 20
0.0589
  0
LWPOLYLINE
  5
302
330
B3
100
AcDbEntity
  8
VEG-HOJAS
100
AcDbPolyline
 90
2
 70
0
 10
-0.0603
 20
0.0607
 10
-0.0412
 20
0.0441
  0
LWPOLYLINE
  5
303
330
B3
100
AcDbEntity
  8
VEG-HOJAS
100
AcDbPolyline
 90
5
 70
1
 10
-0.4229
 20
0.2884
 10
-0.4276
 20
0.2838
 10
-0.4392
 20
0.2764
 10
-0.4279
 20
0.2795
 10
-0.4113
 20
0.2825
  0
LWPOLYLINE
  5
304
330
B3
100
AcDbEntity
  8
VEG-HOJAS
100
AcDbPolyline
 90
5
 70
1
 10
-0.3589
 20
0.2663
 10
-0.3637
 20
0.2772
 10
-0.3703
 20
0.2962
 10
-0.3704
 20
0.2819
 10
-0.372
 20
0.2734
  0
LWPOLYLINE
  5
305
330
B3
100
AcDbEntity
  8
VEG-HOJAS
100
AcDbPolyline
 90
6
 70
1
 10
-0.3545
 20
0.2525
 10
-0.362
 20
0.2468
 10
-0.3706
 20
0.242
 10
-0.3786
 20
0.2381
 10
-0.3537
 20
0.2437
 10
-0.3415
 20
0.2452
  0
LWPOLYLINE
  5
306
330
B3
100
AcDbEntity
  8
VEG-HOJAS
100
AcDbPolyline
 90
5
 70
1
 10
-0.3141
 20
0.241
 10
-0.3194
 20
0.2529
 10
-0.3278
 20
0.2754
 10
-0.3262
 20
0.2585
 10
-0.327
 20
0.2485
  0
LWPOLYLINE
  5
307
330
B3
100
AcDbEntity
  8
VEG-NERVIOS
100
AcDbPolyline
 90
9
 70
0
 10
0.0168
 20
0.0108
 10
0.0563
 20
0.037
 10
0.0951
 20
0.0642
 10
0.1332
 20
0.0923
 10
0.1707
 20
0.1214
 10
0.2074
 20
0.1513
 10
0.2492
 20
0.1874
 10
0.2842
 20
0.2193
 10
0.3185
 20
0.2521
  0
LWPOLYLINE
  5
308
330
B3
100
AcDbEntity
  8
VEG-HOJAS
100
AcDbPolyline
 90
5
 70
1
 10
0.1335
 20
0.1088
 10
0.1313
 20
0.1225
 10
0.1292
 20
0.1074
 10
0.1255
 20
0.0927
 10
0.1363
 20
0.1009
  0
LWPOLYLINE
  5
309
330
B3
100
AcDbEntity
  8
VEG-HOJAS
100
AcDbPolyline
 90
6
 70
1
 10
0.1422
 20
0.0839
 10
0.1468
 20
0.0835
 10
0.1614
 20
0.0814
 10
0.1489
 20
0.0877
 10
0.1422
 20
0.0928
 10
0.131
 20
0.0843
  0
LWPOLYLINE
  5
30A
330
B3
100
AcDbEntity
  8
VEG-HOJAS
100
AcDbPolyline
 90
293
 70
1
 10
0.2004
 20
0.1293
 10
0.2321
 20
0.1233
 10
0.3088
 20
0.1057
 10
0.3319
 20
0.1013
 10
0.3462
 20
0.0993
 10
0.3142
 20
0.0981
 10
0.2926
 20
0.0981
 10
0.2709
 20
0.0995
 10
0.2488
 20
0.1023
 10
0.2277
 20
0.1066
 10
0.2136
 20
0.1106
 10
0.2016
 20
0.1151
 10
0.192
 20
0.1195
 10
0.1834
 20
0.1252
 10
0.1701
 20
0.1145
 10
0.184
 20
0.1134
 10
0.1958
 20
0.1115
 10
0.2818
 20
0.0934
 10
0.3037
 20
0.0894
 10
0.3173
 20
0.0876
 10
0.287
 20
0.0859
 10
0.2667
 20
0.0856
 10
0.2514
 20
0.086
 10
0.2278
 20
0.0882
 10
0.2051
 20
0.0922
 10
0.1918
 20
0.0958
 10
0.1803
 20
0.0998
 10
0.1711
 20
0.1038
 10
0.1631
 20
0.109
 10
0.1493
 20
0.0983
 10
0.1614
 20
0.0967
 10
0.1838
 20
0.0914
 10
0.2536
 20
0.0706
 10
0.2797
 20
0.064
 10
0.2367
 20
0.0651
 10
0.2021
 20
0.0623
 10
0.1902
 20
0.0621
 10
0.1718
 20
0.063
 10
0.1541
 20
0.0653
 10
0.1436
 20
0.0676
 10
0.1346
 20
0.0705
 10
0.1274
 20
0.0736
 10
0.1216
 20
0.0773
 10
0.1098
 20
0.0686
 10
0.1204
 20
0.0675
 10
0.1373
 20
0.0634
 10
0.1925
 20
0.044
 10
0.1615
 20
0.0439
 10
0.1424
 20
0.0455
 10
0.1329
 20
0.0471
 10
0.124
 20
0.0493
 10
0.1159
 20
0.052
 10
0.1091
 20
0.0551
 10
0.1037
 20
0.0583
 10
0.0999
 20
0.0615
 10
0.0898
 20
0.0543
 10
0.0965
 20
0.0529
 10
0.107
 20
0.0488
 10
0.1335
 20
0.0332
 10
0.1082
 20
0.0333
 10
0.0964
 20
0.0351
 10
0.0862
 20
0.0389
 10
0.0822
 20
0.0414
 10
0.0779
 20
0.0459
 10
0.0191
 20
0.0064
 10
0.0157
 20
0.006
 10
0.014
 20
0.0067
 10
0.0126
 20
0.0081
 10
0.0118
 20
0.0114
 10
0.0124
 20
0.0133
 10
0.0137
 20
0.0148
 10
0.0723
 20
0.0541
 10
0.0696
 20
0.0599
 10
0.0688
 20
0.0644
 10
0.0688
 20
0.0752
 10
0.0711
 20
0.0868
 10
0.0789
 20
0.1101
 10
0.0831
 20
0.0915
 10
0.085
 20
0.0802
 10
0.0854
 20
0.0689
 10
0.0845
 20
0.0627
 10
0.0946
 20
0.07
 10
0.0934
 20
0.0748
 10
0.0927
 20
0.0811
 10
0.0928
 20
0.0885
 10
0.0953
 20
0.1058
 10
0.1003
 20
0.124
 10
0.114
 20
0.1603
 10
0.1126
 20
0.1121
 10
0.1104
 20
0.094
 10
0.1064
 20
0.0785
 10
0.1158
 20
0.0855
 10
0.1141
 20
0.0921
 10
0.1133
 20
0.1046
 10
0.1141
 20
0.1199
 10
0.1156
 20
0.1313
 10
0.1177
 20
0.143
 10
0.1218
 20
0.1602
 10
0.1341
 20
0.2013
 10
0.1338
 20
0.1934
 10
0.1411
 20
0.2378
 10
0.1453
 20
0.1813
 10
0.1467
 20
0.1539
 10
0.1466
 20
0.1286
 10
0.1457
 20
0.1179
 10
0.1438
 20
0.1067
 10
0.1573
 20
0.1171
 10
0.155
 20
0.1264
 10
0.154
 20
0.1363
 10
0.1539
 20
0.1551
 10
0.1553
 20
0.1767
 10
0.1573
 20
0.1918
 10
0.1612
 20
0.214
 10
0.1734
 20
0.2672
 10
0.1718
 20
0.175
 10
0.1696
 20
0.1471
 10
0.1679
 20
0.1354
 10
0.1652
 20
0.1234
 10
0.1776
 20
0.1333
 10
0.1751
 20
0.1432
 10
0.1739
 20
0.1537
 10
0.1734
 20
0.1736
 10
0.1746
 20
0.1964
 10
0.1771
 20
0.2178
 10
0.1813
 20
0.2435
 10
0.1917
 20
0.2924
 10
0.191
 20
0.195
 10
0.1893
 20
0.1655
 10
0.1878
 20
0.1531
 10
0.1851
 20
0.1394
 10
0.1978
 20
0.1499
 10
0.1956
 20
0.1601
 10
0.1946
 20
0.1708
 10
0.1946
 20
0.1911
 10
0.1963
 20
0.2143
 10
0.1984
 20
0.2306
 10
0.2031
 20
0.257
 10
0.2159
 20
0.3117
 10
0.2127
 20
0.2125
 10
0.2103
 20
0.1825
 10
0.2085
 20
0.1699
 10
0.2055
 20
0.1563
 10
0.2177
 20
0.1667
 10
0.2155
 20
0.1766
 10
0.2146
 20
0.1872
 10
0.2144
 20
0.1999
 10
0.215
 20
0.2144
 10
0.2186
 20
0.246
 10
0.2214
 20
0.2619
 10
0.2272
 20
0.2892
 10
0.2313
 20
0.3355
 10
0.2336
 20
0.3151
 10
0.2363
 20
0.3258
 10
0.2353
 20
0.3031
 10
0.2411
 20
0.2581
 10
0.2439
 20
0.2284
 10
0.2446
 20
0.2029
 10
0.2434
 20
0.1889
 10
0.256
 20
0.2002
 10
0.2525
 20
0.208
 10
0.2499
 20
0.2168
 10
0.2469
 20
0.2339
 10
0.245
 20
0.2537
 10
0.2446
 20
0.2677
 10
0.2449
 20
0.2885
 10
0.2483
 20
0.3388
 10
0.2576
 20
0.2821
 10
0.2615
 20
0.2547
 10
0.2636
 20
0.2291
 10
0.2638
 20
0.2183
 10
0.2629
 20
0.2065
 10
0.2752
 20
0.2178
 10
0.2725
 20
0.2243
 10
0.2698
 20
0.2368
 10
0.2682
 20
0.2523
 10
0.268
 20
0.264
 10
0.2683
 20
0.2762
 10
0.2698
 20
0.2941
 10
0.2758
 20
0.3375
 10
0.2822
 20
0.2881
 10
0.2845
 20
0.2642
 10
0.2851
 20
0.242
 10
0.2835
 20
0.2255
 10
0.2936
 20
0.235
 10
0.291
 20
0.2396
 10
0.2888
 20
0.2456
 10
0.2869
 20
0.253
 10
0.2847
 20
0.271
 10
0.2844
 20
0.2807
 10
0.2849
 20
0.2951
 10
0.2881
 20
0.3303
 10
0.2976
 20
0.2913
 10
0.3012
 20
0.2724
 10
0.3028
 20
0.2547
 10
0.3022
 20
0.2432
 10
0.3117
 20
0.2525
 10
0.3079
 20
0.2584
 10
0.3061
 20
0.2633
 10
0.3041
 20
0.275
 10
0.3042
 20
0.288
 10
0.3075
 20
0.3148
 10
0.315
 20
0.2954
 10
0.3191
 20
0.2833
 10
0.3216
 20
0.2711
 10
0.3218
 20
0.2624
 10
0.3242
 20
0.2647
 10
0.327
 20
0.2655
 10
0.3301
 20
0.2644
 10
0.3318
 20
0.262
 10
0.3316
 20
0.2586
 10
0.3287
 20
0.2552
 10
0.3376
 20
0.255
 10
0.3499
 20
0.2525
 10
0.3818
 20
0.2415
 10
0.3543
 20
0.2374
 10
0.3411
 20
0.2373
 10
0.3293
 20
0.2394
 10
0.3245
 20
0.2413
 10
0.3187
 20
0.2453
 10
0.3092
 20
0.2361
 10
0.3206
 20
0.2365
 10
0.3384
 20
0.2348
 10
0.3977
 20
0.2235
 10
0.366
 20
0.2189
 10
0.3514
 20
0.2179
 10
0.3364
 20
0.218
 10
0.327
 20
0.2189
 10
0.3183
 20
0.2205
 10
0.3109
 20
0.2226
 10
0.3049
 20
0.2251
 10
0.3005
 20
0.2278
 10
0.2896
 20
0.2176
 10
0.2978
 20
0.2179
 10
0.3179
 20
0.2166
 10
0.3416
 20
0.2135
 10
0.3857
 20
0.2063
 10
0.4044
 20
0.2041
 10
0.3646
 20
0.1989
 10
0.3462
 20
0.198
 10
0.3275
 20
0.1984
 10
0.3156
 20
0.1996
 10
0.3048
 20
0.2015
 10
0.2955
 20
0.204
 10
0.288
 20
0.2068
 10
0.2818
 20
0.2103
 10
0.2702
 20
0.1996
 10
0.2814
 20
0.2
 10
0.3047
 20
0.1985
 10
0.3781
 20
0.19
 10
0.4054
 20
0.188
 10
0.378
 20
0.1836
 10
0.3594
 20
0.1814
 10
0.3381
 20
0.1801
 10
0.3164
 20
0.1803
 10
0.3026
 20
0.1815
 10
0.2846
 20
0.1847
 10
0.2705
 20
0.189
 10
0.2628
 20
0.1929
 10
0.2496
 20
0.1811
 10
0.2642
 20
0.1802
 10
0.2761
 20
0.1786
 10
0.3632
 20
0.1623
 10
0.3853
 20
0.1588
 10
0.399
 20
0.1573
 10
0.3623
 20
0.1545
 10
0.339
 20
0.1541
 10
0.3695
 20
0.1515
 10
0.3894
 20
0.1508
 10
0.3641
 20
0.1469
 10
0.3434
 20
0.1444
 10
0.3197
 20
0.1428
 10
0.3028
 20
0.1426
 10
0.2781
 20
0.1441
 10
0.2556
 20
0.1475
 10
0.2431
 20
0.1506
 10
0.233
 20
0.154
 10
0.2238
 20
0.1587
 10
0.2105
 20
0.1474
 10
0.2262
 20
0.1467
 10
0.239
 20
0.1453
 10
0.3255
 20
0.1324
 10
0.3515
 20
0.1294
 10
0.3717
 20
0.1281
 10
0.3391
 20
0.1243
 10
0.3171
 20
0.1227
 10
0.2949
 20
0.1224
 10
0.2722
 20
0.1236
 10
0.2504
 20
0.1263
 10
0.2357
 20
0.1294
 10
0.2231
 20
0.133
 10
0.213
 20
0.1368
 10
0.2038
 20
0.1419
 10
0.1898
 20
0.1303
  0
LWPOLYLINE
  5
30B
330
B3
100
AcDbEntity
  8
VEG-HOJAS
100
AcDbPolyline
 90
6
 70
1
 10
0.2307
 20
0.1646
 10
0.2456
 20
0.1645
 10
0.2784
 20
0.1613
 10
0.2608
 20
0.1665
 10
0.2515
 20
0.1705
 10
0.2432
 20
0.1755
  0
LWPOLYLINE
  5
30C
330
B3
100
AcDbEntity
  8
VEG-HOJAS
100
AcDbPolyline
 90
5
 70
1
 10
0.2367
 20
0.1831
 10
0.2331
 20
0.1921
 10
0.2307
 20
0.202
 10
0.2285
 20
0.1862
 10
0.2257
 20
0.1735
  0
LWPOLYLINE
  5
30D
330
B3
100
AcDbEntity
  8
VEG-NERVIOS
100
AcDbPolyline
 90
9
 70
0
 10
-0.0057
 20
-0.0192
 10
-0.0172
 20
-0.057
 10
-0.0321
 20
-0.102
 10
-0.0479
 20
-0.1467
 10
-0.0648
 20
-0.1911
 10
-0.0827
 20
-0.235
 10
-0.0984
 20
-0.2713
 10
-0.1181
 20
-0.3144
 10
-0.1388
 20
-0.3571
  0
LWPOLYLINE
  5
30E
330
B3
100
AcDbEntity
  8
VEG-HOJAS
100
AcDbPolyline
 90
7
 70
1
 10
-0.1182
 20
-0.3263
 10
-0.1137
 20
-0.3301
 10
-0.1067
 20
-0.3389
 10
-0.0997
 20
-0.3508
 10
-0.0961
 20
-0.3586
 10
-0.1068
 20
-0.3314
 10
-0.112
 20
-0.3132
  0
LWPOLYLINE
  5
30F
330
B3
100
AcDbEntity
  8
VEG-HOJAS
100
AcDbPolyline
 90
6
 70
1
 10
-0.0995
 20
-0.2614
 10
-0.1112
 20
-0.2677
 10
-0.133
 20
-0.2767
 10
-0.1245
 20
-0.2755
 10
-0.1148
 20
-0.2748
 10
-0.1057
 20
-0.2755
  0
LWPOLYLINE
  5
310
330
B3
100
AcDbEntity
  8
VEG-HOJAS
100
AcDbPolyline
 90
5
 70
1
 10
-0.0965
 20
-0.2793
 10
-0.0895
 20
-0.2852
 10
-0.0829
 20
-0.2927
 10
-0.0874
 20
-0.2784
 10
-0.0904
 20
-0.2657
  0
LWPOLYLINE
  5
311
330
B3
100
AcDbEntity
  8
VEG-HOJAS
100
AcDbPolyline
 90
5
 70
1
 10
-0.0793
 20
-0.2137
 10
-0.0912
 20
-0.2206
 10
-0.1116
 20
-0.2299
 10
-0.0957
 20
-0.2278
 10
-0.0852
 20
-0.228
  0
LWPOLYLINE
  5
312
330
B3
100
AcDbEntity
  8
VEG-HOJAS
100
AcDbPolyline
 90
251
 70
1
 10
-0.0768
 20
-0.1927
 10
-0.0924
 20
-0.1995
 10
-0.1193
 20
-0.2089
 10
-0.2098
 20
-0.2347
 10
-0.1671
 20
-0.212
 10
-0.1395
 20
-0.1992
 10
-0.1251
 20
-0.1934
 10
-0.1043
 20
-0.1864
 10
-0.0856
 20
-0.1817
 10
-0.0756
 20
-0.1801
 10
-0.0658
 20
-0.18
 10
-0.0603
 20
-0.1655
 10
-0.0695
 20
-0.1708
 10
-0.0794
 20
-0.1756
 10
-0.1034
 20
-0.1851
 10
-0.13
 20
-0.194
 10
-0.1853
 20
-0.2112
 10
-0.1413
 20
-0.1854
 10
-0.1227
 20
-0.1758
 10
-0.1098
 20
-0.1699
 10
-0.0911
 20
-0.1627
 10
-0.0743
 20
-0.1578
 10
-0.0652
 20
-0.1561
 10
-0.0566
 20
-0.1558
 10
-0.0513
 20
-0.1414
 10
-0.0664
 20
-0.1492
 10
-0.0873
 20
-0.1571
 10
-0.1104
 20
-0.164
 10
-0.1588
 20
-0.1768
 10
-0.1206
 20
-0.1547
 10
-0.1045
 20
-0.1466
 10
-0.0933
 20
-0.1417
 10
-0.0823
 20
-0.1375
 10
-0.0672
 20
-0.1331
 10
-0.0546
 20
-0.1309
 10
-0.0475
 20
-0.131
 10
-0.0428
 20
-0.1176
 10
-0.0522
 20
-0.1228
 10
-0.0686
 20
-0.129
 10
-0.087
 20
-0.1339
 10
-0.1258
 20
-0.1422
 10
-0.0959
 20
-0.1241
 10
-0.0833
 20
-0.1174
 10
-0.0745
 20
-0.1135
 10
-0.0576
 20
-0.1077
 10
-0.0502
 20
-0.1062
 10
-0.0438
 20
-0.1057
 10
-0.0387
 20
-0.106
 10
-0.0357
 20
-0.0973
 10
-0.0437
 20
-0.1014
 10
-0.0491
 20
-0.1033
 10
-0.0603
 20
-0.1061
 10
-0.0789
 20
-0.1098
 10
-0.0608
 20
-0.0932
 10
-0.0511
 20
-0.0865
 10
-0.0413
 20
-0.082
 10
-0.0368
 20
-0.081
 10
-0.0303
 20
-0.0812
 10
-0.0103
 20
-0.0173
 10
-0.0092
 20
-0.0157
 10
-0.0076
 20
-0.0146
 10
-0.0057
 20
-0.0142
 10
-0.0038
 20
-0.0145
 10
-0.0022
 20
-0.0156
 10
-0.0011
 20
-0.0172
 10
-0.0009
 20
-0.0206
 10
-0.0206
 20
-0.0836
 10
-0.015
 20
-0.0864
 10
-0.0115
 20
-0.0894
 10
-0.0049
 20
-0.0981
 10
0.0003
 20
-0.1088
 10
0.0078
 20
-0.1329
 10
-0.0148
 20
-0.1122
 10
-0.0219
 20
-0.1034
 10
-0.0252
 20
-0.0973
 10
-0.0294
 20
-0.1096
 10
-0.0254
 20
-0.1128
 10
-0.0211
 20
-0.1175
 10
-0.0166
 20
-0.1237
 10
-0.0103
 20
-0.1355
 10
-0.0047
 20
-0.1489
 10
0.0008
 20
-0.1675
 10
0.0072
 20
-0.1985
 10
-0.0022
 20
-0.1825
 10
0.007
 20
-0.2048
 10
0.019
 20
-0.2431
 10
0.0091
 20
-0.2271
 10
-0.0159
 20
-0.1899
 10
-0.0287
 20
-0.1697
 10
-0.0383
 20
-0.1518
 10
-0.0415
 20
-0.1438
 10
-0.0471
 20
-0.1589
 10
-0.0404
 20
-0.1645
 10
-0.0309
 20
-0.1759
 10
-0.0207
 20
-0.1913
 10
-0.0141
 20
-0.2036
 10
-0.0052
 20
-0.2236
 10
0.0021
 20
-0.2438
 10
0.0075
 20
-0.2618
 10
0.0144
 20
-0.2889
 10
0.0017
 20
-0.2645
 10
-0.0355
 20
-0.2
 10
-0.0462
 20
-0.1789
 10
-0.0505
 20
-0.1678
 10
-0.0566
 20
-0.1837
 10
-0.0497
 20
-0.1907
 10
-0.0437
 20
-0.1989
 10
-0.0373
 20
-0.2095
 10
-0.0308
 20
-0.222
 10
-0.0219
 20
-0.2437
 10
-0.0146
 20
-0.2667
 10
-0.0108
 20
-0.2818
 10
-0.0066
 20
-0.3021
 10
-0.0017
 20
-0.3326
 10
-0.0064
 20
-0.3195
 10
-0.0151
 20
-0.2985
 10
-0.0517
 20
-0.2167
 10
-0.0562
 20
-0.2054
 10
-0.0601
 20
-0.1929
 10
-0.0664
 20
-0.2084
 10
-0.0599
 20
-0.2165
 10
-0.0545
 20
-0.2257
 10
-0.0488
 20
-0.2374
 10
-0.0409
 20
-0.2589
 10
-0.0343
 20
-0.283
 10
-0.0296
 20
-0.3077
 10
-0.0268
 20
-0.3309
 10
-0.0242
 20
-0.3698
 10
-0.0295
 20
-0.3487
 10
-0.0239
 20
-0.3919
 10
-0.0339
 20
-0.3613
 10
-0.0445
 20
-0.3337
 10
-0.0714
 20
-0.2671
 10
-0.0758
 20
-0.255
 10
-0.0798
 20
-0.241
 10
-0.0864
 20
-0.2563
 10
-0.0799
 20
-0.264
 10
-0.0744
 20
-0.2729
 10
-0.0687
 20
-0.2842
 10
-0.0606
 20
-0.305
 10
-0.0537
 20
-0.3283
 10
-0.0501
 20
-0.3444
 10
-0.0471
 20
-0.3626
 10
-0.0398
 20
-0.3867
 10
-0.0326
 20
-0.415
 10
-0.0438
 20
-0.3926
 10
-0.0423
 20
-0.4127
 10
-0.046
 20
-0.3989
 10
-0.0536
 20
-0.375
 10
-0.0839
 20
-0.3219
 10
-0.095
 20
-0.2999
 10
-0.1
 20
-0.2871
 10
-0.1074
 20
-0.3033
 10
-0.102
 20
-0.3089
 10
-0.0946
 20
-0.3204
 10
-0.087
 20
-0.3356
 10
-0.0825
 20
-0.3475
 10
-0.0768
 20
-0.3668
 10
-0.0725
 20
-0.3861
 10
-0.0698
 20
-0.4031
 10
-0.0666
 20
-0.4286
 10
-0.0738
 20
-0.4098
 10
-0.0948
 20
-0.3615
 10
-0.0897
 20
-0.3758
 10
-0.0854
 20
-0.3913
 10
-0.0785
 20
-0.4257
 10
-0.1105
 20
-0.3677
 10
-0.1187
 20
-0.3498
 10
-0.123
 20
-0.3364
 10
-0.1294
 20
-0.3493
 10
-0.1265
 20
-0.3515
 10
-0.123
 20
-0.3552
 10
-0.1195
 20
-0.3601
 10
-0.1134
 20
-0.3729
 10
-0.111
 20
-0.3803
 10
-0.1076
 20
-0.3953
 10
-0.1042
 20
-0.4201
 10
-0.1252
 20
-0.3865
 10
-0.1318
 20
-0.3732
 10
-0.1355
 20
-0.3617
 10
-0.1399
 20
-0.3702
 10
-0.1414
 20
-0.3715
 10
-0.1438
 20
-0.3722
 10
-0.1457
 20
-0.3718
 10
-0.1473
 20
-0.3708
 10
-0.1485
 20
-0.3692
 10
-0.1489
 20
-0.3673
 10
-0.1485
 20
-0.3653
 10
-0.1444
 20
-0.357
 10
-0.1561
 20
-0.3608
 10
-0.1706
 20
-0.3629
 10
-0.2098
 20
-0.364
 10
-0.1812
 20
-0.3507
 10
-0.1667
 20
-0.3458
 10
-0.1528
 20
-0.3433
 10
-0.1468
 20
-0.3432
 10
-0.1418
 20
-0.3438
 10
-0.1383
 20
-0.3448
 10
-0.1319
 20
-0.3317
 10
-0.1455
 20
-0.3363
 10
-0.1647
 20
-0.34
 10
-0.1857
 20
-0.3423
 10
-0.2296
 20
-0.3451
 10
-0.1934
 20
-0.3313
 10
-0.1783
 20
-0.3265
 10
-0.168
 20
-0.3238
 10
-0.1484
 20
-0.3206
 10
-0.14
 20
-0.3202
 10
-0.1329
 20
-0.3206
 10
-0.1272
 20
-0.3219
 10
-0.1204
 20
-0.3076
 10
-0.1298
 20
-0.3114
 10
-0.1395
 20
-0.3142
 10
-0.1628
 20
-0.3193
 10
-0.1882
 20
-0.3231
 10
-0.2412
 20
-0.3298
 10
-0.1974
 20
-0.3127
 10
-0.1791
 20
-0.3066
 10
-0.1665
 20
-0.3032
 10
-0.1485
 20
-0.2995
 10
-0.1325
 20
-0.2977
 10
-0.124
 20
-0.2977
 10
-0.1163
 20
-0.2988
 10
-0.1095
 20
-0.284
 10
-0.1212
 20
-0.289
 10
-0.1321
 20
-0.2926
 10
-0.1582
 20
-0.2994
 10
-0.2461
 20
-0.3166
 10
-0.2145
 20
-0.3026
 10
-0.2416
 20
-0.3113
 10
-0.1984
 20
-0.2872
 10
-0.1656
 20
-0.2715
 10
-0.1414
 20
-0.2619
 10
-0.1279
 20
-0.2576
 10
-0.1157
 20
-0.2545
 10
-0.1055
 20
-0.2527
 10
-0.0955
 20
-0.2523
 10
-0.0886
 20
-0.2361
 10
-0.1027
 20
-0.2424
 10
-0.1286
 20
-0.2508
 10
-0.1594
 20
-0.2589
 10
-0.2403
 20
-0.2781
 10
-0.2211
 20
-0.269
 10
-0.192
 20
-0.2512
 10
-0.1661
 20
-0.2365
 10
-0.1368
 20
-0.2222
 10
-0.1154
 20
-0.2137
 10
-0.0962
 20
-0.2076
 10
-0.0858
 20
-0.2053
 10
-0.0755
 20
-0.2045
 10
-0.0692
 20
-0.1887
  0
LWPOLYLINE
  5
313
330
B3
100
AcDbEntity
  8
VEG-HOJAS
100
AcDbPolyline
 90
6
 70
1
 10
-0.0617
 20
-0.2501
 10
-0.0675
 20
-0.231
 10
-0.0704
 20
-0.2184
 10
-0.0761
 20
-0.2322
 10
-0.0691
 20
-0.24
 10
-0.0608
 20
-0.253
  0
LWPOLYLINE
  5
314
330
B3
100
AcDbEntity
  8
VEG-HOJAS
100
AcDbPolyline
 90
7
 70
1
 10
-0.0275
 20
-0.139
 10
-0.0309
 20
-0.1312
 10
-0.0339
 20
-0.1224
 10
-0.038
 20
-0.1341
 10
-0.0323
 20
-0.1383
 10
-0.0266
 20
-0.144
 10
-0.0222
 20
-0.1493
  0
LWPOLYLINE
  5
315
330
B3
100
AcDbEntity
  8
VEG-NERVIOS
100
AcDbPolyline
 90
5
 70
0
 10
-0.0125
 20
0.0156
 10
-0.0653
 20
0.0839
 10
-0.1164
 20
0.1534
 10
-0.1699
 20
0.2308
 10
-0.2171
 20
0.3031
  0
LWPOLYLINE
  5
316
330
B3
100
AcDbEntity
  8
VEG-HOJAS
100
AcDbPolyline
 90
6
 70
1
 10
-0.2198
 20
0.298
 10
-0.2262
 20
0.2957
 10
-0.2311
 20
0.2951
 10
-0.2375
 20
0.2954
 10
-0.2228
 20
0.2919
 10
-0.2138
 20
0.2886
  0
LWPOLYLINE
  5
317
330
B3
100
AcDbEntity
  8
VEG-HOJAS
100
AcDbPolyline
 90
5
 70
1
 10
-0.2055
 20
0.2941
 10
-0.2047
 20
0.3035
 10
-0.2032
 20
0.312
 10
-0.2062
 20
0.3075
 10
-0.2112
 20
0.3031
  0
LWPOLYLINE
  5
318
330
B3
100
AcDbEntity
  8
VEG-HOJAS
100
AcDbPolyline
 90
5
 70
1
 10
-0.192
 20
0.255
 10
-0.1989
 20
0.2527
 10
-0.2108
 20
0.251
 10
-0.1941
 20
0.2466
 10
-0.1842
 20
0.2432
  0
LWPOLYLINE
  5
319
330
B3
100
AcDbEntity
  8
VEG-HOJAS
100
AcDbPolyline
 90
5
 70
1
 10
-0.1633
 20
0.2121
 10
-0.1729
 20
0.2093
 10
-0.1871
 20
0.2076
 10
-0.1682
 20
0.2034
 10
-0.1545
 20
0.1992
  0
LWPOLYLINE
  5
31A
330
B3
100
AcDbEntity
  8
VEG-HOJAS
100
AcDbPolyline
 90
6
 70
1
 10
-0.1608
 20
0.2262
 10
-0.1596
 20
0.2395
 10
-0.1548
 20
0.2644
 10
-0.1595
 20
0.2544
 10
-0.1641
 20
0.2462
 10
-0.1696
 20
0.2392
  0
LWPOLYLINE
  5
31B
330
B3
100
AcDbEntity
  8
VEG-HOJAS
100
AcDbPolyline
 90
253
 70
1
 10
-0.1138
 20
0.1705
 10
-0.1096
 20
0.1872
 10
-0.1007
 20
0.2145
 10
-0.0733
 20
0.2866
 10
-0.0672
 20
0.3041
 10
-0.0744
 20
0.2552
 10
-0.0789
 20
0.2326
 10
-0.0848
 20
0.2096
 10
-0.092
 20
0.1885
 10
-0.0996
 20
0.1707
 10
-0.1046
 20
0.1617
 10
-0.1105
 20
0.1538
 10
-0.1005
 20
0.1399
 10
-0.0986
 20
0.1524
 10
-0.0924
 20
0.1753
 10
-0.0832
 20
0.2016
 10
-0.0572
 20
0.27
 10
-0.0613
 20
0.2378
 10
-0.0642
 20
0.2193
 10
-0.0606
 20
0.2326
 10
-0.0615
 20
0.1876
 10
-0.063
 20
0.1693
 10
-0.0647
 20
0.157
 10
-0.067
 20
0.1453
 10
-0.0713
 20
0.13
 10
-0.0762
 20
0.118
 10
-0.08
 20
0.1119
 10
-0.0719
 20
0.101
 10
-0.0713
 20
0.1112
 10
-0.0679
 20
0.1286
 10
-0.0625
 20
0.1471
 10
-0.0494
 20
0.1851
 10
-0.0494
 20
0.1495
 10
-0.0503
 20
0.1351
 10
-0.0515
 20
0.1254
 10
-0.0556
 20
0.1078
 10
-0.0583
 20
0.1007
 10
-0.0612
 20
0.0949
 10
-0.0642
 20
0.0907
 10
-0.0563
 20
0.0802
 10
-0.0549
 20
0.0873
 10
-0.0507
 20
0.0978
 10
-0.045
 20
0.1078
 10
-0.0348
 20
0.1239
 10
-0.0354
 20
0.0991
 10
-0.0372
 20
0.0875
 10
-0.0409
 20
0.0773
 10
-0.0433
 20
0.0733
 10
-0.0477
 20
0.0689
 10
-0.0083
 20
0.0184
 10
-0.0075
 20
0.0166
 10
-0.0076
 20
0.0146
 10
-0.0083
 20
0.0128
 10
-0.0097
 20
0.0115
 10
-0.013
 20
0.0107
 10
-0.016
 20
0.0122
 10
-0.0558
 20
0.0631
 10
-0.0614
 20
0.0602
 10
-0.066
 20
0.0592
 10
-0.0768
 20
0.059
 10
-0.0885
 20
0.0611
 10
-0.1124
 20
0.0691
 10
-0.0823
 20
0.0753
 10
-0.071
 20
0.0758
 10
-0.0649
 20
0.0751
 10
-0.072
 20
0.0844
 10
-0.0767
 20
0.0823
 10
-0.0829
 20
0.0807
 10
-0.0905
 20
0.0796
 10
-0.0992
 20
0.0792
 10
-0.1087
 20
0.0795
 10
-0.1185
 20
0.0805
 10
-0.1377
 20
0.0841
 10
-0.1682
 20
0.0923
 10
-0.1277
 20
0.0954
 10
-0.1084
 20
0.0964
 10
-0.0906
 20
0.0958
 10
-0.079
 20
0.0938
 10
-0.0878
 20
0.1056
 10
-0.0945
 20
0.1031
 10
-0.1073
 20
0.1009
 10
-0.1233
 20
0.1
 10
-0.1354
 20
0.1005
 10
-0.1541
 20
0.1027
 10
-0.1723
 20
0.1061
 10
-0.2112
 20
0.1163
 10
-0.1924
 20
0.1162
 10
-0.1472
 20
0.1173
 10
-0.1231
 20
0.1171
 10
-0.1027
 20
0.1155
 10
-0.0938
 20
0.1137
 10
-0.1034
 20
0.1268
 10
-0.1117
 20
0.124
 10
-0.1266
 20
0.1219
 10
-0.1452
 20
0.1213
 10
-0.1592
 20
0.122
 10
-0.1811
 20
0.1247
 10
-0.2022
 20
0.1289
 10
-0.2205
 20
0.1335
 10
-0.2473
 20
0.1412
 10
-0.2197
 20
0.1397
 10
-0.1448
 20
0.1384
 10
-0.121
 20
0.1365
 10
-0.1087
 20
0.1342
 10
-0.1186
 20
0.148
 10
-0.1281
 20
0.145
 10
-0.1444
 20
0.1428
 10
-0.1648
 20
0.1422
 10
-0.1802
 20
0.143
 10
-0.2041
 20
0.146
 10
-0.2273
 20
0.1504
 10
-0.2473
 20
0.1555
 10
-0.2767
 20
0.1641
 10
-0.2465
 20
0.1618
 10
-0.1795
 20
0.1599
 10
-0.1505
 20
0.1585
 10
-0.1383
 20
0.1574
 10
-0.1236
 20
0.1549
 10
-0.1339
 20
0.1695
 10
-0.144
 20
0.1669
 10
-0.1547
 20
0.1658
 10
-0.1677
 20
0.1655
 10
-0.1825
 20
0.1661
 10
-0.204
 20
0.1687
 10
-0.2261
 20
0.173
 10
-0.2473
 20
0.1784
 10
-0.2679
 20
0.1848
 10
-0.2981
 20
0.1955
 10
-0.2838
 20
0.1931
 10
-0.2603
 20
0.1903
 10
-0.1667
 20
0.1816
 10
-0.1541
 20
0.1798
 10
-0.1388
 20
0.1766
 10
-0.149
 20
0.1912
 10
-0.1593
 20
0.1896
 10
-0.1765
 20
0.1899
 10
-0.1977
 20
0.1924
 10
-0.2136
 20
0.1956
 10
-0.2299
 20
0.1999
 10
-0.246
 20
0.2051
 10
-0.2613
 20
0.2107
 10
-0.285
 20
0.2207
 10
-0.3215
 20
0.2321
 10
-0.3055
 20
0.2302
 10
-0.3104
 20
0.2325
 10
-0.3002
 20
0.2298
 10
-0.2975
 20
0.2295
 10
-0.1951
 20
0.2234
 10
-0.1829
 20
0.2219
 10
-0.1681
 20
0.2191
 10
-0.1782
 20
0.2342
 10
-0.1869
 20
0.2328
 10
-0.2021
 20
0.2332
 10
-0.2206
 20
0.2358
 10
-0.2344
 20
0.2389
 10
-0.2486
 20
0.243
 10
-0.2626
 20
0.2478
 10
-0.282
 20
0.2557
 10
-0.3053
 20
0.2666
 10
-0.3161
 20
0.2699
 10
-0.3113
 20
0.2695
 10
-0.3186
 20
0.273
 10
-0.3029
 20
0.2692
 10
-0.2516
 20
0.2687
 10
-0.2272
 20
0.2677
 10
-0.2067
 20
0.2653
 10
-0.1974
 20
0.2632
 10
-0.2064
 20
0.2771
 10
-0.2116
 20
0.276
 10
-0.2181
 20
0.2756
 10
-0.2259
 20
0.2761
 10
-0.2347
 20
0.2774
 10
-0.244
 20
0.2796
 10
-0.2536
 20
0.2826
 10
-0.272
 20
0.2899
 10
-0.3007
 20
0.3042
 10
-0.2459
 20
0.2969
 10
-0.2604
 20
0.3018
 10
-0.2789
 20
0.3102
 10
-0.2467
 20
0.3129
 10
-0.2347
 20
0.3122
 10
-0.2277
 20
0.3106
 10
-0.228
 20
0.3124
 10
-0.2275
 20
0.3143
 10
-0.2252
 20
0.3168
 10
-0.2218
 20
0.3172
 10
-0.2201
 20
0.3164
 10
-0.2187
 20
0.315
 10
-0.2166
 20
0.3229
 10
-0.2113
 20
0.3336
 10
-0.1929
 20
0.36
 10
-0.1948
 20
0.3411
 10
-0.1815
 20
0.378
 10
-0.1821
 20
0.342
 10
-0.1833
 20
0.3274
 10
-0.1847
 20
0.3176
 10
-0.1891
 20
0.2998
 10
-0.1919
 20
0.2926
 10
-0.1949
 20
0.2868
 10
-0.1981
 20
0.2826
 10
-0.1906
 20
0.271
 10
-0.1888
 20
0.2875
 10
-0.1839
 20
0.3097
 10
-0.1771
 20
0.3334
 10
-0.1618
 20
0.3823
 10
-0.1638
 20
0.3371
 10
-0.1657
 20
0.3186
 10
-0.1677
 20
0.3063
 10
-0.1702
 20
0.2945
 10
-0.1749
 20
0.2792
 10
-0.18
 20
0.2672
 10
-0.1841
 20
0.2611
 10
-0.1747
 20
0.2469
 10
-0.1726
 20
0.2591
 10
-0.166
 20
0.282
 10
-0.1565
 20
0.3084
 10
-0.1294
 20
0.3768
 10
-0.1353
 20
0.3362
 10
-0.1258
 20
0.372
 10
-0.1285
 20
0.3226
 10
-0.1321
 20
0.2918
 10
-0.1365
 20
0.2688
 10
-0.142
 20
0.2477
 10
-0.1461
 20
0.236
 10
-0.1502
 20
0.2266
 10
-0.1554
 20
0.2182
 10
-0.1455
 20
0.2038
 10
-0.1433
 20
0.219
 10
-0.1368
 20
0.2454
 10
-0.1275
 20
0.2759
 10
-0.1074
 20
0.3369
 10
-0.102
 20
0.3554
 10
-0.1074
 20
0.3041
 10
-0.1117
 20
0.2777
 10
-0.1163
 20
0.2562
 10
-0.1229
 20
0.2338
 10
-0.13
 20
0.2149
 10
-0.1348
 20
0.2053
 10
-0.1406
 20
0.1966
 10
-0.131
 20
0.1829
 10
-0.1294
 20
0.1977
 10
-0.1239
 20
0.2242
 10
-0.1157
 20
0.255
 10
-0.0979
 20
0.3167
 10
-0.0932
 20
0.3353
 10
-0.0966
 20
0.284
 10
-0.1
 20
0.2574
 10
-0.1038
 20
0.2358
 10
-0.1095
 20
0.2132
 10
-0.116
 20
0.194
 10
-0.1203
 20
0.1843
 10
-0.1258
 20
0.1754
 10
-0.1154
 20
0.1607
  0
LWPOLYLINE
  5
31C
330
B3
100
AcDbEntity
  8
VEG-HOJAS
100
AcDbPolyline
 90
6
 70
1
 10
-0.0865
 20
0.1285
 10
-0.0854
 20
0.138
 10
-0.0821
 20
0.1551
 10
-0.0899
 20
0.1397
 10
-0.0952
 20
0.1327
 10
-0.0868
 20
0.1211
  0
ENDBLK
  5
B5
330
B3
100
AcDbEntity
  8
0
100
AcDbBlockEnd
  0
BLOCK
  5
320
330
31F
100
AcDbEntity
  8
0
100
AcDbBlockBegin
  2
VEG_Monstera_PLANTA
 70
0
 10
0.0
 20
0.0
 30
0.0
  3
VEG_Monstera_PLANTA
  1

  0
HATCH
  5
322
330
31F
100
AcDbEntity
  8
VEG-RELLENO
 62
11
420
14716518
100
AcDbHatch
 10
0.0
 20
0.0
 30
0.0
210
0.0
220
0.0
230
1.0
  2
SOLID
 70
1
 71
0
 91
3
 92
3
 72
0
 73
1
 93
5
 10
0.1745
 20
0.0457
 10
0.1773
 20
0.044
 10
0.1763
 20
0.0407
 10
0.1724
 20
0.0439
 10
0.1728
 20
0.0456
 97
0
 92
3
 72
0
 73
1
 93
4
 10
0.1675
 20
-0.0601
 10
0.1686
 20
-0.0572
 10
0.1701
 20
-0.0522
 10
0.1733
 20
-0.0575
 97
0
 92
3
 72
0
 73
1
 93
4
 10
-0.1633
 20
-0.0707
 10
-0.1596
 20
-0.0787
 10
-0.1593
 20
-0.0793
 10
-0.1698
 20
-0.0719
 97
0
 75
1
 76
1
 98
0
  0
HATCH
  5
323
330
31F
100
AcDbEntity
  8
VEG-RELLENO
 62
35
420
8019530
100
AcDbHatch
 10
0.0
 20
0.0
 30
0.0
210
0.0
220
0.0
230
1.0
  2
SOLID
 70
1
 71
0
 91
15
 92
3
 72
0
 73
1
 93
5
 10
0.1701
 20
-0.0522
 10
0.1675
 20
-0.0601
 10
0.166
 20
-0.0608
 10
0.1624
 20
-0.0538
 10
0.1689
 20
-0.0503
 97
0
 92
3
 72
0
 73
1
 93
6
 10
-0.1596
 20
-0.0787
 10
-0.1633
 20
-0.0707
 10
-0.1552
 20
-0.0771
 10
-0.1544
 20
-0.079
 10
-0.1552
 20
-0.0805
 10
-0.1567
 20
-0.0809
 97
0
 92
3
 72
0
 73
1
 93
5
 10
-0.1442
 20
0.0876
 10
-0.1473
 20
0.0939
 10
-0.1481
 20
0.0935
 10
-0.148
 20
0.0953
 10
-0.1439
 20
0.09
 97
0
 92
3
 72
0
 73
1
 93
6
 10
-0.063
 20
0.1394
 10
-0.0791
 20
0.1399
 10
-0.083
 20
0.1453
 10
-0.0631
 20
0.1433
 10
-0.0615
 20
0.1418
 10
-0.0617
 20
0.1403
 97
0
 92
3
 72
0
 73
1
 93
6
 10
-0.0418
 20
0.0267
 10
-0.0503
 20
0.0683
 10
-0.0454
 20
0.0715
 10
-0.0392
 20
0.0273
 10
-0.0402
 20
0.0258
 10
-0.0412
 20
0.0259
 97
0
 92
3
 72
0
 73
1
 93
3
 10
-0.0284
 20
0.098
 10
-0.0276
 20
0.0945
 10
-0.0295
 20
0.0953
 97
0
 92
3
 72
0
 73
1
 93
4
 10
0.0141
 20
0.1644
 10
0.0081
 20
0.1614
 10
0.0046
 20
0.1643
 10
0.0105
 20
0.1678
 97
0
 92
3
 72
0
 73
1
 93
5
 10
-0.0724
 20
0.0313
 10
-0.0751
 20
0.0321
 10
-0.0823
 20
0.0544
 10
-0.079
 20
0.0582
 10
-0.0723
 20
0.0323
 97
0
 92
3
 72
0
 73
1
 93
6
 10
0.0035
 20
-0.0607
 10
0.0031
 20
-0.0617
 10
-0.0133
 20
-0.0758
 10
-0.0174
 20
-0.0737
 10
0.0013
 20
-0.0596
 10
0.0027
 20
-0.0594
 97
0
 92
3
 72
0
 73
1
 93
4
 10
-0.0756
 20
-0.0797
 10
-0.0684
 20
-0.0639
 10
-0.0666
 20
-0.0624
 10
-0.0669
 20
-0.0755
 97
0
 92
3
 72
0
 73
1
 93
6
 10
-0.0823
 20
-0.0127
 10
-0.0822
 20
-0.0142
 10
-0.0974
 20
-0.0423
 10
-0.0989
 20
-0.0359
 10
-0.0845
 20
-0.0129
 10
-0.0832
 20
-0.0122
 97
0
 92
3
 72
0
 73
1
 93
8
 10
0.0495
 20
0.047
 10
0.0479
 20
0.0467
 10
0.047
 20
0.0479
 10
0.0446
 20
0.0705
 10
0.0473
 20
0.0757
 10
0.0479
 20
0.0675
 10
0.0495
 20
0.0601
 10
0.05
 20
0.048
 97
0
 92
3
 72
0
 73
1
 93
5
 10
-0.0466
 20
-0.0163
 10
-0.0453
 20
-0.0154
 10
-0.0441
 20
-0.0164
 10
-0.0458
 20
-0.0216
 10
-0.052
 20
-0.0281
 97
0
 92
3
 72
0
 73
1
 93
3
 10
0.0168
 20
0.0172
 10
0.0194
 20
0.0165
 10
0.0156
 20
0.0147
 97
0
 92
3
 72
0
 73
1
 93
3
 10
0.0138
 20
-0.0052
 10
0.0166
 20
-0.0049
 10
0.0156
 20
-0.0073
 97
0
 75
1
 76
1
 98
0
  0
HATCH
  5
324
330
31F
100
AcDbEntity
  8
VEG-RELLENO
 62
63
420
9878646
100
AcDbHatch
 10
0.0
 20
0.0
 30
0.0
210
0.0
220
0.0
230
1.0
  2
SOLID
 70
1
 71
0
 91
1
 92
3
 72
0
 73
1
 93
4
 10
0.0138
 20
-0.0052
 10
0.0115
 20
-0.0025
 10
0.0198
 20
0.0012
 10
0.0166
 20
-0.0049
 97
0
 75
1
 76
1
 98
0
  0
HATCH
  5
325
330
31F
100
AcDbEntity
  8
VEG-RELLENO
 62
83
420
6262872
100
AcDbHatch
 10
0.0
 20
0.0
 30
0.0
210
0.0
220
0.0
230
1.0
  2
SOLID
 70
1
 71
0
 91
17
 92
3
 72
0
 73
1
 93
86
 10
0.4315
 20
0.0847
 10
0.4265
 20
0.0696
 10
0.3924
 20
0.081
 10
0.3908
 20
0.0811
 10
0.3896
 20
0.0799
 10
0.3895
 20
0.0783
 10
0.3906
 20
0.0771
 10
0.4235
 20
0.0609
 10
0.4166
 20
0.0426
 10
0.4095
 20
0.0265
 10
0.3497
 20
0.0561
 10
0.348
 20
0.0562
 10
0.3467
 20
0.0551
 10
0.3466
 20
0.0535
 10
0.3476
 20
0.0523
 10
0.4047
 20
0.0174
 10
0.3944
 20
0.0008
 10
0.3796
 20
-0.0198
 10
0.3403
 20
0.0063
 10
0.3018
 20
0.033
 10
0.2998
 20
0.0334
 10
0.2985
 20
0.0323
 10
0.2983
 20
0.0307
 10
0.2991
 20
0.0296
 10
0.3356
 20
0.0003
 10
0.3727
 20
-0.0285
 10
0.3598
 20
-0.0433
 10
0.3519
 20
-0.0514
 10
0.3438
 20
-0.0588
 10
0.3312
 20
-0.069
 10
0.2875
 20
-0.029
 10
0.2448
 20
0.0116
 10
0.2426
 20
0.0122
 10
0.2413
 20
0.0112
 10
0.2415
 20
0.0088
 10
0.2546
 20
-0.0057
 10
0.2876
 20
-0.0411
 10
0.3212
 20
-0.0762
 10
0.2989
 20
-0.0899
 10
0.2836
 20
-0.0978
 10
0.2452
 20
-0.0535
 10
0.2046
 20
-0.0049
 10
0.2162
 20
0.0094
 10
0.1763
 20
0.0407
 10
0.1773
 20
0.044
 10
0.2204
 20
0.0151
 10
0.2327
 20
0.0336
 10
0.2437
 20
0.0561
 10
0.2233
 20
0.0683
 10
0.2225
 20
0.0698
 10
0.2231
 20
0.0708
 10
0.2246
 20
0.0709
 10
0.2463
 20
0.0619
 10
0.2503
 20
0.0711
 10
0.2571
 20
0.0906
 10
0.2402
 20
0.105
 10
0.2498
 20
0.1475
 10
0.2594
 20
0.1936
 10
0.2723
 20
0.1917
 10
0.2919
 20
0.1873
 10
0.2815
 20
0.1403
 10
0.2702
 20
0.0932
 10
0.2702
 20
0.092
 10
0.2713
 20
0.0907
 10
0.2729
 20
0.0906
 10
0.2743
 20
0.092
 10
0.2887
 20
0.1383
 10
0.3021
 20
0.1845
 10
0.3236
 20
0.1778
 10
0.3448
 20
0.1701
 10
0.323
 20
0.1039
 10
0.323
 20
0.1025
 10
0.3241
 20
0.1012
 10
0.3257
 20
0.1011
 10
0.3269
 20
0.1022
 10
0.3539
 20
0.1662
 10
0.3673
 20
0.1597
 10
0.3909
 20
0.1463
 10
0.3767
 20
0.1122
 10
0.3766
 20
0.1106
 10
0.3777
 20
0.1094
 10
0.3794
 20
0.1093
 10
0.3805
 20
0.1103
 10
0.3987
 20
0.1417
 10
0.413
 20
0.133
 10
0.4385
 20
0.115
 97
0
 92
2
 72
0
 73
1
 93
14
 10
0.2645
 20
0.0792
 10
0.2626
 20
0.073
 10
0.2623
 20
0.07
 10
0.2631
 20
0.0657
 10
0.2641
 20
0.0649
 10
0.2655
 20
0.065
 10
0.2669
 20
0.0662
 10
0.2698
 20
0.0708
 10
0.2716
 20
0.0771
 10
0.2719
 20
0.0801
 10
0.2711
 20
0.0843
 10
0.2701
 20
0.0852
 10
0.2688
 20
0.085
 10
0.2673
 20
0.0839
 97
0
 92
2
 72
0
 73
1
 93
15
 10
0.2942
 20
0.039
 10
0.291
 20
0.0433
 10
0.286
 20
0.0472
 10
0.281
 20
0.0492
 10
0.2792
 20
0.0492
 10
0.278
 20
0.0486
 10
0.2776
 20
0.0473
 10
0.2781
 20
0.0455
 10
0.2794
 20
0.0434
 10
0.2837
 20
0.0391
 10
0.2864
 20
0.0373
 10
0.289
 20
0.036
 10
0.2932
 20
0.0353
 10
0.2944
 20
0.0359
 10
0.2947
 20
0.0372
 97
0
 92
3
 72
0
 73
1
 93
4
 10
0.2014
 20
-0.0085
 10
0.2092
 20
-0.0192
 10
0.213
 20
-0.0245
 10
0.1973
 20
-0.0129
 97
0
 92
3
 72
0
 73
1
 93
4
 10
0.2143
 20
-0.0264
 10
0.2217
 20
-0.0364
 10
0.1733
 20
-0.0575
 10
0.1689
 20
-0.0503
 97
0
 92
3
 72
0
 73
1
 93
4
 10
0.2486
 20
-0.0728
 10
0.2559
 20
-0.0824
 10
0.1994
 20
-0.0991
 10
0.1952
 20
-0.0924
 97
0
 92
3
 72
0
 73
1
 93
4
 10
0.1624
 20
-0.0538
 10
0.166
 20
-0.0608
 10
0.1512
 20
-0.0675
 10
0.146
 20
-0.0626
 97
0
 92
3
 72
0
 73
1
 93
4
 10
0.1882
 20
-0.1025
 10
0.1786
 20
-0.1055
 10
0.1755
 20
-0.1
 10
0.1849
 20
-0.0964
 97
0
 92
3
 72
0
 73
1
 93
4
 10
0.0495
 20
0.0601
 10
0.0473
 20
0.0738
 10
0.0473
 20
0.0757
 10
0.0488
 20
0.0785
 97
0
 92
3
 72
0
 73
1
 93
9
 10
0.101
 20
0.1607
 10
0.1068
 20
0.1595
 10
0.1091
 20
0.1585
 10
0.1104
 20
0.1573
 10
0.1109
 20
0.1562
 10
0.1102
 20
0.1552
 10
0.1063
 20
0.1538
 10
0.098
 20
0.154
 10
0.0992
 20
0.1596
 97
0
 92
3
 72
0
 73
1
 93
6
 10
0.1248
 20
0.157
 10
0.1249
 20
0.1527
 10
0.1176
 20
0.1538
 10
0.1167
 20
0.1549
 10
0.1168
 20
0.1564
 10
0.1187
 20
0.1574
 97
0
 92
3
 72
0
 73
1
 93
4
 10
0.1353
 20
0.1563
 10
0.1796
 20
0.1534
 10
0.1792
 20
0.1458
 10
0.1351
 20
0.1514
 97
0
 92
3
 72
0
 73
1
 93
3
 10
0.1744
 20
0.1902
 10
0.1814
 20
0.1915
 10
0.1813
 20
0.1899
 97
0
 92
3
 72
0
 73
1
 93
18
 10
0.1878
 20
0.1447
 10
0.1887
 20
0.1528
 10
0.2319
 20
0.1498
 10
0.2382
 20
0.1725
 10
0.241
 20
0.1879
 10
0.1926
 20
0.1896
 10
0.193
 20
0.1933
 10
0.2034
 20
0.1944
 10
0.2228
 20
0.1954
 10
0.2485
 20
0.1947
 10
0.2351
 20
0.1087
 10
0.2299
 20
0.1122
 10
0.2143
 20
0.0898
 10
0.2127
 20
0.0903
 10
0.2125
 20
0.0919
 10
0.2247
 20
0.1158
 10
0.2195
 20
0.1192
 10
0.2283
 20
0.1394
 97
0
 92
3
 72
0
 73
1
 93
4
 10
0.106
 20
0.1127
 10
0.1002
 20
0.1141
 10
0.1006
 20
0.1182
 10
0.1068
 20
0.1172
 97
0
 92
3
 72
0
 73
1
 93
4
 10
0.1584
 20
0.1005
 10
0.1607
 20
0.1081
 10
0.1656
 20
0.1073
 10
0.1626
 20
0.0995
 97
0
 92
3
 72
0
 73
1
 93
6
 10
0.1179
 20
0.021
 10
0.1175
 20
0.0221
 10
0.118
 20
0.0231
 10
0.1196
 20
0.0233
 10
0.1331
 20
0.0109
 10
0.1277
 20
0.0108
 97
0
 75
1
 76
1
 98
0
  0
HATCH
  5
326
330
31F
100
AcDbEntity
  8
VEG-RELLENO
 62
63
420
9878646
100
AcDbHatch
 10
0.0
 20
0.0
 30
0.0
210
0.0
220
0.0
230
1.0
  2
SOLID
 70
1
 71
0
 91
1
 92
3
 72
0
 73
1
 93
7
 10
-0.0114
 20
0.0857
 10
-0.0192
 20
0.0904
 10
-0.0276
 20
0.0945
 10
-0.0284
 20
0.098
 10
-0.0281
 20
0.0988
 10
-0.0191
 20
0.092
 10
-0.012
 20
0.0885
 97
0
 75
1
 76
1
 98
0
  0
HATCH
  5
327
330
31F
100
AcDbEntity
  8
VEG-RELLENO
 62
83
420
6262872
100
AcDbHatch
 10
0.0
 20
0.0
 30
0.0
210
0.0
220
0.0
230
1.0
  2
SOLID
 70
1
 71
0
 91
12
 92
3
 72
0
 73
1
 93
116
 10
-0.0753
 20
0.4245
 10
-0.0452
 20
0.4085
 10
-0.0327
 20
0.4005
 10
-0.0534
 20
0.3704
 10
-0.0538
 20
0.369
 10
-0.0531
 20
0.3677
 10
-0.0517
 20
0.3673
 10
-0.0504
 20
0.368
 10
-0.0257
 20
0.3961
 10
-0.0026
 20
0.3804
 10
-0.0417
 20
0.334
 10
-0.042
 20
0.3326
 10
-0.0413
 20
0.3313
 10
-0.0399
 20
0.3309
 10
-0.0387
 20
0.3316
 10
0.0044
 20
0.3749
 10
0.0171
 20
0.3636
 10
0.0325
 20
0.3485
 10
-0.0018
 20
0.3161
 10
-0.0288
 20
0.2894
 10
-0.0294
 20
0.2877
 10
-0.0286
 20
0.2864
 10
-0.0272
 20
0.2861
 10
-0.0261
 20
0.2866
 10
0.0026
 20
0.3115
 10
0.039
 20
0.3417
 10
0.0545
 20
0.3238
 10
0.0629
 20
0.3083
 10
0.0562
 20
0.3033
 10
0.041
 20
0.3274
 10
0.032
 20
0.3209
 10
0.0177
 20
0.3086
 10
-0.0001
 20
0.2901
 10
0.0144
 20
0.2704
 10
0.0072
 20
0.2646
 10
-0.0072
 20
0.2816
 10
-0.0134
 20
0.2735
 10
-0.0233
 20
0.2587
 10
-0.0278
 20
0.251
 10
-0.0357
 20
0.2352
 10
-0.0423
 20
0.2191
 10
0.0105
 20
0.1678
 10
0.0046
 20
0.1643
 10
-0.0461
 20
0.2074
 10
-0.0508
 20
0.1882
 10
-0.0531
 20
0.1727
 10
-0.0537
 20
0.1577
 10
-0.0523
 20
0.1439
 10
-0.0486
 20
0.1309
 10
-0.0429
 20
0.1185
 10
-0.0358
 20
0.1076
 10
-0.0281
 20
0.0988
 10
-0.0295
 20
0.0953
 10
-0.0389
 20
0.0988
 10
-0.0495
 20
0.1019
 10
-0.0454
 20
0.0715
 10
-0.0503
 20
0.0683
 10
-0.0575
 20
0.1036
 10
-0.0663
 20
0.105
 10
-0.068
 20
0.114
 10
-0.072
 20
0.1265
 10
-0.0747
 20
0.1325
 10
-0.0791
 20
0.1399
 10
-0.063
 20
0.1394
 10
-0.0615
 20
0.141
 10
-0.0624
 20
0.143
 10
-0.083
 20
0.1453
 10
-0.0909
 20
0.1544
 10
-0.1019
 20
0.1646
 10
-0.1141
 20
0.1741
 10
-0.1303
 20
0.1845
 10
-0.1352
 20
0.151
 10
-0.1438
 20
0.152
 10
-0.1407
 20
0.1902
 10
-0.1454
 20
0.1926
 10
-0.0743
 20
0.1809
 10
-0.0723
 20
0.1818
 10
-0.0723
 20
0.184
 10
-0.0736
 20
0.1848
 10
-0.1296
 20
0.1976
 10
-0.1856
 20
0.2117
 10
-0.1849
 20
0.2388
 10
-0.1829
 20
0.2558
 10
-0.1008
 20
0.2303
 10
-0.0824
 20
0.225
 10
-0.0804
 20
0.2258
 10
-0.0801
 20
0.2273
 10
-0.0814
 20
0.2288
 10
-0.1358
 20
0.2489
 10
-0.181
 20
0.2667
 10
-0.1756
 20
0.2874
 10
-0.1688
 20
0.3059
 10
-0.1329
 20
0.2894
 10
-0.0878
 20
0.2697
 10
-0.0867
 20
0.2695
 10
-0.0855
 20
0.2703
 10
-0.0851
 20
0.2718
 10
-0.0862
 20
0.2733
 10
-0.1299
 20
0.2961
 10
-0.1647
 20
0.3152
 10
-0.1552
 20
0.3345
 10
-0.1455
 20
0.3512
 10
-0.0897
 20
0.3177
 10
-0.0884
 20
0.3174
 10
-0.0871
 20
0.3181
 10
-0.0868
 20
0.3196
 10
-0.0875
 20
0.3209
 10
-0.1403
 20
0.3591
 10
-0.1307
 20
0.3716
 10
-0.1124
 20
0.3915
 10
-0.0867
 20
0.3717
 10
-0.0846
 20
0.3715
 10
-0.0836
 20
0.3727
 10
-0.0842
 20
0.3747
 10
-0.1066
 20
0.3974
 10
-0.0933
 20
0.41
 97
0
 92
2
 72
0
 73
1
 93
13
 10
-0.0734
 20
0.222
 10
-0.0689
 20
0.2192
 10
-0.0627
 20
0.2173
 10
-0.0574
 20
0.217
 10
-0.0557
 20
0.2175
 10
-0.0549
 20
0.2184
 10
-0.055
 20
0.2196
 10
-0.0581
 20
0.2224
 10
-0.0638
 20
0.2249
 10
-0.0698
 20
0.2261
 10
-0.0739
 20
0.2255
 10
-0.0747
 20
0.2246
 10
-0.0746
 20
0.2234
 97
0
 92
2
 72
0
 73
1
 93
13
 10
-0.0798
 20
0.2658
 10
-0.076
 20
0.2626
 10
-0.0706
 20
0.2602
 10
-0.0657
 20
0.2594
 10
-0.0641
 20
0.2597
 10
-0.0632
 20
0.2606
 10
-0.0632
 20
0.2618
 10
-0.0656
 20
0.2648
 10
-0.0732
 20
0.2689
 10
-0.0781
 20
0.2697
 10
-0.0798
 20
0.2693
 10
-0.0806
 20
0.2685
 10
-0.0807
 20
0.2673
 97
0
 92
3
 72
0
 73
1
 93
4
 10
0.0109
 20
0.2602
 10
0.0182
 20
0.2654
 10
0.0402
 20
0.2357
 10
0.0347
 20
0.232
 97
0
 92
3
 72
0
 73
1
 93
4
 10
0.0612
 20
0.2954
 10
0.0675
 20
0.2997
 10
0.0861
 20
0.2658
 10
0.0818
 20
0.263
 97
0
 92
3
 72
0
 73
1
 93
4
 10
0.0392
 20
0.2267
 10
0.0446
 20
0.2299
 10
0.0669
 20
0.2001
 10
0.0634
 20
0.1982
 97
0
 92
3
 72
0
 73
1
 93
5
 10
0.0907
 20
0.2568
 10
0.0925
 20
0.2516
 10
0.0939
 20
0.2466
 10
0.0919
 20
0.2472
 10
0.0871
 20
0.2547
 97
0
 92
3
 72
0
 73
1
 93
6
 10
0.0081
 20
0.1614
 10
0.0141
 20
0.1644
 10
0.0387
 20
0.1406
 10
0.0389
 20
0.1385
 10
0.0378
 20
0.1375
 10
0.0359
 20
0.1379
 97
0
 92
3
 72
0
 73
1
 93
13
 10
0.0717
 20
0.1931
 10
0.0751
 20
0.1913
 10
0.0773
 20
0.1894
 10
0.0814
 20
0.1843
 10
0.0837
 20
0.1794
 10
0.0839
 20
0.1776
 10
0.0833
 20
0.1765
 10
0.0821
 20
0.1762
 10
0.0804
 20
0.1768
 10
0.0784
 20
0.1781
 10
0.0721
 20
0.1851
 10
0.0706
 20
0.1877
 10
0.0696
 20
0.1918
 97
0
 92
3
 72
0
 73
1
 93
8
 10
0.0994
 20
0.1608
 10
0.098
 20
0.154
 10
0.0918
 20
0.1559
 10
0.0904
 20
0.157
 10
0.09
 20
0.1582
 10
0.0906
 20
0.1592
 10
0.0922
 20
0.1601
 10
0.0946
 20
0.1606
 97
0
 92
3
 72
0
 73
1
 93
4
 10
-0.1439
 20
0.09
 10
-0.148
 20
0.0953
 10
-0.1445
 20
0.1425
 10
-0.1365
 20
0.1421
 97
0
 92
3
 72
0
 73
1
 93
4
 10
-0.1784
 20
0.1613
 10
-0.1827
 20
0.1813
 10
-0.185
 20
0.1998
 10
-0.1762
 20
0.1981
 97
0
 75
1
 76
1
 98
0
  0
HATCH
  5
328
330
31F
100
AcDbEntity
  8
VEG-RELLENO
 62
63
420
9878646
100
AcDbHatch
 10
0.0
 20
0.0
 30
0.0
210
0.0
220
0.0
230
1.0
  2
SOLID
 70
1
 71
0
 91
1
 92
3
 72
0
 73
1
 93
6
 10
-0.1208
 20
0.0405
 10
-0.1175
 20
0.0406
 10
-0.1156
 20
0.036
 10
-0.1161
 20
0.0346
 10
-0.1171
 20
0.0344
 10
-0.1179
 20
0.0349
 97
0
 75
1
 76
1
 98
0
  0
HATCH
  5
329
330
31F
100
AcDbEntity
  8
VEG-RELLENO
 62
83
420
6394714
100
AcDbHatch
 10
0.0
 20
0.0
 30
0.0
210
0.0
220
0.0
230
1.0
  2
SOLID
 70
1
 71
0
 91
6
 92
3
 72
0
 73
1
 93
104
 10
-0.4186
 20
0.1653
 10
-0.3902
 20
0.1814
 10
-0.3768
 20
0.1876
 10
-0.3616
 20
0.1556
 10
-0.3606
 20
0.1545
 10
-0.3591
 20
0.1545
 10
-0.358
 20
0.1555
 10
-0.3579
 20
0.157
 10
-0.3691
 20
0.1912
 10
-0.352
 20
0.1985
 10
-0.3389
 20
0.2031
 10
-0.3191
 20
0.1449
 10
-0.3181
 20
0.1438
 10
-0.3166
 20
0.1438
 10
-0.3155
 20
0.1448
 10
-0.3154
 20
0.1462
 10
-0.33
 20
0.2057
 10
-0.311
 20
0.2101
 10
-0.2925
 20
0.2135
 10
-0.2744
 20
0.1316
 10
-0.2733
 20
0.1302
 10
-0.2718
 20
0.1301
 10
-0.2707
 20
0.1312
 10
-0.2706
 20
0.1323
 10
-0.2827
 20
0.2149
 10
-0.2628
 20
0.2168
 10
-0.2409
 20
0.2168
 10
-0.2297
 20
0.1158
 10
-0.2291
 20
0.1146
 10
-0.2278
 20
0.114
 10
-0.2264
 20
0.1146
 10
-0.2258
 20
0.1159
 10
-0.2304
 20
0.216
 10
-0.2075
 20
0.2128
 10
-0.1864
 20
0.2081
 10
-0.1856
 20
0.0981
 10
-0.185
 20
0.0967
 10
-0.1836
 20
0.0962
 10
-0.1823
 20
0.0968
 10
-0.1817
 20
0.0981
 10
-0.1758
 20
0.2049
 10
-0.157
 20
0.1979
 10
-0.1407
 20
0.1902
 10
-0.1481
 20
0.0935
 10
-0.1594
 20
0.0882
 10
-0.1762
 20
0.0789
 10
-0.1526
 20
0.0372
 10
-0.1526
 20
0.0358
 10
-0.1539
 20
0.0352
 10
-0.1548
 20
0.0357
 10
-0.1816
 20
0.0755
 10
-0.1915
 20
0.0685
 10
-0.2027
 20
0.0589
 10
-0.2018
 20
0.0618
 10
-0.2022
 20
0.063
 10
-0.2033
 20
0.0634
 10
-0.2051
 20
0.0631
 10
-0.2074
 20
0.062
 10
-0.2123
 20
0.0581
 10
-0.2164
 20
0.0533
 10
-0.2179
 20
0.0493
 10
-0.2175
 20
0.0481
 10
-0.2163
 20
0.0477
 10
-0.214
 20
0.0483
 10
-0.2223
 20
0.0398
 10
-0.2326
 20
0.0277
 10
-0.2249
 20
0.0123
 10
-0.2413
 20
0.0057
 10
-0.2507
 20
0.0011
 10
-0.2198
 20
-0.0246
 10
-0.2258
 20
-0.0315
 10
-0.2617
 20
-0.0049
 10
-0.276
 20
-0.0141
 10
-0.2217
 20
0.0413
 10
-0.2213
 20
0.0434
 10
-0.2231
 20
0.0446
 10
-0.2245
 20
0.0441
 10
-0.3096
 20
-0.0321
 10
-0.3185
 20
-0.0255
 10
-0.3334
 20
-0.013
 10
-0.3494
 20
0.0031
 10
-0.2712
 20
0.0634
 10
-0.2706
 20
0.0642
 10
-0.2706
 20
0.0657
 10
-0.2717
 20
0.0668
 10
-0.2736
 20
0.0666
 10
-0.3561
 20
0.0111
 10
-0.3717
 20
0.0327
 10
-0.3822
 20
0.05
 10
-0.3886
 20
0.0617
 10
-0.3287
 20
0.0946
 10
-0.3278
 20
0.0956
 10
-0.3277
 20
0.0971
 10
-0.3288
 20
0.0982
 10
-0.3303
 20
0.0982
 10
-0.3928
 20
0.0701
 10
-0.401
 20
0.0901
 10
-0.4069
 20
0.1095
 10
-0.3725
 20
0.1239
 10
-0.3713
 20
0.1257
 10
-0.3718
 20
0.1271
 10
-0.3739
 20
0.1276
 10
-0.4091
 20
0.1176
 10
-0.4141
 20
0.1372
 97
0
 92
2
 72
0
 73
1
 93
13
 10
-0.2291
 20
0.1066
 10
-0.2299
 20
0.1016
 10
-0.2294
 20
0.0955
 10
-0.2277
 20
0.0906
 10
-0.2265
 20
0.0893
 10
-0.2254
 20
0.0889
 10
-0.2243
 20
0.0895
 10
-0.2228
 20
0.0933
 10
-0.2231
 20
0.1022
 10
-0.2249
 20
0.107
 10
-0.226
 20
0.1083
 10
-0.2271
 20
0.1087
 10
-0.2282
 20
0.1081
 97
0
 92
3
 72
0
 73
1
 93
21
 10
-0.1442
 20
0.0876
 10
-0.1371
 20
0.1377
 10
-0.1303
 20
0.1845
 10
-0.1205
 20
0.1784
 10
-0.1079
 20
0.1694
 10
-0.0962
 20
0.1596
 10
-0.0861
 20
0.1491
 10
-0.0779
 20
0.1382
 10
-0.072
 20
0.1265
 10
-0.068
 20
0.114
 10
-0.0663
 20
0.105
 10
-0.0787
 20
0.1061
 10
-0.0913
 20
0.1061
 10
-0.079
 20
0.0582
 10
-0.0823
 20
0.0544
 10
-0.0988
 20
0.1056
 10
-0.1095
 20
0.1044
 10
-0.1222
 20
0.1021
 10
-0.1409
 20
0.0965
 10
-0.1175
 20
0.0406
 10
-0.1208
 20
0.0405
 97
0
 92
3
 72
0
 73
1
 93
4
 10
-0.1632
 20
-0.0707
 10
-0.1698
 20
-0.0719
 10
-0.2186
 20
-0.0368
 10
-0.2134
 20
-0.0299
 97
0
 92
3
 72
0
 73
1
 93
5
 10
-0.2706
 20
-0.0545
 10
-0.2869
 20
-0.0464
 10
-0.3002
 20
-0.0384
 10
-0.2962
 20
-0.0345
 10
-0.2633
 20
-0.0575
 97
0
 92
3
 72
0
 73
1
 93
7
 10
-0.2106
 20
0.0502
 10
-0.2065
 20
0.0539
 10
-0.1929
 20
0.0352
 10
-0.1926
 20
0.0342
 10
-0.1931
 20
0.0333
 10
-0.1941
 20
0.033
 10
-0.195
 20
0.0335
 97
0
 75
1
 76
1
 98
0
  0
HATCH
  5
32A
330
31F
100
AcDbEntity
  8
VEG-RELLENO
 62
83
420
6394970
100
AcDbHatch
 10
0.0
 20
0.0
 30
0.0
210
0.0
220
0.0
230
1.0
  2
SOLID
 70
1
 71
0
 91
14
 92
3
 72
0
 73
1
 93
78
 10
0.1025
 20
-0.4407
 10
0.0804
 20
-0.4341
 10
0.0919
 20
-0.4015
 10
0.0919
 20
-0.3999
 10
0.0908
 20
-0.3986
 10
0.0891
 20
-0.3985
 10
0.0878
 20
-0.3996
 10
0.0716
 20
-0.4309
 10
0.0386
 20
-0.418
 10
0.0176
 20
-0.4073
 10
0.057
 20
-0.339
 10
0.0571
 20
-0.3373
 10
0.056
 20
-0.336
 10
0.0543
 20
-0.3358
 10
0.0531
 20
-0.3367
 10
0.0086
 20
-0.4018
 10
-0.0054
 20
-0.3925
 10
-0.0241
 20
-0.3787
 10
-0.045
 20
-0.3607
 10
0.0279
 20
-0.2723
 10
0.0284
 20
-0.2702
 10
0.0273
 20
-0.2689
 10
0.0256
 20
-0.2687
 10
0.0246
 20
-0.2693
 10
-0.0534
 20
-0.3524
 10
-0.0654
 20
-0.339
 10
-0.0722
 20
-0.3303
 10
-0.0848
 20
-0.3119
 10
-0.0928
 20
-0.2983
 10
-0.0047
 20
-0.2194
 10
-0.001
 20
-0.2253
 10
0.0149
 20
-0.2023
 10
0.0182
 20
-0.2013
 10
0.0156
 20
-0.2056
 10
0.0215
 20
-0.2091
 10
0.0057
 20
-0.2349
 10
0.0209
 20
-0.2534
 10
0.0349
 20
-0.2671
 10
0.0591
 20
-0.2257
 10
0.0615
 20
-0.2265
 10
0.0719
 20
-0.2045
 10
0.0732
 20
-0.2036
 10
0.0742
 20
-0.2041
 10
0.0745
 20
-0.2055
 10
0.068
 20
-0.2257
 10
0.0432
 20
-0.2741
 10
0.0611
 20
-0.2873
 10
0.0815
 20
-0.2996
 10
0.1037
 20
-0.2527
 10
0.1108
 20
-0.2547
 10
0.0906
 20
-0.3043
 10
0.1022
 20
-0.3095
 10
0.1287
 20
-0.3187
 10
0.1487
 20
-0.2648
 10
0.1546
 20
-0.2664
 10
0.1381
 20
-0.3215
 10
0.1596
 20
-0.3269
 10
0.1763
 20
-0.3304
 10
0.1912
 20
-0.2759
 10
0.1957
 20
-0.2771
 10
0.1855
 20
-0.3317
 10
0.1896
 20
-0.3322
 10
0.1861
 20
-0.3417
 10
0.1132
 20
-0.3171
 10
0.1117
 20
-0.317
 10
0.1104
 20
-0.3181
 10
0.1103
 20
-0.3198
 10
0.1114
 20
-0.3211
 10
0.1823
 20
-0.3514
 10
0.1717
 20
-0.3731
 10
0.1584
 20
-0.3956
 10
0.1221
 20
-0.3793
 10
0.1197
 20
-0.3796
 10
0.1189
 20
-0.3812
 10
0.1201
 20
-0.3833
 10
0.1534
 20
-0.4036
 10
0.1429
 20
-0.42
 10
0.1234
 20
-0.4457
 97
0
 92
3
 72
0
 73
1
 93
16
 10
-0.0075
 20
-0.2147
 10
-0.0549
 20
-0.2519
 10
-0.0988
 20
-0.2868
 10
-0.1036
 20
-0.2765
 10
-0.0922
 20
-0.2685
 10
-0.076
 20
-0.255
 10
-0.0943
 20
-0.2009
 10
-0.0867
 20
-0.1959
 10
-0.0659
 20
-0.2454
 10
-0.0509
 20
-0.2286
 10
-0.0401
 20
-0.2141
 10
-0.0312
 20
-0.1992
 10
-0.0275
 20
-0.1917
 10
-0.023
 20
-0.1794
 10
-0.0182
 20
-0.1928
 10
-0.0151
 20
-0.1999
 97
0
 92
3
 72
0
 73
1
 93
7
 10
-0.0909
 20
-0.1861
 10
-0.098
 20
-0.1902
 10
-0.1169
 20
-0.1369
 10
-0.1166
 20
-0.1353
 10
-0.1153
 20
-0.1343
 10
-0.1137
 20
-0.1345
 10
-0.1128
 20
-0.1356
 97
0
 92
3
 72
0
 73
1
 93
5
 10
-0.0756
 20
-0.0797
 10
-0.0669
 20
-0.0755
 10
-0.0668
 20
-0.0768
 10
-0.0694
 20
-0.0835
 10
-0.0771
 20
-0.0829
 97
0
 92
3
 72
0
 73
1
 93
4
 10
-0.0133
 20
-0.0758
 10
-0.0407
 20
-0.0993
 10
-0.0457
 20
-0.095
 10
-0.0174
 20
-0.0737
 97
0
 92
3
 72
0
 73
1
 93
4
 10
0.146
 20
-0.0626
 10
0.1512
 20
-0.0675
 10
0.1389
 20
-0.073
 10
0.1375
 20
-0.0672
 97
0
 92
3
 72
0
 73
1
 93
7
 10
0.1755
 20
-0.1
 10
0.1786
 20
-0.1055
 10
0.1475
 20
-0.1155
 10
0.1459
 20
-0.1154
 10
0.1449
 20
-0.1142
 10
0.1449
 20
-0.1126
 10
0.1461
 20
-0.1116
 97
0
 92
3
 72
0
 73
1
 93
7
 10
0.1984
 20
-0.1519
 10
0.1998
 20
-0.1569
 10
0.1841
 20
-0.1593
 10
0.1828
 20
-0.1591
 10
0.1818
 20
-0.1579
 10
0.1819
 20
-0.1564
 10
0.1831
 20
-0.1554
 97
0
 92
3
 72
0
 73
1
 93
13
 10
0.1309
 20
-0.1916
 10
0.1309
 20
-0.1882
 10
0.1315
 20
-0.1851
 10
0.134
 20
-0.1787
 10
0.1373
 20
-0.174
 10
0.1388
 20
-0.1729
 10
0.1401
 20
-0.1728
 10
0.141
 20
-0.1737
 10
0.1414
 20
-0.1755
 10
0.1412
 20
-0.1781
 10
0.1406
 20
-0.1812
 10
0.1381
 20
-0.1876
 10
0.1351
 20
-0.1919
 97
0
 92
3
 72
0
 73
1
 93
7
 10
0.1568
 20
-0.2585
 10
0.1513
 20
-0.2574
 10
0.1592
 20
-0.2345
 10
0.1606
 20
-0.2331
 10
0.1621
 20
-0.2333
 10
0.1631
 20
-0.2345
 10
0.1631
 20
-0.2356
 97
0
 92
3
 72
0
 73
1
 93
7
 10
0.1128
 20
-0.2496
 10
0.1058
 20
-0.2482
 10
0.1272
 20
-0.2001
 10
0.1284
 20
-0.1991
 10
0.13
 20
-0.1992
 10
0.1309
 20
-0.2004
 10
0.1309
 20
-0.2018
 97
0
 92
3
 72
0
 73
1
 93
4
 10
0.0256
 20
-0.1867
 10
0.0268
 20
-0.1849
 10
0.0331
 20
-0.1755
 10
0.0269
 20
-0.1862
 97
0
 92
3
 72
0
 73
1
 93
4
 10
0.1061
 20
-0.1513
 10
0.0996
 20
-0.1493
 10
0.1011
 20
-0.1455
 10
0.1084
 20
-0.1471
 97
0
 92
3
 72
0
 73
1
 93
15
 10
0.1705
 20
-0.2163
 10
0.1697
 20
-0.2193
 10
0.1674
 20
-0.2248
 10
0.1659
 20
-0.2267
 10
0.1645
 20
-0.2278
 10
0.1633
 20
-0.228
 10
0.1624
 20
-0.2272
 10
0.1618
 20
-0.2255
 10
0.1616
 20
-0.2232
 10
0.1626
 20
-0.2173
 10
0.165
 20
-0.2118
 10
0.1678
 20
-0.2087
 10
0.169
 20
-0.2086
 10
0.17
 20
-0.2094
 10
0.1706
 20
-0.211
 97
0
 75
1
 76
1
 98
0
  0
HATCH
  5
32B
330
31F
100
AcDbEntity
  8
VEG-RELLENO
 62
63
420
9878646
100
AcDbHatch
 10
0.0
 20
0.0
 30
0.0
210
0.0
220
0.0
230
1.0
  2
SOLID
 70
1
 71
0
 91
1
 92
3
 72
0
 73
1
 93
4
 10
-0.102
 20
-0.0848
 10
-0.1062
 20
-0.0863
 10
-0.108
 20
-0.0867
 10
-0.1065
 20
-0.0839
 97
0
 75
1
 76
1
 98
0
  0
HATCH
  5
32C
330
31F
100
AcDbEntity
  8
VEG-RELLENO
 62
83
420
6526555
100
AcDbHatch
 10
0.0
 20
0.0
 30
0.0
210
0.0
220
0.0
230
1.0
  2
SOLID
 70
1
 71
0
 91
5
 92
3
 72
0
 73
1
 93
165
 10
-0.3894
 20
-0.2518
 10
-0.3881
 20
-0.237
 10
-0.353
 20
-0.2415
 10
-0.3515
 20
-0.2412
 10
-0.3506
 20
-0.2398
 10
-0.3509
 20
-0.2382
 10
-0.3522
 20
-0.2373
 10
-0.3872
 20
-0.2282
 10
-0.3849
 20
-0.2072
 10
-0.3821
 20
-0.1896
 10
-0.3169
 20
-0.2061
 10
-0.3153
 20
-0.2058
 10
-0.3144
 20
-0.2044
 10
-0.3147
 20
-0.2028
 10
-0.3159
 20
-0.202
 10
-0.3801
 20
-0.18
 10
-0.3751
 20
-0.162
 10
-0.3672
 20
-0.1384
 10
-0.323
 20
-0.1552
 10
-0.2782
 20
-0.1714
 10
-0.2762
 20
-0.1712
 10
-0.2754
 20
-0.1699
 10
-0.2757
 20
-0.1683
 10
-0.2767
 20
-0.1675
 10
-0.3204
 20
-0.1484
 10
-0.3636
 20
-0.1287
 10
-0.3523
 20
-0.1027
 10
-0.3451
 20
-0.0896
 10
-0.2929
 20
-0.1155
 10
-0.2489
 20
-0.1363
 10
-0.2394
 20
-0.1406
 10
-0.2373
 20
-0.1397
 10
-0.2371
 20
-0.1381
 10
-0.238
 20
-0.1367
 10
-0.2891
 20
-0.1089
 10
-0.3394
 20
-0.0804
 10
-0.3255
 20
-0.0611
 10
-0.3073
 20
-0.0405
 10
-0.2482
 20
-0.0772
 10
-0.1969
 20
-0.1078
 10
-0.1953
 20
-0.1081
 10
-0.194
 20
-0.1071
 10
-0.1938
 20
-0.1055
 10
-0.1947
 20
-0.1042
 10
-0.2432
 20
-0.0715
 10
-0.299
 20
-0.0325
 10
-0.286
 20
-0.0215
 10
-0.2788
 20
-0.016
 10
-0.2617
 20
-0.0049
 10
-0.206
 20
-0.0459
 10
-0.1577
 20
-0.0805
 10
-0.1559
 20
-0.0808
 10
-0.1546
 20
-0.0798
 10
-0.1544
 20
-0.0782
 10
-0.1552
 20
-0.0771
 10
-0.2507
 20
0.0011
 10
-0.2413
 20
0.0057
 10
-0.2249
 20
0.0123
 10
-0.217
 20
-0.0009
 10
-0.1964
 20
0.0125
 10
-0.1949
 20
0.0126
 10
-0.1942
 20
0.0113
 10
-0.1947
 20
0.0104
 10
-0.2139
 20
-0.0058
 10
-0.2026
 20
-0.0219
 10
-0.194
 20
-0.0317
 10
-0.1581
 20
0.0009
 10
-0.1566
 20
0.001
 10
-0.1559
 20
0.0002
 10
-0.1563
 20
-0.0011
 10
-0.1895
 20
-0.0363
 10
-0.1759
 20
-0.0487
 10
-0.1671
 20
-0.0558
 10
-0.125
 20
-0.0066
 10
-0.1233
 20
-0.0062
 10
-0.1226
 20
-0.0071
 10
-0.1229
 20
-0.0082
 10
-0.1615
 20
-0.0599
 10
-0.1541
 20
-0.0648
 10
-0.1427
 20
-0.071
 10
-0.1256
 20
-0.0782
 10
-0.0989
 20
-0.0359
 10
-0.0974
 20
-0.0423
 10
-0.1184
 20
-0.0806
 10
-0.1065
 20
-0.0839
 10
-0.108
 20
-0.0867
 10
-0.102
 20
-0.0848
 10
-0.0888
 20
-0.0868
 10
-0.0792
 20
-0.0874
 10
-0.0771
 20
-0.0829
 10
-0.0694
 20
-0.0835
 10
-0.0709
 20
-0.0875
 10
-0.0658
 20
-0.0874
 10
-0.0618
 20
-0.107
 10
-0.0457
 20
-0.095
 10
-0.0407
 20
-0.0993
 10
-0.0593
 20
-0.1151
 10
-0.0514
 20
-0.1342
 10
-0.0454
 20
-0.1453
 10
-0.0383
 20
-0.1562
 10
-0.0307
 20
-0.1662
 10
-0.0267
 20
-0.1619
 10
-0.0251
 20
-0.1712
 10
-0.0258
 20
-0.172
 10
-0.0246
 20
-0.1733
 10
-0.023
 20
-0.1794
 10
-0.0275
 20
-0.1917
 10
-0.0312
 20
-0.1992
 10
-0.0401
 20
-0.2141
 10
-0.0509
 20
-0.2286
 10
-0.0659
 20
-0.2454
 10
-0.1128
 20
-0.1356
 10
-0.1145
 20
-0.1342
 10
-0.1166
 20
-0.1353
 10
-0.1168
 20
-0.1372
 10
-0.0945
 20
-0.2004
 10
-0.076
 20
-0.255
 10
-0.0922
 20
-0.2685
 10
-0.1004
 20
-0.2744
 10
-0.1146
 20
-0.2835
 10
-0.1299
 20
-0.2288
 10
-0.1486
 20
-0.1654
 10
-0.1504
 20
-0.1639
 10
-0.1525
 20
-0.1649
 10
-0.1528
 20
-0.1666
 10
-0.1399
 20
-0.2232
 10
-0.1259
 20
-0.2898
 10
-0.1457
 20
-0.2991
 10
-0.1658
 20
-0.3067
 10
-0.1852
 20
-0.3123
 10
-0.1905
 20
-0.266
 10
-0.1977
 20
-0.2106
 10
-0.199
 20
-0.2012
 10
-0.2007
 20
-0.1996
 10
-0.2023
 20
-0.2
 10
-0.2032
 20
-0.202
 10
-0.1995
 20
-0.2583
 10
-0.1967
 20
-0.3149
 10
-0.2186
 20
-0.3179
 10
-0.2333
 20
-0.3188
 10
-0.234
 20
-0.2712
 10
-0.2353
 20
-0.2239
 10
-0.2357
 20
-0.2227
 10
-0.2371
 20
-0.2218
 10
-0.2387
 20
-0.2221
 10
-0.2396
 20
-0.2239
 10
-0.2416
 20
-0.2714
 10
-0.2443
 20
-0.3191
 10
-0.2739
 20
-0.3181
 10
-0.2922
 20
-0.3162
 10
-0.2852
 20
-0.2497
 10
-0.2861
 20
-0.2476
 10
-0.2877
 20
-0.2473
 10
-0.2894
 20
-0.249
 10
-0.3022
 20
-0.3144
 10
-0.32
 20
-0.3101
 10
-0.343
 20
-0.3028
 10
-0.3362
 20
-0.2704
 10
-0.3365
 20
-0.2688
 10
-0.3379
 20
-0.2678
 10
-0.3395
 20
-0.2681
 10
-0.3404
 20
-0.2693
 10
-0.3515
 20
-0.3
 10
-0.367
 20
-0.2941
 10
-0.39
 20
-0.2834
 97
0
 92
2
 72
0
 73
1
 93
16
 10
-0.1522
 20
-0.1457
 10
-0.1547
 20
-0.1394
 10
-0.1562
 20
-0.1372
 10
-0.1577
 20
-0.1359
 10
-0.159
 20
-0.1357
 10
-0.16
 20
-0.1365
 10
-0.1606
 20
-0.1384
 10
-0.1608
 20
-0.1411
 10
-0.1597
 20
-0.1478
 10
-0.1572
 20
-0.1541
 10
-0.1557
 20
-0.1564
 10
-0.1542
 20
-0.1576
 10
-0.1529
 20
-0.1579
 10
-0.1519
 20
-0.157
 10
-0.1513
 20
-0.1551
 10
-0.1511
 20
-0.1524
 97
0
 92
2
 72
0
 73
1
 93
15
 10
-0.2338
 20
-0.209
 10
-0.2336
 20
-0.2058
 10
-0.2344
 20
-0.1997
 10
-0.2353
 20
-0.1974
 10
-0.2364
 20
-0.196
 10
-0.2376
 20
-0.1955
 10
-0.2388
 20
-0.196
 10
-0.2399
 20
-0.1975
 10
-0.2408
 20
-0.1998
 10
-0.2415
 20
-0.2059
 10
-0.2407
 20
-0.212
 10
-0.2387
 20
-0.2158
 10
-0.2375
 20
-0.2163
 10
-0.2363
 20
-0.2157
 10
-0.2352
 20
-0.2142
 97
0
 92
2
 72
0
 73
1
 93
14
 10
-0.2284
 20
-0.1473
 10
-0.2226
 20
-0.151
 10
-0.2192
 20
-0.1524
 10
-0.2133
 20
-0.1537
 10
-0.2114
 20
-0.1535
 10
-0.2103
 20
-0.1526
 10
-0.2103
 20
-0.1513
 10
-0.2133
 20
-0.1477
 10
-0.2192
 20
-0.144
 10
-0.2257
 20
-0.1416
 10
-0.2304
 20
-0.1415
 10
-0.2314
 20
-0.1423
 10
-0.2314
 20
-0.1437
 10
-0.2304
 20
-0.1454
 97
0
 92
2
 72
0
 73
1
 93
14
 10
-0.269
 20
-0.1752
 10
-0.2645
 20
-0.1784
 10
-0.2584
 20
-0.1808
 10
-0.2529
 20
-0.1814
 10
-0.2511
 20
-0.1809
 10
-0.2502
 20
-0.1799
 10
-0.2502
 20
-0.1786
 10
-0.2532
 20
-0.1754
 10
-0.2558
 20
-0.1739
 10
-0.262
 20
-0.1715
 10
-0.2674
 20
-0.1709
 10
-0.2692
 20
-0.1714
 10
-0.2701
 20
-0.1723
 10
-0.2701
 20
-0.1736
 97
0
 75
1
 76
1
 98
0
  0
HATCH
  5
32D
330
31F
100
AcDbEntity
  8
VEG-RELLENO
 62
63
420
9878646
100
AcDbHatch
 10
0.0
 20
0.0
 30
0.0
210
0.0
220
0.0
230
1.0
  2
SOLID
 70
1
 71
0
 91
2
 92
3
 72
0
 73
1
 93
4
 10
0.0446
 20
0.0705
 10
0.0423
 20
0.0931
 10
0.0483
 20
0.0969
 10
0.0488
 20
0.0785
 97
0
 92
3
 72
0
 73
1
 93
7
 10
0.0156
 20
0.0147
 10
-0.0011
 20
0.0072
 10
-0.004
 20
0.0075
 10
-0.003
 20
0.0095
 10
0.0045
 20
0.0149
 10
0.0081
 20
0.0197
 10
0.0168
 20
0.0172
 97
0
 75
1
 76
1
 98
0
  0
HATCH
  5
32E
330
31F
100
AcDbEntity
  8
VEG-RELLENO
 62
83
420
6592349
100
AcDbHatch
 10
0.0
 20
0.0
 30
0.0
210
0.0
220
0.0
230
1.0
  2
SOLID
 70
1
 71
0
 91
7
 92
3
 72
0
 73
1
 93
119
 10
0.212
 20
0.3543
 10
0.2184
 20
0.3393
 10
0.1873
 20
0.3266
 10
0.1862
 20
0.3257
 10
0.186
 20
0.3242
 10
0.187
 20
0.3231
 10
0.1884
 20
0.3229
 10
0.2215
 20
0.3316
 10
0.2272
 20
0.3173
 10
0.2323
 20
0.3022
 10
0.1747
 20
0.2864
 10
0.1735
 20
0.2854
 10
0.1734
 20
0.2839
 10
0.1744
 20
0.2828
 10
0.1757
 20
0.2826
 10
0.2347
 20
0.2935
 10
0.2381
 20
0.2769
 10
0.242
 20
0.2498
 10
0.1565
 20
0.2378
 10
0.155
 20
0.2368
 10
0.1549
 20
0.2353
 10
0.1558
 20
0.2342
 10
0.157
 20
0.2339
 10
0.2429
 20
0.2401
 10
0.2437
 20
0.2187
 10
0.2424
 20
0.1982
 10
0.1375
 20
0.1951
 10
0.1363
 20
0.1947
 10
0.1356
 20
0.1934
 10
0.1361
 20
0.192
 10
0.1374
 20
0.1913
 10
0.241
 20
0.1879
 10
0.2382
 20
0.1725
 10
0.2319
 20
0.1498
 10
0.1187
 20
0.1574
 10
0.1172
 20
0.157
 10
0.1166
 20
0.1556
 10
0.117
 20
0.1542
 10
0.1183
 20
0.1536
 10
0.2283
 20
0.1394
 10
0.2195
 20
0.1192
 10
0.2103
 20
0.1249
 10
0.199
 20
0.1309
 10
0.1781
 20
0.139
 10
0.1656
 20
0.1073
 10
0.1607
 20
0.1081
 10
0.1711
 20
0.1412
 10
0.1576
 20
0.1449
 10
0.1425
 20
0.1479
 10
0.1351
 20
0.1489
 10
0.1203
 20
0.1496
 10
0.1123
 20
0.1495
 10
0.1068
 20
0.1172
 10
0.1006
 20
0.1182
 10
0.1038
 20
0.149
 10
0.0909
 20
0.1475
 10
0.0769
 20
0.1449
 10
0.0635
 20
0.1411
 10
0.0473
 20
0.1348
 10
0.0483
 20
0.0969
 10
0.0423
 20
0.0931
 10
0.0388
 20
0.1308
 10
0.0218
 20
0.1207
 10
0.0073
 20
0.1094
 10
-0.0009
 20
0.1011
 10
-0.0043
 20
0.0968
 10
-0.0099
 20
0.0877
 10
-0.0191
 20
0.092
 10
-0.028
 20
0.0987
 10
-0.0358
 20
0.1076
 10
-0.0429
 20
0.1185
 10
-0.0486
 20
0.1309
 10
-0.0523
 20
0.1439
 10
-0.0537
 20
0.1577
 10
-0.0531
 20
0.1727
 10
-0.0508
 20
0.1882
 10
-0.0461
 20
0.2074
 10
0.0359
 20
0.1379
 10
0.0378
 20
0.1375
 10
0.0391
 20
0.1392
 10
0.0385
 20
0.1408
 10
-0.0423
 20
0.2191
 10
-0.0357
 20
0.2352
 10
-0.0278
 20
0.251
 10
-0.0185
 20
0.2662
 10
-0.0072
 20
0.2816
 10
0.0638
 20
0.1977
 10
0.0659
 20
0.1971
 10
0.0673
 20
0.1988
 10
0.0668
 20
0.2002
 10
-0.0001
 20
0.2901
 10
0.0043
 20
0.2951
 10
0.0177
 20
0.3086
 10
0.0247
 20
0.3149
 10
0.041
 20
0.3274
 10
0.0917
 20
0.2475
 10
0.0924
 20
0.2468
 10
0.0939
 20
0.2466
 10
0.0951
 20
0.2476
 10
0.095
 20
0.2495
 10
0.0495
 20
0.333
 10
0.0742
 20
0.3469
 10
0.0997
 20
0.3587
 10
0.1262
 20
0.2996
 10
0.1271
 20
0.2986
 10
0.1286
 20
0.2985
 10
0.1297
 20
0.2994
 10
0.1299
 20
0.3009
 10
0.1083
 20
0.362
 10
0.1237
 20
0.3668
 10
0.1518
 20
0.373
 10
0.1614
 20
0.3436
 10
0.1624
 20
0.3425
 10
0.1639
 20
0.3423
 10
0.165
 20
0.3433
 10
0.1652
 20
0.3447
 10
0.1599
 20
0.3746
 10
0.1759
 20
0.377
 10
0.1989
 20
0.3791
 97
0
 92
2
 72
0
 73
1
 93
16
 10
0.074
 20
0.1825
 10
0.0784
 20
0.1781
 10
0.0804
 20
0.1768
 10
0.0821
 20
0.1762
 10
0.0833
 20
0.1765
 10
0.0839
 20
0.1776
 10
0.0837
 20
0.1794
 10
0.0829
 20
0.1817
 10
0.0795
 20
0.1869
 10
0.0751
 20
0.1913
 10
0.073
 20
0.1927
 10
0.0713
 20
0.1932
 10
0.0702
 20
0.1929
 10
0.0696
 20
0.1918
 10
0.0698
 20
0.19
 10
0.0706
 20
0.1877
 97
0
 92
2
 72
0
 73
1
 93
13
 10
0.104
 20
0.1603
 10
0.0946
 20
0.1606
 10
0.0922
 20
0.1601
 10
0.0906
 20
0.1592
 10
0.09
 20
0.1582
 10
0.0904
 20
0.157
 10
0.0918
 20
0.1559
 10
0.0969
 20
0.1541
 10
0.1063
 20
0.1538
 10
0.1102
 20
0.1552
 10
0.1109
 20
0.1562
 10
0.1104
 20
0.1573
 10
0.1091
 20
0.1585
 97
0
 92
2
 72
0
 73
1
 93
13
 10
0.1257
 20
0.196
 10
0.1164
 20
0.1965
 10
0.1113
 20
0.1952
 10
0.1098
 20
0.1942
 10
0.1093
 20
0.1931
 10
0.1098
 20
0.192
 10
0.1136
 20
0.1903
 10
0.1197
 20
0.1896
 10
0.1257
 20
0.1903
 10
0.1295
 20
0.1921
 10
0.13
 20
0.1932
 10
0.1295
 20
0.1943
 10
0.128
 20
0.1953
 97
0
 92
2
 72
0
 73
1
 93
13
 10
0.1478
 20
0.237
 10
0.143
 20
0.2378
 10
0.1372
 20
0.2371
 10
0.1326
 20
0.2353
 10
0.1314
 20
0.2342
 10
0.1311
 20
0.233
 10
0.1316
 20
0.232
 10
0.1353
 20
0.2306
 10
0.1437
 20
0.231
 10
0.1483
 20
0.2328
 10
0.1495
 20
0.234
 10
0.1499
 20
0.2351
 10
0.1493
 20
0.2362
 97
0
 92
3
 72
0
 73
1
 93
7
 10
0.106
 20
0.1127
 10
0.099
 20
0.067
 10
0.0986
 20
0.0661
 10
0.0975
 20
0.0657
 10
0.0965
 20
0.0662
 10
0.0961
 20
0.0673
 10
0.1002
 20
0.1141
 97
0
 92
3
 72
0
 73
1
 93
7
 10
0.1626
 20
0.0995
 10
0.156
 20
0.0822
 10
0.1552
 20
0.0814
 10
0.154
 20
0.0815
 10
0.1533
 20
0.0824
 10
0.1533
 20
0.0833
 10
0.1584
 20
0.1005
 97
0
 75
1
 76
1
 98
0
  0
HATCH
  5
32F
330
31F
100
AcDbEntity
  8
VEG-RELLENO
 62
63
420
9878646
100
AcDbHatch
 10
0.0
 20
0.0
 30
0.0
210
0.0
220
0.0
230
1.0
  2
SOLID
 70
1
 71
0
 91
1
 92
3
 72
0
 73
1
 93
4
 10
0.0156
 20
-0.0073
 10
0.0142
 20
-0.0141
 10
0.0093
 20
-0.0035
 10
0.0115
 20
-0.0025
 97
0
 75
1
 76
1
 98
0
  0
HATCH
  5
330
330
31F
100
AcDbEntity
  8
VEG-RELLENO
 62
83
420
6790496
100
AcDbHatch
 10
0.0
 20
0.0
 30
0.0
210
0.0
220
0.0
230
1.0
  2
SOLID
 70
1
 71
0
 91
9
 92
3
 72
0
 73
1
 93
117
 10
0.2456
 20
-0.335
 10
0.2296
 20
-0.3345
 10
0.232
 20
-0.2998
 10
0.2317
 20
-0.2984
 10
0.2304
 20
-0.2976
 10
0.2288
 20
-0.298
 10
0.228
 20
-0.2993
 10
0.2212
 20
-0.3342
 10
0.2031
 20
-0.3333
 10
0.1855
 20
-0.3317
 10
0.1972
 20
-0.2686
 10
0.1968
 20
-0.2671
 10
0.1955
 20
-0.2663
 10
0.194
 20
-0.2667
 10
0.1932
 20
-0.2679
 10
0.1763
 20
-0.3304
 10
0.1596
 20
-0.3269
 10
0.1381
 20
-0.3215
 10
0.151
 20
-0.2788
 10
0.1631
 20
-0.2356
 10
0.1627
 20
-0.2338
 10
0.1614
 20
-0.233
 10
0.1599
 20
-0.2335
 10
0.1592
 20
-0.2345
 10
0.1443
 20
-0.2769
 10
0.1287
 20
-0.3187
 10
0.1114
 20
-0.3131
 10
0.0906
 20
-0.3043
 10
0.1079
 20
-0.262
 10
0.1245
 20
-0.2191
 10
0.1309
 20
-0.2018
 10
0.1309
 20
-0.2004
 10
0.13
 20
-0.1992
 10
0.1284
 20
-0.1991
 10
0.1272
 20
-0.2001
 10
0.1048
 20
-0.2503
 10
0.0815
 20
-0.2996
 10
0.0611
 20
-0.2873
 10
0.0432
 20
-0.2741
 10
0.068
 20
-0.2257
 10
0.0672
 20
-0.2283
 10
0.078
 20
-0.2316
 10
0.0977
 20
-0.2359
 10
0.1073
 20
-0.2223
 10
0.1148
 20
-0.2097
 10
0.094
 20
-0.1981
 10
0.0933
 20
-0.1974
 10
0.0933
 20
-0.1963
 10
0.0941
 20
-0.1956
 10
0.0951
 20
-0.1956
 10
0.1176
 20
-0.2045
 10
0.1282
 20
-0.1834
 10
0.1325
 20
-0.172
 10
0.1358
 20
-0.1604
 10
0.1061
 20
-0.1513
 10
0.1084
 20
-0.1471
 10
0.1375
 20
-0.1538
 10
0.1408
 20
-0.1383
 10
0.1427
 20
-0.1241
 10
0.1433
 20
-0.1105
 10
0.1428
 20
-0.099
 10
0.065
 20
-0.091
 10
0.0638
 20
-0.0902
 10
0.0641
 20
-0.0886
 10
0.0651
 20
-0.0882
 10
0.142
 20
-0.0913
 10
0.1389
 20
-0.073
 10
0.225
 20
-0.035
 10
0.2399
 20
-0.05
 10
0.2524
 20
-0.0652
 10
0.2559
 20
-0.07
 10
0.1733
 20
-0.1009
 10
0.1461
 20
-0.1116
 10
0.1448
 20
-0.1134
 10
0.1459
 20
-0.1154
 10
0.1475
 20
-0.1155
 10
0.2049
 20
-0.0974
 10
0.2629
 20
-0.0804
 10
0.2687
 20
-0.0901
 10
0.2783
 20
-0.1084
 10
0.2826
 20
-0.1179
 10
0.2886
 20
-0.1336
 10
0.2501
 20
-0.141
 10
0.2023
 20
-0.151
 10
0.1831
 20
-0.1554
 10
0.1817
 20
-0.1571
 10
0.1822
 20
-0.1586
 10
0.1841
 20
-0.1593
 10
0.2427
 20
-0.1507
 10
0.292
 20
-0.1445
 10
0.2953
 20
-0.1573
 10
0.2992
 20
-0.1814
 10
0.2628
 20
-0.1844
 10
0.2175
 20
-0.1888
 10
0.2081
 20
-0.1899
 10
0.2067
 20
-0.1916
 10
0.2071
 20
-0.1931
 10
0.2089
 20
-0.1939
 10
0.2544
 20
-0.1925
 10
0.3002
 20
-0.192
 10
0.3014
 20
-0.2208
 10
0.3007
 20
-0.24
 10
0.2376
 20
-0.2373
 10
0.2357
 20
-0.2383
 10
0.2355
 20
-0.2399
 10
0.2372
 20
-0.2414
 10
0.2996
 20
-0.2496
 10
0.2968
 20
-0.2654
 10
0.2912
 20
-0.2885
 10
0.2602
 20
-0.2841
 10
0.2587
 20
-0.2844
 10
0.2579
 20
-0.2858
 10
0.2583
 20
-0.2873
 10
0.2595
 20
-0.2881
 10
0.289
 20
-0.2968
 10
0.2844
 20
-0.3113
 10
0.2756
 20
-0.3338
 97
0
 92
2
 72
0
 73
1
 93
14
 10
0.1365
 20
-0.1903
 10
0.1395
 20
-0.1845
 10
0.1406
 20
-0.1812
 10
0.1414
 20
-0.1755
 10
0.141
 20
-0.1737
 10
0.1401
 20
-0.1728
 10
0.1388
 20
-0.1729
 10
0.1356
 20
-0.176
 10
0.1326
 20
-0.1818
 10
0.1309
 20
-0.1882
 10
0.1312
 20
-0.1926
 10
0.132
 20
-0.1935
 10
0.1333
 20
-0.1934
 10
0.1348
 20
-0.1923
 97
0
 92
2
 72
0
 73
1
 93
14
 10
0.1659
 20
-0.2267
 10
0.1687
 20
-0.2223
 10
0.1705
 20
-0.2163
 10
0.1706
 20
-0.211
 10
0.17
 20
-0.2094
 10
0.169
 20
-0.2086
 10
0.1678
 20
-0.2087
 10
0.165
 20
-0.2118
 10
0.1637
 20
-0.2143
 10
0.1619
 20
-0.2203
 10
0.1618
 20
-0.2255
 10
0.1624
 20
-0.2272
 10
0.1633
 20
-0.228
 10
0.1645
 20
-0.2278
 97
0
 92
3
 72
0
 73
1
 93
6
 10
0.0591
 20
-0.2257
 10
0.0349
 20
-0.2671
 10
0.0209
 20
-0.2534
 10
0.0057
 20
-0.2349
 10
0.0215
 20
-0.2091
 10
0.0397
 20
-0.2186
 97
0
 92
3
 72
0
 73
1
 93
14
 10
0.0323
 20
-0.1768
 10
0.0157
 20
-0.2011
 10
-0.001
 20
-0.2253
 10
-0.0081
 20
-0.2137
 10
-0.0151
 20
-0.1999
 10
-0.0209
 20
-0.1857
 10
-0.0246
 20
-0.1733
 10
-0.0115
 20
-0.1861
 10
-0.0004
 20
-0.1949
 10
0.0099
 20
-0.2019
 10
0.042
 20
-0.1546
 10
0.0438
 20
-0.1541
 10
0.0445
 20
-0.1549
 10
0.0445
 20
-0.1559
 97
0
 92
3
 72
0
 73
1
 93
7
 10
-0.0251
 20
-0.1712
 10
-0.0267
 20
-0.1619
 10
0.0211
 20
-0.1106
 10
0.0221
 20
-0.1102
 10
0.0231
 20
-0.1106
 10
0.0235
 20
-0.1116
 10
0.0232
 20
-0.1125
 97
0
 92
3
 72
0
 73
1
 93
10
 10
0.1277
 20
0.0108
 10
0.1331
 20
0.0109
 10
0.1769
 20
-0.0308
 10
0.1898
 20
-0.0203
 10
0.1973
 20
-0.0129
 10
0.2149
 20
-0.0261
 10
0.1375
 20
-0.0672
 10
0.1338
 20
-0.0551
 10
0.1509
 20
-0.0472
 10
0.1705
 20
-0.0353
 97
0
 92
3
 72
0
 73
1
 93
6
 10
0.1011
 20
-0.1455
 10
0.0996
 20
-0.1493
 10
0.0824
 20
-0.1441
 10
0.0815
 20
-0.1433
 10
0.0815
 20
-0.1422
 10
0.0831
 20
-0.1414
 97
0
 92
3
 72
0
 73
1
 93
4
 10
0.0835
 20
-0.0394
 10
0.0803
 20
-0.0345
 10
0.0867
 20
-0.0335
 10
0.0907
 20
-0.0389
 97
0
 75
1
 76
1
 98
0
  0
HATCH
  5
331
330
31F
100
AcDbEntity
  8
VEG-RELLENO
 62
63
420
9878646
100
AcDbHatch
 10
0.0
 20
0.0
 30
0.0
210
0.0
220
0.0
230
1.0
  2
SOLID
 70
1
 71
0
 91
1
 92
3
 72
0
 73
1
 93
10
 10
-0.0011
 20
0.0072
 10
-0.0029
 20
0.0064
 10
0.0
 20
0.0
 10
-0.0064
 20
-0.0029
 10
-0.0047
 20
-0.0065
 10
-0.0065
 20
-0.0063
 10
-0.0125
 20
-0.0008
 10
-0.0184
 20
0.0024
 10
-0.012
 20
0.0043
 10
-0.0059
 20
0.0078
 97
0
 75
1
 76
1
 98
0
  0
HATCH
  5
332
330
31F
100
AcDbEntity
  8
VEG-RELLENO
 62
73
420
7974769
100
AcDbHatch
 10
0.0
 20
0.0
 30
0.0
210
0.0
220
0.0
230
1.0
  2
SOLID
 70
1
 71
0
 91
2
 92
3
 72
0
 73
1
 93
108
 10
-0.2326
 20
0.0277
 10
-0.22
 20
0.0423
 10
-0.2113
 20
0.0509
 10
-0.195
 20
0.0335
 10
-0.1941
 20
0.033
 10
-0.1931
 20
0.0333
 10
-0.1926
 20
0.0342
 10
-0.1929
 20
0.0352
 10
-0.2071
 20
0.0548
 10
-0.1915
 20
0.0685
 10
-0.1816
 20
0.0755
 10
-0.1548
 20
0.0357
 10
-0.1539
 20
0.0352
 10
-0.1529
 20
0.0354
 10
-0.1526
 20
0.0372
 10
-0.1762
 20
0.0789
 10
-0.1594
 20
0.0882
 10
-0.1473
 20
0.0939
 10
-0.1181
 20
0.0351
 10
-0.1171
 20
0.0344
 10
-0.1161
 20
0.0346
 10
-0.1157
 20
0.0362
 10
-0.1409
 20
0.0965
 10
-0.1222
 20
0.1021
 10
-0.1095
 20
0.1044
 10
-0.0988
 20
0.1056
 10
-0.0749
 20
0.0316
 10
-0.0742
 20
0.0308
 10
-0.0732
 20
0.0307
 10
-0.0724
 20
0.0313
 10
-0.0723
 20
0.0323
 10
-0.0913
 20
0.1061
 10
-0.0787
 20
0.1061
 10
-0.0668
 20
0.1051
 10
-0.0575
 20
0.1036
 10
-0.0419
 20
0.0269
 10
-0.0407
 20
0.0258
 10
-0.0397
 20
0.026
 10
-0.0392
 20
0.0273
 10
-0.0495
 20
0.1019
 10
-0.0389
 20
0.0988
 10
-0.0288
 20
0.095
 10
-0.0192
 20
0.0904
 10
-0.0109
 20
0.0854
 10
-0.015
 20
0.0732
 10
-0.0165
 20
0.0633
 10
-0.0165
 20
0.0543
 10
-0.0148
 20
0.046
 10
-0.0113
 20
0.0382
 10
-0.0045
 20
0.0283
 10
0.0003
 20
0.0235
 10
0.0081
 20
0.0197
 10
0.0045
 20
0.0149
 10
-0.0002
 20
0.0112
 10
-0.012
 20
0.0043
 10
-0.0184
 20
0.0024
 10
-0.0125
 20
-0.0008
 10
-0.0035
 20
-0.0092
 10
0.0
 20
-0.0169
 10
-0.0099
 20
-0.0122
 10
-0.0129
 20
-0.0114
 10
-0.0194
 20
-0.0114
 10
-0.0267
 20
-0.0125
 10
-0.0344
 20
-0.0148
 10
-0.0416
 20
-0.0184
 10
-0.0458
 20
-0.0216
 10
-0.0441
 20
-0.0169
 10
-0.0448
 20
-0.0156
 10
-0.0462
 20
-0.0157
 10
-0.052
 20
-0.0281
 10
-0.0566
 20
-0.0341
 10
-0.0614
 20
-0.0426
 10
-0.0647
 20
-0.0516
 10
-0.0662
 20
-0.0591
 10
-0.0792
 20
-0.0874
 10
-0.0828
 20
-0.0873
 10
-0.1008
 20
-0.0851
 10
-0.1184
 20
-0.0806
 10
-0.0822
 20
-0.0142
 10
-0.082
 20
-0.0132
 10
-0.0827
 20
-0.0124
 10
-0.0837
 20
-0.0123
 10
-0.0845
 20
-0.0129
 10
-0.1256
 20
-0.0782
 10
-0.1427
 20
-0.071
 10
-0.1541
 20
-0.0648
 10
-0.1615
 20
-0.0599
 10
-0.1229
 20
-0.0082
 10
-0.1229
 20
-0.0066
 10
-0.1238
 20
-0.0061
 10
-0.125
 20
-0.0066
 10
-0.1671
 20
-0.0558
 10
-0.1759
 20
-0.0487
 10
-0.1895
 20
-0.0363
 10
-0.1563
 20
-0.0011
 10
-0.1562
 20
0.0007
 10
-0.1571
 20
0.0012
 10
-0.1581
 20
0.0009
 10
-0.194
 20
-0.0317
 10
-0.2026
 20
-0.0219
 10
-0.2139
 20
-0.0058
 10
-0.1947
 20
0.0104
 10
-0.1942
 20
0.0113
 10
-0.1945
 20
0.0122
 10
-0.1954
 20
0.0127
 10
-0.1964
 20
0.0125
 10
-0.217
 20
-0.0009
 10
-0.224
 20
0.0104
 97
0
 92
3
 72
0
 73
1
 93
4
 10
-0.0709
 20
-0.0875
 10
-0.0676
 20
-0.0788
 10
-0.0668
 20
-0.0768
 10
-0.0658
 20
-0.0874
 97
0
 75
1
 76
1
 98
0
  0
HATCH
  5
333
330
31F
100
AcDbEntity
  8
VEG-RELLENO
 62
63
420
9878646
100
AcDbHatch
 10
0.0
 20
0.0
 30
0.0
210
0.0
220
0.0
230
1.0
  2
SOLID
 70
1
 71
0
 91
1
 92
3
 72
0
 73
1
 93
9
 10
0.0093
 20
-0.0035
 10
0.0064
 20
0.0029
 10
0.0
 20
0.0
 10
-0.0029
 20
0.0064
 10
0.0194
 20
0.0165
 10
0.0252
 20
0.0152
 10
0.0313
 20
0.0153
 10
0.0259
 20
0.0102
 10
0.0198
 20
0.0012
 97
0
 75
1
 76
1
 98
0
  0
HATCH
  5
334
330
31F
100
AcDbEntity
  8
VEG-RELLENO
 62
73
420
8106356
100
AcDbHatch
 10
0.0
 20
0.0
 30
0.0
210
0.0
220
0.0
230
1.0
  2
SOLID
 70
1
 71
0
 91
3
 92
3
 72
0
 73
1
 93
101
 10
0.2571
 20
0.0906
 10
0.2503
 20
0.0711
 10
0.2463
 20
0.0619
 10
0.2246
 20
0.0709
 10
0.2236
 20
0.071
 10
0.2227
 20
0.0703
 10
0.2226
 20
0.0692
 10
0.2233
 20
0.0683
 10
0.2437
 20
0.0561
 10
0.2327
 20
0.0336
 10
0.2204
 20
0.0151
 10
0.1746
 20
0.0457
 10
0.1733
 20
0.0459
 10
0.1724
 20
0.0452
 10
0.1723
 20
0.0441
 10
0.1729
 20
0.0433
 10
0.2162
 20
0.0094
 10
0.2046
 20
-0.0049
 10
0.1948
 20
-0.0155
 10
0.1846
 20
-0.0247
 10
0.1769
 20
-0.0308
 10
0.12
 20
0.023
 10
0.1191
 20
0.0235
 10
0.118
 20
0.0231
 10
0.1175
 20
0.0221
 10
0.1179
 20
0.021
 10
0.1705
 20
-0.0353
 10
0.1509
 20
-0.0472
 10
0.1338
 20
-0.0551
 10
0.1304
 20
-0.0463
 10
0.1257
 20
-0.0362
 10
0.0907
 20
-0.0389
 10
0.0867
 20
-0.0335
 10
0.1215
 20
-0.0286
 10
0.1126
 20
-0.0149
 10
0.1055
 20
-0.0061
 10
0.0978
 20
0.0018
 10
0.0897
 20
0.0084
 10
0.0813
 20
0.0132
 10
0.0721
 20
0.0165
 10
0.0627
 20
0.0185
 10
0.0496
 20
0.0188
 10
0.0418
 20
0.017
 10
0.0344
 20
0.0137
 10
0.0278
 20
0.0094
 10
0.0218
 20
0.004
 10
0.0259
 20
0.0102
 10
0.0313
 20
0.0153
 10
0.0222
 20
0.0157
 10
0.0093
 20
0.0192
 10
0.0032
 20
0.0218
 10
0.0003
 20
0.0235
 10
-0.0045
 20
0.0283
 10
-0.0113
 20
0.0382
 10
-0.0148
 20
0.046
 10
-0.0165
 20
0.0543
 10
-0.0165
 20
0.0633
 10
-0.0159
 20
0.0682
 10
-0.0137
 20
0.0782
 10
-0.0098
 20
0.0879
 10
-0.0043
 20
0.0968
 10
0.003
 20
0.1053
 10
0.0119
 20
0.1133
 10
0.0271
 20
0.1241
 10
0.0388
 20
0.1308
 10
0.047
 20
0.0479
 10
0.0479
 20
0.0467
 10
0.0495
 20
0.047
 10
0.05
 20
0.0482
 10
0.0473
 20
0.1348
 10
0.0569
 20
0.1388
 10
0.0702
 20
0.1431
 10
0.0838
 20
0.1463
 10
0.0981
 20
0.1485
 10
0.1038
 20
0.149
 10
0.0968
 20
0.0764
 10
0.0961
 20
0.0673
 10
0.0969
 20
0.0659
 10
0.0981
 20
0.0658
 10
0.099
 20
0.067
 10
0.1123
 20
0.1495
 10
0.1277
 20
0.1494
 10
0.1425
 20
0.1479
 10
0.1576
 20
0.1449
 10
0.1711
 20
0.1412
 10
0.1533
 20
0.0833
 10
0.1533
 20
0.0824
 10
0.154
 20
0.0815
 10
0.1552
 20
0.0814
 10
0.1561
 20
0.0824
 10
0.1781
 20
0.139
 10
0.199
 20
0.1309
 10
0.2103
 20
0.1249
 10
0.2247
 20
0.1158
 10
0.2125
 20
0.0919
 10
0.2124
 20
0.0908
 10
0.2131
 20
0.0899
 10
0.2143
 20
0.0898
 10
0.2151
 20
0.0905
 10
0.2299
 20
0.1122
 10
0.2409
 20
0.1045
 97
0
 92
3
 72
0
 73
1
 93
7
 10
0.0835
 20
-0.0394
 10
0.044
 20
-0.0425
 10
0.043
 20
-0.0421
 10
0.0426
 20
-0.0411
 10
0.043
 20
-0.0401
 10
0.0438
 20
-0.0397
 10
0.0803
 20
-0.0345
 97
0
 92
3
 72
0
 73
1
 93
5
 10
0.0145
 20
-0.0112
 10
0.0153
 20
-0.0081
 10
0.0165
 20
-0.0051
 10
0.0181
 20
-0.002
 10
0.0143
 20
-0.0145
 97
0
 75
1
 76
1
 98
0
  0
HATCH
  5
335
330
31F
100
AcDbEntity
  8
VEG-RELLENO
 62
63
420
9878646
100
AcDbHatch
 10
0.0
 20
0.0
 30
0.0
210
0.0
220
0.0
230
1.0
  2
SOLID
 70
1
 71
0
 91
1
 92
3
 72
0
 73
1
 93
7
 10
-0.0064
 20
-0.0029
 10
0.0064
 20
0.0029
 10
0.0143
 20
-0.0145
 10
0.0131
 20
-0.0197
 10
0.0131
 20
-0.0267
 10
0.0082
 20
-0.0218
 10
0.0
 20
-0.0169
 97
0
 75
1
 76
1
 98
0
  0
HATCH
  5
336
330
31F
100
AcDbEntity
  8
VEG-RELLENO
 62
73
420
8303223
100
AcDbHatch
 10
0.0
 20
0.0
 30
0.0
210
0.0
220
0.0
230
1.0
  2
SOLID
 70
1
 71
0
 91
1
 92
3
 72
0
 73
1
 93
101
 10
0.0977
 20
-0.2359
 10
0.078
 20
-0.2316
 10
0.0672
 20
-0.2283
 10
0.0745
 20
-0.2055
 10
0.0745
 20
-0.2045
 10
0.0738
 20
-0.2038
 10
0.0727
 20
-0.2037
 10
0.0719
 20
-0.2045
 10
0.0615
 20
-0.2265
 10
0.0397
 20
-0.2186
 10
0.0287
 20
-0.2133
 10
0.0156
 20
-0.2056
 10
0.0444
 20
-0.1561
 10
0.0445
 20
-0.1549
 10
0.0438
 20
-0.1541
 10
0.042
 20
-0.1546
 10
0.0099
 20
-0.2019
 10
-0.0004
 20
-0.1949
 10
-0.0115
 20
-0.1861
 10
-0.0258
 20
-0.172
 10
0.0232
 20
-0.1125
 10
0.0235
 20
-0.1116
 10
0.0231
 20
-0.1106
 10
0.0221
 20
-0.1102
 10
0.0211
 20
-0.1106
 10
-0.0307
 20
-0.1662
 10
-0.042
 20
-0.1507
 10
-0.0514
 20
-0.1342
 10
-0.0593
 20
-0.1151
 10
0.003
 20
-0.0618
 10
0.0035
 20
-0.0607
 10
0.0031
 20
-0.0597
 10
0.0021
 20
-0.0593
 10
0.0013
 20
-0.0596
 10
-0.0618
 20
-0.107
 10
-0.0648
 20
-0.0941
 10
-0.0664
 20
-0.083
 10
-0.067
 20
-0.0719
 10
-0.0665
 20
-0.0614
 10
-0.0647
 20
-0.0516
 10
-0.0633
 20
-0.0471
 10
-0.0591
 20
-0.0383
 10
-0.0538
 20
-0.0303
 10
-0.0479
 20
-0.0235
 10
-0.0416
 20
-0.0184
 10
-0.0344
 20
-0.0148
 10
-0.0267
 20
-0.0125
 10
-0.0161
 20
-0.0112
 10
-0.0099
 20
-0.0122
 10
-0.0041
 20
-0.0146
 10
0.0082
 20
-0.0218
 10
0.0131
 20
-0.0267
 10
0.0131
 20
-0.0197
 10
0.0157
 20
-0.0088
 10
0.0176
 20
-0.003
 10
0.0206
 20
0.0026
 10
0.025
 20
0.0072
 10
0.031
 20
0.0116
 10
0.038
 20
0.0155
 10
0.0456
 20
0.0181
 10
0.0537
 20
0.019
 10
0.0674
 20
0.0177
 10
0.0768
 20
0.0151
 10
0.0856
 20
0.011
 10
0.0938
 20
0.0053
 10
0.1055
 20
-0.0061
 10
0.1126
 20
-0.0149
 10
0.1215
 20
-0.0286
 10
0.0438
 20
-0.0397
 10
0.0427
 20
-0.0406
 10
0.043
 20
-0.0421
 10
0.0441
 20
-0.0425
 10
0.1257
 20
-0.0362
 10
0.1304
 20
-0.0463
 10
0.1349
 20
-0.0582
 10
0.1397
 20
-0.0769
 10
0.142
 20
-0.0913
 10
0.0651
 20
-0.0882
 10
0.0638
 20
-0.0891
 10
0.0638
 20
-0.0902
 10
0.065
 20
-0.091
 10
0.1428
 20
-0.099
 10
0.1433
 20
-0.1105
 10
0.1427
 20
-0.1241
 10
0.1408
 20
-0.1383
 10
0.1375
 20
-0.1538
 10
0.0831
 20
-0.1414
 10
0.0815
 20
-0.1422
 10
0.0815
 20
-0.1433
 10
0.0824
 20
-0.1441
 10
0.1358
 20
-0.1604
 10
0.1325
 20
-0.172
 10
0.1282
 20
-0.1834
 10
0.1176
 20
-0.2045
 10
0.0951
 20
-0.1956
 10
0.0941
 20
-0.1956
 10
0.0933
 20
-0.1963
 10
0.0933
 20
-0.1974
 10
0.094
 20
-0.1981
 10
0.1148
 20
-0.2097
 10
0.1092
 20
-0.2193
 97
0
 75
1
 76
1
 98
0
  0
LWPOLYLINE
  5
337
330
31F
100
AcDbEntity
  8
VEG-MACETA
100
AcDbPolyline
 90
2
 70
0
 10
-0.1593
 20
-0.0793
 10
-0.1633
 20
-0.0707
  0
LWPOLYLINE
  5
338
330
31F
100
AcDbEntity
  8
VEG-MACETA
100
AcDbPolyline
 90
2
 70
0
 10
0.1701
 20
-0.0522
 10
0.1675
 20
-0.0601
  0
LWPOLYLINE
  5
339
330
31F
100
AcDbEntity
  8
VEG-HOJAS
100
AcDbPolyline
 90
2
 70
0
 10
0.0166
 20
-0.0049
 10
0.0138
 20
-0.0052
  0
LWPOLYLINE
  5
33A
330
31F
100
AcDbEntity
  8
VEG-NERVIOS
100
AcDbPolyline
 90
2
 70
0
 10
0.1043
 20
0.1536
 10
0.1041
 20
0.1576
  0
LWPOLYLINE
  5
33B
330
31F
100
AcDbEntity
  8
VEG-NERVIOS
100
AcDbPolyline
 90
2
 70
0
 10
0.1061
 20
0.1132
 10
0.106
 20
0.1173
  0
LWPOLYLINE
  5
33C
330
31F
100
AcDbEntity
  8
VEG-NERVIOS
100
AcDbPolyline
 90
2
 70
0
 10
0.1227
 20
0.016
 10
0.1266
 20
0.017
  0
LWPOLYLINE
  5
33D
330
31F
100
AcDbEntity
  8
VEG-NERVIOS
100
AcDbPolyline
 90
2
 70
0
 10
0.1681
 20
0.1472
 10
0.1683
 20
0.1542
  0
LWPOLYLINE
  5
33E
330
31F
100
AcDbEntity
  8
VEG-NERVIOS
100
AcDbPolyline
 90
2
 70
0
 10
0.187
 20
0.0324
 10
0.1925
 20
0.0339
  0
LWPOLYLINE
  5
33F
330
31F
100
AcDbEntity
  8
VEG-NERVIOS
100
AcDbPolyline
 90
2
 70
0
 10
0.2022
 20
-0.0327
 10
0.2085
 20
-0.0421
  0
LWPOLYLINE
  5
340
330
31F
100
AcDbEntity
  8
VEG-NERVIOS
100
AcDbPolyline
 90
2
 70
0
 10
0.2244
 20
0.1042
 10
0.2306
 20
0.1498
  0
LWPOLYLINE
  5
341
330
31F
100
AcDbEntity
  8
VEG-NERVIOS
100
AcDbPolyline
 90
2
 70
0
 10
0.2258
 20
0.0226
 10
0.2367
 20
0.01
  0
LWPOLYLINE
  5
342
330
31F
100
AcDbEntity
  8
VEG-NERVIOS
100
AcDbPolyline
 90
2
 70
0
 10
0.2333
 20
-0.0782
 10
0.2395
 20
-0.0871
  0
LWPOLYLINE
  5
343
330
31F
100
AcDbEntity
  8
VEG-NERVIOS
100
AcDbPolyline
 90
2
 70
0
 10
0.2352
 20
0.1881
 10
0.2356
 20
0.1911
  0
LWPOLYLINE
  5
344
330
31F
100
AcDbEntity
  8
VEG-NERVIOS
100
AcDbPolyline
 90
2
 70
0
 10
0.2396
 20
0.0473
 10
0.2618
 20
0.0539
  0
LWPOLYLINE
  5
345
330
31F
100
AcDbEntity
  8
VEG-NERVIOS
100
AcDbPolyline
 90
2
 70
0
 10
0.2618
 20
0.0539
 10
0.2753
 20
0.0417
  0
LWPOLYLINE
  5
346
330
31F
100
AcDbEntity
  8
VEG-NERVIOS
100
AcDbPolyline
 90
2
 70
0
 10
0.2628
 20
0.0542
 10
0.3082
 20
0.0685
  0
LWPOLYLINE
  5
347
330
31F
100
AcDbEntity
  8
VEG-NERVIOS
100
AcDbPolyline
 90
2
 70
0
 10
0.2628
 20
0.0542
 10
0.2644
 20
0.0606
  0
LWPOLYLINE
  5
348
330
31F
100
AcDbEntity
  8
VEG-NERVIOS
100
AcDbPolyline
 90
3
 70
0
 10
0.2851
 20
0.0331
 10
0.3273
 20
-0.0033
 10
0.3632
 20
-0.0331
  0
LWPOLYLINE
  5
349
330
31F
100
AcDbEntity
  8
VEG-NERVIOS
100
AcDbPolyline
 90
2
 70
0
 10
0.3031
 20
-0.0639
 10
0.3141
 20
-0.0757
  0
LWPOLYLINE
  5
34A
330
31F
100
AcDbEntity
  8
VEG-NERVIOS
100
AcDbPolyline
 90
2
 70
0
 10
0.3082
 20
0.0685
 10
0.3153
 20
0.0708
  0
LWPOLYLINE
  5
34B
330
31F
100
AcDbEntity
  8
VEG-NERVIOS
100
AcDbPolyline
 90
2
 70
0
 10
0.3082
 20
0.0685
 10
0.3191
 20
0.1009
  0
LWPOLYLINE
  5
34C
330
31F
100
AcDbEntity
  8
VEG-NERVIOS
100
AcDbPolyline
 90
2
 70
0
 10
0.3153
 20
0.0708
 10
0.3593
 20
0.0858
  0
LWPOLYLINE
  5
34D
330
31F
100
AcDbEntity
  8
VEG-NERVIOS
100
AcDbPolyline
 90
2
 70
0
 10
0.3153
 20
0.0708
 10
0.3423
 20
0.053
  0
LWPOLYLINE
  5
34E
330
31F
100
AcDbEntity
  8
VEG-NERVIOS
100
AcDbPolyline
 90
2
 70
0
 10
0.3593
 20
0.0858
 10
0.363
 20
0.0871
  0
LWPOLYLINE
  5
34F
330
31F
100
AcDbEntity
  8
VEG-NERVIOS
100
AcDbPolyline
 90
2
 70
0
 10
0.3593
 20
0.0858
 10
0.385
 20
0.1448
  0
LWPOLYLINE
  5
350
330
31F
100
AcDbEntity
  8
VEG-NERVIOS
100
AcDbPolyline
 90
2
 70
0
 10
0.363
 20
0.0871
 10
0.4082
 20
0.1035
  0
LWPOLYLINE
  5
351
330
31F
100
AcDbEntity
  8
VEG-NERVIOS
100
AcDbPolyline
 90
2
 70
0
 10
0.363
 20
0.0871
 10
0.3859
 20
0.0758
  0
LWPOLYLINE
  5
352
330
31F
100
AcDbEntity
  8
VEG-NERVIOS
100
AcDbPolyline
 90
2
 70
0
 10
0.4082
 20
0.1035
 10
0.4194
 20
0.1234
  0
LWPOLYLINE
  5
353
330
31F
100
AcDbEntity
  8
VEG-NERVIOS
100
AcDbPolyline
 90
2
 70
0
 10
0.4092
 20
0.1039
 10
0.4183
 20
0.1073
  0
LWPOLYLINE
  5
354
330
31F
100
AcDbEntity
  8
VEG-NERVIOS
100
AcDbPolyline
 90
2
 70
0
 10
0.4092
 20
0.1039
 10
0.43
 20
0.0967
  0
LWPOLYLINE
  5
355
330
31F
100
AcDbEntity
  8
VEG-HOJAS
100
AcDbPolyline
 90
3
 70
0
 10
0.0495
 20
0.0601
 10
0.0479
 20
0.0675
 10
0.0473
 20
0.0757
  0
LWPOLYLINE
  5
356
330
31F
100
AcDbEntity
  8
VEG-HOJAS
100
AcDbPolyline
 90
2
 70
0
 10
0.0992
 20
0.1596
 10
0.101
 20
0.1607
  0
LWPOLYLINE
  5
357
330
31F
100
AcDbEntity
  8
VEG-HOJAS
100
AcDbPolyline
 90
2
 70
0
 10
0.1248
 20
0.157
 10
0.1249
 20
0.1527
  0
LWPOLYLINE
  5
358
330
31F
100
AcDbEntity
  8
VEG-HOJAS
100
AcDbPolyline
 90
2
 70
0
 10
0.1351
 20
0.1514
 10
0.1353
 20
0.1563
  0
LWPOLYLINE
  5
359
330
31F
100
AcDbEntity
  8
VEG-HOJAS
100
AcDbPolyline
 90
2
 70
0
 10
0.1624
 20
-0.0538
 10
0.166
 20
-0.0608
  0
LWPOLYLINE
  5
35A
330
31F
100
AcDbEntity
  8
VEG-HOJAS
100
AcDbPolyline
 90
2
 70
0
 10
0.1733
 20
-0.0575
 10
0.1689
 20
-0.0503
  0
LWPOLYLINE
  5
35B
330
31F
100
AcDbEntity
  8
VEG-HOJAS
100
AcDbPolyline
 90
3
 70
0
 10
0.1744
 20
0.1902
 10
0.1814
 20
0.1915
 10
0.1813
 20
0.1899
  0
LWPOLYLINE
  5
35C
330
31F
100
AcDbEntity
  8
VEG-HOJAS
100
AcDbPolyline
 90
2
 70
0
 10
0.1763
 20
0.0407
 10
0.1773
 20
0.044
  0
LWPOLYLINE
  5
35D
330
31F
100
AcDbEntity
  8
VEG-HOJAS
100
AcDbPolyline
 90
2
 70
0
 10
0.1796
 20
0.1534
 10
0.1792
 20
0.1458
  0
LWPOLYLINE
  5
35E
330
31F
100
AcDbEntity
  8
VEG-HOJAS
100
AcDbPolyline
 90
2
 70
0
 10
0.1849
 20
-0.0964
 10
0.1882
 20
-0.1025
  0
LWPOLYLINE
  5
35F
330
31F
100
AcDbEntity
  8
VEG-HOJAS
100
AcDbPolyline
 90
2
 70
0
 10
0.1878
 20
0.1447
 10
0.1887
 20
0.1528
  0
LWPOLYLINE
  5
360
330
31F
100
AcDbEntity
  8
VEG-HOJAS
100
AcDbPolyline
 90
6
 70
0
 10
0.1926
 20
0.1896
 10
0.193
 20
0.1933
 10
0.2034
 20
0.1944
 10
0.2228
 20
0.1954
 10
0.2485
 20
0.1947
 10
0.2351
 20
0.1087
  0
LWPOLYLINE
  5
361
330
31F
100
AcDbEntity
  8
VEG-HOJAS
100
AcDbPolyline
 90
2
 70
0
 10
0.1994
 20
-0.0991
 10
0.1952
 20
-0.0924
  0
LWPOLYLINE
  5
362
330
31F
100
AcDbEntity
  8
VEG-HOJAS
100
AcDbPolyline
 90
2
 70
0
 10
0.2014
 20
-0.0085
 10
0.213
 20
-0.0245
  0
LWPOLYLINE
  5
363
330
31F
100
AcDbEntity
  8
VEG-HOJAS
100
AcDbPolyline
 90
74
 70
0
 10
0.2402
 20
0.105
 10
0.2498
 20
0.1475
 10
0.2594
 20
0.1936
 10
0.2723
 20
0.1917
 10
0.2919
 20
0.1873
 10
0.2815
 20
0.1403
 10
0.2702
 20
0.0932
 10
0.2702
 20
0.092
 10
0.2713
 20
0.0907
 10
0.2729
 20
0.0906
 10
0.2743
 20
0.092
 10
0.2887
 20
0.1383
 10
0.3021
 20
0.1845
 10
0.3236
 20
0.1778
 10
0.3448
 20
0.1701
 10
0.323
 20
0.1039
 10
0.323
 20
0.1025
 10
0.3241
 20
0.1012
 10
0.3257
 20
0.1011
 10
0.3269
 20
0.1022
 10
0.3539
 20
0.1662
 10
0.3673
 20
0.1597
 10
0.3909
 20
0.1463
 10
0.3767
 20
0.1122
 10
0.3766
 20
0.1106
 10
0.3777
 20
0.1094
 10
0.3794
 20
0.1093
 10
0.3805
 20
0.1103
 10
0.3987
 20
0.1417
 10
0.413
 20
0.133
 10
0.4385
 20
0.115
 10
0.4329
 20
0.0901
 10
0.4265
 20
0.0696
 10
0.3924
 20
0.081
 10
0.3908
 20
0.0811
 10
0.3896
 20
0.0799
 10
0.3895
 20
0.0783
 10
0.3906
 20
0.0771
 10
0.4235
 20
0.0609
 10
0.4166
 20
0.0426
 10
0.4095
 20
0.0265
 10
0.3497
 20
0.0561
 10
0.348
 20
0.0562
 10
0.3467
 20
0.0551
 10
0.3466
 20
0.0535
 10
0.3476
 20
0.0523
 10
0.4047
 20
0.0174
 10
0.3944
 20
0.0008
 10
0.3796
 20
-0.0198
 10
0.3403
 20
0.0063
 10
0.3018
 20
0.033
 10
0.2998
 20
0.0334
 10
0.2985
 20
0.0323
 10
0.2983
 20
0.0307
 10
0.2991
 20
0.0296
 10
0.3356
 20
0.0003
 10
0.3727
 20
-0.0285
 10
0.3598
 20
-0.0433
 10
0.3519
 20
-0.0514
 10
0.3438
 20
-0.0588
 10
0.3312
 20
-0.069
 10
0.2875
 20
-0.029
 10
0.2448
 20
0.0116
 10
0.2426
 20
0.0122
 10
0.2413
 20
0.0112
 10
0.2415
 20
0.0088
 10
0.2546
 20
-0.0057
 10
0.2876
 20
-0.0411
 10
0.3212
 20
-0.0762
 10
0.3084
 20
-0.0845
 10
0.2893
 20
-0.095
 10
0.2836
 20
-0.0978
 10
0.2452
 20
-0.0535
 10
0.2046
 20
-0.0049
  0
LWPOLYLINE
  5
364
330
31F
100
AcDbEntity
  8
VEG-HOJAS
100
AcDbPolyline
 90
2
 70
0
 10
0.2143
 20
-0.0264
 10
0.2217
 20
-0.0364
  0
LWPOLYLINE
  5
365
330
31F
100
AcDbEntity
  8
VEG-HOJAS
100
AcDbPolyline
 90
2
 70
0
 10
0.2485
 20
-0.0727
 10
0.2559
 20
-0.0824
  0
LWPOLYLINE
  5
366
330
31F
100
AcDbEntity
  8
VEG-HOJAS
100
AcDbPolyline
 90
14
 70
1
 10
0.2659
 20
0.0819
 10
0.2634
 20
0.0762
 10
0.2623
 20
0.07
 10
0.2631
 20
0.0657
 10
0.2641
 20
0.0649
 10
0.2655
 20
0.065
 10
0.2669
 20
0.0662
 10
0.2684
 20
0.0681
 10
0.2698
 20
0.0708
 10
0.2716
 20
0.0771
 10
0.2719
 20
0.0801
 10
0.2711
 20
0.0843
 10
0.2701
 20
0.0852
 10
0.2688
 20
0.085
  0
LWPOLYLINE
  5
367
330
31F
100
AcDbEntity
  8
VEG-HOJAS
100
AcDbPolyline
 90
15
 70
1
 10
0.2947
 20
0.0372
 10
0.293
 20
0.0411
 10
0.2886
 20
0.0454
 10
0.2833
 20
0.0485
 10
0.281
 20
0.0492
 10
0.2792
 20
0.0492
 10
0.278
 20
0.0486
 10
0.2776
 20
0.0473
 10
0.2781
 20
0.0455
 10
0.2794
 20
0.0434
 10
0.2837
 20
0.0391
 10
0.2864
 20
0.0373
 10
0.2914
 20
0.0353
 10
0.2932
 20
0.0353
 10
0.2944
 20
0.0359
  0
LWPOLYLINE
  5
368
330
31F
100
AcDbEntity
  8
VEG-HOJAS
100
AcDbPolyline
 90
2
 70
0
 10
-0.0276
 20
0.0945
 10
-0.0284
 20
0.098
  0
LWPOLYLINE
  5
369
330
31F
100
AcDbEntity
  8
VEG-HOJAS
100
AcDbPolyline
 90
2
 70
0
 10
-0.012
 20
0.0885
 10
-0.0114
 20
0.0857
  0
LWPOLYLINE
  5
36A
330
31F
100
AcDbEntity
  8
VEG-NERVIOS
100
AcDbPolyline
 90
3
 70
0
 10
-0.0759
 20
0.2189
 10
-0.1327
 20
0.2342
 10
-0.18
 20
0.248
  0
LWPOLYLINE
  5
36B
330
31F
100
AcDbEntity
  8
VEG-NERVIOS
100
AcDbPolyline
 90
2
 70
0
 10
-0.1768
 20
0.1886
 10
-0.1799
 20
0.1891
  0
LWPOLYLINE
  5
36C
330
31F
100
AcDbEntity
  8
VEG-NERVIOS
100
AcDbPolyline
 90
2
 70
0
 10
-0.1393
 20
0.1227
 10
-0.146
 20
0.1228
  0
LWPOLYLINE
  5
36D
330
31F
100
AcDbEntity
  8
VEG-NERVIOS
100
AcDbPolyline
 90
2
 70
0
 10
-0.1308
 20
0.1815
 10
-0.1413
 20
0.1831
  0
LWPOLYLINE
  5
36E
330
31F
100
AcDbEntity
  8
VEG-NERVIOS
100
AcDbPolyline
 90
2
 70
0
 10
-0.0532
 20
0.171
 10
-0.1237
 20
0.1805
  0
LWPOLYLINE
  5
36F
330
31F
100
AcDbEntity
  8
VEG-NERVIOS
100
AcDbPolyline
 90
2
 70
0
 10
-0.0672
 20
0.3488
 10
-0.1138
 20
0.3844
  0
LWPOLYLINE
  5
370
330
31F
100
AcDbEntity
  8
VEG-NERVIOS
100
AcDbPolyline
 90
2
 70
0
 10
-0.0604
 20
0.2995
 10
-0.0865
 20
0.3139
  0
LWPOLYLINE
  5
371
330
31F
100
AcDbEntity
  8
VEG-NERVIOS
100
AcDbPolyline
 90
2
 70
0
 10
-0.0727
 20
0.3975
 10
-0.0861
 20
0.4109
  0
LWPOLYLINE
  5
372
330
31F
100
AcDbEntity
  8
VEG-NERVIOS
100
AcDbPolyline
 90
2
 70
0
 10
-0.0727
 20
0.3975
 10
-0.0734
 20
0.4052
  0
LWPOLYLINE
  5
373
330
31F
100
AcDbEntity
  8
VEG-NERVIOS
100
AcDbPolyline
 90
2
 70
0
 10
-0.0719
 20
0.3897
 10
-0.0727
 20
0.3975
  0
LWPOLYLINE
  5
374
330
31F
100
AcDbEntity
  8
VEG-NERVIOS
100
AcDbPolyline
 90
2
 70
0
 10
-0.0719
 20
0.3897
 10
-0.0571
 20
0.4108
  0
LWPOLYLINE
  5
375
330
31F
100
AcDbEntity
  8
VEG-NERVIOS
100
AcDbPolyline
 90
2
 70
0
 10
-0.0672
 20
0.3488
 10
-0.0719
 20
0.3897
  0
LWPOLYLINE
  5
376
330
31F
100
AcDbEntity
  8
VEG-NERVIOS
100
AcDbPolyline
 90
2
 70
0
 10
-0.0451
 20
0.1229
 10
-0.0706
 20
0.1227
  0
LWPOLYLINE
  5
377
330
31F
100
AcDbEntity
  8
VEG-NERVIOS
100
AcDbPolyline
 90
2
 70
0
 10
-0.0671
 20
0.3483
 10
-0.0542
 20
0.3639
  0
LWPOLYLINE
  5
378
330
31F
100
AcDbEntity
  8
VEG-NERVIOS
100
AcDbPolyline
 90
2
 70
0
 10
-0.0614
 20
0.3063
 10
-0.0671
 20
0.3483
  0
LWPOLYLINE
  5
379
330
31F
100
AcDbEntity
  8
VEG-NERVIOS
100
AcDbPolyline
 90
2
 70
0
 10
-0.0614
 20
0.3063
 10
-0.0411
 20
0.3271
  0
LWPOLYLINE
  5
37A
330
31F
100
AcDbEntity
  8
VEG-NERVIOS
100
AcDbPolyline
 90
2
 70
0
 10
-0.0604
 20
0.2995
 10
-0.0614
 20
0.3063
  0
LWPOLYLINE
  5
37B
330
31F
100
AcDbEntity
  8
VEG-NERVIOS
100
AcDbPolyline
 90
2
 70
0
 10
-0.0532
 20
0.2546
 10
-0.0607
 20
0.2575
  0
LWPOLYLINE
  5
37C
330
31F
100
AcDbEntity
  8
VEG-NERVIOS
100
AcDbPolyline
 90
2
 70
0
 10
-0.0541
 20
0.2598
 10
-0.0604
 20
0.2995
  0
LWPOLYLINE
  5
37D
330
31F
100
AcDbEntity
  8
VEG-NERVIOS
100
AcDbPolyline
 90
2
 70
0
 10
-0.0453
 20
0.2112
 10
-0.055
 20
0.2136
  0
LWPOLYLINE
  5
37E
330
31F
100
AcDbEntity
  8
VEG-NERVIOS
100
AcDbPolyline
 90
2
 70
0
 10
-0.0541
 20
0.2598
 10
-0.0279
 20
0.2823
  0
LWPOLYLINE
  5
37F
330
31F
100
AcDbEntity
  8
VEG-NERVIOS
100
AcDbPolyline
 90
2
 70
0
 10
-0.0532
 20
0.2546
 10
-0.0541
 20
0.2598
  0
LWPOLYLINE
  5
380
330
31F
100
AcDbEntity
  8
VEG-NERVIOS
100
AcDbPolyline
 90
2
 70
0
 10
-0.046
 20
0.215
 10
-0.0532
 20
0.2546
  0
LWPOLYLINE
  5
381
330
31F
100
AcDbEntity
  8
VEG-NERVIOS
100
AcDbPolyline
 90
2
 70
0
 10
-0.046
 20
0.215
 10
-0.0415
 20
0.2183
  0
LWPOLYLINE
  5
382
330
31F
100
AcDbEntity
  8
VEG-NERVIOS
100
AcDbPolyline
 90
2
 70
0
 10
-0.0453
 20
0.2112
 10
-0.046
 20
0.215
  0
LWPOLYLINE
  5
383
330
31F
100
AcDbEntity
  8
VEG-NERVIOS
100
AcDbPolyline
 90
2
 70
0
 10
-0.0442
 20
0.2057
 10
-0.0453
 20
0.2112
  0
LWPOLYLINE
  5
384
330
31F
100
AcDbEntity
  8
VEG-NERVIOS
100
AcDbPolyline
 90
2
 70
0
 10
-0.0187
 20
0.184
 10
-0.011
 20
0.1886
  0
LWPOLYLINE
  5
385
330
31F
100
AcDbEntity
  8
VEG-NERVIOS
100
AcDbPolyline
 90
2
 70
0
 10
0.0134
 20
0.2571
 10
0.0206
 20
0.2621
  0
LWPOLYLINE
  5
386
330
31F
100
AcDbEntity
  8
VEG-NERVIOS
100
AcDbPolyline
 90
2
 70
0
 10
0.0214
 20
0.1502
 10
0.0263
 20
0.1525
  0
LWPOLYLINE
  5
387
330
31F
100
AcDbEntity
  8
VEG-NERVIOS
100
AcDbPolyline
 90
2
 70
0
 10
0.0336
 20
0.3325
 10
0.0386
 20
0.3364
  0
LWPOLYLINE
  5
388
330
31F
100
AcDbEntity
  8
VEG-NERVIOS
100
AcDbPolyline
 90
2
 70
0
 10
0.0441
 20
0.2209
 10
0.0492
 20
0.2238
  0
LWPOLYLINE
  5
389
330
31F
100
AcDbEntity
  8
VEG-NERVIOS
100
AcDbPolyline
 90
2
 70
0
 10
0.064
 20
0.2911
 10
0.0694
 20
0.2946
  0
LWPOLYLINE
  5
38A
330
31F
100
AcDbEntity
  8
VEG-NERVIOS
100
AcDbPolyline
 90
2
 70
0
 10
0.0793
 20
0.1775
 10
0.0836
 20
0.1795
  0
LWPOLYLINE
  5
38B
330
31F
100
AcDbEntity
  8
VEG-HOJAS
100
AcDbPolyline
 90
4
 70
0
 10
-0.1784
 20
0.1613
 10
-0.1827
 20
0.1813
 10
-0.185
 20
0.1998
 10
-0.1762
 20
0.1981
  0
LWPOLYLINE
  5
38C
330
31F
100
AcDbEntity
  8
VEG-HOJAS
100
AcDbPolyline
 90
2
 70
0
 10
-0.1439
 20
0.09
 10
-0.148
 20
0.0953
  0
LWPOLYLINE
  5
38D
330
31F
100
AcDbEntity
  8
VEG-HOJAS
100
AcDbPolyline
 90
72
 70
0
 10
-0.1454
 20
0.1926
 10
-0.0743
 20
0.1809
 10
-0.0729
 20
0.1812
 10
-0.072
 20
0.1825
 10
-0.0723
 20
0.184
 10
-0.0736
 20
0.1848
 10
-0.1296
 20
0.1976
 10
-0.1856
 20
0.2117
 10
-0.1857
 20
0.2191
 10
-0.1849
 20
0.2388
 10
-0.1829
 20
0.2558
 10
-0.1008
 20
0.2303
 10
-0.0824
 20
0.225
 10
-0.0804
 20
0.2258
 10
-0.0801
 20
0.2273
 10
-0.0814
 20
0.2288
 10
-0.1358
 20
0.2489
 10
-0.181
 20
0.2667
 10
-0.1756
 20
0.2874
 10
-0.1688
 20
0.3059
 10
-0.1329
 20
0.2894
 10
-0.0878
 20
0.2697
 10
-0.0867
 20
0.2695
 10
-0.0855
 20
0.2703
 10
-0.0851
 20
0.2718
 10
-0.0862
 20
0.2733
 10
-0.1299
 20
0.2961
 10
-0.1647
 20
0.3152
 10
-0.1552
 20
0.3345
 10
-0.1455
 20
0.3512
 10
-0.0897
 20
0.3177
 10
-0.0884
 20
0.3174
 10
-0.0871
 20
0.3181
 10
-0.0868
 20
0.3196
 10
-0.0875
 20
0.3209
 10
-0.1403
 20
0.3591
 10
-0.1307
 20
0.3716
 10
-0.1124
 20
0.3915
 10
-0.0867
 20
0.3717
 10
-0.0853
 20
0.3713
 10
-0.084
 20
0.372
 10
-0.0836
 20
0.3735
 10
-0.0842
 20
0.3747
 10
-0.1066
 20
0.3974
 10
-0.0933
 20
0.41
 10
-0.0753
 20
0.4245
 10
-0.0499
 20
0.4112
 10
-0.0327
 20
0.4005
 10
-0.0534
 20
0.3704
 10
-0.0538
 20
0.369
 10
-0.0531
 20
0.3677
 10
-0.0517
 20
0.3673
 10
-0.0504
 20
0.368
 10
-0.0257
 20
0.3961
 10
-0.0026
 20
0.3804
 10
-0.0417
 20
0.334
 10
-0.042
 20
0.3326
 10
-0.0413
 20
0.3313
 10
-0.0399
 20
0.3309
 10
-0.0387
 20
0.3316
 10
0.0044
 20
0.3749
 10
0.0171
 20
0.3636
 10
0.0325
 20
0.3485
 10
-0.0018
 20
0.3161
 10
-0.0288
 20
0.2894
 10
-0.0294
 20
0.2877
 10
-0.0286
 20
0.2864
 10
-0.0272
 20
0.2861
 10
-0.0261
 20
0.2866
 10
0.0026
 20
0.3115
 10
0.039
 20
0.3417
 10
0.0545
 20
0.3238
  0
LWPOLYLINE
  5
38E
330
31F
100
AcDbEntity
  8
VEG-HOJAS
100
AcDbPolyline
 90
2
 70
0
 10
-0.1445
 20
0.1425
 10
-0.1365
 20
0.1421
  0
LWPOLYLINE
  5
38F
330
31F
100
AcDbEntity
  8
VEG-HOJAS
100
AcDbPolyline
 90
2
 70
0
 10
-0.1352
 20
0.151
 10
-0.1438
 20
0.152
  0
LWPOLYLINE
  5
390
330
31F
100
AcDbEntity
  8
VEG-HOJAS
100
AcDbPolyline
 90
6
 70
0
 10
-0.0791
 20
0.1399
 10
-0.063
 20
0.1394
 10
-0.0617
 20
0.1403
 10
-0.0615
 20
0.1418
 10
-0.0631
 20
0.1433
 10
-0.083
 20
0.1453
  0
LWPOLYLINE
  5
391
330
31F
100
AcDbEntity
  8
VEG-HOJAS
100
AcDbPolyline
 90
2
 70
0
 10
-0.0454
 20
0.0715
 10
-0.0503
 20
0.0683
  0
LWPOLYLINE
  5
392
330
31F
100
AcDbEntity
  8
VEG-HOJAS
100
AcDbPolyline
 90
2
 70
0
 10
-0.0281
 20
0.0988
 10
-0.0295
 20
0.0953
  0
LWPOLYLINE
  5
393
330
31F
100
AcDbEntity
  8
VEG-HOJAS
100
AcDbPolyline
 90
2
 70
0
 10
0.0105
 20
0.1678
 10
0.0046
 20
0.1643
  0
LWPOLYLINE
  5
394
330
31F
100
AcDbEntity
  8
VEG-HOJAS
100
AcDbPolyline
 90
2
 70
0
 10
0.0144
 20
0.2704
 10
0.0072
 20
0.2646
  0
LWPOLYLINE
  5
395
330
31F
100
AcDbEntity
  8
VEG-HOJAS
100
AcDbPolyline
 90
2
 70
0
 10
0.0081
 20
0.1614
 10
0.0141
 20
0.1644
  0
LWPOLYLINE
  5
396
330
31F
100
AcDbEntity
  8
VEG-HOJAS
100
AcDbPolyline
 90
2
 70
0
 10
0.0109
 20
0.2602
 10
0.0182
 20
0.2654
  0
LWPOLYLINE
  5
397
330
31F
100
AcDbEntity
  8
VEG-HOJAS
100
AcDbPolyline
 90
2
 70
0
 10
0.0402
 20
0.2357
 10
0.0347
 20
0.232
  0
LWPOLYLINE
  5
398
330
31F
100
AcDbEntity
  8
VEG-HOJAS
100
AcDbPolyline
 90
2
 70
0
 10
0.0392
 20
0.2267
 10
0.0446
 20
0.2299
  0
LWPOLYLINE
  5
399
330
31F
100
AcDbEntity
  8
VEG-HOJAS
100
AcDbPolyline
 90
2
 70
0
 10
0.0629
 20
0.3083
 10
0.0562
 20
0.3033
  0
LWPOLYLINE
  5
39A
330
31F
100
AcDbEntity
  8
VEG-HOJAS
100
AcDbPolyline
 90
2
 70
0
 10
0.0612
 20
0.2954
 10
0.0675
 20
0.2997
  0
LWPOLYLINE
  5
39B
330
31F
100
AcDbEntity
  8
VEG-HOJAS
100
AcDbPolyline
 90
2
 70
0
 10
0.0669
 20
0.2001
 10
0.0634
 20
0.1982
  0
LWPOLYLINE
  5
39C
330
31F
100
AcDbEntity
  8
VEG-HOJAS
100
AcDbPolyline
 90
2
 70
0
 10
0.0698
 20
0.1922
 10
0.0717
 20
0.1931
  0
LWPOLYLINE
  5
39D
330
31F
100
AcDbEntity
  8
VEG-HOJAS
100
AcDbPolyline
 90
2
 70
0
 10
0.0861
 20
0.2658
 10
0.0818
 20
0.263
  0
LWPOLYLINE
  5
39E
330
31F
100
AcDbEntity
  8
VEG-HOJAS
100
AcDbPolyline
 90
3
 70
0
 10
0.0871
 20
0.2547
 10
0.0907
 20
0.2568
 10
0.094
 20
0.2466
  0
LWPOLYLINE
  5
39F
330
31F
100
AcDbEntity
  8
VEG-HOJAS
100
AcDbPolyline
 90
2
 70
0
 10
0.0994
 20
0.1608
 10
0.098
 20
0.154
  0
LWPOLYLINE
  5
3A0
330
31F
100
AcDbEntity
  8
VEG-HOJAS
100
AcDbPolyline
 90
13
 70
1
 10
-0.0807
 20
0.2673
 10
-0.0782
 20
0.2642
 10
-0.0734
 20
0.2612
 10
-0.068
 20
0.2595
 10
-0.0657
 20
0.2594
 10
-0.0641
 20
0.2597
 10
-0.0632
 20
0.2606
 10
-0.0632
 20
0.2618
 10
-0.0656
 20
0.2648
 10
-0.0732
 20
0.2689
 10
-0.0781
 20
0.2697
 10
-0.0798
 20
0.2693
 10
-0.0806
 20
0.2685
  0
LWPOLYLINE
  5
3A1
330
31F
100
AcDbEntity
  8
VEG-HOJAS
100
AcDbPolyline
 90
13
 70
1
 10
-0.0734
 20
0.222
 10
-0.0689
 20
0.2192
 10
-0.0627
 20
0.2173
 10
-0.0574
 20
0.217
 10
-0.0557
 20
0.2175
 10
-0.0549
 20
0.2184
 10
-0.055
 20
0.2196
 10
-0.0581
 20
0.2224
 10
-0.0669
 20
0.2257
 10
-0.0722
 20
0.226
 10
-0.0739
 20
0.2255
 10
-0.0747
 20
0.2246
 10
-0.0746
 20
0.2234
  0
LWPOLYLINE
  5
3A2
330
31F
100
AcDbEntity
  8
VEG-HOJAS
100
AcDbPolyline
 90
2
 70
0
 10
-0.0751
 20
0.0321
 10
-0.0725
 20
0.0313
  0
LWPOLYLINE
  5
3A3
330
31F
100
AcDbEntity
  8
VEG-NERVIOS
100
AcDbPolyline
 90
2
 70
0
 10
-0.3871
 20
0.1508
 10
-0.4113
 20
0.1439
  0
LWPOLYLINE
  5
3A4
330
31F
100
AcDbEntity
  8
VEG-NERVIOS
100
AcDbPolyline
 90
2
 70
0
 10
-0.3426
 20
0.1309
 10
-0.4018
 20
0.1059
  0
LWPOLYLINE
  5
3A5
330
31F
100
AcDbEntity
  8
VEG-NERVIOS
100
AcDbPolyline
 90
2
 70
0
 10
-0.3873
 20
0.151
 10
-0.4007
 20
0.1571
  0
LWPOLYLINE
  5
3A6
330
31F
100
AcDbEntity
  8
VEG-NERVIOS
100
AcDbPolyline
 90
2
 70
0
 10
-0.3873
 20
0.151
 10
-0.3975
 20
0.1731
  0
LWPOLYLINE
  5
3A7
330
31F
100
AcDbEntity
  8
VEG-NERVIOS
100
AcDbPolyline
 90
2
 70
0
 10
-0.3466
 20
0.1327
 10
-0.3871
 20
0.1508
  0
LWPOLYLINE
  5
3A8
330
31F
100
AcDbEntity
  8
VEG-NERVIOS
100
AcDbPolyline
 90
2
 70
0
 10
-0.2894
 20
0.1076
 10
-0.3794
 20
0.0532
  0
LWPOLYLINE
  5
3A9
330
31F
100
AcDbEntity
  8
VEG-NERVIOS
100
AcDbPolyline
 90
2
 70
0
 10
-0.3466
 20
0.1327
 10
-0.3542
 20
0.1544
  0
LWPOLYLINE
  5
3AA
330
31F
100
AcDbEntity
  8
VEG-NERVIOS
100
AcDbPolyline
 90
2
 70
0
 10
-0.3426
 20
0.1309
 10
-0.3466
 20
0.1327
  0
LWPOLYLINE
  5
3AB
330
31F
100
AcDbEntity
  8
VEG-NERVIOS
100
AcDbPolyline
 90
2
 70
0
 10
-0.3054
 20
0.1145
 10
-0.3426
 20
0.1309
  0
LWPOLYLINE
  5
3AC
330
31F
100
AcDbEntity
  8
VEG-NERVIOS
100
AcDbPolyline
 90
3
 70
0
 10
-0.2349
 20
0.0845
 10
-0.2868
 20
0.041
 10
-0.3392
 20
-0.002
  0
LWPOLYLINE
  5
3AD
330
31F
100
AcDbEntity
  8
VEG-NERVIOS
100
AcDbPolyline
 90
2
 70
0
 10
-0.3054
 20
0.1145
 10
-0.3123
 20
0.1426
  0
LWPOLYLINE
  5
3AE
330
31F
100
AcDbEntity
  8
VEG-NERVIOS
100
AcDbPolyline
 90
2
 70
0
 10
-0.2894
 20
0.1076
 10
-0.3054
 20
0.1145
  0
LWPOLYLINE
  5
3AF
330
31F
100
AcDbEntity
  8
VEG-NERVIOS
100
AcDbPolyline
 90
2
 70
0
 10
-0.262
 20
0.0959
 10
-0.2894
 20
0.1076
  0
LWPOLYLINE
  5
3B0
330
31F
100
AcDbEntity
  8
VEG-NERVIOS
100
AcDbPolyline
 90
2
 70
0
 10
-0.2696
 20
0.1519
 10
-0.2771
 20
0.2116
  0
LWPOLYLINE
  5
3B1
330
31F
100
AcDbEntity
  8
VEG-NERVIOS
100
AcDbPolyline
 90
2
 70
0
 10
-0.262
 20
0.0959
 10
-0.2668
 20
0.1308
  0
LWPOLYLINE
  5
3B2
330
31F
100
AcDbEntity
  8
VEG-NERVIOS
100
AcDbPolyline
 90
2
 70
0
 10
-0.2349
 20
0.0845
 10
-0.262
 20
0.0959
  0
LWPOLYLINE
  5
3B3
330
31F
100
AcDbEntity
  8
VEG-NERVIOS
100
AcDbPolyline
 90
2
 70
0
 10
-0.2472
 20
-0.0019
 10
-0.2548
 20
-0.0101
  0
LWPOLYLINE
  5
3B4
330
31F
100
AcDbEntity
  8
VEG-NERVIOS
100
AcDbPolyline
 90
2
 70
0
 10
-0.2282
 20
0.0188
 10
-0.2395
 20
0.0065
  0
LWPOLYLINE
  5
3B5
330
31F
100
AcDbEntity
  8
VEG-NERVIOS
100
AcDbPolyline
 90
2
 70
0
 10
-0.2179
 20
0.0774
 10
-0.2349
 20
0.0845
  0
LWPOLYLINE
  5
3B6
330
31F
100
AcDbEntity
  8
VEG-NERVIOS
100
AcDbPolyline
 90
2
 70
0
 10
-0.2179
 20
0.0774
 10
-0.2216
 20
0.2111
  0
LWPOLYLINE
  5
3B7
330
31F
100
AcDbEntity
  8
VEG-NERVIOS
100
AcDbPolyline
 90
2
 70
0
 10
-0.1931
 20
0.0672
 10
-0.2179
 20
0.0774
  0
LWPOLYLINE
  5
3B8
330
31F
100
AcDbEntity
  8
VEG-NERVIOS
100
AcDbPolyline
 90
2
 70
0
 10
-0.2019
 20
0.0476
 10
-0.205
 20
0.0442
  0
LWPOLYLINE
  5
3B9
330
31F
100
AcDbEntity
  8
VEG-NERVIOS
100
AcDbPolyline
 90
2
 70
0
 10
-0.199
 20
-0.0416
 10
-0.2034
 20
-0.0478
  0
LWPOLYLINE
  5
3BA
330
31F
100
AcDbEntity
  8
VEG-NERVIOS
100
AcDbPolyline
 90
2
 70
0
 10
-0.1767
 20
0.0682
 10
-0.176
 20
0.0786
  0
LWPOLYLINE
  5
3BB
330
31F
100
AcDbEntity
  8
VEG-NERVIOS
100
AcDbPolyline
 90
2
 70
0
 10
-0.176
 20
0.079
 10
-0.168
 20
0.1981
  0
LWPOLYLINE
  5
3BC
330
31F
100
AcDbEntity
  8
VEG-NERVIOS
100
AcDbPolyline
 90
2
 70
0
 10
-0.1627
 20
0.055
 10
-0.1697
 20
0.0578
  0
LWPOLYLINE
  5
3BD
330
31F
100
AcDbEntity
  8
VEG-NERVIOS
100
AcDbPolyline
 90
2
 70
0
 10
-0.1312
 20
0.0613
 10
-0.1298
 20
0.0698
  0
LWPOLYLINE
  5
3BE
330
31F
100
AcDbEntity
  8
VEG-NERVIOS
100
AcDbPolyline
 90
2
 70
0
 10
-0.1246
 20
0.1015
 10
-0.1134
 20
0.1686
  0
LWPOLYLINE
  5
3BF
330
31F
100
AcDbEntity
  8
VEG-HOJAS
100
AcDbPolyline
 90
4
 70
0
 10
-0.2633
 20
-0.0575
 10
-0.2789
 20
-0.0506
 10
-0.3002
 20
-0.0384
 10
-0.2962
 20
-0.0345
  0
LWPOLYLINE
  5
3C0
330
31F
100
AcDbEntity
  8
VEG-HOJAS
100
AcDbPolyline
 90
78
 70
0
 10
-0.276
 20
-0.0141
 10
-0.2217
 20
0.0413
 10
-0.2211
 20
0.0427
 10
-0.2217
 20
0.0441
 10
-0.2231
 20
0.0446
 10
-0.2245
 20
0.0441
 10
-0.3096
 20
-0.0321
 10
-0.3185
 20
-0.0255
 10
-0.3334
 20
-0.013
 10
-0.3494
 20
0.0031
 10
-0.2712
 20
0.0634
 10
-0.2706
 20
0.0642
 10
-0.2706
 20
0.0657
 10
-0.2717
 20
0.0668
 10
-0.2736
 20
0.0666
 10
-0.3561
 20
0.0111
 10
-0.3717
 20
0.0327
 10
-0.3822
 20
0.05
 10
-0.3886
 20
0.0617
 10
-0.3287
 20
0.0946
 10
-0.3278
 20
0.0956
 10
-0.3277
 20
0.0971
 10
-0.3288
 20
0.0982
 10
-0.3303
 20
0.0982
 10
-0.3928
 20
0.0701
 10
-0.401
 20
0.0901
 10
-0.4069
 20
0.1095
 10
-0.3725
 20
0.1239
 10
-0.3714
 20
0.1249
 10
-0.3714
 20
0.1264
 10
-0.3724
 20
0.1275
 10
-0.3739
 20
0.1276
 10
-0.4091
 20
0.1176
 10
-0.4141
 20
0.1372
 10
-0.4186
 20
0.1653
 10
-0.3949
 20
0.179
 10
-0.3768
 20
0.1876
 10
-0.3616
 20
0.1556
 10
-0.3606
 20
0.1545
 10
-0.3591
 20
0.1545
 10
-0.358
 20
0.1555
 10
-0.3579
 20
0.157
 10
-0.3691
 20
0.1912
 10
-0.352
 20
0.1985
 10
-0.3389
 20
0.2031
 10
-0.3191
 20
0.1449
 10
-0.3181
 20
0.1438
 10
-0.3166
 20
0.1438
 10
-0.3155
 20
0.1448
 10
-0.3154
 20
0.1462
 10
-0.33
 20
0.2057
 10
-0.311
 20
0.2101
 10
-0.2925
 20
0.2135
 10
-0.2744
 20
0.1316
 10
-0.2733
 20
0.1302
 10
-0.2718
 20
0.1301
 10
-0.2707
 20
0.1312
 10
-0.2706
 20
0.1323
 10
-0.2827
 20
0.2149
 10
-0.2628
 20
0.2168
 10
-0.2409
 20
0.2168
 10
-0.2297
 20
0.1158
 10
-0.2291
 20
0.1146
 10
-0.2278
 20
0.114
 10
-0.2264
 20
0.1146
 10
-0.2258
 20
0.1159
 10
-0.2304
 20
0.216
 10
-0.2075
 20
0.2128
 10
-0.1898
 20
0.209
 10
-0.1864
 20
0.2081
 10
-0.1856
 20
0.0981
 10
-0.1844
 20
0.0963
 10
-0.1829
 20
0.0963
 10
-0.1817
 20
0.0981
 10
-0.1758
 20
0.2049
 10
-0.157
 20
0.1979
 10
-0.1407
 20
0.1902
 10
-0.1481
 20
0.0935
  0
LWPOLYLINE
  5
3C1
330
31F
100
AcDbEntity
  8
VEG-HOJAS
100
AcDbPolyline
 90
2
 70
0
 10
-0.2198
 20
-0.0246
 10
-0.2258
 20
-0.0315
  0
LWPOLYLINE
  5
3C2
330
31F
100
AcDbEntity
  8
VEG-HOJAS
100
AcDbPolyline
 90
2
 70
0
 10
-0.2186
 20
-0.0368
 10
-0.2134
 20
-0.0299
  0
LWPOLYLINE
  5
3C3
330
31F
100
AcDbEntity
  8
VEG-HOJAS
100
AcDbPolyline
 90
11
 70
0
 10
-0.2027
 20
0.0589
 10
-0.2018
 20
0.0618
 10
-0.2022
 20
0.063
 10
-0.2033
 20
0.0634
 10
-0.2074
 20
0.062
 10
-0.2123
 20
0.0581
 10
-0.2164
 20
0.0533
 10
-0.2179
 20
0.0493
 10
-0.2175
 20
0.0481
 10
-0.2163
 20
0.0477
 10
-0.214
 20
0.0483
  0
LWPOLYLINE
  5
3C4
330
31F
100
AcDbEntity
  8
VEG-HOJAS
100
AcDbPolyline
 90
2
 70
0
 10
-0.2106
 20
0.0502
 10
-0.2065
 20
0.0539
  0
LWPOLYLINE
  5
3C5
330
31F
100
AcDbEntity
  8
VEG-HOJAS
100
AcDbPolyline
 90
2
 70
0
 10
-0.1632
 20
-0.0707
 10
-0.1698
 20
-0.0719
  0
LWPOLYLINE
  5
3C6
330
31F
100
AcDbEntity
  8
VEG-HOJAS
100
AcDbPolyline
 90
10
 70
0
 10
-0.1442
 20
0.0876
 10
-0.1303
 20
0.1845
 10
-0.1205
 20
0.1784
 10
-0.1079
 20
0.1694
 10
-0.0962
 20
0.1596
 10
-0.0861
 20
0.1491
 10
-0.0779
 20
0.1382
 10
-0.072
 20
0.1265
 10
-0.068
 20
0.114
 10
-0.0663
 20
0.105
  0
LWPOLYLINE
  5
3C7
330
31F
100
AcDbEntity
  8
VEG-HOJAS
100
AcDbPolyline
 90
2
 70
0
 10
-0.1175
 20
0.0406
 10
-0.1208
 20
0.0405
  0
LWPOLYLINE
  5
3C8
330
31F
100
AcDbEntity
  8
VEG-HOJAS
100
AcDbPolyline
 90
2
 70
0
 10
-0.079
 20
0.0582
 10
-0.0823
 20
0.0544
  0
LWPOLYLINE
  5
3C9
330
31F
100
AcDbEntity
  8
VEG-HOJAS
100
AcDbPolyline
 90
15
 70
1
 10
-0.2282
 20
0.1081
 10
-0.2297
 20
0.1044
 10
-0.2299
 20
0.1016
 10
-0.2294
 20
0.0955
 10
-0.2277
 20
0.0906
 10
-0.2265
 20
0.0893
 10
-0.2254
 20
0.0889
 10
-0.2243
 20
0.0895
 10
-0.2234
 20
0.091
 10
-0.2228
 20
0.0933
 10
-0.2227
 20
0.0991
 10
-0.2239
 20
0.1049
 10
-0.2249
 20
0.107
 10
-0.226
 20
0.1083
 10
-0.2271
 20
0.1087
  0
LWPOLYLINE
  5
3CA
330
31F
100
AcDbEntity
  8
VEG-NERVIOS
100
AcDbPolyline
 90
2
 70
0
 10
-0.0998
 20
-0.1654
 10
-0.1056
 20
-0.1684
  0
LWPOLYLINE
  5
3CB
330
31F
100
AcDbEntity
  8
VEG-NERVIOS
100
AcDbPolyline
 90
2
 70
0
 10
-0.0687
 20
-0.2386
 10
-0.079
 20
-0.246
  0
LWPOLYLINE
  5
3CC
330
31F
100
AcDbEntity
  8
VEG-NERVIOS
100
AcDbPolyline
 90
2
 70
0
 10
0.0236
 20
-0.2562
 10
-0.06
 20
-0.3384
  0
LWPOLYLINE
  5
3CD
330
31F
100
AcDbEntity
  8
VEG-NERVIOS
100
AcDbPolyline
 90
2
 70
0
 10
-0.0151
 20
-0.2
 10
-0.0457
 20
-0.2219
  0
LWPOLYLINE
  5
3CE
330
31F
100
AcDbEntity
  8
VEG-NERVIOS
100
AcDbPolyline
 90
2
 70
0
 10
0.0728
 20
-0.2947
 10
0.0006
 20
-0.3911
  0
LWPOLYLINE
  5
3CF
330
31F
100
AcDbEntity
  8
VEG-NERVIOS
100
AcDbPolyline
 90
2
 70
0
 10
0.0545
 20
-0.2336
 10
0.0581
 20
-0.2454
  0
LWPOLYLINE
  5
3D0
330
31F
100
AcDbEntity
  8
VEG-NERVIOS
100
AcDbPolyline
 90
2
 70
0
 10
0.0563
 20
-0.2305
 10
0.0648
 20
-0.2321
  0
LWPOLYLINE
  5
3D1
330
31F
100
AcDbEntity
  8
VEG-NERVIOS
100
AcDbPolyline
 90
2
 70
0
 10
0.095
 20
-0.3619
 10
0.0628
 20
-0.4229
  0
LWPOLYLINE
  5
3D2
330
31F
100
AcDbEntity
  8
VEG-NERVIOS
100
AcDbPolyline
 90
2
 70
0
 10
0.0734
 20
-0.2951
 10
0.0936
 20
-0.3578
  0
LWPOLYLINE
  5
3D3
330
31F
100
AcDbEntity
  8
VEG-NERVIOS
100
AcDbPolyline
 90
2
 70
0
 10
0.0827
 20
-0.297
 10
0.0924
 20
-0.3001
  0
LWPOLYLINE
  5
3D4
330
31F
100
AcDbEntity
  8
VEG-NERVIOS
100
AcDbPolyline
 90
2
 70
0
 10
0.0936
 20
-0.3578
 10
0.095
 20
-0.3619
  0
LWPOLYLINE
  5
3D5
330
31F
100
AcDbEntity
  8
VEG-NERVIOS
100
AcDbPolyline
 90
2
 70
0
 10
0.0936
 20
-0.3578
 10
0.1584
 20
-0.3872
  0
LWPOLYLINE
  5
3D6
330
31F
100
AcDbEntity
  8
VEG-NERVIOS
100
AcDbPolyline
 90
2
 70
0
 10
0.095
 20
-0.3619
 10
0.1117
 20
-0.4119
  0
LWPOLYLINE
  5
3D7
330
31F
100
AcDbEntity
  8
VEG-NERVIOS
100
AcDbPolyline
 90
2
 70
0
 10
0.1144
 20
-0.4197
 10
0.1079
 20
-0.4374
  0
LWPOLYLINE
  5
3D8
330
31F
100
AcDbEntity
  8
VEG-NERVIOS
100
AcDbPolyline
 90
2
 70
0
 10
0.1095
 20
-0.24
 10
0.1161
 20
-0.2412
  0
LWPOLYLINE
  5
3D9
330
31F
100
AcDbEntity
  8
VEG-NERVIOS
100
AcDbPolyline
 90
2
 70
0
 10
0.1117
 20
-0.4119
 10
0.1144
 20
-0.4197
  0
LWPOLYLINE
  5
3DA
330
31F
100
AcDbEntity
  8
VEG-NERVIOS
100
AcDbPolyline
 90
2
 70
0
 10
0.1117
 20
-0.4119
 10
0.1337
 20
-0.425
  0
LWPOLYLINE
  5
3DB
330
31F
100
AcDbEntity
  8
VEG-NERVIOS
100
AcDbPolyline
 90
2
 70
0
 10
0.1144
 20
-0.4197
 10
0.1161
 20
-0.4246
  0
LWPOLYLINE
  5
3DC
330
31F
100
AcDbEntity
  8
VEG-NERVIOS
100
AcDbPolyline
 90
2
 70
0
 10
0.1312
 20
-0.3121
 10
0.1402
 20
-0.3148
  0
LWPOLYLINE
  5
3DD
330
31F
100
AcDbEntity
  8
VEG-NERVIOS
100
AcDbPolyline
 90
2
 70
0
 10
0.1351
 20
-0.177
 10
0.1413
 20
-0.1773
  0
LWPOLYLINE
  5
3DE
330
31F
100
AcDbEntity
  8
VEG-NERVIOS
100
AcDbPolyline
 90
2
 70
0
 10
0.1547
 20
-0.2478
 10
0.1596
 20
-0.2486
  0
LWPOLYLINE
  5
3DF
330
31F
100
AcDbEntity
  8
VEG-NERVIOS
100
AcDbPolyline
 90
2
 70
0
 10
0.1616
 20
-0.1055
 10
0.1731
 20
-0.1048
  0
LWPOLYLINE
  5
3E0
330
31F
100
AcDbEntity
  8
VEG-NERVIOS
100
AcDbPolyline
 90
2
 70
0
 10
0.1776
 20
-0.326
 10
0.1861
 20
-0.3285
  0
LWPOLYLINE
  5
3E1
330
31F
100
AcDbEntity
  8
VEG-HOJAS
100
AcDbPolyline
 90
3
 70
0
 10
-0.0075
 20
-0.2147
 10
-0.0988
 20
-0.2868
 10
-0.1036
 20
-0.2765
  0
LWPOLYLINE
  5
3E2
330
31F
100
AcDbEntity
  8
VEG-HOJAS
100
AcDbPolyline
 90
2
 70
0
 10
-0.0909
 20
-0.1861
 10
-0.098
 20
-0.1902
  0
LWPOLYLINE
  5
3E3
330
31F
100
AcDbEntity
  8
VEG-HOJAS
100
AcDbPolyline
 90
2
 70
0
 10
-0.0943
 20
-0.2009
 10
-0.0867
 20
-0.1959
  0
LWPOLYLINE
  5
3E4
330
31F
100
AcDbEntity
  8
VEG-HOJAS
100
AcDbPolyline
 90
2
 70
0
 10
-0.0756
 20
-0.0797
 10
-0.0669
 20
-0.0755
  0
LWPOLYLINE
  5
3E5
330
31F
100
AcDbEntity
  8
VEG-HOJAS
100
AcDbPolyline
 90
2
 70
0
 10
-0.0174
 20
-0.0737
 10
-0.0133
 20
-0.0758
  0
LWPOLYLINE
  5
3E6
330
31F
100
AcDbEntity
  8
VEG-HOJAS
100
AcDbPolyline
 90
49
 70
0
 10
0.1896
 20
-0.3322
 10
0.1861
 20
-0.3417
 10
0.1132
 20
-0.3171
 10
0.1117
 20
-0.317
 10
0.1104
 20
-0.3181
 10
0.1103
 20
-0.3198
 10
0.1114
 20
-0.3211
 10
0.1823
 20
-0.3514
 10
0.1717
 20
-0.3731
 10
0.1584
 20
-0.3956
 10
0.1221
 20
-0.3793
 10
0.1204
 20
-0.3792
 10
0.1191
 20
-0.3803
 10
0.119
 20
-0.382
 10
0.1201
 20
-0.3833
 10
0.1534
 20
-0.4036
 10
0.1429
 20
-0.42
 10
0.1234
 20
-0.4457
 10
0.0971
 20
-0.4393
 10
0.0804
 20
-0.4341
 10
0.0919
 20
-0.4015
 10
0.0919
 20
-0.3999
 10
0.0908
 20
-0.3986
 10
0.0891
 20
-0.3985
 10
0.0878
 20
-0.3996
 10
0.0716
 20
-0.4309
 10
0.0386
 20
-0.418
 10
0.0211
 20
-0.4094
 10
0.0176
 20
-0.4073
 10
0.057
 20
-0.339
 10
0.0571
 20
-0.3373
 10
0.056
 20
-0.336
 10
0.0543
 20
-0.3358
 10
0.0531
 20
-0.3367
 10
0.0086
 20
-0.4018
 10
-0.0054
 20
-0.3925
 10
-0.0241
 20
-0.3787
 10
-0.045
 20
-0.3607
 10
0.0279
 20
-0.2723
 10
0.0285
 20
-0.2711
 10
0.028
 20
-0.2694
 10
0.0265
 20
-0.2686
 10
0.0246
 20
-0.2693
 10
-0.0534
 20
-0.3524
 10
-0.0654
 20
-0.339
 10
-0.0722
 20
-0.3303
 10
-0.0848
 20
-0.3119
 10
-0.0928
 20
-0.2983
 10
-0.0047
 20
-0.2194
  0
LWPOLYLINE
  5
3E7
330
31F
100
AcDbEntity
  8
VEG-HOJAS
100
AcDbPolyline
 90
2
 70
0
 10
0.0149
 20
-0.2023
 10
0.0182
 20
-0.2013
  0
LWPOLYLINE
  5
3E8
330
31F
100
AcDbEntity
  8
VEG-HOJAS
100
AcDbPolyline
 90
2
 70
0
 10
0.1037
 20
-0.2527
 10
0.1108
 20
-0.2547
  0
LWPOLYLINE
  5
3E9
330
31F
100
AcDbEntity
  8
VEG-HOJAS
100
AcDbPolyline
 90
2
 70
0
 10
0.1128
 20
-0.2496
 10
0.1058
 20
-0.2482
  0
LWPOLYLINE
  5
3EA
330
31F
100
AcDbEntity
  8
VEG-HOJAS
100
AcDbPolyline
 90
2
 70
0
 10
0.1351
 20
-0.1919
 10
0.1309
 20
-0.1916
  0
LWPOLYLINE
  5
3EB
330
31F
100
AcDbEntity
  8
VEG-HOJAS
100
AcDbPolyline
 90
2
 70
0
 10
0.146
 20
-0.0626
 10
0.1512
 20
-0.0675
  0
LWPOLYLINE
  5
3EC
330
31F
100
AcDbEntity
  8
VEG-HOJAS
100
AcDbPolyline
 90
2
 70
0
 10
0.1487
 20
-0.2648
 10
0.1546
 20
-0.2664
  0
LWPOLYLINE
  5
3ED
330
31F
100
AcDbEntity
  8
VEG-HOJAS
100
AcDbPolyline
 90
2
 70
0
 10
0.1568
 20
-0.2585
 10
0.1513
 20
-0.2574
  0
LWPOLYLINE
  5
3EE
330
31F
100
AcDbEntity
  8
VEG-HOJAS
100
AcDbPolyline
 90
2
 70
0
 10
0.1755
 20
-0.1
 10
0.1786
 20
-0.1055
  0
LWPOLYLINE
  5
3EF
330
31F
100
AcDbEntity
  8
VEG-HOJAS
100
AcDbPolyline
 90
2
 70
0
 10
0.1912
 20
-0.2759
 10
0.1957
 20
-0.2771
  0
LWPOLYLINE
  5
3F0
330
31F
100
AcDbEntity
  8
VEG-HOJAS
100
AcDbPolyline
 90
2
 70
0
 10
0.1984
 20
-0.1519
 10
0.1998
 20
-0.1569
  0
LWPOLYLINE
  5
3F1
330
31F
100
AcDbEntity
  8
VEG-HOJAS
100
AcDbPolyline
 90
2
 70
0
 10
0.207
 20
-0.1908
 10
0.2072
 20
-0.1932
  0
LWPOLYLINE
  5
3F2
330
31F
100
AcDbEntity
  8
VEG-HOJAS
100
AcDbPolyline
 90
2
 70
0
 10
-0.0666
 20
-0.0624
 10
-0.0684
 20
-0.0639
  0
LWPOLYLINE
  5
3F3
330
31F
100
AcDbEntity
  8
VEG-NERVIOS
100
AcDbPolyline
 90
2
 70
0
 10
-0.3642
 20
-0.2675
 10
-0.3855
 20
-0.2645
  0
LWPOLYLINE
  5
3F4
330
31F
100
AcDbEntity
  8
VEG-NERVIOS
100
AcDbPolyline
 90
2
 70
0
 10
-0.3678
 20
-0.2697
 10
-0.3736
 20
-0.2863
  0
LWPOLYLINE
  5
3F5
330
31F
100
AcDbEntity
  8
VEG-NERVIOS
100
AcDbPolyline
 90
2
 70
0
 10
-0.3678
 20
-0.2697
 10
-0.3719
 20
-0.2722
  0
LWPOLYLINE
  5
3F6
330
31F
100
AcDbEntity
  8
VEG-NERVIOS
100
AcDbPolyline
 90
2
 70
0
 10
-0.3642
 20
-0.2675
 10
-0.3678
 20
-0.2697
  0
LWPOLYLINE
  5
3F7
330
31F
100
AcDbEntity
  8
VEG-NERVIOS
100
AcDbPolyline
 90
2
 70
0
 10
-0.3243
 20
-0.2421
 10
-0.3642
 20
-0.2675
  0
LWPOLYLINE
  5
3F8
330
31F
100
AcDbEntity
  8
VEG-NERVIOS
100
AcDbPolyline
 90
2
 70
0
 10
-0.3222
 20
-0.2407
 10
-0.3487
 20
-0.2345
  0
LWPOLYLINE
  5
3F9
330
31F
100
AcDbEntity
  8
VEG-NERVIOS
100
AcDbPolyline
 90
2
 70
0
 10
-0.3243
 20
-0.2421
 10
-0.3368
 20
-0.3004
  0
LWPOLYLINE
  5
3FA
330
31F
100
AcDbEntity
  8
VEG-NERVIOS
100
AcDbPolyline
 90
3
 70
0
 10
-0.2197
 20
-0.1392
 10
-0.2711
 20
-0.1097
 10
-0.3301
 20
-0.0744
  0
LWPOLYLINE
  5
3FB
330
31F
100
AcDbEntity
  8
VEG-NERVIOS
100
AcDbPolyline
 90
2
 70
0
 10
-0.3222
 20
-0.2407
 10
-0.3243
 20
-0.2421
  0
LWPOLYLINE
  5
3FC
330
31F
100
AcDbEntity
  8
VEG-NERVIOS
100
AcDbPolyline
 90
2
 70
0
 10
-0.2795
 20
-0.2125
 10
-0.3222
 20
-0.2407
  0
LWPOLYLINE
  5
3FD
330
31F
100
AcDbEntity
  8
VEG-NERVIOS
100
AcDbPolyline
 90
2
 70
0
 10
-0.2795
 20
-0.2125
 10
-0.3105
 20
-0.2021
  0
LWPOLYLINE
  5
3FE
330
31F
100
AcDbEntity
  8
VEG-NERVIOS
100
AcDbPolyline
 90
2
 70
0
 10
-0.2852
 20
-0.2927
 10
-0.2871
 20
-0.3125
  0
LWPOLYLINE
  5
3FF
330
31F
100
AcDbEntity
  8
VEG-NERVIOS
100
AcDbPolyline
 90
3
 70
0
 10
-0.1536
 20
-0.1221
 10
-0.2168
 20
-0.0782
 10
-0.2869
 20
-0.0277
  0
LWPOLYLINE
  5
400
330
31F
100
AcDbEntity
  8
VEG-NERVIOS
100
AcDbPolyline
 90
2
 70
0
 10
-0.279
 20
-0.2121
 10
-0.2814
 20
-0.2469
  0
LWPOLYLINE
  5
401
330
31F
100
AcDbEntity
  8
VEG-NERVIOS
100
AcDbPolyline
 90
2
 70
0
 10
-0.2391
 20
-0.1846
 10
-0.279
 20
-0.2121
  0
LWPOLYLINE
  5
402
330
31F
100
AcDbEntity
  8
VEG-NERVIOS
100
AcDbPolyline
 90
2
 70
0
 10
-0.2375
 20
-0.1835
 10
-0.2459
 20
-0.1798
  0
LWPOLYLINE
  5
403
330
31F
100
AcDbEntity
  8
VEG-NERVIOS
100
AcDbPolyline
 90
2
 70
0
 10
-0.2375
 20
-0.1835
 10
-0.2391
 20
-0.1846
  0
LWPOLYLINE
  5
404
330
31F
100
AcDbEntity
  8
VEG-NERVIOS
100
AcDbPolyline
 90
2
 70
0
 10
-0.2391
 20
-0.1846
 10
-0.2387
 20
-0.1914
  0
LWPOLYLINE
  5
405
330
31F
100
AcDbEntity
  8
VEG-NERVIOS
100
AcDbPolyline
 90
2
 70
0
 10
-0.1972
 20
-0.1546
 10
-0.2375
 20
-0.1835
  0
LWPOLYLINE
  5
406
330
31F
100
AcDbEntity
  8
VEG-NERVIOS
100
AcDbPolyline
 90
2
 70
0
 10
-0.2171
 20
-0.0007
 10
-0.2263
 20
0.0073
  0
LWPOLYLINE
  5
407
330
31F
100
AcDbEntity
  8
VEG-NERVIOS
100
AcDbPolyline
 90
2
 70
0
 10
-0.2126
 20
-0.0047
 10
-0.2169
 20
-0.0009
  0
LWPOLYLINE
  5
408
330
31F
100
AcDbEntity
  8
VEG-NERVIOS
100
AcDbPolyline
 90
2
 70
0
 10
-0.195
 20
-0.153
 10
-0.2115
 20
-0.1438
  0
LWPOLYLINE
  5
409
330
31F
100
AcDbEntity
  8
VEG-NERVIOS
100
AcDbPolyline
 90
2
 70
0
 10
-0.195
 20
-0.153
 10
-0.1972
 20
-0.1546
  0
LWPOLYLINE
  5
40A
330
31F
100
AcDbEntity
  8
VEG-NERVIOS
100
AcDbPolyline
 90
3
 70
0
 10
-0.1972
 20
-0.1546
 10
-0.1837
 20
-0.2291
 10
-0.1717
 20
-0.3041
  0
LWPOLYLINE
  5
40B
330
31F
100
AcDbEntity
  8
VEG-NERVIOS
100
AcDbPolyline
 90
2
 70
0
 10
-0.1544
 20
-0.1227
 10
-0.195
 20
-0.153
  0
LWPOLYLINE
  5
40C
330
31F
100
AcDbEntity
  8
VEG-NERVIOS
100
AcDbPolyline
 90
2
 70
0
 10
-0.1833
 20
-0.0298
 10
-0.1877
 20
-0.026
  0
LWPOLYLINE
  5
40D
330
31F
100
AcDbEntity
  8
VEG-NERVIOS
100
AcDbPolyline
 90
2
 70
0
 10
-0.1562
 20
-0.0528
 10
-0.161
 20
-0.0487
  0
LWPOLYLINE
  5
40E
330
31F
100
AcDbEntity
  8
VEG-NERVIOS
100
AcDbPolyline
 90
3
 70
0
 10
-0.1544
 20
-0.1227
 10
-0.1298
 20
-0.1977
 10
-0.1065
 20
-0.2733
  0
LWPOLYLINE
  5
40F
330
31F
100
AcDbEntity
  8
VEG-NERVIOS
100
AcDbPolyline
 90
2
 70
0
 10
-0.1138
 20
-0.0913
 10
-0.1536
 20
-0.1221
  0
LWPOLYLINE
  5
410
330
31F
100
AcDbEntity
  8
VEG-NERVIOS
100
AcDbPolyline
 90
2
 70
0
 10
-0.112
 20
-0.0899
 10
-0.1263
 20
-0.0779
  0
LWPOLYLINE
  5
411
330
31F
100
AcDbEntity
  8
VEG-NERVIOS
100
AcDbPolyline
 90
2
 70
0
 10
-0.112
 20
-0.0899
 10
-0.1138
 20
-0.0913
  0
LWPOLYLINE
  5
412
330
31F
100
AcDbEntity
  8
VEG-NERVIOS
100
AcDbPolyline
 90
3
 70
0
 10
-0.1138
 20
-0.0913
 10
-0.0802
 20
-0.161
 10
-0.0514
 20
-0.2224
  0
LWPOLYLINE
  5
413
330
31F
100
AcDbEntity
  8
VEG-HOJAS
100
AcDbPolyline
 90
119
 70
0
 10
-0.023
 20
-0.1794
 10
-0.0275
 20
-0.1917
 10
-0.0312
 20
-0.1992
 10
-0.0401
 20
-0.2141
 10
-0.0509
 20
-0.2286
 10
-0.0659
 20
-0.2454
 10
-0.1128
 20
-0.1356
 10
-0.1145
 20
-0.1342
 10
-0.1161
 20
-0.1347
 10
-0.1169
 20
-0.1361
 10
-0.1168
 20
-0.1372
 10
-0.0945
 20
-0.2004
 10
-0.076
 20
-0.255
 10
-0.0922
 20
-0.2685
 10
-0.1004
 20
-0.2744
 10
-0.1146
 20
-0.2835
 10
-0.1299
 20
-0.2288
 10
-0.1486
 20
-0.1654
 10
-0.1504
 20
-0.1639
 10
-0.152
 20
-0.1643
 10
-0.1528
 20
-0.1666
 10
-0.1399
 20
-0.2232
 10
-0.1259
 20
-0.2898
 10
-0.1506
 20
-0.3011
 10
-0.1761
 20
-0.3099
 10
-0.1852
 20
-0.3123
 10
-0.1905
 20
-0.266
 10
-0.1977
 20
-0.2106
 10
-0.199
 20
-0.2012
 10
-0.2007
 20
-0.1996
 10
-0.2023
 20
-0.2
 10
-0.2032
 20
-0.202
 10
-0.1995
 20
-0.2583
 10
-0.1967
 20
-0.3149
 10
-0.2186
 20
-0.3179
 10
-0.2333
 20
-0.3188
 10
-0.234
 20
-0.2712
 10
-0.2353
 20
-0.2239
 10
-0.2357
 20
-0.2227
 10
-0.2371
 20
-0.2218
 10
-0.2387
 20
-0.2221
 10
-0.2396
 20
-0.2239
 10
-0.2416
 20
-0.2714
 10
-0.2443
 20
-0.3191
 10
-0.2739
 20
-0.3181
 10
-0.2922
 20
-0.3162
 10
-0.2852
 20
-0.2497
 10
-0.2855
 20
-0.2482
 10
-0.2869
 20
-0.2473
 10
-0.2885
 20
-0.2476
 10
-0.2894
 20
-0.249
 10
-0.3022
 20
-0.3144
 10
-0.32
 20
-0.3101
 10
-0.343
 20
-0.3028
 10
-0.3362
 20
-0.2704
 10
-0.3365
 20
-0.2688
 10
-0.3379
 20
-0.2678
 10
-0.3395
 20
-0.2681
 10
-0.3404
 20
-0.2693
 10
-0.3515
 20
-0.3
 10
-0.367
 20
-0.2941
 10
-0.39
 20
-0.2834
 10
-0.3894
 20
-0.2518
 10
-0.3881
 20
-0.237
 10
-0.353
 20
-0.2415
 10
-0.3515
 20
-0.2412
 10
-0.3506
 20
-0.2398
 10
-0.3509
 20
-0.2382
 10
-0.3522
 20
-0.2373
 10
-0.3872
 20
-0.2282
 10
-0.3849
 20
-0.2072
 10
-0.3821
 20
-0.1896
 10
-0.3169
 20
-0.2061
 10
-0.3153
 20
-0.2058
 10
-0.3144
 20
-0.2044
 10
-0.3147
 20
-0.2028
 10
-0.3159
 20
-0.202
 10
-0.3801
 20
-0.18
 10
-0.3751
 20
-0.162
 10
-0.3672
 20
-0.1384
 10
-0.323
 20
-0.1552
 10
-0.2782
 20
-0.1714
 10
-0.2762
 20
-0.1712
 10
-0.2754
 20
-0.1699
 10
-0.2757
 20
-0.1683
 10
-0.2767
 20
-0.1675
 10
-0.3204
 20
-0.1484
 10
-0.3636
 20
-0.1287
 10
-0.3523
 20
-0.1027
 10
-0.3451
 20
-0.0896
 10
-0.2929
 20
-0.1155
 10
-0.24
 20
-0.1404
 10
-0.2379
 20
-0.1403
 10
-0.237
 20
-0.1389
 10
-0.238
 20
-0.1367
 10
-0.2891
 20
-0.1089
 10
-0.3394
 20
-0.0804
 10
-0.3255
 20
-0.0611
 10
-0.3073
 20
-0.0405
 10
-0.2482
 20
-0.0772
 10
-0.1969
 20
-0.1078
 10
-0.1953
 20
-0.1081
 10
-0.194
 20
-0.1071
 10
-0.1938
 20
-0.1055
 10
-0.1947
 20
-0.1042
 10
-0.2432
 20
-0.0715
 10
-0.299
 20
-0.0325
 10
-0.2931
 20
-0.0272
 10
-0.2788
 20
-0.016
 10
-0.2617
 20
-0.0049
 10
-0.206
 20
-0.0459
 10
-0.1577
 20
-0.0805
 10
-0.1559
 20
-0.0808
 10
-0.1546
 20
-0.0798
 10
-0.1544
 20
-0.0782
 10
-0.1552
 20
-0.0771
 10
-0.2507
 20
0.0011
 10
-0.2413
 20
0.0057
 10
-0.2249
 20
0.0123
  0
LWPOLYLINE
  5
414
330
31F
100
AcDbEntity
  8
VEG-HOJAS
100
AcDbPolyline
 90
3
 70
0
 10
-0.1065
 20
-0.0839
 10
-0.108
 20
-0.0867
 10
-0.102
 20
-0.0848
  0
LWPOLYLINE
  5
415
330
31F
100
AcDbEntity
  8
VEG-HOJAS
100
AcDbPolyline
 90
2
 70
0
 10
-0.0989
 20
-0.0359
 10
-0.0974
 20
-0.0423
  0
LWPOLYLINE
  5
416
330
31F
100
AcDbEntity
  8
VEG-HOJAS
100
AcDbPolyline
 90
2
 70
0
 10
-0.0771
 20
-0.0829
 10
-0.0694
 20
-0.0835
  0
LWPOLYLINE
  5
417
330
31F
100
AcDbEntity
  8
VEG-HOJAS
100
AcDbPolyline
 90
2
 70
0
 10
-0.0457
 20
-0.095
 10
-0.0407
 20
-0.0993
  0
LWPOLYLINE
  5
418
330
31F
100
AcDbEntity
  8
VEG-HOJAS
100
AcDbPolyline
 90
15
 70
1
 10
-0.2701
 20
-0.1736
 10
-0.2671
 20
-0.1768
 10
-0.2645
 20
-0.1784
 10
-0.2584
 20
-0.1808
 10
-0.2529
 20
-0.1814
 10
-0.2511
 20
-0.1809
 10
-0.2502
 20
-0.1799
 10
-0.2502
 20
-0.1786
 10
-0.2513
 20
-0.1771
 10
-0.2532
 20
-0.1754
 10
-0.2588
 20
-0.1725
 10
-0.2649
 20
-0.171
 10
-0.2674
 20
-0.1709
 10
-0.2692
 20
-0.1714
 10
-0.2701
 20
-0.1723
  0
LWPOLYLINE
  5
419
330
31F
100
AcDbEntity
  8
VEG-HOJAS
100
AcDbPolyline
 90
14
 70
1
 10
-0.2343
 20
-0.2119
 10
-0.2338
 20
-0.209
 10
-0.2338
 20
-0.2026
 10
-0.2353
 20
-0.1974
 10
-0.2364
 20
-0.196
 10
-0.2376
 20
-0.1955
 10
-0.2388
 20
-0.196
 10
-0.2408
 20
-0.1998
 10
-0.2415
 20
-0.2059
 10
-0.2407
 20
-0.212
 10
-0.2387
 20
-0.2158
 10
-0.2375
 20
-0.2163
 10
-0.2363
 20
-0.2157
 10
-0.2352
 20
-0.2142
  0
LWPOLYLINE
  5
41A
330
31F
100
AcDbEntity
  8
VEG-HOJAS
100
AcDbPolyline
 90
14
 70
1
 10
-0.2304
 20
-0.1454
 10
-0.2257
 20
-0.1492
 10
-0.2192
 20
-0.1524
 10
-0.2133
 20
-0.1537
 10
-0.2114
 20
-0.1535
 10
-0.2103
 20
-0.1526
 10
-0.2103
 20
-0.1513
 10
-0.2133
 20
-0.1477
 10
-0.216
 20
-0.1458
 10
-0.2225
 20
-0.1426
 10
-0.2284
 20
-0.1413
 10
-0.2304
 20
-0.1415
 10
-0.2314
 20
-0.1423
 10
-0.2314
 20
-0.1437
  0
LWPOLYLINE
  5
41B
330
31F
100
AcDbEntity
  8
VEG-HOJAS
100
AcDbPolyline
 90
15
 70
1
 10
-0.1514
 20
-0.1492
 10
-0.1522
 20
-0.1457
 10
-0.1547
 20
-0.1394
 10
-0.1562
 20
-0.1372
 10
-0.1577
 20
-0.1359
 10
-0.159
 20
-0.1357
 10
-0.16
 20
-0.1365
 10
-0.1606
 20
-0.1384
 10
-0.1608
 20
-0.1411
 10
-0.1597
 20
-0.1478
 10
-0.1572
 20
-0.1541
 10
-0.1542
 20
-0.1576
 10
-0.1529
 20
-0.1579
 10
-0.1519
 20
-0.157
 10
-0.1513
 20
-0.1551
  0
LWPOLYLINE
  5
41C
330
31F
100
AcDbEntity
  8
VEG-HOJAS
100
AcDbPolyline
 90
2
 70
0
 10
-0.004
 20
0.0075
 10
-0.003
 20
0.0095
  0
LWPOLYLINE
  5
41D
330
31F
100
AcDbEntity
  8
VEG-HOJAS
100
AcDbPolyline
 90
2
 70
0
 10
0.0168
 20
0.0172
 10
0.0156
 20
0.0147
  0
LWPOLYLINE
  5
41E
330
31F
100
AcDbEntity
  8
VEG-HOJAS
100
AcDbPolyline
 90
2
 70
0
 10
0.0488
 20
0.0785
 10
0.0446
 20
0.0705
  0
LWPOLYLINE
  5
41F
330
31F
100
AcDbEntity
  8
VEG-NERVIOS
100
AcDbPolyline
 90
2
 70
0
 10
0.0262
 20
0.1236
 10
-0.0478
 20
0.1825
  0
LWPOLYLINE
  5
420
330
31F
100
AcDbEntity
  8
VEG-NERVIOS
100
AcDbPolyline
 90
2
 70
0
 10
0.0802
 20
0.1543
 10
-0.0183
 20
0.2594
  0
LWPOLYLINE
  5
421
330
31F
100
AcDbEntity
  8
VEG-NERVIOS
100
AcDbPolyline
 90
2
 70
0
 10
0.1083
 20
0.2086
 10
0.0337
 20
0.3172
  0
LWPOLYLINE
  5
422
330
31F
100
AcDbEntity
  8
VEG-NERVIOS
100
AcDbPolyline
 90
2
 70
0
 10
0.048
 20
0.1063
 10
0.0405
 20
0.1122
  0
LWPOLYLINE
  5
423
330
31F
100
AcDbEntity
  8
VEG-NERVIOS
100
AcDbPolyline
 90
2
 70
0
 10
0.0751
 20
0.1444
 10
0.0785
 20
0.1511
  0
LWPOLYLINE
  5
424
330
31F
100
AcDbEntity
  8
VEG-NERVIOS
100
AcDbPolyline
 90
2
 70
0
 10
0.0785
 20
0.1511
 10
0.0802
 20
0.1543
  0
LWPOLYLINE
  5
425
330
31F
100
AcDbEntity
  8
VEG-NERVIOS
100
AcDbPolyline
 90
2
 70
0
 10
0.0785
 20
0.1511
 10
0.0974
 20
0.1484
  0
LWPOLYLINE
  5
426
330
31F
100
AcDbEntity
  8
VEG-NERVIOS
100
AcDbPolyline
 90
2
 70
0
 10
0.0802
 20
0.1543
 10
0.0985
 20
0.1897
  0
LWPOLYLINE
  5
427
330
31F
100
AcDbEntity
  8
VEG-NERVIOS
100
AcDbPolyline
 90
2
 70
0
 10
0.1359
 20
0.2611
 10
0.0917
 20
0.351
  0
LWPOLYLINE
  5
428
330
31F
100
AcDbEntity
  8
VEG-NERVIOS
100
AcDbPolyline
 90
2
 70
0
 10
0.0985
 20
0.1897
 10
0.1083
 20
0.2086
  0
LWPOLYLINE
  5
429
330
31F
100
AcDbEntity
  8
VEG-NERVIOS
100
AcDbPolyline
 90
2
 70
0
 10
0.0985
 20
0.1897
 10
0.1071
 20
0.1893
  0
LWPOLYLINE
  5
42A
330
31F
100
AcDbEntity
  8
VEG-NERVIOS
100
AcDbPolyline
 90
2
 70
0
 10
0.0987
 20
0.0973
 10
0.1034
 20
0.0961
  0
LWPOLYLINE
  5
42B
330
31F
100
AcDbEntity
  8
VEG-NERVIOS
100
AcDbPolyline
 90
2
 70
0
 10
0.1036
 20
0.1475
 10
0.1117
 20
0.1463
  0
LWPOLYLINE
  5
42C
330
31F
100
AcDbEntity
  8
VEG-NERVIOS
100
AcDbPolyline
 90
2
 70
0
 10
0.1083
 20
0.2086
 10
0.1191
 20
0.2292
  0
LWPOLYLINE
  5
42D
330
31F
100
AcDbEntity
  8
VEG-NERVIOS
100
AcDbPolyline
 90
2
 70
0
 10
0.1191
 20
0.2292
 10
0.1285
 20
0.2298
  0
LWPOLYLINE
  5
42E
330
31F
100
AcDbEntity
  8
VEG-NERVIOS
100
AcDbPolyline
 90
2
 70
0
 10
0.1191
 20
0.2292
 10
0.1359
 20
0.2611
  0
LWPOLYLINE
  5
42F
330
31F
100
AcDbEntity
  8
VEG-NERVIOS
100
AcDbPolyline
 90
2
 70
0
 10
0.1306
 20
0.1882
 10
0.135
 20
0.188
  0
LWPOLYLINE
  5
430
330
31F
100
AcDbEntity
  8
VEG-NERVIOS
100
AcDbPolyline
 90
2
 70
0
 10
0.1359
 20
0.2611
 10
0.142
 20
0.2729
  0
LWPOLYLINE
  5
431
330
31F
100
AcDbEntity
  8
VEG-NERVIOS
100
AcDbPolyline
 90
2
 70
0
 10
0.142
 20
0.2729
 10
0.232
 20
0.2879
  0
LWPOLYLINE
  5
432
330
31F
100
AcDbEntity
  8
VEG-NERVIOS
100
AcDbPolyline
 90
2
 70
0
 10
0.142
 20
0.2729
 10
0.1633
 20
0.3129
  0
LWPOLYLINE
  5
433
330
31F
100
AcDbEntity
  8
VEG-NERVIOS
100
AcDbPolyline
 90
2
 70
0
 10
0.1633
 20
0.3129
 10
0.1455
 20
0.3677
  0
LWPOLYLINE
  5
434
330
31F
100
AcDbEntity
  8
VEG-NERVIOS
100
AcDbPolyline
 90
2
 70
0
 10
0.1532
 20
0.083
 10
0.156
 20
0.0822
  0
LWPOLYLINE
  5
435
330
31F
100
AcDbEntity
  8
VEG-NERVIOS
100
AcDbPolyline
 90
2
 70
0
 10
0.1624
 20
0.1867
 10
0.2363
 20
0.1828
  0
LWPOLYLINE
  5
436
330
31F
100
AcDbEntity
  8
VEG-NERVIOS
100
AcDbPolyline
 90
2
 70
0
 10
0.1639
 20
0.314
 10
0.1847
 20
0.3199
  0
LWPOLYLINE
  5
437
330
31F
100
AcDbEntity
  8
VEG-NERVIOS
100
AcDbPolyline
 90
2
 70
0
 10
0.1639
 20
0.314
 10
0.1844
 20
0.3523
  0
LWPOLYLINE
  5
438
330
31F
100
AcDbEntity
  8
VEG-NERVIOS
100
AcDbPolyline
 90
2
 70
0
 10
0.1699
 20
0.1376
 10
0.1771
 20
0.1365
  0
LWPOLYLINE
  5
439
330
31F
100
AcDbEntity
  8
VEG-NERVIOS
100
AcDbPolyline
 90
2
 70
0
 10
0.187
 20
0.3571
 10
0.1838
 20
0.3739
  0
LWPOLYLINE
  5
43A
330
31F
100
AcDbEntity
  8
VEG-NERVIOS
100
AcDbPolyline
 90
2
 70
0
 10
0.1844
 20
0.3523
 10
0.2046
 20
0.3602
  0
LWPOLYLINE
  5
43B
330
31F
100
AcDbEntity
  8
VEG-NERVIOS
100
AcDbPolyline
 90
2
 70
0
 10
0.1844
 20
0.3523
 10
0.187
 20
0.3571
  0
LWPOLYLINE
  5
43C
330
31F
100
AcDbEntity
  8
VEG-NERVIOS
100
AcDbPolyline
 90
2
 70
0
 10
0.187
 20
0.3571
 10
0.1897
 20
0.362
  0
LWPOLYLINE
  5
43D
330
31F
100
AcDbEntity
  8
VEG-NERVIOS
100
AcDbPolyline
 90
2
 70
0
 10
0.1903
 20
0.1345
 10
0.2203
 20
0.13
  0
LWPOLYLINE
  5
43E
330
31F
100
AcDbEntity
  8
VEG-NERVIOS
100
AcDbPolyline
 90
2
 70
0
 10
0.2165
 20
0.2344
 10
0.2393
 20
0.2355
  0
LWPOLYLINE
  5
43F
330
31F
100
AcDbEntity
  8
VEG-HOJAS
100
AcDbPolyline
 90
93
 70
0
 10
-0.0099
 20
0.0877
 10
-0.0191
 20
0.092
 10
-0.0238
 20
0.0951
 10
-0.032
 20
0.1028
 10
-0.0395
 20
0.1129
 10
-0.0429
 20
0.1185
 10
-0.0486
 20
0.1309
 10
-0.0508
 20
0.1373
 10
-0.0532
 20
0.1506
 10
-0.0536
 20
0.1651
 10
-0.0531
 20
0.1727
 10
-0.0508
 20
0.1882
 10
-0.0461
 20
0.2074
 10
0.0359
 20
0.1379
 10
0.0378
 20
0.1375
 10
0.0391
 20
0.1392
 10
0.0385
 20
0.1408
 10
-0.0423
 20
0.2191
 10
-0.0319
 20
0.2432
 10
-0.0233
 20
0.2587
 10
-0.0134
 20
0.2735
 10
-0.0072
 20
0.2816
 10
0.0638
 20
0.1977
 10
0.0652
 20
0.197
 10
0.0666
 20
0.1975
 10
0.0673
 20
0.1988
 10
0.0668
 20
0.2002
 10
-0.0001
 20
0.2901
 10
0.0177
 20
0.3086
 10
0.032
 20
0.3209
 10
0.041
 20
0.3274
 10
0.0917
 20
0.2475
 10
0.0924
 20
0.2468
 10
0.0939
 20
0.2466
 10
0.0951
 20
0.2476
 10
0.095
 20
0.2495
 10
0.0495
 20
0.333
 10
0.0742
 20
0.3469
 10
0.0997
 20
0.3587
 10
0.1262
 20
0.2996
 10
0.1271
 20
0.2986
 10
0.1286
 20
0.2985
 10
0.1297
 20
0.2994
 10
0.1299
 20
0.3009
 10
0.1083
 20
0.362
 10
0.1237
 20
0.3668
 10
0.1518
 20
0.373
 10
0.1614
 20
0.3436
 10
0.1624
 20
0.3425
 10
0.1639
 20
0.3423
 10
0.165
 20
0.3433
 10
0.1652
 20
0.3447
 10
0.1599
 20
0.3746
 10
0.1709
 20
0.3764
 10
0.1989
 20
0.3791
 10
0.212
 20
0.3543
 10
0.2184
 20
0.3393
 10
0.1873
 20
0.3266
 10
0.1862
 20
0.3257
 10
0.186
 20
0.3242
 10
0.187
 20
0.3231
 10
0.1884
 20
0.3229
 10
0.2215
 20
0.3316
 10
0.2272
 20
0.3173
 10
0.2323
 20
0.3022
 10
0.1747
 20
0.2864
 10
0.1735
 20
0.2854
 10
0.1738
 20
0.2833
 10
0.1757
 20
0.2826
 10
0.2347
 20
0.2935
 10
0.2381
 20
0.2769
 10
0.242
 20
0.2498
 10
0.1565
 20
0.2378
 10
0.155
 20
0.2368
 10
0.1549
 20
0.2353
 10
0.1558
 20
0.2342
 10
0.157
 20
0.2339
 10
0.2429
 20
0.2401
 10
0.2437
 20
0.2187
 10
0.2424
 20
0.1982
 10
0.1375
 20
0.1951
 10
0.1358
 20
0.1941
 10
0.1357
 20
0.1926
 10
0.1374
 20
0.1913
 10
0.241
 20
0.1879
 10
0.236
 20
0.1635
 10
0.2319
 20
0.1498
 10
0.1187
 20
0.1574
 10
0.1168
 20
0.1564
 10
0.1167
 20
0.1549
 10
0.1183
 20
0.1536
 10
0.2283
 20
0.1394
 10
0.2195
 20
0.1192
  0
LWPOLYLINE
  5
440
330
31F
100
AcDbEntity
  8
VEG-HOJAS
100
AcDbPolyline
 90
2
 70
0
 10
0.0483
 20
0.0969
 10
0.0423
 20
0.0931
  0
LWPOLYLINE
  5
441
330
31F
100
AcDbEntity
  8
VEG-HOJAS
100
AcDbPolyline
 90
2
 70
0
 10
0.1002
 20
0.1141
 10
0.1061
 20
0.1127
  0
LWPOLYLINE
  5
442
330
31F
100
AcDbEntity
  8
VEG-HOJAS
100
AcDbPolyline
 90
2
 70
0
 10
0.1068
 20
0.1172
 10
0.1006
 20
0.1182
  0
LWPOLYLINE
  5
443
330
31F
100
AcDbEntity
  8
VEG-HOJAS
100
AcDbPolyline
 90
2
 70
0
 10
0.1584
 20
0.1005
 10
0.1626
 20
0.0995
  0
LWPOLYLINE
  5
444
330
31F
100
AcDbEntity
  8
VEG-HOJAS
100
AcDbPolyline
 90
2
 70
0
 10
0.1656
 20
0.1073
 10
0.1607
 20
0.1081
  0
LWPOLYLINE
  5
445
330
31F
100
AcDbEntity
  8
VEG-HOJAS
100
AcDbPolyline
 90
14
 70
1
 10
0.0721
 20
0.1851
 10
0.0784
 20
0.1781
 10
0.0804
 20
0.1768
 10
0.0821
 20
0.1762
 10
0.0833
 20
0.1765
 10
0.0839
 20
0.1776
 10
0.0837
 20
0.1794
 10
0.0829
 20
0.1817
 10
0.0795
 20
0.1869
 10
0.0751
 20
0.1913
 10
0.0713
 20
0.1932
 10
0.0702
 20
0.1929
 10
0.0696
 20
0.1918
 10
0.0698
 20
0.19
  0
LWPOLYLINE
  5
446
330
31F
100
AcDbEntity
  8
VEG-HOJAS
100
AcDbPolyline
 90
13
 70
1
 10
0.1068
 20
0.1595
 10
0.0975
 20
0.1609
 10
0.0922
 20
0.1601
 10
0.0906
 20
0.1592
 10
0.09
 20
0.1582
 10
0.0904
 20
0.157
 10
0.094
 20
0.1549
 10
0.1001
 20
0.1537
 10
0.1063
 20
0.1538
 10
0.1102
 20
0.1552
 10
0.1109
 20
0.1562
 10
0.1104
 20
0.1573
 10
0.1091
 20
0.1585
  0
LWPOLYLINE
  5
447
330
31F
100
AcDbEntity
  8
VEG-HOJAS
100
AcDbPolyline
 90
13
 70
1
 10
0.128
 20
0.1953
 10
0.1228
 20
0.1965
 10
0.1164
 20
0.1965
 10
0.1113
 20
0.1952
 10
0.1098
 20
0.1942
 10
0.1093
 20
0.1931
 10
0.1098
 20
0.192
 10
0.1136
 20
0.1903
 10
0.1229
 20
0.1898
 10
0.128
 20
0.1911
 10
0.1295
 20
0.1921
 10
0.13
 20
0.1932
 10
0.1295
 20
0.1943
  0
LWPOLYLINE
  5
448
330
31F
100
AcDbEntity
  8
VEG-HOJAS
100
AcDbPolyline
 90
15
 70
1
 10
0.1493
 20
0.2362
 10
0.1457
 20
0.2375
 10
0.143
 20
0.2378
 10
0.1372
 20
0.2371
 10
0.1326
 20
0.2353
 10
0.1314
 20
0.2342
 10
0.1311
 20
0.233
 10
0.1316
 20
0.232
 10
0.1331
 20
0.2311
 10
0.1353
 20
0.2306
 10
0.1409
 20
0.2305
 10
0.1463
 20
0.2318
 10
0.1483
 20
0.2328
 10
0.1495
 20
0.234
 10
0.1499
 20
0.2351
  0
LWPOLYLINE
  5
449
330
31F
100
AcDbEntity
  8
VEG-HOJAS
100
AcDbPolyline
 90
2
 70
0
 10
0.0115
 20
-0.0025
 10
0.0156
 20
-0.0073
  0
LWPOLYLINE
  5
44A
330
31F
100
AcDbEntity
  8
VEG-NERVIOS
100
AcDbPolyline
 90
2
 70
0
 10
-0.0019
 20
-0.1938
 10
-0.0089
 20
-0.2035
  0
LWPOLYLINE
  5
44B
330
31F
100
AcDbEntity
  8
VEG-NERVIOS
100
AcDbPolyline
 90
2
 70
0
 10
0.05
 20
-0.2226
 10
0.0295
 20
-0.2565
  0
LWPOLYLINE
  5
44C
330
31F
100
AcDbEntity
  8
VEG-NERVIOS
100
AcDbPolyline
 90
2
 70
0
 10
0.0716
 20
-0.0885
 10
0.0695
 20
-0.0915
  0
LWPOLYLINE
  5
44D
330
31F
100
AcDbEntity
  8
VEG-NERVIOS
100
AcDbPolyline
 90
3
 70
0
 10
0.127
 20
-0.1872
 10
0.1021
 20
-0.24
 10
0.0761
 20
-0.292
  0
LWPOLYLINE
  5
44E
330
31F
100
AcDbEntity
  8
VEG-NERVIOS
100
AcDbPolyline
 90
2
 70
0
 10
0.0763
 20
-0.0886
 10
0.08
 20
-0.0925
  0
LWPOLYLINE
  5
44F
330
31F
100
AcDbEntity
  8
VEG-NERVIOS
100
AcDbPolyline
 90
2
 70
0
 10
0.0955
 20
-0.1442
 10
0.0937
 20
-0.1475
  0
LWPOLYLINE
  5
450
330
31F
100
AcDbEntity
  8
VEG-NERVIOS
100
AcDbPolyline
 90
2
 70
0
 10
0.1398
 20
-0.1588
 10
0.1341
 20
-0.1715
  0
LWPOLYLINE
  5
451
330
31F
100
AcDbEntity
  8
VEG-NERVIOS
100
AcDbPolyline
 90
2
 70
0
 10
0.1349
 20
-0.1531
 10
0.1391
 20
-0.158
  0
LWPOLYLINE
  5
452
330
31F
100
AcDbEntity
  8
VEG-NERVIOS
100
AcDbPolyline
 90
3
 70
0
 10
0.1391
 20
-0.158
 10
0.2138
 20
-0.138
 10
0.2799
 20
-0.1222
  0
LWPOLYLINE
  5
453
330
31F
100
AcDbEntity
  8
VEG-NERVIOS
100
AcDbPolyline
 90
2
 70
0
 10
0.1398
 20
-0.1588
 10
0.1708
 20
-0.1955
  0
LWPOLYLINE
  5
454
330
31F
100
AcDbEntity
  8
VEG-NERVIOS
100
AcDbPolyline
 90
3
 70
0
 10
0.1431
 20
-0.1044
 10
0.1926
 20
-0.0838
 10
0.2454
 20
-0.0628
  0
LWPOLYLINE
  5
455
330
31F
100
AcDbEntity
  8
VEG-NERVIOS
100
AcDbPolyline
 90
2
 70
0
 10
0.165
 20
-0.0293
 10
0.1715
 20
-0.0255
  0
LWPOLYLINE
  5
456
330
31F
100
AcDbEntity
  8
VEG-NERVIOS
100
AcDbPolyline
 90
2
 70
0
 10
0.1714
 20
-0.1963
 10
0.1686
 20
-0.2046
  0
LWPOLYLINE
  5
457
330
31F
100
AcDbEntity
  8
VEG-NERVIOS
100
AcDbPolyline
 90
2
 70
0
 10
0.1708
 20
-0.1955
 10
0.2026
 20
-0.1913
  0
LWPOLYLINE
  5
458
330
31F
100
AcDbEntity
  8
VEG-NERVIOS
100
AcDbPolyline
 90
2
 70
0
 10
0.1714
 20
-0.1963
 10
0.201
 20
-0.233
  0
LWPOLYLINE
  5
459
330
31F
100
AcDbEntity
  8
VEG-NERVIOS
100
AcDbPolyline
 90
2
 70
0
 10
0.2013
 20
-0.2334
 10
0.1939
 20
-0.2624
  0
LWPOLYLINE
  5
45A
330
31F
100
AcDbEntity
  8
VEG-NERVIOS
100
AcDbPolyline
 90
3
 70
0
 10
0.201
 20
-0.233
 10
0.2488
 20
-0.2332
 10
0.2969
 20
-0.2344
  0
LWPOLYLINE
  5
45B
330
31F
100
AcDbEntity
  8
VEG-NERVIOS
100
AcDbPolyline
 90
2
 70
0
 10
0.2013
 20
-0.2334
 10
0.2301
 20
-0.2708
  0
LWPOLYLINE
  5
45C
330
31F
100
AcDbEntity
  8
VEG-NERVIOS
100
AcDbPolyline
 90
2
 70
0
 10
0.2301
 20
-0.2708
 10
0.226
 20
-0.2952
  0
LWPOLYLINE
  5
45D
330
31F
100
AcDbEntity
  8
VEG-NERVIOS
100
AcDbPolyline
 90
2
 70
0
 10
0.2301
 20
-0.2708
 10
0.2329
 20
-0.2746
  0
LWPOLYLINE
  5
45E
330
31F
100
AcDbEntity
  8
VEG-NERVIOS
100
AcDbPolyline
 90
2
 70
0
 10
0.2329
 20
-0.2746
 10
0.2578
 20
-0.3086
  0
LWPOLYLINE
  5
45F
330
31F
100
AcDbEntity
  8
VEG-NERVIOS
100
AcDbPolyline
 90
2
 70
0
 10
0.2329
 20
-0.2746
 10
0.2883
 20
-0.2829
  0
LWPOLYLINE
  5
460
330
31F
100
AcDbEntity
  8
VEG-NERVIOS
100
AcDbPolyline
 90
2
 70
0
 10
0.2578
 20
-0.3086
 10
0.256
 20
-0.3306
  0
LWPOLYLINE
  5
461
330
31F
100
AcDbEntity
  8
VEG-NERVIOS
100
AcDbPolyline
 90
2
 70
0
 10
0.2578
 20
-0.3086
 10
0.2617
 20
-0.3141
  0
LWPOLYLINE
  5
462
330
31F
100
AcDbEntity
  8
VEG-NERVIOS
100
AcDbPolyline
 90
2
 70
0
 10
0.2617
 20
-0.3141
 10
0.2639
 20
-0.3172
  0
LWPOLYLINE
  5
463
330
31F
100
AcDbEntity
  8
VEG-NERVIOS
100
AcDbPolyline
 90
2
 70
0
 10
0.2617
 20
-0.3141
 10
0.2772
 20
-0.3185
  0
LWPOLYLINE
  5
464
330
31F
100
AcDbEntity
  8
VEG-HOJAS
100
AcDbPolyline
 90
2
 70
0
 10
-0.0251
 20
-0.1712
 10
-0.0267
 20
-0.1619
  0
LWPOLYLINE
  5
465
330
31F
100
AcDbEntity
  8
VEG-HOJAS
100
AcDbPolyline
 90
6
 70
0
 10
0.0331
 20
-0.1755
 10
-0.001
 20
-0.2253
 10
-0.0081
 20
-0.2137
 10
-0.0151
 20
-0.1999
 10
-0.0209
 20
-0.1857
 10
-0.0246
 20
-0.1733
  0
LWPOLYLINE
  5
466
330
31F
100
AcDbEntity
  8
VEG-HOJAS
100
AcDbPolyline
 90
5
 70
0
 10
0.0591
 20
-0.2257
 10
0.0349
 20
-0.2671
 10
0.0209
 20
-0.2534
 10
0.0057
 20
-0.2349
 10
0.0215
 20
-0.2091
  0
LWPOLYLINE
  5
467
330
31F
100
AcDbEntity
  8
VEG-HOJAS
100
AcDbPolyline
 90
89
 70
0
 10
0.1389
 20
-0.073
 10
0.225
 20
-0.035
 10
0.2399
 20
-0.05
 10
0.2463
 20
-0.0574
 10
0.2559
 20
-0.07
 10
0.2007
 20
-0.0904
 10
0.1461
 20
-0.1116
 10
0.1448
 20
-0.1134
 10
0.1453
 20
-0.1149
 10
0.1475
 20
-0.1155
 10
0.2049
 20
-0.0974
 10
0.2629
 20
-0.0804
 10
0.2737
 20
-0.0991
 10
0.2826
 20
-0.1179
 10
0.2886
 20
-0.1336
 10
0.2501
 20
-0.141
 10
0.2023
 20
-0.151
 10
0.1831
 20
-0.1554
 10
0.1817
 20
-0.1571
 10
0.1822
 20
-0.1586
 10
0.1841
 20
-0.1593
 10
0.2427
 20
-0.1507
 10
0.292
 20
-0.1445
 10
0.2953
 20
-0.1573
 10
0.2992
 20
-0.1814
 10
0.2628
 20
-0.1844
 10
0.2175
 20
-0.1888
 10
0.2081
 20
-0.1899
 10
0.2067
 20
-0.1916
 10
0.2071
 20
-0.1931
 10
0.2089
 20
-0.1939
 10
0.2544
 20
-0.1925
 10
0.3002
 20
-0.192
 10
0.3014
 20
-0.2208
 10
0.3007
 20
-0.24
 10
0.2376
 20
-0.2373
 10
0.2363
 20
-0.2377
 10
0.2355
 20
-0.2391
 10
0.2359
 20
-0.2406
 10
0.2372
 20
-0.2414
 10
0.2996
 20
-0.2496
 10
0.2968
 20
-0.2654
 10
0.2912
 20
-0.2885
 10
0.2602
 20
-0.2841
 10
0.2587
 20
-0.2844
 10
0.2579
 20
-0.2858
 10
0.2583
 20
-0.2873
 10
0.2595
 20
-0.2881
 10
0.289
 20
-0.2968
 10
0.2844
 20
-0.3113
 10
0.2756
 20
-0.3338
 10
0.2456
 20
-0.335
 10
0.2296
 20
-0.3345
 10
0.232
 20
-0.2998
 10
0.2317
 20
-0.2984
 10
0.2304
 20
-0.2976
 10
0.2288
 20
-0.298
 10
0.228
 20
-0.2993
 10
0.2212
 20
-0.3342
 10
0.2031
 20
-0.3333
 10
0.1855
 20
-0.3317
 10
0.1972
 20
-0.2686
 10
0.1968
 20
-0.2671
 10
0.1955
 20
-0.2663
 10
0.194
 20
-0.2667
 10
0.1932
 20
-0.2679
 10
0.1763
 20
-0.3304
 10
0.1596
 20
-0.3269
 10
0.1381
 20
-0.3215
 10
0.151
 20
-0.2788
 10
0.1631
 20
-0.2356
 10
0.1627
 20
-0.2338
 10
0.1614
 20
-0.233
 10
0.1599
 20
-0.2335
 10
0.1592
 20
-0.2345
 10
0.1443
 20
-0.2769
 10
0.1287
 20
-0.3187
 10
0.1114
 20
-0.3131
 10
0.0906
 20
-0.3043
 10
0.1113
 20
-0.2534
 10
0.1309
 20
-0.2018
 10
0.1306
 20
-0.1997
 10
0.1292
 20
-0.199
 10
0.1272
 20
-0.2001
 10
0.1048
 20
-0.2503
 10
0.0815
 20
-0.2996
 10
0.0611
 20
-0.2873
 10
0.0432
 20
-0.2741
 10
0.068
 20
-0.2257
  0
LWPOLYLINE
  5
468
330
31F
100
AcDbEntity
  8
VEG-HOJAS
100
AcDbPolyline
 90
2
 70
0
 10
0.1011
 20
-0.1455
 10
0.0996
 20
-0.1493
  0
LWPOLYLINE
  5
469
330
31F
100
AcDbEntity
  8
VEG-HOJAS
100
AcDbPolyline
 90
2
 70
0
 10
0.1061
 20
-0.1513
 10
0.1084
 20
-0.1471
  0
LWPOLYLINE
  5
46A
330
31F
100
AcDbEntity
  8
VEG-HOJAS
100
AcDbPolyline
 90
2
 70
0
 10
0.1277
 20
0.0108
 10
0.1331
 20
0.0109
  0
LWPOLYLINE
  5
46B
330
31F
100
AcDbEntity
  8
VEG-HOJAS
100
AcDbPolyline
 90
3
 70
0
 10
0.1973
 20
-0.0129
 10
0.2149
 20
-0.0261
 10
0.1375
 20
-0.0672
  0
LWPOLYLINE
  5
46C
330
31F
100
AcDbEntity
  8
VEG-HOJAS
100
AcDbPolyline
 90
14
 70
1
 10
0.1348
 20
-0.1923
 10
0.1381
 20
-0.1876
 10
0.1406
 20
-0.1812
 10
0.1414
 20
-0.1755
 10
0.141
 20
-0.1737
 10
0.1401
 20
-0.1728
 10
0.1388
 20
-0.1729
 10
0.1356
 20
-0.176
 10
0.134
 20
-0.1787
 10
0.1315
 20
-0.1851
 10
0.1308
 20
-0.1907
 10
0.1312
 20
-0.1926
 10
0.132
 20
-0.1935
 10
0.1333
 20
-0.1934
  0
LWPOLYLINE
  5
46D
330
31F
100
AcDbEntity
  8
VEG-HOJAS
100
AcDbPolyline
 90
15
 70
1
 10
0.1645
 20
-0.2278
 10
0.1674
 20
-0.2248
 10
0.1687
 20
-0.2223
 10
0.1705
 20
-0.2163
 10
0.1706
 20
-0.211
 10
0.17
 20
-0.2094
 10
0.169
 20
-0.2086
 10
0.1678
 20
-0.2087
 10
0.1664
 20
-0.2098
 10
0.165
 20
-0.2118
 10
0.1626
 20
-0.2173
 10
0.1616
 20
-0.2232
 10
0.1618
 20
-0.2255
 10
0.1624
 20
-0.2272
 10
0.1633
 20
-0.228
  0
LWPOLYLINE
  5
46E
330
31F
100
AcDbEntity
  8
VEG-HOJAS
100
AcDbPolyline
 90
2
 70
0
 10
-0.0047
 20
-0.0065
 10
-0.0065
 20
-0.0063
  0
LWPOLYLINE
  5
46F
330
31F
100
AcDbEntity
  8
VEG-HOJAS
100
AcDbPolyline
 90
2
 70
0
 10
-0.0059
 20
0.0078
 10
-0.0011
 20
0.0072
  0
LWPOLYLINE
  5
470
330
31F
100
AcDbEntity
  8
VEG-NERVIOS
100
AcDbPolyline
 90
2
 70
0
 10
-0.2096
 20
0.0248
 10
-0.2236
 20
0.0155
  0
LWPOLYLINE
  5
471
330
31F
100
AcDbEntity
  8
VEG-NERVIOS
100
AcDbPolyline
 90
2
 70
0
 10
-0.2108
 20
0.025
 10
-0.2215
 20
0.0366
  0
LWPOLYLINE
  5
472
330
31F
100
AcDbEntity
  8
VEG-NERVIOS
100
AcDbPolyline
 90
2
 70
0
 10
-0.2108
 20
0.025
 10
-0.2194
 20
0.0261
  0
LWPOLYLINE
  5
473
330
31F
100
AcDbEntity
  8
VEG-NERVIOS
100
AcDbPolyline
 90
2
 70
0
 10
-0.1756
 20
0.0207
 10
-0.2096
 20
0.0248
  0
LWPOLYLINE
  5
474
330
31F
100
AcDbEntity
  8
VEG-NERVIOS
100
AcDbPolyline
 90
2
 70
0
 10
-0.1746
 20
0.0205
 10
-0.2088
 20
-0.0087
  0
LWPOLYLINE
  5
475
330
31F
100
AcDbEntity
  8
VEG-NERVIOS
100
AcDbPolyline
 90
2
 70
0
 10
-0.1756
 20
0.0207
 10
-0.2013
 20
0.0566
  0
LWPOLYLINE
  5
476
330
31F
100
AcDbEntity
  8
VEG-NERVIOS
100
AcDbPolyline
 90
2
 70
0
 10
-0.1804
 20
-0.0306
 10
-0.1856
 20
-0.0363
  0
LWPOLYLINE
  5
477
330
31F
100
AcDbEntity
  8
VEG-NERVIOS
100
AcDbPolyline
 90
2
 70
0
 10
-0.1382
 20
0.0162
 10
-0.1746
 20
0.0205
  0
LWPOLYLINE
  5
478
330
31F
100
AcDbEntity
  8
VEG-NERVIOS
100
AcDbPolyline
 90
2
 70
0
 10
-0.1377
 20
0.0161
 10
-0.1712
 20
0.0787
  0
LWPOLYLINE
  5
479
330
31F
100
AcDbEntity
  8
VEG-NERVIOS
100
AcDbPolyline
 90
2
 70
0
 10
-0.1382
 20
0.0162
 10
-0.1532
 20
-0.0005
  0
LWPOLYLINE
  5
47A
330
31F
100
AcDbEntity
  8
VEG-NERVIOS
100
AcDbPolyline
 90
2
 70
0
 10
-0.101
 20
0.0118
 10
-0.1523
 20
-0.0627
  0
LWPOLYLINE
  5
47B
330
31F
100
AcDbEntity
  8
VEG-NERVIOS
100
AcDbPolyline
 90
2
 70
0
 10
-0.101
 20
0.0118
 10
-0.1377
 20
0.0161
  0
LWPOLYLINE
  5
47C
330
31F
100
AcDbEntity
  8
VEG-NERVIOS
100
AcDbPolyline
 90
2
 70
0
 10
-0.0979
 20
0.0114
 10
-0.1297
 20
0.0973
  0
LWPOLYLINE
  5
47D
330
31F
100
AcDbEntity
  8
VEG-NERVIOS
100
AcDbPolyline
 90
2
 70
0
 10
-0.0618
 20
0.0073
 10
-0.1061
 20
-0.0812
  0
LWPOLYLINE
  5
47E
330
31F
100
AcDbEntity
  8
VEG-NERVIOS
100
AcDbPolyline
 90
2
 70
0
 10
-0.0979
 20
0.0114
 10
-0.101
 20
0.0118
  0
LWPOLYLINE
  5
47F
330
31F
100
AcDbEntity
  8
VEG-NERVIOS
100
AcDbPolyline
 90
2
 70
0
 10
-0.0618
 20
0.0073
 10
-0.0979
 20
0.0114
  0
LWPOLYLINE
  5
480
330
31F
100
AcDbEntity
  8
VEG-NERVIOS
100
AcDbPolyline
 90
2
 70
0
 10
-0.0596
 20
0.007
 10
-0.0818
 20
0.1035
  0
LWPOLYLINE
  5
481
330
31F
100
AcDbEntity
  8
VEG-NERVIOS
100
AcDbPolyline
 90
2
 70
0
 10
-0.0596
 20
0.007
 10
-0.0618
 20
0.0073
  0
LWPOLYLINE
  5
482
330
31F
100
AcDbEntity
  8
VEG-NERVIOS
100
AcDbPolyline
 90
2
 70
0
 10
-0.0253
 20
0.0032
 10
-0.0596
 20
0.007
  0
LWPOLYLINE
  5
483
330
31F
100
AcDbEntity
  8
VEG-NERVIOS
100
AcDbPolyline
 90
2
 70
0
 10
-0.0253
 20
0.0032
 10
-0.0354
 20
0.0947
  0
LWPOLYLINE
  5
484
330
31F
100
AcDbEntity
  8
VEG-NERVIOS
100
AcDbPolyline
 90
2
 70
0
 10
-0.0253
 20
0.0032
 10
-0.0311
 20
-0.0137
  0
LWPOLYLINE
  5
485
330
31F
100
AcDbEntity
  8
VEG-NERVIOS
100
AcDbPolyline
 90
2
 70
0
 10
-0.021
 20
0.0027
 10
-0.0253
 20
0.0032
  0
LWPOLYLINE
  5
486
330
31F
100
AcDbEntity
  8
VEG-HOJAS
100
AcDbPolyline
 90
3
 70
0
 10
-0.0658
 20
-0.0874
 10
-0.0709
 20
-0.0875
 10
-0.0668
 20
-0.0768
  0
LWPOLYLINE
  5
487
330
31F
100
AcDbEntity
  8
VEG-HOJAS
100
AcDbPolyline
 90
76
 70
0
 10
-0.0662
 20
-0.0591
 10
-0.0792
 20
-0.0874
 10
-0.0888
 20
-0.0868
 10
-0.1008
 20
-0.0851
 10
-0.1184
 20
-0.0806
 10
-0.0822
 20
-0.0142
 10
-0.0823
 20
-0.0127
 10
-0.0837
 20
-0.0123
 10
-0.1256
 20
-0.0782
 10
-0.1368
 20
-0.0737
 10
-0.1485
 20
-0.068
 10
-0.1615
 20
-0.0599
 10
-0.1229
 20
-0.0082
 10
-0.1229
 20
-0.0066
 10
-0.1238
 20
-0.0061
 10
-0.125
 20
-0.0066
 10
-0.1671
 20
-0.0558
 10
-0.1759
 20
-0.0487
 10
-0.1895
 20
-0.0363
 10
-0.1563
 20
-0.0011
 10
-0.1562
 20
0.0007
 10
-0.1571
 20
0.0012
 10
-0.1581
 20
0.0009
 10
-0.194
 20
-0.0317
 10
-0.2026
 20
-0.0219
 10
-0.2139
 20
-0.0058
 10
-0.1947
 20
0.0104
 10
-0.1942
 20
0.0113
 10
-0.1945
 20
0.0122
 10
-0.1954
 20
0.0127
 10
-0.1964
 20
0.0125
 10
-0.217
 20
-0.0009
 10
-0.224
 20
0.0104
 10
-0.2326
 20
0.0277
 10
-0.22
 20
0.0423
 10
-0.2113
 20
0.0509
 10
-0.195
 20
0.0335
 10
-0.1941
 20
0.033
 10
-0.1931
 20
0.0333
 10
-0.1926
 20
0.0342
 10
-0.1929
 20
0.0352
 10
-0.2071
 20
0.0548
 10
-0.1915
 20
0.0685
 10
-0.1816
 20
0.0755
 10
-0.1548
 20
0.0357
 10
-0.1539
 20
0.0352
 10
-0.1529
 20
0.0354
 10
-0.1526
 20
0.0372
 10
-0.1762
 20
0.0789
 10
-0.1594
 20
0.0882
 10
-0.1473
 20
0.0939
 10
-0.1181
 20
0.0351
 10
-0.1171
 20
0.0344
 10
-0.1161
 20
0.0346
 10
-0.1157
 20
0.0362
 10
-0.1409
 20
0.0965
 10
-0.1222
 20
0.1021
 10
-0.1095
 20
0.1044
 10
-0.0988
 20
0.1056
 10
-0.0749
 20
0.0316
 10
-0.0737
 20
0.0306
 10
-0.0728
 20
0.0309
 10
-0.0723
 20
0.0323
 10
-0.0913
 20
0.1061
 10
-0.0847
 20
0.1063
 10
-0.0727
 20
0.1058
 10
-0.0575
 20
0.1036
 10
-0.0419
 20
0.0269
 10
-0.0412
 20
0.0259
 10
-0.0402
 20
0.0258
 10
-0.0392
 20
0.0273
 10
-0.0495
 20
0.1019
 10
-0.0389
 20
0.0988
 10
-0.0288
 20
0.095
 10
-0.0192
 20
0.0904
 10
-0.0109
 20
0.0854
  0
LWPOLYLINE
  5
488
330
31F
100
AcDbEntity
  8
VEG-HOJAS
100
AcDbPolyline
 90
6
 70
0
 10
-0.0458
 20
-0.0216
 10
-0.0441
 20
-0.0169
 10
-0.0444
 20
-0.0159
 10
-0.0453
 20
-0.0154
 10
-0.0466
 20
-0.0161
 10
-0.052
 20
-0.0281
  0
LWPOLYLINE
  5
489
330
31F
100
AcDbEntity
  8
VEG-HOJAS
100
AcDbPolyline
 90
2
 70
0
 10
-0.014
 20
-0.0711
 10
-0.0182
 20
-0.0743
  0
LWPOLYLINE
  5
48A
330
31F
100
AcDbEntity
  8
VEG-HOJAS
100
AcDbPolyline
 90
7
 70
0
 10
0.0081
 20
0.0197
 10
0.0045
 20
0.0149
 10
-0.0002
 20
0.0112
 10
-0.012
 20
0.0043
 10
-0.0184
 20
0.0024
 10
-0.0125
 20
-0.0008
 10
-0.0035
 20
-0.0092
  0
LWPOLYLINE
  5
48B
330
31F
100
AcDbEntity
  8
VEG-HOJAS
100
AcDbPolyline
 90
3
 70
0
 10
0.0
 20
0.0
 10
-0.0029
 20
0.0064
 10
0.0194
 20
0.0165
  0
LWPOLYLINE
  5
48C
330
31F
100
AcDbEntity
  8
VEG-HOJAS
100
AcDbPolyline
 90
2
 70
0
 10
0.0198
 20
0.0012
 10
0.0093
 20
-0.0035
  0
LWPOLYLINE
  5
48D
330
31F
100
AcDbEntity
  8
VEG-NERVIOS
100
AcDbPolyline
 90
2
 70
0
 10
0.0388
 20
0.0182
 10
0.0248
 20
0.1191
  0
LWPOLYLINE
  5
48E
330
31F
100
AcDbEntity
  8
VEG-NERVIOS
100
AcDbPolyline
 90
2
 70
0
 10
0.034
 20
0.0163
 10
0.0388
 20
0.0182
  0
LWPOLYLINE
  5
48F
330
31F
100
AcDbEntity
  8
VEG-NERVIOS
100
AcDbPolyline
 90
2
 70
0
 10
0.0388
 20
0.0182
 10
0.0805
 20
0.034
  0
LWPOLYLINE
  5
490
330
31F
100
AcDbEntity
  8
VEG-NERVIOS
100
AcDbPolyline
 90
2
 70
0
 10
0.0651
 20
-0.0366
 10
0.0676
 20
-0.0406
  0
LWPOLYLINE
  5
491
330
31F
100
AcDbEntity
  8
VEG-NERVIOS
100
AcDbPolyline
 90
3
 70
0
 10
0.0805
 20
0.034
 10
0.1112
 20
-0.0021
 10
0.1474
 20
-0.0457
  0
LWPOLYLINE
  5
492
330
31F
100
AcDbEntity
  8
VEG-NERVIOS
100
AcDbPolyline
 90
2
 70
0
 10
0.0815
 20
0.0344
 10
0.1337
 20
0.0527
  0
LWPOLYLINE
  5
493
330
31F
100
AcDbEntity
  8
VEG-NERVIOS
100
AcDbPolyline
 90
3
 70
0
 10
0.0815
 20
0.0344
 10
0.083
 20
0.0938
 10
0.0849
 20
0.1435
  0
LWPOLYLINE
  5
494
330
31F
100
AcDbEntity
  8
VEG-NERVIOS
100
AcDbPolyline
 90
2
 70
0
 10
0.1337
 20
0.0527
 10
0.1392
 20
0.0546
  0
LWPOLYLINE
  5
495
330
31F
100
AcDbEntity
  8
VEG-NERVIOS
100
AcDbPolyline
 90
3
 70
0
 10
0.1337
 20
0.0527
 10
0.1438
 20
0.0976
 10
0.1548
 20
0.1425
  0
LWPOLYLINE
  5
496
330
31F
100
AcDbEntity
  8
VEG-NERVIOS
100
AcDbPolyline
 90
2
 70
0
 10
0.1392
 20
0.0546
 10
0.1894
 20
0.0708
  0
LWPOLYLINE
  5
497
330
31F
100
AcDbEntity
  8
VEG-NERVIOS
100
AcDbPolyline
 90
3
 70
0
 10
0.1392
 20
0.0546
 10
0.1683
 20
0.0301
 10
0.2041
 20
-0.001
  0
LWPOLYLINE
  5
498
330
31F
100
AcDbEntity
  8
VEG-NERVIOS
100
AcDbPolyline
 90
2
 70
0
 10
0.1894
 20
0.0708
 10
0.1941
 20
0.0722
  0
LWPOLYLINE
  5
499
330
31F
100
AcDbEntity
  8
VEG-NERVIOS
100
AcDbPolyline
 90
2
 70
0
 10
0.1894
 20
0.0708
 10
0.2123
 20
0.1203
  0
LWPOLYLINE
  5
49A
330
31F
100
AcDbEntity
  8
VEG-NERVIOS
100
AcDbPolyline
 90
2
 70
0
 10
0.1941
 20
0.0722
 10
0.2339
 20
0.0841
  0
LWPOLYLINE
  5
49B
330
31F
100
AcDbEntity
  8
VEG-NERVIOS
100
AcDbPolyline
 90
2
 70
0
 10
0.1941
 20
0.0722
 10
0.2361
 20
0.0467
  0
LWPOLYLINE
  5
49C
330
31F
100
AcDbEntity
  8
VEG-NERVIOS
100
AcDbPolyline
 90
2
 70
0
 10
0.2339
 20
0.0841
 10
0.2374
 20
0.0851
  0
LWPOLYLINE
  5
49D
330
31F
100
AcDbEntity
  8
VEG-NERVIOS
100
AcDbPolyline
 90
2
 70
0
 10
0.2339
 20
0.0841
 10
0.2435
 20
0.0985
  0
LWPOLYLINE
  5
49E
330
31F
100
AcDbEntity
  8
VEG-NERVIOS
100
AcDbPolyline
 90
2
 70
0
 10
0.2374
 20
0.0851
 10
0.2429
 20
0.0866
  0
LWPOLYLINE
  5
49F
330
31F
100
AcDbEntity
  8
VEG-NERVIOS
100
AcDbPolyline
 90
2
 70
0
 10
0.2374
 20
0.0851
 10
0.2501
 20
0.0794
  0
LWPOLYLINE
  5
4A0
330
31F
100
AcDbEntity
  8
VEG-HOJAS
100
AcDbPolyline
 90
3
 70
0
 10
0.0142
 20
-0.0141
 10
0.0153
 20
-0.0081
 10
0.0181
 20
-0.002
  0
LWPOLYLINE
  5
4A1
330
31F
100
AcDbEntity
  8
VEG-HOJAS
100
AcDbPolyline
 90
84
 70
0
 10
0.0218
 20
0.004
 10
0.0259
 20
0.0102
 10
0.0313
 20
0.0153
 10
0.0238
 20
0.0154
 10
0.0093
 20
0.0192
 10
0.0032
 20
0.0218
 10
-0.0022
 20
0.0257
 10
-0.0092
 20
0.0346
 10
-0.0132
 20
0.042
 10
-0.0159
 20
0.0502
 10
-0.0167
 20
0.0587
 10
-0.0159
 20
0.0682
 10
-0.0137
 20
0.0782
 10
-0.0098
 20
0.0879
 10
-0.0073
 20
0.0924
 10
-0.0043
 20
0.0968
 10
0.003
 20
0.1053
 10
0.0119
 20
0.1133
 10
0.0218
 20
0.1207
 10
0.0388
 20
0.1308
 10
0.047
 20
0.0479
 10
0.0474
 20
0.047
 10
0.0485
 20
0.0466
 10
0.0495
 20
0.047
 10
0.05
 20
0.048
 10
0.0473
 20
0.1348
 10
0.0635
 20
0.1411
 10
0.0769
 20
0.1449
 10
0.0909
 20
0.1475
 10
0.1038
 20
0.149
 10
0.0961
 20
0.0673
 10
0.0965
 20
0.0662
 10
0.0975
 20
0.0657
 10
0.0986
 20
0.0661
 10
0.099
 20
0.067
 10
0.1123
 20
0.1495
 10
0.1277
 20
0.1494
 10
0.1425
 20
0.1479
 10
0.1576
 20
0.1449
 10
0.1711
 20
0.1412
 10
0.1533
 20
0.0833
 10
0.1536
 20
0.0819
 10
0.1546
 20
0.0814
 10
0.1561
 20
0.0824
 10
0.1781
 20
0.139
 10
0.193
 20
0.1335
 10
0.2048
 20
0.128
 10
0.2247
 20
0.1158
 10
0.2125
 20
0.0919
 10
0.2124
 20
0.0908
 10
0.2131
 20
0.0899
 10
0.2143
 20
0.0898
 10
0.2151
 20
0.0905
 10
0.2299
 20
0.1122
 10
0.2409
 20
0.1045
 10
0.2571
 20
0.0906
 10
0.2503
 20
0.0711
 10
0.2463
 20
0.0619
 10
0.2246
 20
0.0709
 10
0.2236
 20
0.071
 10
0.2227
 20
0.0703
 10
0.2226
 20
0.0692
 10
0.2233
 20
0.0683
 10
0.2437
 20
0.0561
 10
0.2327
 20
0.0336
 10
0.2204
 20
0.0151
 10
0.1746
 20
0.0457
 10
0.1733
 20
0.0459
 10
0.1724
 20
0.0452
 10
0.1723
 20
0.0441
 10
0.1729
 20
0.0433
 10
0.2162
 20
0.0094
 10
0.2046
 20
-0.0049
 10
0.1948
 20
-0.0155
 10
0.1846
 20
-0.0247
 10
0.1769
 20
-0.0308
 10
0.12
 20
0.023
 10
0.1191
 20
0.0235
 10
0.118
 20
0.0231
 10
0.1175
 20
0.0221
 10
0.1179
 20
0.021
 10
0.1705
 20
-0.0353
 10
0.1509
 20
-0.0472
 10
0.1338
 20
-0.0551
  0
LWPOLYLINE
  5
4A2
330
31F
100
AcDbEntity
  8
VEG-HOJAS
100
AcDbPolyline
 90
2
 70
0
 10
0.0803
 20
-0.0345
 10
0.0835
 20
-0.0394
  0
LWPOLYLINE
  5
4A3
330
31F
100
AcDbEntity
  8
VEG-HOJAS
100
AcDbPolyline
 90
2
 70
0
 10
0.0907
 20
-0.0389
 10
0.0867
 20
-0.0335
  0
LWPOLYLINE
  5
4A4
330
31F
100
AcDbEntity
  8
VEG-HOJAS
100
AcDbPolyline
 90
4
 70
0
 10
0.0
 20
-0.0169
 10
-0.0064
 20
-0.0029
 10
0.0064
 20
0.0029
 10
0.0143
 20
-0.0145
  0
LWPOLYLINE
  5
4A5
330
31F
100
AcDbEntity
  8
VEG-NERVIOS
100
AcDbPolyline
 90
2
 70
0
 10
0.0164
 20
-0.0347
 10
-0.0625
 20
-0.0907
  0
LWPOLYLINE
  5
4A6
330
31F
100
AcDbEntity
  8
VEG-NERVIOS
100
AcDbPolyline
 90
2
 70
0
 10
0.034
 20
-0.0772
 10
-0.0402
 20
-0.1483
  0
LWPOLYLINE
  5
4A7
330
31F
100
AcDbEntity
  8
VEG-NERVIOS
100
AcDbPolyline
 90
2
 70
0
 10
0.0535
 20
-0.125
 10
0.0025
 20
-0.1935
  0
LWPOLYLINE
  5
4A8
330
31F
100
AcDbEntity
  8
VEG-NERVIOS
100
AcDbPolyline
 90
2
 70
0
 10
0.0142
 20
-0.0293
 10
0.0156
 20
-0.0327
  0
LWPOLYLINE
  5
4A9
330
31F
100
AcDbEntity
  8
VEG-NERVIOS
100
AcDbPolyline
 90
2
 70
0
 10
0.0156
 20
-0.0327
 10
0.11
 20
-0.0162
  0
LWPOLYLINE
  5
4AA
330
31F
100
AcDbEntity
  8
VEG-NERVIOS
100
AcDbPolyline
 90
2
 70
0
 10
0.0156
 20
-0.0327
 10
0.0164
 20
-0.0347
  0
LWPOLYLINE
  5
4AB
330
31F
100
AcDbEntity
  8
VEG-NERVIOS
100
AcDbPolyline
 90
2
 70
0
 10
0.0164
 20
-0.0347
 10
0.0328
 20
-0.0743
  0
LWPOLYLINE
  5
4AC
330
31F
100
AcDbEntity
  8
VEG-NERVIOS
100
AcDbPolyline
 90
2
 70
0
 10
0.0328
 20
-0.0743
 10
0.1359
 20
-0.0723
  0
LWPOLYLINE
  5
4AD
330
31F
100
AcDbEntity
  8
VEG-NERVIOS
100
AcDbPolyline
 90
2
 70
0
 10
0.0328
 20
-0.0743
 10
0.034
 20
-0.0772
  0
LWPOLYLINE
  5
4AE
330
31F
100
AcDbEntity
  8
VEG-NERVIOS
100
AcDbPolyline
 90
2
 70
0
 10
0.034
 20
-0.0772
 10
0.0533
 20
-0.1246
  0
LWPOLYLINE
  5
4AF
330
31F
100
AcDbEntity
  8
VEG-NERVIOS
100
AcDbPolyline
 90
2
 70
0
 10
0.0733
 20
-0.1742
 10
0.0502
 20
-0.2197
  0
LWPOLYLINE
  5
4B0
330
31F
100
AcDbEntity
  8
VEG-NERVIOS
100
AcDbPolyline
 90
2
 70
0
 10
0.0533
 20
-0.1246
 10
0.1379
 20
-0.1386
  0
LWPOLYLINE
  5
4B1
330
31F
100
AcDbEntity
  8
VEG-NERVIOS
100
AcDbPolyline
 90
2
 70
0
 10
0.0535
 20
-0.125
 10
0.0733
 20
-0.1742
  0
LWPOLYLINE
  5
4B2
330
31F
100
AcDbEntity
  8
VEG-NERVIOS
100
AcDbPolyline
 90
2
 70
0
 10
0.0733
 20
-0.1742
 10
0.0739
 20
-0.1757
  0
LWPOLYLINE
  5
4B3
330
31F
100
AcDbEntity
  8
VEG-NERVIOS
100
AcDbPolyline
 90
2
 70
0
 10
0.0739
 20
-0.1757
 10
0.0899
 20
-0.2159
  0
LWPOLYLINE
  5
4B4
330
31F
100
AcDbEntity
  8
VEG-NERVIOS
100
AcDbPolyline
 90
2
 70
0
 10
0.0739
 20
-0.1757
 10
0.1207
 20
-0.1929
  0
LWPOLYLINE
  5
4B5
330
31F
100
AcDbEntity
  8
VEG-NERVIOS
100
AcDbPolyline
 90
2
 70
0
 10
0.0899
 20
-0.2159
 10
0.085
 20
-0.2304
  0
LWPOLYLINE
  5
4B6
330
31F
100
AcDbEntity
  8
VEG-NERVIOS
100
AcDbPolyline
 90
2
 70
0
 10
0.09
 20
-0.2162
 10
0.0926
 20
-0.2229
  0
LWPOLYLINE
  5
4B7
330
31F
100
AcDbEntity
  8
VEG-NERVIOS
100
AcDbPolyline
 90
2
 70
0
 10
0.09
 20
-0.2162
 10
0.1031
 20
-0.2233
  0
LWPOLYLINE
  5
4B8
330
31F
100
AcDbEntity
  8
VEG-HOJAS
100
AcDbPolyline
 90
102
 70
1
 10
0.0944
 20
-0.2351
 10
0.078
 20
-0.2316
 10
0.0672
 20
-0.2283
 10
0.0745
 20
-0.2055
 10
0.0745
 20
-0.2045
 10
0.0738
 20
-0.2038
 10
0.0727
 20
-0.2037
 10
0.0719
 20
-0.2045
 10
0.0615
 20
-0.2265
 10
0.0397
 20
-0.2186
 10
0.0287
 20
-0.2133
 10
0.0156
 20
-0.2056
 10
0.0444
 20
-0.1561
 10
0.0445
 20
-0.1549
 10
0.0438
 20
-0.1541
 10
0.042
 20
-0.1546
 10
0.0099
 20
-0.2019
 10
-0.0004
 20
-0.1949
 10
-0.0115
 20
-0.1861
 10
-0.0258
 20
-0.172
 10
0.0232
 20
-0.1125
 10
0.0235
 20
-0.1116
 10
0.0231
 20
-0.1106
 10
0.0221
 20
-0.1102
 10
0.0211
 20
-0.1106
 10
-0.0307
 20
-0.1662
 10
-0.042
 20
-0.1507
 10
-0.0514
 20
-0.1342
 10
-0.0593
 20
-0.1151
 10
0.003
 20
-0.0618
 10
0.0035
 20
-0.0607
 10
0.0031
 20
-0.0597
 10
0.0021
 20
-0.0593
 10
0.0013
 20
-0.0596
 10
-0.0618
 20
-0.107
 10
-0.0648
 20
-0.0941
 10
-0.0664
 20
-0.083
 10
-0.067
 20
-0.0719
 10
-0.0665
 20
-0.0614
 10
-0.0647
 20
-0.0516
 10
-0.0633
 20
-0.0471
 10
-0.0591
 20
-0.0383
 10
-0.0538
 20
-0.0303
 10
-0.0479
 20
-0.0235
 10
-0.0416
 20
-0.0184
 10
-0.0344
 20
-0.0148
 10
-0.0267
 20
-0.0125
 10
-0.0161
 20
-0.0112
 10
-0.0099
 20
-0.0122
 10
-0.0041
 20
-0.0146
 10
0.0082
 20
-0.0218
 10
0.0131
 20
-0.0267
 10
0.0131
 20
-0.0197
 10
0.0157
 20
-0.0088
 10
0.0176
 20
-0.003
 10
0.0206
 20
0.0026
 10
0.025
 20
0.0072
 10
0.031
 20
0.0116
 10
0.038
 20
0.0155
 10
0.0456
 20
0.0181
 10
0.0537
 20
0.019
 10
0.0674
 20
0.0177
 10
0.0768
 20
0.0151
 10
0.0856
 20
0.011
 10
0.0938
 20
0.0053
 10
0.1055
 20
-0.0061
 10
0.1126
 20
-0.0149
 10
0.1215
 20
-0.0286
 10
0.0438
 20
-0.0397
 10
0.0427
 20
-0.0406
 10
0.043
 20
-0.0421
 10
0.0441
 20
-0.0425
 10
0.1257
 20
-0.0362
 10
0.1304
 20
-0.0463
 10
0.1349
 20
-0.0582
 10
0.1397
 20
-0.0769
 10
0.142
 20
-0.0913
 10
0.0651
 20
-0.0882
 10
0.0638
 20
-0.0891
 10
0.0638
 20
-0.0902
 10
0.065
 20
-0.091
 10
0.1428
 20
-0.099
 10
0.1433
 20
-0.1105
 10
0.1427
 20
-0.1241
 10
0.1408
 20
-0.1383
 10
0.1375
 20
-0.1538
 10
0.0831
 20
-0.1414
 10
0.0815
 20
-0.1422
 10
0.0815
 20
-0.1433
 10
0.0824
 20
-0.1441
 10
0.1358
 20
-0.1604
 10
0.1325
 20
-0.172
 10
0.1282
 20
-0.1834
 10
0.1176
 20
-0.2045
 10
0.0951
 20
-0.1956
 10
0.0941
 20
-0.1956
 10
0.0933
 20
-0.1963
 10
0.0933
 20
-0.1974
 10
0.094
 20
-0.1981
 10
0.1148
 20
-0.2097
 10
0.1092
 20
-0.2193
 10
0.0977
 20
-0.2359
  0
ENDBLK
  5
321
330
31F
100
AcDbEntity
  8
0
100
AcDbBlockEnd
  0
BLOCK
  5
4BC
330
4BB
100
AcDbEntity
  8
0
100
AcDbBlockBegin
  2
VEG_Sansevieria_PLANTA
 70
0
 10
0.0
 20
0.0
 30
0.0
  3
VEG_Sansevieria_PLANTA
  1

  0
HATCH
  5
4BE
330
4BB
100
AcDbEntity
  8
VEG-RELLENO
 62
7
420
16316146
100
AcDbHatch
 10
0.0
 20
0.0
 30
0.0
210
0.0
220
0.0
230
1.0
  2
SOLID
 70
1
 71
0
 91
7
 92
3
 72
0
 73
1
 93
10
 10
0.1424
 20
-0.0269
 10
0.1373
 20
-0.0466
 10
0.13
 20
-0.0641
 10
0.1206
 20
-0.0806
 10
0.1123
 20
-0.0916
 10
0.1081
 20
-0.0808
 10
0.1169
 20
-0.0675
 10
0.1211
 20
-0.0597
 10
0.1278
 20
-0.0434
 10
0.1317
 20
-0.0293
 97
0
 92
3
 72
0
 73
1
 93
18
 10
0.0956
 20
-0.109
 10
0.0806
 20
-0.1206
 10
0.0725
 20
-0.1256
 10
0.0555
 20
-0.134
 10
0.0466
 20
-0.1373
 10
0.0283
 20
-0.1422
 10
0.0189
 20
-0.1438
 10
0.0
 20
-0.145
 10
-0.0185
 20
-0.1438
 10
-0.012
 20
-0.1344
 10
0.0
 20
-0.135
 10
0.0176
 20
-0.1338
 10
0.0349
 20
-0.1304
 10
0.0517
 20
-0.1247
 10
0.0675
 20
-0.1169
 10
0.075
 20
-0.1122
 10
0.0869
 20
-0.1032
 10
0.0989
 20
-0.1059
 97
0
 92
3
 72
0
 73
1
 93
18
 10
-0.0466
 20
-0.1373
 10
-0.0641
 20
-0.13
 10
-0.0806
 20
-0.1206
 10
-0.0956
 20
-0.109
 10
-0.1025
 20
-0.1025
 10
-0.115
 20
-0.0883
 10
-0.1256
 20
-0.0725
 10
-0.134
 20
-0.0555
 10
-0.1376
 20
-0.0455
 10
-0.1263
 20
-0.0474
 10
-0.1211
 20
-0.0597
 10
-0.1169
 20
-0.0675
 10
-0.1071
 20
-0.0822
 10
-0.1015
 20
-0.089
 10
-0.089
 20
-0.1015
 10
-0.075
 20
-0.1122
 10
-0.0597
 20
-0.1211
 10
-0.0489
 20
-0.1258
 97
0
 92
3
 72
0
 73
1
 93
10
 10
-0.1449
 20
-0.0037
 10
-0.1438
 20
0.0189
 10
-0.1401
 20
0.0375
 10
-0.134
 20
0.0555
 10
-0.1252
 20
0.073
 10
-0.1194
 20
0.0629
 10
-0.1247
 20
0.0517
 10
-0.1304
 20
0.0349
 10
-0.1338
 20
0.0176
 10
-0.135
 20
0.0003
 97
0
 92
3
 72
0
 73
1
 93
7
 10
-0.1032
 20
0.1018
 10
-0.0883
 20
0.115
 10
-0.0806
 20
0.1206
 10
-0.068
 20
0.128
 10
-0.0673
 20
0.117
 10
-0.0822
 20
0.1071
 10
-0.0929
 20
0.0978
 97
0
 92
3
 72
0
 73
1
 93
11
 10
-0.0389
 20
0.1396
 10
-0.0189
 20
0.1438
 10
0.0
 20
0.145
 10
0.0189
 20
0.1438
 10
0.0283
 20
0.1422
 10
0.0418
 20
0.1388
 10
0.0347
 20
0.1304
 10
0.0176
 20
0.1338
 10
0.0
 20
0.135
 10
-0.0176
 20
0.1338
 10
-0.0311
 20
0.1313
 97
0
 92
3
 72
0
 73
1
 93
18
 10
0.0691
 20
0.1274
 10
0.0806
 20
0.1206
 10
0.0956
 20
0.109
 10
0.109
 20
0.0956
 10
0.1206
 20
0.0806
 10
0.13
 20
0.0641
 10
0.1373
 20
0.0466
 10
0.1422
 20
0.0283
 10
0.1442
 20
0.0143
 10
0.1339
 20
0.0166
 10
0.1304
 20
0.0349
 10
0.1247
 20
0.0517
 10
0.1169
 20
0.0675
 10
0.1071
 20
0.0822
 10
0.1015
 20
0.089
 10
0.089
 20
0.1015
 10
0.0822
 20
0.1071
 10
0.0696
 20
0.1156
 97
0
 75
1
 76
1
 98
0
  0
HATCH
  5
4BF
330
4BB
100
AcDbEntity
  8
VEG-RELLENO
 62
35
420
8019530
100
AcDbHatch
 10
0.0
 20
0.0
 30
0.0
210
0.0
220
0.0
230
1.0
  2
SOLID
 70
1
 71
0
 91
5
 92
3
 72
0
 73
1
 93
13
 10
0.1304
 20
-0.0349
 10
0.1247
 20
-0.0517
 10
0.1211
 20
-0.0597
 10
0.1169
 20
-0.0675
 10
0.1081
 20
-0.0808
 10
0.1
 20
-0.0644
 10
0.0907
 20
-0.0496
 10
0.0854
 20
-0.0426
 10
0.0751
 20
-0.0318
 10
0.0882
 20
-0.0332
 10
0.098
 20
-0.0333
 10
0.1184
 20
-0.0316
 10
0.1317
 20
-0.0293
 97
0
 92
3
 72
0
 73
1
 93
115
 10
0.0869
 20
-0.1032
 10
0.075
 20
-0.1122
 10
0.0597
 20
-0.1211
 10
0.0517
 20
-0.1247
 10
0.0349
 20
-0.1304
 10
0.0176
 20
-0.1338
 10
0.0088
 20
-0.1347
 10
0.0
 20
-0.135
 10
-0.012
 20
-0.1344
 10
-0.0027
 20
-0.1186
 10
0.0049
 20
-0.1016
 10
0.0101
 20
-0.0842
 10
0.0116
 20
-0.0756
 10
0.0123
 20
-0.0674
 10
0.0121
 20
-0.0596
 10
0.0111
 20
-0.0524
 10
0.0093
 20
-0.0458
 10
0.0067
 20
-0.0401
 10
0.0034
 20
-0.0353
 10
-0.0001
 20
-0.0319
 10
0.0035
 20
-0.0315
 10
0.006
 20
-0.0305
 10
0.0074
 20
-0.029
 10
0.0077
 20
-0.0269
 10
0.0069
 20
-0.0244
 10
0.0023
 20
-0.0185
 10
-0.0014
 20
-0.0153
 10
-0.0133
 20
-0.0078
 10
-0.009
 20
-0.0016
 10
-0.0031
 20
0.0092
 10
-0.0005
 20
0.0149
 10
0.0033
 20
0.0259
 10
0.0044
 20
0.0307
 10
0.0048
 20
0.0382
 10
0.0041
 20
0.0406
 10
0.0028
 20
0.0419
 10
0.0005
 20
0.0419
 10
0.0025
 20
0.0472
 10
0.0035
 20
0.0533
 10
0.0037
 20
0.06
 10
0.003
 20
0.0673
 10
0.0014
 20
0.075
 10
-0.001
 20
0.083
 10
-0.0043
 20
0.0911
 10
-0.0084
 20
0.0993
 10
-0.0182
 20
0.1151
 10
-0.0311
 20
0.1313
 10
-0.0176
 20
0.1338
 10
0.0
 20
0.135
 10
0.0176
 20
0.1338
 10
0.0347
 20
0.1304
 10
0.0263
 20
0.1192
 10
0.0173
 20
0.1043
 10
0.0103
 20
0.0886
 10
0.0079
 20
0.0808
 10
0.0062
 20
0.0731
 10
0.0054
 20
0.0658
 10
0.0054
 20
0.059
 10
0.0063
 20
0.0527
 10
0.008
 20
0.047
 10
0.0104
 20
0.0422
 10
0.0135
 20
0.0382
 10
0.0171
 20
0.0352
 10
0.0213
 20
0.0332
 10
0.0258
 20
0.0323
 10
0.0305
 20
0.0325
 10
0.0354
 20
0.0337
 10
0.0402
 20
0.0361
 10
0.045
 20
0.0396
 10
0.0495
 20
0.0441
 10
0.0537
 20
0.0495
 10
0.0575
 20
0.0558
 10
0.0608
 20
0.0629
 10
0.0658
 20
0.0788
 10
0.0687
 20
0.096
 10
0.0696
 20
0.1156
 10
0.0822
 20
0.1071
 10
0.089
 20
0.1015
 10
0.1015
 20
0.089
 10
0.1122
 20
0.075
 10
0.1211
 20
0.0597
 10
0.1247
 20
0.0517
 10
0.1304
 20
0.0349
 10
0.1339
 20
0.0166
 10
0.118
 20
0.0192
 10
0.0976
 20
0.0205
 10
0.0785
 20
0.0194
 10
0.0699
 20
0.0178
 10
0.0622
 20
0.0156
 10
0.0554
 20
0.0129
 10
0.0497
 20
0.0096
 10
0.0451
 20
0.0059
 10
0.0418
 20
0.0018
 10
0.0398
 20
-0.0024
 10
0.0392
 20
-0.0068
 10
0.0399
 20
-0.0112
 10
0.0411
 20
-0.0136
 10
0.035
 20
-0.0133
 10
0.0294
 20
-0.0141
 10
0.0243
 20
-0.0158
 10
0.0198
 20
-0.0184
 10
0.0161
 20
-0.0218
 10
0.0133
 20
-0.026
 10
0.0114
 20
-0.0308
 10
0.0105
 20
-0.0362
 10
0.0106
 20
-0.0419
 10
0.0119
 20
-0.0478
 10
0.0142
 20
-0.0539
 10
0.0175
 20
-0.06
 10
0.0219
 20
-0.066
 10
0.0271
 20
-0.0718
 10
0.0332
 20
-0.0772
 10
0.04
 20
-0.0824
 10
0.0551
 20
-0.0913
 10
0.0711
 20
-0.0982
 97
0
 92
3
 72
0
 73
1
 93
32
 10
-0.0489
 20
-0.1258
 10
-0.0597
 20
-0.1211
 10
-0.075
 20
-0.1122
 10
-0.0822
 20
-0.1071
 10
-0.0955
 20
-0.0955
 10
-0.1071
 20
-0.0822
 10
-0.1122
 20
-0.075
 10
-0.1211
 20
-0.0597
 10
-0.1263
 20
-0.0474
 10
-0.1103
 20
-0.0489
 10
-0.1006
 20
-0.0491
 10
-0.082
 20
-0.0475
 10
-0.0734
 20
-0.0457
 10
-0.0656
 20
-0.0432
 10
-0.0586
 20
-0.0402
 10
-0.0525
 20
-0.0366
 10
-0.0475
 20
-0.0325
 10
-0.0431
 20
-0.0272
 10
-0.0427
 20
-0.0278
 10
-0.0408
 20
-0.0281
 10
-0.0383
 20
-0.0273
 10
-0.0358
 20
-0.0258
 10
-0.031
 20
-0.0343
 10
-0.0341
 20
-0.0371
 10
-0.0383
 20
-0.0424
 10
-0.042
 20
-0.0487
 10
-0.0452
 20
-0.0558
 10
-0.0477
 20
-0.0637
 10
-0.0497
 20
-0.0722
 10
-0.0509
 20
-0.0811
 10
-0.0516
 20
-0.0996
 10
-0.0511
 20
-0.1089
 97
0
 92
3
 72
0
 73
1
 93
30
 10
-0.135
 20
0.0003
 10
-0.1338
 20
0.0176
 10
-0.1304
 20
0.0349
 10
-0.1247
 20
0.0517
 10
-0.1194
 20
0.0629
 10
-0.1109
 20
0.0501
 10
-0.1051
 20
0.0427
 10
-0.0925
 20
0.0294
 10
-0.0857
 20
0.0238
 10
-0.0789
 20
0.0191
 10
-0.072
 20
0.0152
 10
-0.0652
 20
0.0124
 10
-0.0587
 20
0.0107
 10
-0.0505
 20
0.0101
 10
-0.0499
 20
0.0086
 10
-0.0481
 20
0.0076
 10
-0.0454
 20
0.0075
 10
-0.0405
 20
0.009
 10
-0.037
 20
0.0005
 10
-0.0415
 20
0.0008
 10
-0.0448
 20
0.0004
 10
-0.0468
 20
-0.0003
 10
-0.0511
 20
0.003
 10
-0.0568
 20
0.0059
 10
-0.0635
 20
0.0082
 10
-0.071
 20
0.0098
 10
-0.0792
 20
0.0106
 10
-0.0879
 20
0.0107
 10
-0.1065
 20
0.0085
 10
-0.116
 20
0.0064
 97
0
 92
3
 72
0
 73
1
 93
7
 10
-0.089
 20
0.1015
 10
-0.075
 20
0.1122
 10
-0.0673
 20
0.117
 10
-0.0643
 20
0.0953
 10
-0.0603
 20
0.0798
 10
-0.0762
 20
0.0898
 10
-0.0929
 20
0.0978
 97
0
 75
1
 76
1
 98
0
  0
HATCH
  5
4C0
330
4BB
100
AcDbEntity
  8
VEG-RELLENO
 62
41
420
14602872
100
AcDbHatch
 10
0.0
 20
0.0
 30
0.0
210
0.0
220
0.0
230
1.0
  2
SOLID
 70
1
 71
0
 91
1
 92
3
 72
0
 73
1
 93
54
 10
0.0418
 20
0.0018
 10
0.0451
 20
0.0059
 10
0.0497
 20
0.0096
 10
0.0554
 20
0.0129
 10
0.0622
 20
0.0156
 10
0.0699
 20
0.0178
 10
0.0785
 20
0.0194
 10
0.0878
 20
0.0203
 10
0.1077
 20
0.0201
 10
0.1284
 20
0.0176
 10
0.1385
 20
0.0157
 10
0.1576
 20
0.0107
 10
0.1808
 20
0.0024
 10
0.1912
 20
-0.0022
 10
0.1972
 20
-0.0057
 10
0.1867
 20
-0.0114
 10
0.1742
 20
-0.0168
 10
0.1578
 20
-0.0226
 10
0.1388
 20
-0.0279
 10
0.1184
 20
-0.0316
 10
0.1081
 20
-0.0328
 10
0.0882
 20
-0.0332
 10
0.0751
 20
-0.0318
 10
0.0669
 20
-0.0249
 10
0.0795
 20
-0.0274
 10
0.0884
 20
-0.0282
 10
0.0979
 20
-0.0283
 10
0.1177
 20
-0.0267
 10
0.1377
 20
-0.023
 10
0.1563
 20
-0.0179
 10
0.1723
 20
-0.0122
 10
0.1869
 20
-0.0057
 10
0.1646
 20
0.0032
 10
0.1471
 20
0.0085
 10
0.1374
 20
0.0108
 10
0.1174
 20
0.0142
 10
0.1074
 20
0.0151
 10
0.0881
 20
0.0153
 10
0.0792
 20
0.0144
 10
0.0711
 20
0.0129
 10
0.0638
 20
0.0109
 10
0.0576
 20
0.0083
 10
0.0525
 20
0.0054
 10
0.0487
 20
0.0023
 10
0.0461
 20
-0.0008
 10
0.0447
 20
-0.0039
 10
0.0443
 20
-0.0068
 10
0.0447
 20
-0.0096
 10
0.0462
 20
-0.0127
 10
0.0484
 20
-0.0153
 10
0.0411
 20
-0.0136
 10
0.0399
 20
-0.0112
 10
0.0392
 20
-0.0068
 10
0.0398
 20
-0.0024
 97
0
 75
1
 76
1
 98
0
  0
HATCH
  5
4C1
330
4BB
100
AcDbEntity
  8
VEG-RELLENO
 62
115
420
5340764
100
AcDbHatch
 10
0.0
 20
0.0
 30
0.0
210
0.0
220
0.0
230
1.0
  2
SOLID
 70
1
 71
0
 91
1
 92
3
 72
0
 73
1
 93
28
 10
0.0606
 20
-0.0207
 10
0.054
 20
-0.0173
 10
0.0484
 20
-0.0153
 10
0.0462
 20
-0.0127
 10
0.0447
 20
-0.0096
 10
0.0443
 20
-0.0068
 10
0.0447
 20
-0.0039
 10
0.0461
 20
-0.0008
 10
0.0487
 20
0.0023
 10
0.0525
 20
0.0054
 10
0.0576
 20
0.0083
 10
0.0638
 20
0.0109
 10
0.0711
 20
0.0129
 10
0.0792
 20
0.0144
 10
0.0975
 20
0.0155
 10
0.1074
 20
0.0151
 10
0.1275
 20
0.0127
 10
0.1374
 20
0.0108
 10
0.1562
 20
0.0059
 10
0.1722
 20
0.0005
 10
0.1869
 20
-0.0057
 10
0.1723
 20
-0.0122
 10
0.1563
 20
-0.0179
 10
0.1377
 20
-0.023
 10
0.1177
 20
-0.0267
 10
0.0979
 20
-0.0283
 10
0.0795
 20
-0.0274
 10
0.0669
 20
-0.0249
 97
0
 75
1
 76
1
 98
0
  0
HATCH
  5
4C2
330
4BB
100
AcDbEntity
  8
VEG-RELLENO
 62
41
420
14602872
100
AcDbHatch
 10
0.0
 20
0.0
 30
0.0
210
0.0
220
0.0
230
1.0
  2
SOLID
 70
1
 71
0
 91
2
 92
3
 72
0
 73
1
 93
32
 10
0.0135
 20
0.0382
 10
0.0104
 20
0.0422
 10
0.008
 20
0.047
 10
0.0063
 20
0.0527
 10
0.0054
 20
0.059
 10
0.0054
 20
0.0658
 10
0.0062
 20
0.0731
 10
0.0079
 20
0.0808
 10
0.0135
 20
0.0965
 10
0.0216
 20
0.1119
 10
0.0263
 20
0.1192
 10
0.0365
 20
0.1326
 10
0.051
 20
0.1482
 10
0.0585
 20
0.1547
 10
0.0636
 20
0.1583
 10
0.0663
 20
0.1481
 10
0.0682
 20
0.1363
 10
0.0695
 20
0.1215
 10
0.0694
 20
0.1047
 10
0.0676
 20
0.0873
 10
0.0658
 20
0.0788
 10
0.0608
 20
0.0629
 10
0.0575
 20
0.0558
 10
0.0537
 20
0.0495
 10
0.0495
 20
0.0441
 10
0.045
 20
0.0396
 10
0.0402
 20
0.0361
 10
0.0354
 20
0.0337
 10
0.0305
 20
0.0325
 10
0.0258
 20
0.0323
 10
0.0213
 20
0.0332
 10
0.0171
 20
0.0352
 97
0
 92
2
 72
0
 73
1
 93
30
 10
0.0298
 20
0.0374
 10
0.0336
 20
0.0385
 10
0.0376
 20
0.0404
 10
0.0417
 20
0.0434
 10
0.0457
 20
0.0474
 10
0.0495
 20
0.0524
 10
0.053
 20
0.0582
 10
0.0561
 20
0.0648
 10
0.061
 20
0.0799
 10
0.0638
 20
0.0965
 10
0.0647
 20
0.1133
 10
0.0633
 20
0.1357
 10
0.0608
 20
0.1501
 10
0.0545
 20
0.1445
 10
0.0453
 20
0.1351
 10
0.0353
 20
0.1232
 10
0.0305
 20
0.1164
 10
0.0217
 20
0.1019
 10
0.018
 20
0.0944
 10
0.0127
 20
0.0795
 10
0.0112
 20
0.0723
 10
0.0104
 20
0.0656
 10
0.0104
 20
0.0593
 10
0.0112
 20
0.0537
 10
0.0126
 20
0.0489
 10
0.0146
 20
0.0449
 10
0.0171
 20
0.0417
 10
0.0198
 20
0.0394
 10
0.0229
 20
0.038
 10
0.0262
 20
0.0373
 97
0
 75
1
 76
1
 98
0
  0
HATCH
  5
4C3
330
4BB
100
AcDbEntity
  8
VEG-RELLENO
 62
115
420
5340764
100
AcDbHatch
 10
0.0
 20
0.0
 30
0.0
210
0.0
220
0.0
230
1.0
  2
SOLID
 70
1
 71
0
 91
1
 92
3
 72
0
 73
1
 93
28
 10
0.0229
 20
0.038
 10
0.0198
 20
0.0394
 10
0.0171
 20
0.0417
 10
0.0146
 20
0.0449
 10
0.0126
 20
0.0489
 10
0.0112
 20
0.0537
 10
0.0104
 20
0.0593
 10
0.0104
 20
0.0656
 10
0.0112
 20
0.0723
 10
0.015
 20
0.0869
 10
0.0217
 20
0.1019
 10
0.0259
 20
0.1093
 10
0.0353
 20
0.1232
 10
0.0501
 20
0.1402
 10
0.0608
 20
0.1501
 10
0.0633
 20
0.1357
 10
0.0647
 20
0.1133
 10
0.0638
 20
0.0965
 10
0.0626
 20
0.0881
 10
0.0588
 20
0.0721
 10
0.053
 20
0.0582
 10
0.0495
 20
0.0524
 10
0.0457
 20
0.0474
 10
0.0417
 20
0.0434
 10
0.0376
 20
0.0404
 10
0.0336
 20
0.0385
 10
0.0298
 20
0.0374
 10
0.0262
 20
0.0373
 97
0
 75
1
 76
1
 98
0
  0
HATCH
  5
4C4
330
4BB
100
AcDbEntity
  8
VEG-RELLENO
 62
41
420
14602872
100
AcDbHatch
 10
0.0
 20
0.0
 30
0.0
210
0.0
220
0.0
230
1.0
  2
SOLID
 70
1
 71
0
 91
1
 92
3
 72
0
 73
1
 93
40
 10
-0.0622
 20
0.0861
 10
-0.0659
 20
0.1045
 10
-0.0677
 20
0.1223
 10
-0.0678
 20
0.1449
 10
-0.0669
 20
0.1554
 10
-0.0656
 20
0.1617
 10
-0.0602
 20
0.1582
 10
-0.0519
 20
0.1517
 10
-0.0355
 20
0.1362
 10
-0.0238
 20
0.1226
 10
-0.0182
 20
0.1151
 10
-0.0084
 20
0.0993
 10
-0.001
 20
0.083
 10
0.0014
 20
0.075
 10
0.003
 20
0.0673
 10
0.0037
 20
0.06
 10
0.0035
 20
0.0533
 10
0.0025
 20
0.0472
 10
0.0005
 20
0.0419
 10
-0.0013
 20
0.0412
 10
-0.0057
 20
0.0374
 10
0.0002
 20
0.0466
 10
0.0014
 20
0.05
 10
0.0016
 20
0.0527
 10
0.0008
 20
0.0545
 10
-0.0014
 20
0.0555
 10
-0.0019
 20
0.0666
 10
-0.0034
 20
0.0738
 10
-0.0057
 20
0.0813
 10
-0.0128
 20
0.0969
 10
-0.0223
 20
0.1123
 10
-0.0334
 20
0.1264
 10
-0.0502
 20
0.1436
 10
-0.062
 20
0.1534
 10
-0.0631
 20
0.138
 10
-0.0621
 20
0.1141
 10
-0.0594
 20
0.0963
 10
-0.0573
 20
0.0874
 10
-0.053
 20
0.074
 10
-0.0603
 20
0.0798
 97
0
 75
1
 76
1
 98
0
  0
HATCH
  5
4C5
330
4BB
100
AcDbEntity
  8
VEG-RELLENO
 62
115
420
5340764
100
AcDbHatch
 10
0.0
 20
0.0
 30
0.0
210
0.0
220
0.0
230
1.0
  2
SOLID
 70
1
 71
0
 91
1
 92
3
 72
0
 73
1
 93
23
 10
-0.0037
 20
0.0556
 10
-0.0072
 20
0.0547
 10
-0.016
 20
0.0504
 10
-0.0294
 20
0.0403
 10
-0.0328
 20
0.0495
 10
-0.0365
 20
0.0559
 10
-0.0412
 20
0.0622
 10
-0.0468
 20
0.0683
 10
-0.053
 20
0.074
 10
-0.0573
 20
0.0874
 10
-0.0594
 20
0.0963
 10
-0.0621
 20
0.1141
 10
-0.0631
 20
0.138
 10
-0.062
 20
0.1534
 10
-0.0502
 20
0.1436
 10
-0.0391
 20
0.1328
 10
-0.0277
 20
0.1195
 10
-0.0173
 20
0.1047
 10
-0.0089
 20
0.0891
 10
-0.0034
 20
0.0738
 10
-0.0019
 20
0.0666
 10
-0.0013
 20
0.0599
 10
-0.0014
 20
0.0555
 97
0
 75
1
 76
1
 98
0
  0
HATCH
  5
4C6
330
4BB
100
AcDbEntity
  8
VEG-RELLENO
 62
41
420
14602872
100
AcDbHatch
 10
0.0
 20
0.0
 30
0.0
210
0.0
220
0.0
230
1.0
  2
SOLID
 70
1
 71
0
 91
1
 92
3
 72
0
 73
1
 93
49
 10
-0.0505
 20
0.0101
 10
-0.0587
 20
0.0107
 10
-0.0652
 20
0.0124
 10
-0.072
 20
0.0152
 10
-0.0789
 20
0.0191
 10
-0.0857
 20
0.0238
 10
-0.0925
 20
0.0294
 10
-0.1051
 20
0.0427
 10
-0.1162
 20
0.0578
 10
-0.1254
 20
0.0733
 10
-0.1348
 20
0.094
 10
-0.1383
 20
0.104
 10
-0.1398
 20
0.1104
 10
-0.1285
 20
0.1089
 10
-0.1162
 20
0.106
 10
-0.1011
 20
0.1011
 10
-0.0845
 20
0.0941
 10
-0.0681
 20
0.0851
 10
-0.0604
 20
0.0799
 10
-0.0532
 20
0.0743
 10
-0.0468
 20
0.0683
 10
-0.0412
 20
0.0622
 10
-0.0365
 20
0.0559
 10
-0.0328
 20
0.0495
 10
-0.0302
 20
0.0432
 10
-0.0294
 20
0.0403
 10
-0.0336
 20
0.0364
 10
-0.0349
 20
0.0417
 10
-0.0373
 20
0.0473
 10
-0.0406
 20
0.0531
 10
-0.045
 20
0.059
 10
-0.0503
 20
0.0648
 10
-0.0633
 20
0.0758
 10
-0.0786
 20
0.0854
 10
-0.0948
 20
0.0932
 10
-0.1176
 20
0.1011
 10
-0.1333
 20
0.1047
 10
-0.1276
 20
0.0896
 10
-0.1209
 20
0.0756
 10
-0.1121
 20
0.0605
 10
-0.1013
 20
0.0459
 10
-0.0891
 20
0.0331
 10
-0.0827
 20
0.0278
 10
-0.0762
 20
0.0233
 10
-0.0698
 20
0.0198
 10
-0.0636
 20
0.0172
 10
-0.0577
 20
0.0156
 10
-0.0497
 20
0.0152
 10
-0.0505
 20
0.0131
 97
0
 75
1
 76
1
 98
0
  0
HATCH
  5
4C7
330
4BB
100
AcDbEntity
  8
VEG-RELLENO
 62
115
420
5340764
100
AcDbHatch
 10
0.0
 20
0.0
 30
0.0
210
0.0
220
0.0
230
1.0
  2
SOLID
 70
1
 71
0
 91
1
 92
3
 72
0
 73
1
 93
30
 10
-0.0336
 20
0.0364
 10
-0.0378
 20
0.0322
 10
-0.0413
 20
0.0345
 10
-0.043
 20
0.0344
 10
-0.0442
 20
0.0332
 10
-0.0449
 20
0.0309
 10
-0.0446
 20
0.0241
 10
-0.0471
 20
0.0204
 10
-0.0497
 20
0.0152
 10
-0.0577
 20
0.0156
 10
-0.0636
 20
0.0172
 10
-0.0698
 20
0.0198
 10
-0.0762
 20
0.0233
 10
-0.0827
 20
0.0278
 10
-0.0953
 20
0.0392
 10
-0.1013
 20
0.0459
 10
-0.1121
 20
0.0605
 10
-0.1168
 20
0.0681
 10
-0.1246
 20
0.0828
 10
-0.1301
 20
0.0958
 10
-0.1333
 20
0.1047
 10
-0.1176
 20
0.1011
 10
-0.0948
 20
0.0932
 10
-0.0786
 20
0.0854
 10
-0.0633
 20
0.0758
 10
-0.0503
 20
0.0648
 10
-0.045
 20
0.059
 10
-0.0406
 20
0.0531
 10
-0.0373
 20
0.0473
 10
-0.0349
 20
0.0417
 97
0
 75
1
 76
1
 98
0
  0
HATCH
  5
4C8
330
4BB
100
AcDbEntity
  8
VEG-RELLENO
 62
41
420
14602872
100
AcDbHatch
 10
0.0
 20
0.0
 30
0.0
210
0.0
220
0.0
230
1.0
  2
SOLID
 70
1
 71
0
 91
1
 92
3
 72
0
 73
1
 93
62
 10
-0.0431
 20
-0.0272
 10
-0.0475
 20
-0.0325
 10
-0.0525
 20
-0.0366
 10
-0.0586
 20
-0.0402
 10
-0.0656
 20
-0.0432
 10
-0.0734
 20
-0.0457
 10
-0.082
 20
-0.0475
 10
-0.1006
 20
-0.0491
 10
-0.1201
 20
-0.0482
 10
-0.1298
 20
-0.0469
 10
-0.1482
 20
-0.0432
 10
-0.1707
 20
-0.0362
 10
-0.1809
 20
-0.032
 10
-0.1869
 20
-0.0288
 10
-0.1776
 20
-0.0216
 10
-0.1665
 20
-0.0146
 10
-0.1519
 20
-0.0069
 10
-0.1347
 20
0.0004
 10
-0.116
 20
0.0064
 10
-0.1065
 20
0.0085
 10
-0.0879
 20
0.0107
 10
-0.0792
 20
0.0106
 10
-0.071
 20
0.0098
 10
-0.0635
 20
0.0082
 10
-0.0568
 20
0.0059
 10
-0.0511
 20
0.003
 10
-0.0468
 20
-0.0003
 10
-0.0486
 20
-0.0021
 10
-0.049
 20
-0.0041
 10
-0.0484
 20
-0.0059
 10
-0.0538
 20
-0.0013
 10
-0.0588
 20
0.0013
 10
-0.0648
 20
0.0034
 10
-0.0717
 20
0.0049
 10
-0.0794
 20
0.0056
 10
-0.0877
 20
0.0057
 10
-0.1055
 20
0.0036
 10
-0.1239
 20
-0.0011
 10
-0.1416
 20
-0.0077
 10
-0.164
 20
-0.019
 10
-0.1778
 20
-0.0279
 10
-0.169
 20
-0.0315
 10
-0.1551
 20
-0.0361
 10
-0.1382
 20
-0.0403
 10
-0.1291
 20
-0.042
 10
-0.1101
 20
-0.0439
 10
-0.1007
 20
-0.0441
 10
-0.0828
 20
-0.0425
 10
-0.0747
 20
-0.0408
 10
-0.0673
 20
-0.0385
 10
-0.0608
 20
-0.0357
 10
-0.0554
 20
-0.0325
 10
-0.051
 20
-0.0289
 10
-0.0477
 20
-0.0252
 10
-0.0456
 20
-0.0214
 10
-0.0445
 20
-0.0178
 10
-0.0444
 20
-0.0143
 10
-0.0454
 20
-0.0106
 10
-0.0423
 20
-0.0137
 10
-0.044
 20
-0.0201
 10
-0.0443
 20
-0.0237
 10
-0.0439
 20
-0.0263
 97
0
 75
1
 76
1
 98
0
  0
HATCH
  5
4C9
330
4BB
100
AcDbEntity
  8
VEG-RELLENO
 62
115
420
5340764
100
AcDbHatch
 10
0.0
 20
0.0
 30
0.0
210
0.0
220
0.0
230
1.0
  2
SOLID
 70
1
 71
0
 91
1
 92
3
 72
0
 73
1
 93
29
 10
-0.0499
 20
-0.0043
 10
-0.0453
 20
-0.0109
 10
-0.0444
 20
-0.0143
 10
-0.0445
 20
-0.0178
 10
-0.0456
 20
-0.0214
 10
-0.0477
 20
-0.0252
 10
-0.051
 20
-0.0289
 10
-0.0554
 20
-0.0325
 10
-0.0608
 20
-0.0357
 10
-0.0673
 20
-0.0385
 10
-0.0747
 20
-0.0408
 10
-0.0828
 20
-0.0425
 10
-0.1007
 20
-0.0441
 10
-0.1101
 20
-0.0439
 10
-0.1291
 20
-0.042
 10
-0.1382
 20
-0.0403
 10
-0.1551
 20
-0.0361
 10
-0.169
 20
-0.0315
 10
-0.1778
 20
-0.0279
 10
-0.164
 20
-0.019
 10
-0.1416
 20
-0.0077
 10
-0.1239
 20
-0.0011
 10
-0.1055
 20
0.0036
 10
-0.0877
 20
0.0057
 10
-0.0794
 20
0.0056
 10
-0.0717
 20
0.0049
 10
-0.0648
 20
0.0034
 10
-0.0588
 20
0.0013
 10
-0.0538
 20
-0.0013
 97
0
 75
1
 76
1
 98
0
  0
HATCH
  5
4CA
330
4BB
100
AcDbEntity
  8
VEG-RELLENO
 62
41
420
14602872
100
AcDbHatch
 10
0.0
 20
0.0
 30
0.0
210
0.0
220
0.0
230
1.0
  2
SOLID
 70
1
 71
0
 91
1
 92
3
 72
0
 73
1
 93
62
 10
0.0034
 20
-0.0353
 10
0.0067
 20
-0.0401
 10
0.0093
 20
-0.0458
 10
0.0111
 20
-0.0524
 10
0.0121
 20
-0.0596
 10
0.0123
 20
-0.0674
 10
0.0116
 20
-0.0756
 10
0.0101
 20
-0.0842
 10
0.0078
 20
-0.0929
 10
0.0013
 20
-0.1102
 10
-0.0027
 20
-0.1186
 10
-0.0117
 20
-0.134
 10
-0.0251
 20
-0.1523
 10
-0.0322
 20
-0.1602
 10
-0.0371
 20
-0.1646
 10
-0.0416
 20
-0.1541
 10
-0.0453
 20
-0.142
 10
-0.0488
 20
-0.1266
 10
-0.0511
 20
-0.1089
 10
-0.0516
 20
-0.0903
 10
-0.0509
 20
-0.0811
 10
-0.0497
 20
-0.0722
 10
-0.0477
 20
-0.0637
 10
-0.0452
 20
-0.0558
 10
-0.042
 20
-0.0487
 10
-0.0383
 20
-0.0424
 10
-0.0341
 20
-0.0371
 10
-0.031
 20
-0.0343
 10
-0.0281
 20
-0.0384
 10
-0.0342
 20
-0.0453
 10
-0.0376
 20
-0.051
 10
-0.0405
 20
-0.0576
 10
-0.0429
 20
-0.065
 10
-0.0447
 20
-0.0731
 10
-0.0466
 20
-0.0905
 10
-0.0461
 20
-0.1085
 10
-0.0438
 20
-0.1257
 10
-0.0405
 20
-0.1408
 10
-0.0355
 20
-0.1563
 10
-0.029
 20
-0.1491
 10
-0.0204
 20
-0.1379
 10
-0.0114
 20
-0.124
 10
-0.0072
 20
-0.1163
 10
0.0002
 20
-0.0999
 10
0.003
 20
-0.0914
 10
0.0066
 20
-0.075
 10
0.0073
 20
-0.0672
 10
0.0081
 20
-0.0669
 10
0.0088
 20
-0.0654
 10
0.0087
 20
-0.063
 10
0.0069
 20
-0.0582
 10
0.0062
 20
-0.0534
 10
0.0046
 20
-0.0475
 10
0.0023
 20
-0.0426
 10
-0.0004
 20
-0.0386
 10
-0.0035
 20
-0.0355
 10
-0.0069
 20
-0.0334
 10
-0.0105
 20
-0.0322
 10
-0.0132
 20
-0.032
 10
-0.0175
 20
-0.028
 10
-0.0088
 20
-0.0307
 10
-0.0001
 20
-0.0319
 97
0
 75
1
 76
1
 98
0
  0
HATCH
  5
4CB
330
4BB
100
AcDbEntity
  8
VEG-RELLENO
 62
115
420
5340764
100
AcDbHatch
 10
0.0
 20
0.0
 30
0.0
210
0.0
220
0.0
230
1.0
  2
SOLID
 70
1
 71
0
 91
2
 92
3
 72
0
 73
1
 93
23
 10
-0.0281
 20
-0.0384
 10
-0.0157
 20
-0.0527
 10
-0.0068
 20
-0.0606
 10
0.001
 20
-0.0658
 10
0.0041
 20
-0.0672
 10
0.0073
 20
-0.0672
 10
0.0066
 20
-0.075
 10
0.003
 20
-0.0914
 10
0.0002
 20
-0.0999
 10
-0.0072
 20
-0.1163
 10
-0.0114
 20
-0.124
 10
-0.0204
 20
-0.1379
 10
-0.029
 20
-0.1491
 10
-0.0355
 20
-0.1563
 10
-0.0405
 20
-0.1408
 10
-0.0438
 20
-0.1257
 10
-0.0452
 20
-0.1173
 10
-0.0466
 20
-0.0995
 10
-0.046
 20
-0.0816
 10
-0.0429
 20
-0.065
 10
-0.0405
 20
-0.0576
 10
-0.0376
 20
-0.051
 10
-0.0342
 20
-0.0453
 97
0
 92
3
 72
0
 73
1
 93
11
 10
0.0058
 20
-0.0559
 10
-0.004
 20
-0.042
 10
-0.0132
 20
-0.032
 10
-0.0105
 20
-0.0322
 10
-0.0069
 20
-0.0334
 10
-0.0035
 20
-0.0355
 10
-0.0004
 20
-0.0386
 10
0.0023
 20
-0.0426
 10
0.0046
 20
-0.0475
 10
0.0062
 20
-0.0534
 10
0.0069
 20
-0.0582
 97
0
 75
1
 76
1
 98
0
  0
HATCH
  5
4CC
330
4BB
100
AcDbEntity
  8
VEG-RELLENO
 62
41
420
14602872
100
AcDbHatch
 10
0.0
 20
0.0
 30
0.0
210
0.0
220
0.0
230
1.0
  2
SOLID
 70
1
 71
0
 91
2
 92
3
 72
0
 73
1
 93
34
 10
0.0243
 20
-0.0158
 10
0.0294
 20
-0.0141
 10
0.035
 20
-0.0133
 10
0.0411
 20
-0.0136
 10
0.0475
 20
-0.015
 10
0.054
 20
-0.0173
 10
0.0606
 20
-0.0207
 10
0.0671
 20
-0.025
 10
0.0735
 20
-0.0302
 10
0.0796
 20
-0.0361
 10
0.0907
 20
-0.0496
 10
0.0956
 20
-0.0569
 10
0.1039
 20
-0.0717
 10
0.1123
 20
-0.0917
 10
0.1153
 20
-0.1015
 10
0.1166
 20
-0.1078
 10
0.1056
 20
-0.107
 10
0.0936
 20
-0.1049
 10
0.079
 20
-0.1009
 10
0.063
 20
-0.095
 10
0.0473
 20
-0.0871
 10
0.04
 20
-0.0824
 10
0.0332
 20
-0.0772
 10
0.0271
 20
-0.0718
 10
0.0219
 20
-0.066
 10
0.0175
 20
-0.06
 10
0.0142
 20
-0.0539
 10
0.0119
 20
-0.0478
 10
0.0106
 20
-0.0419
 10
0.0105
 20
-0.0362
 10
0.0114
 20
-0.0308
 10
0.0133
 20
-0.026
 10
0.0161
 20
-0.0218
 10
0.0198
 20
-0.0184
 97
0
 92
2
 72
0
 73
1
 93
31
 10
0.0162
 20
-0.0322
 10
0.0155
 20
-0.0365
 10
0.0156
 20
-0.0413
 10
0.0167
 20
-0.0464
 10
0.0187
 20
-0.0518
 10
0.0217
 20
-0.0573
 10
0.0257
 20
-0.0628
 10
0.0306
 20
-0.0682
 10
0.0428
 20
-0.0783
 10
0.0573
 20
-0.0868
 10
0.0728
 20
-0.0935
 10
0.0805
 20
-0.0961
 10
0.0947
 20
-0.1
 10
0.1104
 20
-0.1026
 10
0.1076
 20
-0.0934
 10
0.1027
 20
-0.0809
 10
0.0957
 20
-0.0668
 10
0.0914
 20
-0.0596
 10
0.0815
 20
-0.0458
 10
0.076
 20
-0.0395
 10
0.0642
 20
-0.0291
 10
0.0581
 20
-0.025
 10
0.052
 20
-0.0219
 10
0.0461
 20
-0.0198
 10
0.0405
 20
-0.0186
 10
0.0352
 20
-0.0184
 10
0.0305
 20
-0.019
 10
0.0264
 20
-0.0203
 10
0.0228
 20
-0.0224
 10
0.0199
 20
-0.0251
 10
0.0177
 20
-0.0284
 97
0
 75
1
 76
1
 98
0
  0
HATCH
  5
4CD
330
4BB
100
AcDbEntity
  8
VEG-RELLENO
 62
115
420
5340764
100
AcDbHatch
 10
0.0
 20
0.0
 30
0.0
210
0.0
220
0.0
230
1.0
  2
SOLID
 70
1
 71
0
 91
1
 92
3
 72
0
 73
1
 93
32
 10
0.0199
 20
-0.0251
 10
0.0228
 20
-0.0224
 10
0.0264
 20
-0.0203
 10
0.0305
 20
-0.019
 10
0.0352
 20
-0.0184
 10
0.0405
 20
-0.0186
 10
0.0461
 20
-0.0198
 10
0.052
 20
-0.0219
 10
0.0581
 20
-0.025
 10
0.0642
 20
-0.0291
 10
0.0702
 20
-0.0339
 10
0.0815
 20
-0.0458
 10
0.0867
 20
-0.0525
 10
0.0957
 20
-0.0668
 10
0.0995
 20
-0.074
 10
0.1054
 20
-0.0875
 10
0.1104
 20
-0.1026
 10
0.0947
 20
-0.1
 10
0.0805
 20
-0.0961
 10
0.0728
 20
-0.0935
 10
0.0573
 20
-0.0868
 10
0.0499
 20
-0.0827
 10
0.0364
 20
-0.0734
 10
0.0306
 20
-0.0682
 10
0.0257
 20
-0.0628
 10
0.0217
 20
-0.0573
 10
0.0187
 20
-0.0518
 10
0.0167
 20
-0.0464
 10
0.0156
 20
-0.0413
 10
0.0155
 20
-0.0365
 10
0.0162
 20
-0.0322
 10
0.0177
 20
-0.0284
 97
0
 75
1
 76
1
 98
0
  0
HATCH
  5
4CE
330
4BB
100
AcDbEntity
  8
VEG-RELLENO
 62
41
420
14602872
100
AcDbHatch
 10
0.0
 20
0.0
 30
0.0
210
0.0
220
0.0
230
1.0
  2
SOLID
 70
1
 71
0
 91
1
 92
3
 72
0
 73
1
 93
22
 10
-0.0104
 20
0.0317
 10
-0.0057
 20
0.0374
 10
-0.0013
 20
0.0412
 10
0.0009
 20
0.0421
 10
0.0028
 20
0.0419
 10
0.0041
 20
0.0406
 10
0.0048
 20
0.0382
 10
0.0049
 20
0.0349
 10
0.0044
 20
0.0307
 10
0.0016
 20
0.0205
 10
-0.0059
 20
0.0036
 10
-0.0133
 20
-0.0078
 10
-0.016
 20
-0.0064
 10
-0.0086
 20
0.0051
 10
-0.0033
 20
0.016
 10
-0.0012
 20
0.0215
 10
0.0014
 20
0.0312
 10
0.0019
 20
0.035
 10
0.0014
 20
0.039
 10
-0.002
 20
0.0369
 10
-0.0066
 20
0.0317
 10
-0.0087
 20
0.0322
 97
0
 75
1
 76
1
 98
0
  0
HATCH
  5
4CF
330
4BB
100
AcDbEntity
  8
VEG-RELLENO
 62
105
420
4617810
100
AcDbHatch
 10
0.0
 20
0.0
 30
0.0
210
0.0
220
0.0
230
1.0
  2
SOLID
 70
1
 71
0
 91
1
 92
3
 72
0
 73
1
 93
16
 10
-0.0162
 20
-0.0063
 10
-0.0178
 20
-0.0056
 10
-0.0181
 20
-0.0046
 10
-0.0106
 20
0.0091
 10
-0.0065
 20
0.0198
 10
-0.0051
 20
0.0278
 10
-0.0056
 20
0.0304
 10
-0.0066
 20
0.0317
 10
-0.002
 20
0.0369
 10
0.0014
 20
0.039
 10
0.0019
 20
0.035
 10
0.0014
 20
0.0312
 10
-0.0012
 20
0.0215
 10
-0.0033
 20
0.016
 10
-0.0086
 20
0.0051
 10
-0.0115
 20
0.0
 97
0
 75
1
 76
1
 98
0
  0
HATCH
  5
4D0
330
4BB
100
AcDbEntity
  8
VEG-RELLENO
 62
41
420
14602872
100
AcDbHatch
 10
0.0
 20
0.0
 30
0.0
210
0.0
220
0.0
230
1.0
  2
SOLID
 70
1
 71
0
 91
2
 92
3
 72
0
 73
1
 93
12
 10
-0.0443
 20
-0.0237
 10
-0.044
 20
-0.0201
 10
-0.0423
 20
-0.0137
 10
-0.0398
 20
-0.0158
 10
-0.041
 20
-0.0206
 10
-0.041
 20
-0.025
 10
-0.0368
 20
-0.0228
 10
-0.0358
 20
-0.0258
 10
-0.0383
 20
-0.0273
 10
-0.0408
 20
-0.0281
 10
-0.0427
 20
-0.0278
 10
-0.0439
 20
-0.0263
 97
0
 92
3
 72
0
 73
1
 93
15
 10
-0.0068
 20
0.0319
 10
-0.0056
 20
0.0304
 10
-0.0051
 20
0.0278
 10
-0.0065
 20
0.0198
 10
-0.0106
 20
0.0091
 10
-0.0181
 20
-0.0046
 10
-0.0193
 20
-0.0008
 10
-0.011
 20
0.0158
 10
-0.0084
 20
0.0247
 10
-0.0084
 20
0.0291
 10
-0.0124
 20
0.0271
 10
-0.02
 20
0.0194
 10
-0.0198
 20
0.0227
 10
-0.0106
 20
0.0316
 10
-0.0087
 20
0.0322
 97
0
 75
1
 76
1
 98
0
  0
HATCH
  5
4D1
330
4BB
100
AcDbEntity
  8
VEG-RELLENO
 62
105
420
4617810
100
AcDbHatch
 10
0.0
 20
0.0
 30
0.0
210
0.0
220
0.0
230
1.0
  2
SOLID
 70
1
 71
0
 91
2
 92
3
 72
0
 73
1
 93
6
 10
-0.0364
 20
-0.0182
 10
-0.0372
 20
-0.0198
 10
-0.0368
 20
-0.0228
 10
-0.041
 20
-0.025
 10
-0.041
 20
-0.0206
 10
-0.0398
 20
-0.0158
 97
0
 92
3
 72
0
 73
1
 93
7
 10
-0.0193
 20
-0.0008
 10
-0.0216
 20
0.0055
 10
-0.02
 20
0.0194
 10
-0.0124
 20
0.0271
 10
-0.0084
 20
0.0291
 10
-0.0084
 20
0.0247
 10
-0.011
 20
0.0158
 97
0
 75
1
 76
1
 98
0
  0
HATCH
  5
4D2
330
4BB
100
AcDbEntity
  8
VEG-RELLENO
 62
41
420
14602872
100
AcDbHatch
 10
0.0
 20
0.0
 30
0.0
210
0.0
220
0.0
230
1.0
  2
SOLID
 70
1
 71
0
 91
2
 92
3
 72
0
 73
1
 93
24
 10
0.0035
 20
-0.0315
 10
-0.004
 20
-0.0316
 10
-0.0088
 20
-0.0307
 10
-0.0175
 20
-0.028
 10
-0.0257
 20
-0.0215
 10
-0.0295
 20
-0.0193
 10
-0.0184
 20
-0.0245
 10
-0.0081
 20
-0.0278
 10
0.0001
 20
-0.0289
 10
0.0028
 20
-0.0286
 10
0.0045
 20
-0.0276
 10
0.0042
 20
-0.0257
 10
0.0027
 20
-0.0234
 10
-0.0032
 20
-0.0177
 10
-0.0075
 20
-0.0146
 10
-0.0168
 20
-0.0093
 10
-0.0178
 20
-0.0056
 10
-0.0058
 20
-0.0121
 10
0.0023
 20
-0.0185
 10
0.0051
 20
-0.0216
 10
0.0069
 20
-0.0244
 10
0.0077
 20
-0.0269
 10
0.0074
 20
-0.029
 10
0.006
 20
-0.0305
 97
0
 92
3
 72
0
 73
1
 93
19
 10
-0.0399
 20
-0.0158
 10
-0.0464
 20
-0.0095
 10
-0.0482
 20
-0.0066
 10
-0.049
 20
-0.0041
 10
-0.0486
 20
-0.0021
 10
-0.0472
 20
-0.0005
 10
-0.0448
 20
0.0004
 10
-0.0415
 20
0.0008
 10
-0.0369
 20
0.0003
 10
-0.0369
 20
-0.0026
 10
-0.0414
 20
-0.0022
 10
-0.0441
 20
-0.0025
 10
-0.0458
 20
-0.0034
 10
-0.0455
 20
-0.0054
 10
-0.044
 20
-0.0076
 10
-0.0415
 20
-0.0104
 10
-0.0363
 20
-0.0147
 10
-0.0355
 20
-0.0179
 10
-0.0364
 20
-0.0182
 97
0
 75
1
 76
1
 98
0
  0
HATCH
  5
4D3
330
4BB
100
AcDbEntity
  8
VEG-RELLENO
 62
105
420
4617810
100
AcDbHatch
 10
0.0
 20
0.0
 30
0.0
210
0.0
220
0.0
230
1.0
  2
SOLID
 70
1
 71
0
 91
2
 92
3
 72
0
 73
1
 93
19
 10
-0.0294
 20
-0.0191
 10
-0.0276
 20
-0.016
 10
-0.0239
 20
-0.0207
 10
-0.0214
 20
-0.0228
 10
-0.0193
 20
-0.0239
 10
-0.0176
 20
-0.0238
 10
-0.0164
 20
-0.0226
 10
-0.0157
 20
-0.0203
 10
-0.0156
 20
-0.0171
 10
-0.0168
 20
-0.0093
 10
-0.0075
 20
-0.0146
 10
-0.0032
 20
-0.0177
 10
0.0027
 20
-0.0234
 10
0.0042
 20
-0.0257
 10
0.0045
 20
-0.0276
 10
0.0028
 20
-0.0286
 10
-0.0036
 20
-0.0286
 10
-0.0131
 20
-0.0264
 10
-0.0238
 20
-0.0221
 97
0
 92
3
 72
0
 73
1
 93
8
 10
-0.0369
 20
-0.0026
 10
-0.0363
 20
-0.0147
 10
-0.0415
 20
-0.0104
 10
-0.044
 20
-0.0076
 10
-0.0455
 20
-0.0054
 10
-0.0458
 20
-0.0034
 10
-0.0441
 20
-0.0025
 10
-0.0414
 20
-0.0022
 97
0
 75
1
 76
1
 98
0
  0
HATCH
  5
4D4
330
4BB
100
AcDbEntity
  8
VEG-RELLENO
 62
41
420
14602872
100
AcDbHatch
 10
0.0
 20
0.0
 30
0.0
210
0.0
220
0.0
230
1.0
  2
SOLID
 70
1
 71
0
 91
1
 92
3
 72
0
 73
1
 93
31
 10
0.0041
 20
-0.0672
 10
-0.0027
 20
-0.0636
 10
-0.0112
 20
-0.0569
 10
-0.0244
 20
-0.0432
 10
-0.0341
 20
-0.0292
 10
-0.037
 20
-0.0222
 10
-0.0372
 20
-0.0198
 10
-0.0364
 20
-0.0182
 10
-0.0355
 20
-0.0179
 10
-0.0339
 20
-0.0208
 10
-0.0332
 20
-0.0243
 10
-0.029
 20
-0.032
 10
-0.0179
 20
-0.046
 10
-0.0049
 20
-0.0583
 10
0.0024
 20
-0.0632
 10
0.0058
 20
-0.0644
 10
0.0049
 20
-0.0609
 10
0.0006
 20
-0.0532
 10
-0.0104
 20
-0.0392
 10
-0.0234
 20
-0.0269
 10
-0.0322
 20
-0.0214
 10
-0.0312
 20
-0.0211
 10
-0.0295
 20
-0.0193
 10
-0.0257
 20
-0.0215
 10
-0.0127
 20
-0.0325
 10
-0.004
 20
-0.042
 10
0.0058
 20
-0.0559
 10
0.0087
 20
-0.063
 10
0.0088
 20
-0.0654
 10
0.0081
 20
-0.0669
 10
0.0065
 20
-0.0675
 97
0
 75
1
 76
1
 98
0
  0
HATCH
  5
4D5
330
4BB
100
AcDbEntity
  8
VEG-RELLENO
 62
105
420
4617810
100
AcDbHatch
 10
0.0
 20
0.0
 30
0.0
210
0.0
220
0.0
230
1.0
  2
SOLID
 70
1
 71
0
 91
1
 92
3
 72
0
 73
1
 93
12
 10
-0.0341
 20
-0.0208
 10
-0.0307
 20
-0.022
 10
-0.0234
 20
-0.0269
 10
-0.0104
 20
-0.0392
 10
0.0006
 20
-0.0532
 10
0.0049
 20
-0.0609
 10
0.0058
 20
-0.0644
 10
0.0024
 20
-0.0632
 10
-0.0049
 20
-0.0583
 10
-0.0179
 20
-0.046
 10
-0.029
 20
-0.032
 10
-0.0332
 20
-0.0243
 97
0
 75
1
 76
1
 98
0
  0
HATCH
  5
4D6
330
4BB
100
AcDbEntity
  8
VEG-RELLENO
 62
41
420
14602872
100
AcDbHatch
 10
0.0
 20
0.0
 30
0.0
210
0.0
220
0.0
230
1.0
  2
SOLID
 70
1
 71
0
 91
2
 92
3
 72
0
 73
1
 93
12
 10
-0.0353
 20
-0.0187
 10
-0.0367
 20
-0.0113
 10
-0.0369
 20
0.0003
 10
-0.034
 20
-0.0056
 10
-0.0332
 20
-0.0149
 10
-0.0323
 20
-0.0179
 10
-0.0297
 20
-0.0131
 10
-0.0276
 20
-0.016
 10
-0.0296
 20
-0.0194
 10
-0.0312
 20
-0.0211
 10
-0.0328
 20
-0.0215
 10
-0.0341
 20
-0.0207
 97
0
 92
3
 72
0
 73
1
 93
4
 10
-0.0198
 20
0.0227
 10
-0.0216
 20
0.0055
 10
-0.0239
 20
0.0107
 10
-0.023
 20
0.02
 97
0
 75
1
 76
1
 98
0
  0
HATCH
  5
4D7
330
4BB
100
AcDbEntity
  8
VEG-RELLENO
 62
105
420
4617810
100
AcDbHatch
 10
0.0
 20
0.0
 30
0.0
210
0.0
220
0.0
230
1.0
  2
SOLID
 70
1
 71
0
 91
2
 92
3
 72
0
 73
1
 93
4
 10
-0.034
 20
-0.0056
 10
-0.0297
 20
-0.0131
 10
-0.0323
 20
-0.0179
 10
-0.0332
 20
-0.0149
 97
0
 92
3
 72
0
 73
1
 93
3
 10
-0.0239
 20
0.0107
 10
-0.027
 20
0.0169
 10
-0.023
 20
0.02
 97
0
 75
1
 76
1
 98
0
  0
HATCH
  5
4D8
330
4BB
100
AcDbEntity
  8
VEG-RELLENO
 62
41
420
14602872
100
AcDbHatch
 10
0.0
 20
0.0
 30
0.0
210
0.0
220
0.0
230
1.0
  2
SOLID
 70
1
 71
0
 91
2
 92
3
 72
0
 73
1
 93
13
 10
-0.0505
 20
0.0131
 10
-0.0493
 20
0.0165
 10
-0.0446
 20
0.0241
 10
-0.0438
 20
0.02
 10
-0.0465
 20
0.0153
 10
-0.0476
 20
0.0109
 10
-0.0458
 20
0.0105
 10
-0.0415
 20
0.0119
 10
-0.0405
 20
0.009
 10
-0.0454
 20
0.0075
 10
-0.0481
 20
0.0076
 10
-0.0499
 20
0.0086
 10
-0.0507
 20
0.0104
 97
0
 92
3
 72
0
 73
1
 93
25
 10
-0.0312
 20
0.0388
 10
-0.021
 20
0.0471
 10
-0.0113
 20
0.0529
 10
-0.0037
 20
0.0556
 10
-0.001
 20
0.0555
 10
0.0008
 20
0.0545
 10
0.0016
 20
0.0527
 10
0.0014
 20
0.05
 10
-0.002
 20
0.0427
 10
-0.005
 20
0.0383
 10
-0.0131
 20
0.0289
 10
-0.027
 20
0.0169
 10
-0.0284
 20
0.0196
 10
-0.02
 20
0.0265
 10
-0.011
 20
0.0356
 10
-0.0046
 20
0.0442
 10
-0.0026
 20
0.0478
 10
-0.0016
 20
0.0506
 10
-0.0016
 20
0.0524
 10
-0.0034
 20
0.0525
 10
-0.0062
 20
0.0518
 10
-0.0144
 20
0.0478
 10
-0.0242
 20
0.0408
 10
-0.0357
 20
0.0301
 10
-0.0378
 20
0.0322
 97
0
 75
1
 76
1
 98
0
  0
HATCH
  5
4D9
330
4BB
100
AcDbEntity
  8
VEG-RELLENO
 62
105
420
4617810
100
AcDbHatch
 10
0.0
 20
0.0
 30
0.0
210
0.0
220
0.0
230
1.0
  2
SOLID
 70
1
 71
0
 91
2
 92
3
 72
0
 73
1
 93
6
 10
-0.0438
 20
0.02
 10
-0.0415
 20
0.0119
 10
-0.0458
 20
0.0105
 10
-0.0473
 20
0.0106
 10
-0.0475
 20
0.0125
 10
-0.0465
 20
0.0153
 97
0
 92
3
 72
0
 73
1
 93
13
 10
-0.0284
 20
0.0196
 10
-0.0357
 20
0.0301
 10
-0.0291
 20
0.0366
 10
-0.0242
 20
0.0408
 10
-0.0144
 20
0.0478
 10
-0.0062
 20
0.0518
 10
-0.0034
 20
0.0525
 10
-0.0016
 20
0.0524
 10
-0.0016
 20
0.0506
 10
-0.0026
 20
0.0478
 10
-0.0074
 20
0.0401
 10
-0.0153
 20
0.031
 10
-0.02
 20
0.0265
 97
0
 75
1
 76
1
 98
0
  0
HATCH
  5
4DA
330
4BB
100
AcDbEntity
  8
VEG-RELLENO
 62
41
420
14602872
100
AcDbHatch
 10
0.0
 20
0.0
 30
0.0
210
0.0
220
0.0
230
1.0
  2
SOLID
 70
1
 71
0
 91
2
 92
3
 72
0
 73
1
 93
18
 10
-0.0214
 20
-0.0228
 10
-0.0266
 20
-0.0176
 10
-0.0323
 20
-0.0088
 10
-0.0401
 20
0.0078
 10
-0.0445
 20
0.0236
 10
-0.0449
 20
0.0309
 10
-0.0442
 20
0.0332
 10
-0.043
 20
0.0344
 10
-0.0413
 20
0.0345
 10
-0.0392
 20
0.0334
 10
-0.034
 20
0.0282
 10
-0.0283
 20
0.0194
 10
-0.0205
 20
0.0028
 10
-0.0161
 20
-0.013
 10
-0.0157
 20
-0.0203
 10
-0.0164
 20
-0.0226
 10
-0.0176
 20
-0.0238
 10
-0.0193
 20
-0.0239
 97
0
 92
2
 72
0
 73
1
 93
14
 10
-0.042
 20
0.0278
 10
-0.0406
 20
0.0195
 10
-0.0392
 20
0.0143
 10
-0.0324
 20
-0.0022
 10
-0.0242
 20
-0.0157
 10
-0.0217
 20
-0.0186
 10
-0.0189
 20
-0.0207
 10
-0.0186
 20
-0.0172
 10
-0.02
 20
-0.0089
 10
-0.0233
 20
0.0018
 10
-0.0282
 20
0.0128
 10
-0.0364
 20
0.0263
 10
-0.0389
 20
0.0292
 10
-0.0416
 20
0.0313
 97
0
 75
1
 76
1
 98
0
  0
HATCH
  5
4DB
330
4BB
100
AcDbEntity
  8
VEG-RELLENO
 62
105
420
4617810
100
AcDbHatch
 10
0.0
 20
0.0
 30
0.0
210
0.0
220
0.0
230
1.0
  2
SOLID
 70
1
 71
0
 91
1
 92
3
 72
0
 73
1
 93
12
 10
-0.0416
 20
0.0313
 10
-0.0389
 20
0.0292
 10
-0.0337
 20
0.0225
 10
-0.0256
 20
0.0074
 10
-0.02
 20
-0.0089
 10
-0.0186
 20
-0.0172
 10
-0.0189
 20
-0.0207
 10
-0.0217
 20
-0.0186
 10
-0.0269
 20
-0.0119
 10
-0.035
 20
0.0033
 10
-0.0406
 20
0.0195
 10
-0.042
 20
0.0278
 97
0
 75
1
 76
1
 98
0
  0
LWPOLYLINE
  5
4DC
330
4BB
100
AcDbEntity
  8
VEG-MACETA
100
AcDbPolyline
 90
6
 70
0
 10
-0.1449
 20
-0.0037
 10
-0.1447
 20
0.0095
 10
-0.1438
 20
0.0189
 10
-0.1401
 20
0.0375
 10
-0.134
 20
0.0555
 10
-0.1252
 20
0.073
  0
LWPOLYLINE
  5
4DD
330
4BB
100
AcDbEntity
  8
VEG-MACETA
100
AcDbPolyline
 90
9
 70
0
 10
-0.0465
 20
-0.1374
 10
-0.0555
 20
-0.134
 10
-0.0725
 20
-0.1256
 10
-0.0883
 20
-0.115
 10
-0.1025
 20
-0.1025
 10
-0.115
 20
-0.0883
 10
-0.1256
 20
-0.0725
 10
-0.134
 20
-0.0555
 10
-0.1376
 20
-0.0455
  0
LWPOLYLINE
  5
4DE
330
4BB
100
AcDbEntity
  8
VEG-MACETA
100
AcDbPolyline
 90
5
 70
0
 10
-0.1032
 20
0.1018
 10
-0.0956
 20
0.109
 10
-0.0883
 20
0.115
 10
-0.0806
 20
0.1206
 10
-0.068
 20
0.128
  0
LWPOLYLINE
  5
4DF
330
4BB
100
AcDbEntity
  8
VEG-MACETA
100
AcDbPolyline
 90
7
 70
0
 10
-0.0389
 20
0.1396
 10
-0.0283
 20
0.1422
 10
-0.0189
 20
0.1438
 10
0.0
 20
0.145
 10
0.0189
 20
0.1438
 10
0.0283
 20
0.1422
 10
0.0418
 20
0.1388
  0
LWPOLYLINE
  5
4E0
330
4BB
100
AcDbEntity
  8
VEG-MACETA
100
AcDbPolyline
 90
9
 70
0
 10
0.0989
 20
-0.1059
 10
0.0883
 20
-0.115
 10
0.0725
 20
-0.1256
 10
0.0555
 20
-0.134
 10
0.0466
 20
-0.1373
 10
0.0283
 20
-0.1422
 10
0.0189
 20
-0.1438
 10
0.0
 20
-0.145
 10
-0.0185
 20
-0.1438
  0
LWPOLYLINE
  5
4E1
330
4BB
100
AcDbEntity
  8
VEG-MACETA
100
AcDbPolyline
 90
9
 70
0
 10
0.0691
 20
0.1274
 10
0.0806
 20
0.1206
 10
0.0956
 20
0.109
 10
0.109
 20
0.0956
 10
0.1206
 20
0.0806
 10
0.13
 20
0.0641
 10
0.1373
 20
0.0466
 10
0.1422
 20
0.0283
 10
0.1442
 20
0.0143
  0
LWPOLYLINE
  5
4E2
330
4BB
100
AcDbEntity
  8
VEG-MACETA
100
AcDbPolyline
 90
6
 70
0
 10
0.1424
 20
-0.0269
 10
0.1401
 20
-0.0375
 10
0.1373
 20
-0.0466
 10
0.13
 20
-0.0641
 10
0.1206
 20
-0.0806
 10
0.1123
 20
-0.0916
  0
LWPOLYLINE
  5
4E3
330
4BB
100
AcDbEntity
  8
VEG-MACETA
100
AcDbPolyline
 90
5
 70
0
 10
-0.135
 20
0.0003
 10
-0.1338
 20
0.0176
 10
-0.1304
 20
0.0349
 10
-0.1247
 20
0.0517
 10
-0.1194
 20
0.0629
  0
LWPOLYLINE
  5
4E4
330
4BB
100
AcDbEntity
  8
VEG-MACETA
100
AcDbPolyline
 90
9
 70
0
 10
-0.0489
 20
-0.1258
 10
-0.0597
 20
-0.1211
 10
-0.075
 20
-0.1122
 10
-0.0822
 20
-0.1071
 10
-0.0955
 20
-0.0955
 10
-0.1071
 20
-0.0822
 10
-0.1122
 20
-0.075
 10
-0.1211
 20
-0.0597
 10
-0.1263
 20
-0.0474
  0
LWPOLYLINE
  5
4E5
330
4BB
100
AcDbEntity
  8
VEG-MACETA
100
AcDbPolyline
 90
3
 70
0
 10
-0.0929
 20
0.0978
 10
-0.0822
 20
0.1071
 10
-0.0673
 20
0.117
  0
LWPOLYLINE
  5
4E6
330
4BB
100
AcDbEntity
  8
VEG-MACETA
100
AcDbPolyline
 90
5
 70
0
 10
-0.0311
 20
0.1313
 10
-0.0176
 20
0.1338
 10
0.0
 20
0.135
 10
0.0176
 20
0.1338
 10
0.0347
 20
0.1304
  0
LWPOLYLINE
  5
4E7
330
4BB
100
AcDbEntity
  8
VEG-MACETA
100
AcDbPolyline
 90
9
 70
0
 10
0.0869
 20
-0.1032
 10
0.075
 20
-0.1122
 10
0.0675
 20
-0.1169
 10
0.0517
 20
-0.1247
 10
0.0434
 20
-0.1278
 10
0.0349
 20
-0.1304
 10
0.0176
 20
-0.1338
 10
0.0
 20
-0.135
 10
-0.012
 20
-0.1344
  0
LWPOLYLINE
  5
4E8
330
4BB
100
AcDbEntity
  8
VEG-MACETA
100
AcDbPolyline
 90
9
 70
0
 10
0.0696
 20
0.1156
 10
0.0822
 20
0.1071
 10
0.0955
 20
0.0955
 10
0.1015
 20
0.089
 10
0.1122
 20
0.075
 10
0.1211
 20
0.0597
 10
0.1278
 20
0.0434
 10
0.1324
 20
0.0263
 10
0.1339
 20
0.0166
  0
LWPOLYLINE
  5
4E9
330
4BB
100
AcDbEntity
  8
VEG-MACETA
100
AcDbPolyline
 90
5
 70
0
 10
0.1317
 20
-0.0293
 10
0.1278
 20
-0.0434
 10
0.1211
 20
-0.0597
 10
0.1169
 20
-0.0675
 10
0.1081
 20
-0.0808
  0
LWPOLYLINE
  5
4EA
330
4BB
100
AcDbEntity
  8
VEG-HOJAS
100
AcDbPolyline
 90
27
 70
0
 10
0.0411
 20
-0.0136
 10
0.0399
 20
-0.0112
 10
0.0392
 20
-0.0068
 10
0.0398
 20
-0.0024
 10
0.0418
 20
0.0018
 10
0.0451
 20
0.0059
 10
0.0497
 20
0.0096
 10
0.0554
 20
0.0129
 10
0.0622
 20
0.0156
 10
0.0699
 20
0.0178
 10
0.0785
 20
0.0194
 10
0.0878
 20
0.0203
 10
0.1077
 20
0.0201
 10
0.118
 20
0.0192
 10
0.1385
 20
0.0157
 10
0.1576
 20
0.0107
 10
0.174
 20
0.0051
 10
0.1866
 20
-0.0001
 10
0.1972
 20
-0.0057
 10
0.1867
 20
-0.0114
 10
0.1742
 20
-0.0168
 10
0.1578
 20
-0.0226
 10
0.1388
 20
-0.0279
 10
0.1184
 20
-0.0316
 10
0.1081
 20
-0.0328
 10
0.0882
 20
-0.0332
 10
0.0751
 20
-0.0318
  0
LWPOLYLINE
  5
4EB
330
4BB
100
AcDbEntity
  8
VEG-HOJAS
100
AcDbPolyline
 90
32
 70
1
 10
0.0213
 20
0.0332
 10
0.0171
 20
0.0352
 10
0.0135
 20
0.0382
 10
0.0104
 20
0.0422
 10
0.008
 20
0.047
 10
0.0063
 20
0.0527
 10
0.0054
 20
0.059
 10
0.0054
 20
0.0658
 10
0.0062
 20
0.0731
 10
0.0079
 20
0.0808
 10
0.0103
 20
0.0886
 10
0.0173
 20
0.1043
 10
0.0216
 20
0.1119
 10
0.0313
 20
0.1262
 10
0.0465
 20
0.1437
 10
0.0551
 20
0.1519
 10
0.0636
 20
0.1583
 10
0.0663
 20
0.1481
 10
0.0682
 20
0.1363
 10
0.0697
 20
0.1132
 10
0.0687
 20
0.096
 10
0.0676
 20
0.0873
 10
0.0636
 20
0.0706
 10
0.0608
 20
0.0629
 10
0.0575
 20
0.0558
 10
0.0537
 20
0.0495
 10
0.0495
 20
0.0441
 10
0.045
 20
0.0396
 10
0.0402
 20
0.0361
 10
0.0354
 20
0.0337
 10
0.0305
 20
0.0325
 10
0.0258
 20
0.0323
  0
LWPOLYLINE
  5
4EC
330
4BB
100
AcDbEntity
  8
VEG-HOJAS
100
AcDbPolyline
 90
20
 70
0
 10
-0.0603
 20
0.0798
 10
-0.0643
 20
0.0953
 10
-0.0659
 20
0.1045
 10
-0.0677
 20
0.1223
 10
-0.0678
 20
0.1449
 10
-0.0669
 20
0.1554
 10
-0.0656
 20
0.1617
 10
-0.0602
 20
0.1582
 10
-0.0519
 20
0.1517
 10
-0.0355
 20
0.1362
 10
-0.0238
 20
0.1226
 10
-0.0182
 20
0.1151
 10
-0.0084
 20
0.0993
 10
-0.001
 20
0.083
 10
0.0014
 20
0.075
 10
0.003
 20
0.0673
 10
0.0037
 20
0.06
 10
0.0035
 20
0.0533
 10
0.0025
 20
0.0472
 10
0.0005
 20
0.0419
  0
LWPOLYLINE
  5
4ED
330
4BB
100
AcDbEntity
  8
VEG-HOJAS
100
AcDbPolyline
 90
25
 70
0
 10
-0.0505
 20
0.0101
 10
-0.0587
 20
0.0107
 10
-0.0652
 20
0.0124
 10
-0.072
 20
0.0152
 10
-0.0789
 20
0.0191
 10
-0.0857
 20
0.0238
 10
-0.0925
 20
0.0294
 10
-0.099
 20
0.0358
 10
-0.1109
 20
0.0501
 10
-0.1162
 20
0.0578
 10
-0.1254
 20
0.0733
 10
-0.1348
 20
0.094
 10
-0.1383
 20
0.104
 10
-0.1398
 20
0.1104
 10
-0.1332
 20
0.1098
 10
-0.1228
 20
0.1077
 10
-0.1011
 20
0.1011
 10
-0.0845
 20
0.0941
 10
-0.0681
 20
0.0851
 10
-0.0532
 20
0.0743
 10
-0.0468
 20
0.0683
 10
-0.0412
 20
0.0622
 10
-0.0365
 20
0.0559
 10
-0.0328
 20
0.0495
 10
-0.0294
 20
0.0403
  0
LWPOLYLINE
  5
4EE
330
4BB
100
AcDbEntity
  8
VEG-HOJAS
100
AcDbPolyline
 90
27
 70
0
 10
-0.0431
 20
-0.0272
 10
-0.0475
 20
-0.0325
 10
-0.0525
 20
-0.0366
 10
-0.0586
 20
-0.0402
 10
-0.0656
 20
-0.0432
 10
-0.0734
 20
-0.0457
 10
-0.082
 20
-0.0475
 10
-0.1006
 20
-0.0491
 10
-0.1201
 20
-0.0482
 10
-0.1298
 20
-0.0469
 10
-0.1482
 20
-0.0432
 10
-0.1707
 20
-0.0362
 10
-0.1809
 20
-0.032
 10
-0.1869
 20
-0.0288
 10
-0.1817
 20
-0.0245
 10
-0.1726
 20
-0.0183
 10
-0.1519
 20
-0.0069
 10
-0.1347
 20
0.0004
 10
-0.1254
 20
0.0036
 10
-0.1065
 20
0.0085
 10
-0.0879
 20
0.0107
 10
-0.0792
 20
0.0106
 10
-0.071
 20
0.0098
 10
-0.0635
 20
0.0082
 10
-0.0568
 20
0.0059
 10
-0.0511
 20
0.003
 10
-0.0468
 20
-0.0003
  0
LWPOLYLINE
  5
4EF
330
4BB
100
AcDbEntity
  8
VEG-HOJAS
100
AcDbPolyline
 90
28
 70
0
 10
-0.0001
 20
-0.0319
 10
0.0034
 20
-0.0353
 10
0.0067
 20
-0.0401
 10
0.0093
 20
-0.0458
 10
0.0111
 20
-0.0524
 10
0.0121
 20
-0.0596
 10
0.0123
 20
-0.0674
 10
0.0116
 20
-0.0756
 10
0.0101
 20
-0.0842
 10
0.0078
 20
-0.0929
 10
0.0013
 20
-0.1102
 10
-0.0027
 20
-0.1186
 10
-0.0117
 20
-0.134
 10
-0.0251
 20
-0.1523
 10
-0.0322
 20
-0.1602
 10
-0.0371
 20
-0.1646
 10
-0.0399
 20
-0.1586
 10
-0.0434
 20
-0.1486
 10
-0.0488
 20
-0.1266
 10
-0.0511
 20
-0.1089
 10
-0.0516
 20
-0.0903
 10
-0.0497
 20
-0.0722
 10
-0.0477
 20
-0.0637
 10
-0.0452
 20
-0.0558
 10
-0.042
 20
-0.0487
 10
-0.0383
 20
-0.0424
 10
-0.0341
 20
-0.0371
 10
-0.031
 20
-0.0343
  0
LWPOLYLINE
  5
4F0
330
4BB
100
AcDbEntity
  8
VEG-HOJAS
100
AcDbPolyline
 90
34
 70
1
 10
0.0161
 20
-0.0218
 10
0.0198
 20
-0.0184
 10
0.0243
 20
-0.0158
 10
0.0294
 20
-0.0141
 10
0.035
 20
-0.0133
 10
0.0411
 20
-0.0136
 10
0.0475
 20
-0.015
 10
0.054
 20
-0.0173
 10
0.0606
 20
-0.0207
 10
0.0671
 20
-0.025
 10
0.0735
 20
-0.0302
 10
0.0854
 20
-0.0426
 10
0.0907
 20
-0.0496
 10
0.1
 20
-0.0644
 10
0.1039
 20
-0.0717
 10
0.1101
 20
-0.0856
 10
0.1141
 20
-0.0971
 10
0.1166
 20
-0.1078
 10
0.1056
 20
-0.107
 10
0.0936
 20
-0.1049
 10
0.079
 20
-0.1009
 10
0.0711
 20
-0.0982
 10
0.0551
 20
-0.0913
 10
0.0473
 20
-0.0871
 10
0.0332
 20
-0.0772
 10
0.0271
 20
-0.0718
 10
0.0219
 20
-0.066
 10
0.0175
 20
-0.06
 10
0.0142
 20
-0.0539
 10
0.0119
 20
-0.0478
 10
0.0106
 20
-0.0419
 10
0.0105
 20
-0.0362
 10
0.0114
 20
-0.0308
 10
0.0133
 20
-0.026
  0
LWPOLYLINE
  5
4F1
330
4BB
100
AcDbEntity
  8
VEG-HOJAS
100
AcDbPolyline
 90
11
 70
0
 10
-0.0057
 20
0.0374
 10
-0.0013
 20
0.0412
 10
0.0009
 20
0.0421
 10
0.0028
 20
0.0419
 10
0.0041
 20
0.0406
 10
0.0048
 20
0.0382
 10
0.0044
 20
0.0307
 10
0.0016
 20
0.0205
 10
-0.0031
 20
0.0092
 10
-0.009
 20
-0.0016
 10
-0.0133
 20
-0.0078
  0
LWPOLYLINE
  5
4F2
330
4BB
100
AcDbEntity
  8
VEG-HOJAS
100
AcDbPolyline
 90
8
 70
0
 10
-0.0358
 20
-0.0258
 10
-0.0383
 20
-0.0273
 10
-0.0408
 20
-0.0281
 10
-0.0427
 20
-0.0278
 10
-0.0439
 20
-0.0263
 10
-0.0443
 20
-0.0237
 10
-0.044
 20
-0.0201
 10
-0.0423
 20
-0.0137
  0
LWPOLYLINE
  5
4F3
330
4BB
100
AcDbEntity
  8
VEG-HOJAS
100
AcDbPolyline
 90
9
 70
0
 10
-0.0106
 20
0.0316
 10
-0.0087
 20
0.0322
 10
-0.0068
 20
0.0319
 10
-0.0056
 20
0.0304
 10
-0.0051
 20
0.0278
 10
-0.0054
 20
0.0242
 10
-0.0065
 20
0.0198
 10
-0.0106
 20
0.0091
 10
-0.0181
 20
-0.0046
  0
LWPOLYLINE
  5
4F4
330
4BB
100
AcDbEntity
  8
VEG-HOJAS
100
AcDbPolyline
 90
9
 70
0
 10
-0.0364
 20
-0.0182
 10
-0.0436
 20
-0.0126
 10
-0.0464
 20
-0.0095
 10
-0.0482
 20
-0.0066
 10
-0.049
 20
-0.0041
 10
-0.0486
 20
-0.0021
 10
-0.0472
 20
-0.0005
 10
-0.0448
 20
0.0004
 10
-0.037
 20
0.0005
  0
LWPOLYLINE
  5
4F5
330
4BB
100
AcDbEntity
  8
VEG-HOJAS
100
AcDbPolyline
 90
12
 70
0
 10
-0.0178
 20
-0.0056
 10
-0.0108
 20
-0.0091
 10
-0.0014
 20
-0.0153
 10
0.0051
 20
-0.0216
 10
0.0069
 20
-0.0244
 10
0.0077
 20
-0.0269
 10
0.0074
 20
-0.029
 10
0.006
 20
-0.0305
 10
0.0035
 20
-0.0315
 10
0.0002
 20
-0.0319
 10
-0.0088
 20
-0.0307
 10
-0.0175
 20
-0.028
  0
LWPOLYLINE
  5
4F6
330
4BB
100
AcDbEntity
  8
VEG-HOJAS
100
AcDbPolyline
 90
19
 70
0
 10
-0.0295
 20
-0.0193
 10
-0.0257
 20
-0.0215
 10
-0.0172
 20
-0.0282
 10
-0.004
 20
-0.042
 10
0.0058
 20
-0.0559
 10
0.0087
 20
-0.063
 10
0.0088
 20
-0.0654
 10
0.0081
 20
-0.0669
 10
0.0065
 20
-0.0675
 10
0.0041
 20
-0.0672
 10
-0.0027
 20
-0.0636
 10
-0.0112
 20
-0.0569
 10
-0.0201
 20
-0.048
 10
-0.0282
 20
-0.0383
 10
-0.0341
 20
-0.0292
 10
-0.037
 20
-0.0222
 10
-0.0372
 20
-0.0198
 10
-0.0364
 20
-0.0182
 10
-0.0355
 20
-0.0179
  0
LWPOLYLINE
  5
4F7
330
4BB
100
AcDbEntity
  8
VEG-HOJAS
100
AcDbPolyline
 90
8
 70
0
 10
-0.0276
 20
-0.016
 10
-0.0296
 20
-0.0194
 10
-0.0312
 20
-0.0211
 10
-0.0328
 20
-0.0215
 10
-0.0341
 20
-0.0207
 10
-0.0353
 20
-0.0187
 10
-0.0367
 20
-0.0113
 10
-0.0369
 20
0.0003
  0
LWPOLYLINE
  5
4F8
330
4BB
100
AcDbEntity
  8
VEG-HOJAS
100
AcDbPolyline
 90
2
 70
0
 10
-0.0198
 20
0.0227
 10
-0.0216
 20
0.0055
  0
LWPOLYLINE
  5
4F9
330
4BB
100
AcDbEntity
  8
VEG-HOJAS
100
AcDbPolyline
 90
8
 70
0
 10
-0.0405
 20
0.009
 10
-0.0454
 20
0.0075
 10
-0.0481
 20
0.0076
 10
-0.0499
 20
0.0086
 10
-0.0507
 20
0.0104
 10
-0.0505
 20
0.0131
 10
-0.0493
 20
0.0165
 10
-0.0446
 20
0.0241
  0
LWPOLYLINE
  5
4FA
330
4BB
100
AcDbEntity
  8
VEG-HOJAS
100
AcDbPolyline
 90
13
 70
0
 10
-0.0378
 20
0.0322
 10
-0.0261
 20
0.0432
 10
-0.016
 20
0.0504
 10
-0.0072
 20
0.0547
 10
-0.0037
 20
0.0556
 10
-0.001
 20
0.0555
 10
0.0008
 20
0.0545
 10
0.0016
 20
0.0527
 10
0.0014
 20
0.05
 10
-0.002
 20
0.0427
 10
-0.005
 20
0.0383
 10
-0.0131
 20
0.0289
 10
-0.027
 20
0.0169
  0
LWPOLYLINE
  5
4FB
330
4BB
100
AcDbEntity
  8
VEG-HOJAS
100
AcDbPolyline
 90
20
 70
1
 10
-0.0176
 20
-0.0238
 10
-0.0193
 20
-0.0239
 10
-0.0214
 20
-0.0228
 10
-0.0266
 20
-0.0176
 10
-0.0323
 20
-0.0088
 10
-0.0377
 20
0.0021
 10
-0.042
 20
0.0134
 10
-0.0445
 20
0.0236
 10
-0.0449
 20
0.0309
 10
-0.0442
 20
0.0332
 10
-0.043
 20
0.0344
 10
-0.0413
 20
0.0345
 10
-0.0392
 20
0.0334
 10
-0.034
 20
0.0282
 10
-0.0283
 20
0.0194
 10
-0.0229
 20
0.0086
 10
-0.0186
 20
-0.0028
 10
-0.0161
 20
-0.013
 10
-0.0157
 20
-0.0203
 10
-0.0164
 20
-0.0226
  0
ENDBLK
  5
4BD
330
4BB
100
AcDbEntity
  8
0
100
AcDbBlockEnd
  0
BLOCK
  5
4FF
330
4FE
100
AcDbEntity
  8
0
100
AcDbBlockBegin
  2
VEG_Pilea_PLANTA
 70
0
 10
0.0
 20
0.0
 30
0.0
  3
VEG_Pilea_PLANTA
  1

  0
HATCH
  5
501
330
4FE
100
AcDbEntity
  8
VEG-RELLENO
 62
7
420
15329251
100
AcDbHatch
 10
0.0
 20
0.0
 30
0.0
210
0.0
220
0.0
230
1.0
  2
SOLID
 70
1
 71
0
 91
11
 92
3
 72
0
 73
1
 93
9
 10
0.1038
 20
-0.026
 10
0.0983
 20
-0.0422
 10
0.0934
 20
-0.0486
 10
0.0902
 20
-0.0468
 10
0.0898
 20
-0.0418
 10
0.0881
 20
-0.0354
 10
0.0918
 20
-0.0246
 10
0.0934
 20
-0.0174
 10
0.098
 20
-0.0219
 97
0
 92
3
 72
0
 73
1
 93
5
 10
0.0872
 20
-0.0619
 10
0.0889
 20
-0.0578
 10
0.09
 20
-0.0524
 10
0.091
 20
-0.0529
 10
0.0882
 20
-0.0605
 97
0
 92
3
 72
0
 73
1
 93
6
 10
0.083
 20
-0.0674
 10
0.0716
 20
-0.0794
 10
0.0638
 20
-0.0754
 10
0.0696
 20
-0.0743
 10
0.0747
 20
-0.0726
 10
0.0795
 20
-0.0701
 97
0
 92
3
 72
0
 73
1
 93
3
 10
0.015
 20
-0.1059
 10
0.0115
 20
-0.1063
 10
0.0153
 20
-0.1035
 97
0
 92
3
 72
0
 73
1
 93
8
 10
-0.0609
 20
-0.0879
 10
-0.0746
 20
-0.0767
 10
-0.0772
 20
-0.0728
 10
-0.07
 20
-0.0662
 10
-0.0684
 20
-0.0659
 10
-0.0578
 20
-0.0754
 10
-0.047
 20
-0.0825
 10
-0.0542
 20
-0.0845
 97
0
 92
3
 72
0
 73
1
 93
4
 10
-0.0849
 20
-0.0652
 10
-0.0819
 20
-0.066
 10
-0.0779
 20
-0.0666
 10
-0.0806
 20
-0.069
 97
0
 92
3
 72
0
 73
1
 93
6
 10
-0.061
 20
0.0879
 10
-0.0557
 20
0.0913
 10
-0.0479
 20
0.0875
 10
-0.0406
 20
0.0859
 10
-0.0459
 20
0.0831
 10
-0.0536
 20
0.0866
 97
0
 92
3
 72
0
 73
1
 93
4
 10
-0.0017
 20
0.1069
 10
0.0026
 20
0.1069
 10
0.0031
 20
0.1054
 10
-0.0028
 20
0.1048
 97
0
 92
3
 72
0
 73
1
 93
9
 10
0.0646
 20
0.0853
 10
0.0773
 20
0.074
 10
0.0791
 20
0.0658
 10
0.0822
 20
0.0592
 10
0.08
 20
0.0577
 10
0.0733
 20
0.0604
 10
0.0626
 20
0.0714
 10
0.0517
 20
0.0797
 10
0.0598
 20
0.0825
 97
0
 92
3
 72
0
 73
1
 93
4
 10
0.0973
 20
0.0444
 10
0.0954
 20
0.0426
 10
0.0922
 20
0.0481
 10
0.0969
 20
0.0452
 97
0
 92
3
 72
0
 73
1
 93
6
 10
-0.0905
 20
0.0288
 10
-0.0918
 20
0.0246
 10
-0.0939
 20
0.0143
 10
-0.0977
 20
0.019
 10
-0.1027
 20
0.0234
 10
-0.0953
 20
0.0261
 97
0
 75
1
 76
1
 98
0
  0
HATCH
  5
502
330
4FE
100
AcDbEntity
  8
VEG-RELLENO
 62
7
420
16316146
100
AcDbHatch
 10
0.0
 20
0.0
 30
0.0
210
0.0
220
0.0
230
1.0
  2
SOLID
 70
1
 71
0
 91
5
 92
3
 72
0
 73
1
 93
8
 10
0.0934
 20
-0.0174
 10
0.0918
 20
-0.0246
 10
0.0881
 20
-0.0354
 10
0.0853
 20
-0.0296
 10
0.0829
 20
-0.0264
 10
0.0853
 20
-0.017
 10
0.0866
 20
-0.0074
 10
0.0903
 20
-0.0136
 97
0
 92
3
 72
0
 73
1
 93
9
 10
-0.0475
 20
-0.0823
 10
-0.0578
 20
-0.0754
 10
-0.0684
 20
-0.0659
 10
-0.0604
 20
-0.0626
 10
-0.0483
 20
-0.0723
 10
-0.0385
 20
-0.078
 10
-0.0301
 20
-0.0816
 10
-0.0307
 20
-0.0832
 10
-0.038
 20
-0.082
 97
0
 92
3
 72
0
 73
1
 93
8
 10
-0.0939
 20
0.0143
 10
-0.0905
 20
0.0288
 10
-0.0852
 20
0.0328
 10
-0.0817
 20
0.0299
 10
-0.084
 20
0.0225
 10
-0.0863
 20
0.0114
 10
-0.0869
 20
-0.0021
 10
-0.0898
 20
0.0074
 97
0
 92
3
 72
0
 73
1
 93
6
 10
-0.0459
 20
0.0831
 10
-0.0406
 20
0.0859
 10
-0.0349
 20
0.0855
 10
-0.0276
 20
0.0864
 10
-0.0266
 20
0.0828
 10
-0.0392
 20
0.0776
 97
0
 92
3
 72
0
 73
1
 93
9
 10
0.0517
 20
0.0797
 10
0.0626
 20
0.0714
 10
0.0733
 20
0.0604
 10
0.0664
 20
0.0618
 10
0.0612
 20
0.0618
 10
0.053
 20
0.069
 10
0.0483
 20
0.0723
 10
0.0368
 20
0.0788
 10
0.046
 20
0.0786
 97
0
 75
1
 76
1
 98
0
  0
HATCH
  5
503
330
4FE
100
AcDbEntity
  8
VEG-RELLENO
 62
35
420
8019530
100
AcDbHatch
 10
0.0
 20
0.0
 30
0.0
210
0.0
220
0.0
230
1.0
  2
SOLID
 70
1
 71
0
 91
16
 92
3
 72
0
 73
1
 93
20
 10
0.0863
 20
-0.0114
 10
0.0829
 20
-0.0264
 10
0.0783
 20
-0.022
 10
0.0739
 20
-0.0192
 10
0.069
 20
-0.0173
 10
0.064
 20
-0.0162
 10
0.0588
 20
-0.016
 10
0.0536
 20
-0.0167
 10
0.0487
 20
-0.0183
 10
0.0435
 20
-0.0211
 10
0.0089
 20
-0.0017
 10
0.0453
 20
0.0016
 10
0.0493
 20
-0.0006
 10
0.0546
 20
-0.0026
 10
0.0603
 20
-0.0036
 10
0.066
 20
-0.0037
 10
0.0744
 20
-0.0019
 10
0.0796
 20
0.0005
 10
0.0832
 20
0.0029
 10
0.0866
 20
-0.0074
 97
0
 92
3
 72
0
 73
1
 93
12
 10
0.0477
 20
-0.0728
 10
0.038
 20
-0.0755
 10
0.0079
 20
-0.011
 10
0.0084
 20
-0.0095
 10
0.035
 20
-0.0298
 10
0.0326
 20
-0.0345
 10
0.0311
 20
-0.0394
 10
0.0304
 20
-0.0446
 10
0.0311
 20
-0.0523
 10
0.0338
 20
-0.0596
 10
0.0366
 20
-0.064
 10
0.0422
 20
-0.0695
 97
0
 92
3
 72
0
 73
1
 93
12
 10
0.0255
 20
-0.0831
 10
0.0252
 20
-0.0779
 10
0.0241
 20
-0.0733
 10
0.0221
 20
-0.069
 10
0.0195
 20
-0.065
 10
0.0162
 20
-0.0616
 10
0.0124
 20
-0.0588
 10
0.0081
 20
-0.0567
 10
0.0013
 20
-0.055
 10
0.0021
 20
-0.0189
 10
0.0048
 20
-0.0162
 10
0.0335
 20
-0.0776
 97
0
 92
3
 72
0
 73
1
 93
11
 10
-0.0301
 20
-0.0816
 10
-0.0385
 20
-0.078
 10
-0.0483
 20
-0.0723
 10
-0.0604
 20
-0.0626
 10
-0.056
 20
-0.0594
 10
-0.0525
 20
-0.0558
 10
-0.0498
 20
-0.0515
 10
-0.0475
 20
-0.0461
 10
-0.0186
 20
-0.02
 10
-0.0144
 20
-0.0218
 10
-0.0102
 20
-0.0225
 97
0
 92
3
 72
0
 73
1
 93
12
 10
-0.0863
 20
-0.0111
 10
-0.0863
 20
-0.0088
 10
-0.0272
 20
-0.0045
 10
-0.0268
 20
-0.0107
 10
-0.0506
 20
-0.0226
 10
-0.0536
 20
-0.0186
 10
-0.0573
 20
-0.0151
 10
-0.0615
 20
-0.0123
 10
-0.0662
 20
-0.0103
 10
-0.0711
 20
-0.0092
 10
-0.0761
 20
-0.0089
 10
-0.0811
 20
-0.0095
 97
0
 92
3
 72
0
 73
1
 93
12
 10
-0.087
 20
0.0
 10
-0.0863
 20
0.0114
 10
-0.0853
 20
0.017
 10
-0.0817
 20
0.0299
 10
-0.0747
 20
0.026
 10
-0.0665
 20
0.0239
 10
-0.0581
 20
0.0241
 10
-0.0509
 20
0.026
 10
-0.0208
 20
0.0089
 10
-0.024
 20
0.0051
 10
-0.0261
 20
0.0006
 10
-0.0867
 20
-0.0038
 97
0
 92
3
 72
0
 73
1
 93
15
 10
-0.0392
 20
0.0776
 10
-0.0266
 20
0.0828
 10
-0.0253
 20
0.0786
 10
-0.0247
 20
0.0701
 10
-0.0232
 20
0.0656
 10
-0.0201
 20
0.0604
 10
-0.0064
 20
0.0132
 10
-0.0112
 20
0.0133
 10
-0.0372
 20
0.0364
 10
-0.0341
 20
0.0414
 10
-0.032
 20
0.0466
 10
-0.0309
 20
0.0521
 10
-0.0308
 20
0.0577
 10
-0.0323
 20
0.0659
 10
-0.0346
 20
0.0711
 97
0
 92
3
 72
0
 73
1
 93
18
 10
0.0385
 20
0.078
 10
0.0483
 20
0.0723
 10
0.053
 20
0.069
 10
0.0612
 20
0.0618
 10
0.055
 20
0.0609
 10
0.0496
 20
0.0589
 10
0.0447
 20
0.0561
 10
0.0402
 20
0.0524
 10
0.035
 20
0.0457
 10
0.0325
 20
0.0405
 10
0.0306
 20
0.0321
 10
0.0309
 20
0.0241
 10
0.0052
 20
0.0066
 10
0.0237
 20
0.0604
 10
0.0272
 20
0.0666
 10
0.0285
 20
0.0712
 10
0.029
 20
0.0755
 10
0.0306
 20
0.08
 97
0
 92
3
 72
0
 73
1
 93
5
 10
-0.0228
 20
-0.0171
 10
-0.0463
 20
-0.0383
 10
-0.0469
 20
-0.032
 10
-0.0484
 20
-0.0271
 10
-0.0246
 20
-0.0152
 97
0
 92
3
 72
0
 73
1
 93
3
 10
0.0321
 20
0.0189
 10
0.0325
 20
0.0177
 10
0.0257
 20
0.0146
 97
0
 92
3
 72
0
 73
1
 93
3
 10
-0.0456
 20
0.0287
 10
-0.0406
 20
0.0327
 10
-0.0193
 20
0.0138
 97
0
 92
3
 72
0
 73
1
 93
4
 10
0.0029
 20
0.0158
 10
0.0037
 20
0.0494
 10
0.0105
 20
0.0507
 10
0.016
 20
0.0533
 97
0
 92
3
 72
0
 73
1
 93
3
 10
0.0346
 20
0.0131
 10
0.0398
 20
0.0062
 10
0.0143
 20
0.0038
 97
0
 92
3
 72
0
 73
1
 93
4
 10
-0.0129
 20
0.0537
 10
-0.0081
 20
0.0512
 10
-0.0013
 20
0.0495
 10
-0.0021
 20
0.0163
 97
0
 92
3
 72
0
 73
1
 93
3
 10
0.0287
 20
-0.0186
 10
0.0393
 20
-0.0245
 10
0.0381
 20
-0.0258
 97
0
 92
3
 72
0
 73
1
 93
5
 10
-0.0037
 20
-0.0549
 10
-0.0105
 20
-0.0563
 10
-0.0176
 20
-0.0599
 10
-0.0048
 20
-0.0221
 10
-0.003
 20
-0.0216
 97
0
 75
1
 76
1
 98
0
  0
HATCH
  5
504
330
4FE
100
AcDbEntity
  8
VEG-RELLENO
 62
63
420
9878646
100
AcDbHatch
 10
0.0
 20
0.0
 30
0.0
210
0.0
220
0.0
230
1.0
  2
SOLID
 70
1
 71
0
 91
2
 92
3
 72
0
 73
1
 93
5
 10
-0.0779
 20
-0.0666
 10
-0.0744
 20
-0.0667
 10
-0.07
 20
-0.0662
 10
-0.0772
 20
-0.0728
 10
-0.0806
 20
-0.069
 97
0
 92
3
 72
0
 73
1
 93
4
 10
-0.0228
 20
-0.0171
 10
-0.0186
 20
-0.02
 10
-0.0475
 20
-0.0461
 10
-0.0463
 20
-0.0383
 97
0
 75
1
 76
1
 98
0
  0
HATCH
  5
505
330
4FE
100
AcDbEntity
  8
VEG-RELLENO
 62
73
420
7902814
100
AcDbHatch
 10
0.0
 20
0.0
 30
0.0
210
0.0
220
0.0
230
1.0
  2
SOLID
 70
1
 71
0
 91
1
 92
3
 72
0
 73
1
 93
8
 10
-0.1001
 20
-0.0888
 10
-0.1
 20
-0.0871
 10
-0.0988
 20
-0.086
 10
-0.0971
 20
-0.0861
 10
-0.0959
 20
-0.0873
 10
-0.096
 20
-0.089
 10
-0.0973
 20
-0.0902
 10
-0.099
 20
-0.0901
 97
0
 75
1
 76
1
 98
0
  0
HATCH
  5
506
330
4FE
100
AcDbEntity
  8
VEG-RELLENO
 62
73
420
7710044
100
AcDbHatch
 10
0.0
 20
0.0
 30
0.0
210
0.0
220
0.0
230
1.0
  2
SOLID
 70
1
 71
0
 91
2
 92
3
 72
0
 73
1
 93
33
 10
-0.0816
 20
-0.1229
 10
-0.0868
 20
-0.1267
 10
-0.0925
 20
-0.1297
 10
-0.0986
 20
-0.1315
 10
-0.1083
 20
-0.1323
 10
-0.1181
 20
-0.1309
 10
-0.1245
 20
-0.1288
 10
-0.1304
 20
-0.1258
 10
-0.1353
 20
-0.1216
 10
-0.139
 20
-0.1162
 10
-0.1414
 20
-0.1101
 10
-0.1428
 20
-0.1035
 10
-0.1431
 20
-0.0936
 10
-0.1413
 20
-0.084
 10
-0.1388
 20
-0.0781
 10
-0.1353
 20
-0.0727
 10
-0.1309
 20
-0.068
 10
-0.123
 20
-0.0626
 10
-0.117
 20
-0.0602
 10
-0.1107
 20
-0.0589
 10
-0.1043
 20
-0.0586
 10
-0.0979
 20
-0.0595
 10
-0.094
 20
-0.0607
 10
-0.0858
 20
-0.0648
 10
-0.0788
 20
-0.0708
 10
-0.075
 20
-0.076
 10
-0.0721
 20
-0.0817
 10
-0.0702
 20
-0.0878
 10
-0.0694
 20
-0.0955
 10
-0.0737
 20
-0.1017
 10
-0.0763
 20
-0.1077
 10
-0.0779
 20
-0.1141
 10
-0.0783
 20
-0.1194
 97
0
 92
2
 72
0
 73
1
 93
8
 10
-0.099
 20
-0.0901
 10
-0.0973
 20
-0.0902
 10
-0.096
 20
-0.089
 10
-0.0959
 20
-0.0873
 10
-0.0971
 20
-0.0861
 10
-0.0988
 20
-0.086
 10
-0.1
 20
-0.0871
 10
-0.1001
 20
-0.0888
 97
0
 75
1
 76
1
 98
0
  0
HATCH
  5
507
330
4FE
100
AcDbEntity
  8
VEG-RELLENO
 62
63
420
9878646
100
AcDbHatch
 10
0.0
 20
0.0
 30
0.0
210
0.0
220
0.0
230
1.0
  2
SOLID
 70
1
 71
0
 91
2
 92
3
 72
0
 73
1
 93
4
 10
0.085
 20
0.0551
 10
0.0828
 20
0.0561
 10
0.08
 20
0.0577
 10
0.0822
 20
0.0592
 97
0
 92
3
 72
0
 73
1
 93
5
 10
0.0257
 20
0.0146
 10
0.006
 20
0.0055
 10
0.0052
 20
0.0066
 10
0.0309
 20
0.0241
 10
0.0321
 20
0.0189
 97
0
 75
1
 76
1
 98
0
  0
HATCH
  5
508
330
4FE
100
AcDbEntity
  8
VEG-RELLENO
 62
73
420
7902814
100
AcDbHatch
 10
0.0
 20
0.0
 30
0.0
210
0.0
220
0.0
230
1.0
  2
SOLID
 70
1
 71
0
 91
1
 92
3
 72
0
 73
1
 93
8
 10
0.1073
 20
0.0723
 10
0.107
 20
0.0706
 10
0.1056
 20
0.0697
 10
0.1039
 20
0.07
 10
0.1029
 20
0.0714
 10
0.1032
 20
0.0731
 10
0.1046
 20
0.074
 10
0.1063
 20
0.0737
 97
0
 75
1
 76
1
 98
0
  0
HATCH
  5
509
330
4FE
100
AcDbEntity
  8
VEG-RELLENO
 62
73
420
7775837
100
AcDbHatch
 10
0.0
 20
0.0
 30
0.0
210
0.0
220
0.0
230
1.0
  2
SOLID
 70
1
 71
0
 91
2
 92
3
 72
0
 73
1
 93
31
 10
0.0858
 20
0.0541
 10
0.0803
 20
0.0628
 10
0.0775
 20
0.0721
 10
0.077
 20
0.0786
 10
0.0776
 20
0.0851
 10
0.0807
 20
0.0943
 10
0.084
 20
0.0999
 10
0.0882
 20
0.1049
 10
0.0933
 20
0.109
 10
0.0989
 20
0.1122
 10
0.1051
 20
0.1144
 10
0.1115
 20
0.1154
 10
0.1213
 20
0.115
 10
0.131
 20
0.1122
 10
0.1372
 20
0.1093
 10
0.1427
 20
0.1054
 10
0.147
 20
0.1005
 10
0.15
 20
0.0947
 10
0.1516
 20
0.0882
 10
0.1521
 20
0.0814
 10
0.1517
 20
0.0746
 10
0.1504
 20
0.0681
 10
0.148
 20
0.062
 10
0.1447
 20
0.0564
 10
0.1412
 20
0.0523
 10
0.137
 20
0.0536
 10
0.1295
 20
0.0549
 10
0.1181
 20
0.0544
 10
0.1073
 20
0.0509
 10
0.0977
 20
0.0448
 10
0.0922
 20
0.0481
 97
0
 92
2
 72
0
 73
1
 93
8
 10
0.1063
 20
0.0737
 10
0.1046
 20
0.074
 10
0.1032
 20
0.0731
 10
0.1029
 20
0.0714
 10
0.1039
 20
0.07
 10
0.1056
 20
0.0697
 10
0.107
 20
0.0706
 10
0.1073
 20
0.0723
 97
0
 75
1
 76
1
 98
0
  0
HATCH
  5
50A
330
4FE
100
AcDbEntity
  8
VEG-RELLENO
 62
63
420
9878646
100
AcDbHatch
 10
0.0
 20
0.0
 30
0.0
210
0.0
220
0.0
230
1.0
  2
SOLID
 70
1
 71
0
 91
1
 92
3
 72
0
 73
1
 93
5
 10
-0.0193
 20
0.0138
 10
-0.0168
 20
0.0116
 10
-0.0208
 20
0.0089
 10
-0.0509
 20
0.026
 10
-0.0456
 20
0.0287
 97
0
 75
1
 76
1
 98
0
  0
HATCH
  5
50B
330
4FE
100
AcDbEntity
  8
VEG-RELLENO
 62
73
420
7902814
100
AcDbHatch
 10
0.0
 20
0.0
 30
0.0
210
0.0
220
0.0
230
1.0
  2
SOLID
 70
1
 71
0
 91
1
 92
3
 72
0
 73
1
 93
8
 10
-0.104
 20
0.0601
 10
-0.1021
 20
0.0606
 10
-0.1004
 20
0.0597
 10
-0.0999
 20
0.0578
 10
-0.1009
 20
0.0561
 10
-0.1028
 20
0.0556
 10
-0.1045
 20
0.0565
 10
-0.105
 20
0.0584
 97
0
 75
1
 76
1
 98
0
  0
HATCH
  5
50C
330
4FE
100
AcDbEntity
  8
VEG-RELLENO
 62
73
420
7841886
100
AcDbHatch
 10
0.0
 20
0.0
 30
0.0
210
0.0
220
0.0
230
1.0
  2
SOLID
 70
1
 71
0
 91
2
 92
3
 72
0
 73
1
 93
36
 10
-0.1433
 20
0.0341
 10
-0.1481
 20
0.0398
 10
-0.1519
 20
0.0462
 10
-0.1545
 20
0.0531
 10
-0.1566
 20
0.0644
 10
-0.1566
 20
0.0721
 10
-0.1554
 20
0.0797
 10
-0.1526
 20
0.0866
 10
-0.1482
 20
0.0925
 10
-0.1423
 20
0.0974
 10
-0.1321
 20
0.1029
 10
-0.1213
 20
0.1061
 10
-0.1139
 20
0.1068
 10
-0.1029
 20
0.1055
 10
-0.0959
 20
0.103
 10
-0.0895
 20
0.0993
 10
-0.0837
 20
0.0946
 10
-0.079
 20
0.089
 10
-0.0768
 20
0.0856
 10
-0.084
 20
0.0821
 10
-0.0883
 20
0.0784
 10
-0.09
 20
0.0762
 10
-0.0935
 20
0.0684
 10
-0.0947
 20
0.0627
 10
-0.095
 20
0.0569
 10
-0.0941
 20
0.0484
 10
-0.0923
 20
0.0431
 10
-0.0896
 20
0.0382
 10
-0.0852
 20
0.0328
 10
-0.092
 20
0.0278
 10
-0.0987
 20
0.0246
 10
-0.1027
 20
0.0234
 10
-0.1092
 20
0.0273
 10
-0.1192
 20
0.0306
 10
-0.1298
 20
0.0312
 10
-0.138
 20
0.0297
 97
0
 92
2
 72
0
 73
1
 93
8
 10
-0.105
 20
0.0584
 10
-0.1045
 20
0.0565
 10
-0.1028
 20
0.0556
 10
-0.1009
 20
0.0561
 10
-0.0999
 20
0.0578
 10
-0.1004
 20
0.0597
 10
-0.1021
 20
0.0606
 10
-0.104
 20
0.0601
 97
0
 75
1
 76
1
 98
0
  0
HATCH
  5
50D
330
4FE
100
AcDbEntity
  8
VEG-RELLENO
 62
63
420
9878646
100
AcDbHatch
 10
0.0
 20
0.0
 30
0.0
210
0.0
220
0.0
230
1.0
  2
SOLID
 70
1
 71
0
 91
1
 92
3
 72
0
 73
1
 93
4
 10
-0.0261
 20
0.0006
 10
-0.0272
 20
-0.0045
 10
-0.0863
 20
-0.0088
 10
-0.0867
 20
-0.0038
 97
0
 75
1
 76
1
 98
0
  0
HATCH
  5
50E
330
4FE
100
AcDbEntity
  8
VEG-RELLENO
 62
63
420
9878646
100
AcDbHatch
 10
0.0
 20
0.0
 30
0.0
210
0.0
220
0.0
230
1.0
  2
SOLID
 70
1
 71
0
 91
2
 92
3
 72
0
 73
1
 93
4
 10
0.029
 20
0.0755
 10
0.029
 20
0.0783
 10
0.0288
 20
0.0806
 10
0.0306
 20
0.08
 97
0
 92
3
 72
0
 73
1
 93
6
 10
0.005
 20
0.0068
 10
0.0027
 20
0.0091
 10
0.0029
 20
0.0158
 10
0.016
 20
0.0533
 10
0.0206
 20
0.0568
 10
0.0237
 20
0.0604
 97
0
 75
1
 76
1
 98
0
  0
HATCH
  5
50F
330
4FE
100
AcDbEntity
  8
VEG-RELLENO
 62
73
420
7902814
100
AcDbHatch
 10
0.0
 20
0.0
 30
0.0
210
0.0
220
0.0
230
1.0
  2
SOLID
 70
1
 71
0
 91
1
 92
3
 72
0
 73
1
 93
8
 10
-0.117
 20
-0.0076
 10
-0.1158
 20
-0.0062
 10
-0.1139
 20
-0.006
 10
-0.1125
 20
-0.0073
 10
-0.1124
 20
-0.0091
 10
-0.1136
 20
-0.0105
 10
-0.1155
 20
-0.0107
 10
-0.1169
 20
-0.0094
 97
0
 75
1
 76
1
 98
0
  0
HATCH
  5
510
330
4FE
100
AcDbEntity
  8
VEG-RELLENO
 62
73
420
7907678
100
AcDbHatch
 10
0.0
 20
0.0
 30
0.0
210
0.0
220
0.0
230
1.0
  2
SOLID
 70
1
 71
0
 91
2
 92
3
 72
0
 73
1
 93
34
 10
-0.1102
 20
-0.0462
 10
-0.1169
 20
-0.0486
 10
-0.1239
 20
-0.0497
 10
-0.1309
 20
-0.0496
 10
-0.1412
 20
-0.0471
 10
-0.1476
 20
-0.0441
 10
-0.1561
 20
-0.0375
 10
-0.1632
 20
-0.0291
 10
-0.1669
 20
-0.0227
 10
-0.1692
 20
-0.0159
 10
-0.1697
 20
-0.0088
 10
-0.1684
 20
-0.0017
 10
-0.1657
 20
0.0051
 10
-0.1599
 20
0.0145
 10
-0.1551
 20
0.0198
 10
-0.1496
 20
0.0243
 10
-0.1434
 20
0.0278
 10
-0.1368
 20
0.0301
 10
-0.1298
 20
0.0312
 10
-0.1227
 20
0.0311
 10
-0.1124
 20
0.0287
 10
-0.1031
 20
0.0236
 10
-0.0977
 20
0.019
 10
-0.0933
 20
0.0135
 10
-0.0898
 20
0.0074
 10
-0.0868
 20
-0.0028
 10
-0.0864
 20
-0.0111
 10
-0.0904
 20
-0.0132
 10
-0.0945
 20
-0.0162
 10
-0.0994
 20
-0.0219
 10
-0.1019
 20
-0.0264
 10
-0.1035
 20
-0.0312
 10
-0.1046
 20
-0.0364
 10
-0.1048
 20
-0.0432
 97
0
 92
2
 72
0
 73
1
 93
8
 10
-0.1169
 20
-0.0094
 10
-0.1155
 20
-0.0107
 10
-0.1136
 20
-0.0105
 10
-0.1124
 20
-0.0091
 10
-0.1125
 20
-0.0073
 10
-0.1139
 20
-0.006
 10
-0.1158
 20
-0.0062
 10
-0.117
 20
-0.0076
 97
0
 75
1
 76
1
 98
0
  0
HATCH
  5
511
330
4FE
100
AcDbEntity
  8
VEG-RELLENO
 62
73
420
7902814
100
AcDbHatch
 10
0.0
 20
0.0
 30
0.0
210
0.0
220
0.0
230
1.0
  2
SOLID
 70
1
 71
0
 91
1
 92
3
 72
0
 73
1
 93
8
 10
0.0394
 20
0.1099
 10
0.0402
 20
0.1082
 10
0.0396
 20
0.1064
 10
0.0379
 20
0.1056
 10
0.0361
 20
0.1062
 10
0.0353
 20
0.1079
 10
0.0359
 20
0.1097
 10
0.0376
 20
0.1106
 97
0
 75
1
 76
1
 98
0
  0
HATCH
  5
512
330
4FE
100
AcDbEntity
  8
VEG-RELLENO
 62
73
420
7907679
100
AcDbHatch
 10
0.0
 20
0.0
 30
0.0
210
0.0
220
0.0
230
1.0
  2
SOLID
 70
1
 71
0
 91
2
 92
3
 72
0
 73
1
 93
35
 10
0.0028
 20
0.1334
 10
0.0058
 20
0.14
 10
0.0098
 20
0.146
 10
0.0148
 20
0.1511
 10
0.0239
 20
0.1572
 10
0.0344
 20
0.1611
 10
0.0418
 20
0.1625
 10
0.0492
 20
0.1627
 10
0.0563
 20
0.1612
 10
0.0628
 20
0.1579
 10
0.0685
 20
0.1532
 10
0.0734
 20
0.1474
 10
0.0791
 20
0.1379
 10
0.0825
 20
0.1275
 10
0.0832
 20
0.1203
 10
0.0827
 20
0.1131
 10
0.0809
 20
0.1062
 10
0.0779
 20
0.0996
 10
0.0739
 20
0.0936
 10
0.066
 20
0.0862
 10
0.0598
 20
0.0825
 10
0.0531
 20
0.08
 10
0.046
 20
0.0786
 10
0.0388
 20
0.0785
 10
0.0288
 20
0.0806
 10
0.0276
 20
0.0853
 10
0.0257
 20
0.0896
 10
0.0231
 20
0.0936
 10
0.0198
 20
0.0972
 10
0.0118
 20
0.1029
 10
0.0072
 20
0.1047
 10
0.0031
 20
0.1054
 10
0.0009
 20
0.114
 10
0.002
 20
0.1207
 10
0.0016
 20
0.1292
 97
0
 92
2
 72
0
 73
1
 93
8
 10
0.0376
 20
0.1106
 10
0.0359
 20
0.1097
 10
0.0353
 20
0.1079
 10
0.0361
 20
0.1062
 10
0.0379
 20
0.1056
 10
0.0396
 20
0.1064
 10
0.0402
 20
0.1082
 10
0.0394
 20
0.1099
 97
0
 75
1
 76
1
 98
0
  0
HATCH
  5
513
330
4FE
100
AcDbEntity
  8
VEG-RELLENO
 62
63
420
9878646
100
AcDbHatch
 10
0.0
 20
0.0
 30
0.0
210
0.0
220
0.0
230
1.0
  2
SOLID
 70
1
 71
0
 91
1
 92
3
 72
0
 73
1
 93
5
 10
0.0089
 20
-0.0017
 10
0.0082
 20
0.001
 10
0.0143
 20
0.0038
 10
0.0398
 20
0.0062
 10
0.0453
 20
0.0016
 97
0
 75
1
 76
1
 98
0
  0
HATCH
  5
514
330
4FE
100
AcDbEntity
  8
VEG-RELLENO
 62
73
420
7902814
100
AcDbHatch
 10
0.0
 20
0.0
 30
0.0
210
0.0
220
0.0
230
1.0
  2
SOLID
 70
1
 71
0
 91
1
 92
3
 72
0
 73
1
 93
8
 10
0.1153
 20
0.0096
 10
0.1141
 20
0.008
 10
0.1121
 20
0.0078
 10
0.1105
 20
0.0091
 10
0.1104
 20
0.0111
 10
0.1116
 20
0.0127
 10
0.1136
 20
0.0128
 10
0.1152
 20
0.0116
 97
0
 75
1
 76
1
 98
0
  0
HATCH
  5
515
330
4FE
100
AcDbEntity
  8
VEG-RELLENO
 62
73
420
7973471
100
AcDbHatch
 10
0.0
 20
0.0
 30
0.0
210
0.0
220
0.0
230
1.0
  2
SOLID
 70
1
 71
0
 91
2
 92
3
 72
0
 73
1
 93
35
 10
0.1007
 20
0.0471
 10
0.1108
 20
0.0524
 10
0.1181
 20
0.0544
 10
0.1257
 20
0.0551
 10
0.1332
 20
0.0544
 10
0.1406
 20
0.0525
 10
0.1507
 20
0.0473
 10
0.1568
 20
0.0425
 10
0.1645
 20
0.0336
 10
0.1686
 20
0.0268
 10
0.1712
 20
0.0195
 10
0.1719
 20
0.0119
 10
0.1707
 20
0.0043
 10
0.1679
 20
-0.0031
 10
0.1619
 20
-0.0133
 10
0.1568
 20
-0.0191
 10
0.151
 20
-0.024
 10
0.1444
 20
-0.0279
 10
0.1379
 20
-0.0303
 10
0.1276
 20
-0.0292
 10
0.1204
 20
-0.03
 10
0.1165
 20
-0.031
 10
0.1076
 20
-0.028
 10
0.101
 20
-0.0242
 10
0.0952
 20
-0.0194
 10
0.0903
 20
-0.0136
 10
0.0865
 20
-0.007
 10
0.0832
 20
0.0029
 10
0.0864
 20
0.0057
 10
0.0901
 20
0.0101
 10
0.0942
 20
0.0177
 10
0.0965
 20
0.0262
 10
0.0971
 20
0.0322
 10
0.0967
 20
0.0381
 10
0.0954
 20
0.0426
 97
0
 92
2
 72
0
 73
1
 93
8
 10
0.1152
 20
0.0116
 10
0.1136
 20
0.0128
 10
0.1116
 20
0.0127
 10
0.1104
 20
0.0111
 10
0.1105
 20
0.0091
 10
0.1121
 20
0.0078
 10
0.1141
 20
0.008
 10
0.1153
 20
0.0096
 97
0
 75
1
 76
1
 98
0
  0
HATCH
  5
516
330
4FE
100
AcDbEntity
  8
VEG-RELLENO
 62
63
420
9878646
100
AcDbHatch
 10
0.0
 20
0.0
 30
0.0
210
0.0
220
0.0
230
1.0
  2
SOLID
 70
1
 71
0
 91
1
 92
3
 72
0
 73
1
 93
4
 10
0.0048
 20
-0.0162
 10
0.0079
 20
-0.011
 10
0.038
 20
-0.0755
 10
0.0335
 20
-0.0776
 97
0
 75
1
 76
1
 98
0
  0
HATCH
  5
517
330
4FE
100
AcDbEntity
  8
VEG-RELLENO
 62
73
420
7902814
100
AcDbHatch
 10
0.0
 20
0.0
 30
0.0
210
0.0
220
0.0
230
1.0
  2
SOLID
 70
1
 71
0
 91
1
 92
3
 72
0
 73
1
 93
8
 10
0.0465
 20
-0.1015
 10
0.045
 20
-0.101
 10
0.0443
 20
-0.0995
 10
0.0448
 20
-0.0979
 10
0.0463
 20
-0.0972
 10
0.0479
 20
-0.0978
 10
0.0486
 20
-0.0993
 10
0.048
 20
-0.1008
 97
0
 75
1
 76
1
 98
0
  0
HATCH
  5
518
330
4FE
100
AcDbEntity
  8
VEG-RELLENO
 62
73
420
8039520
100
AcDbHatch
 10
0.0
 20
0.0
 30
0.0
210
0.0
220
0.0
230
1.0
  2
SOLID
 70
1
 71
0
 91
2
 92
3
 72
0
 73
1
 93
32
 10
0.0691
 20
-0.0778
 10
0.0743
 20
-0.0815
 10
0.0806
 20
-0.0884
 10
0.0838
 20
-0.0939
 10
0.086
 20
-0.0998
 10
0.0871
 20
-0.106
 10
0.0867
 20
-0.1155
 10
0.0851
 20
-0.1216
 10
0.0809
 20
-0.1305
 10
0.0772
 20
-0.1359
 10
0.0726
 20
-0.1405
 10
0.0673
 20
-0.1439
 10
0.0612
 20
-0.1458
 10
0.0547
 20
-0.1463
 10
0.0482
 20
-0.1458
 10
0.0387
 20
-0.1433
 10
0.033
 20
-0.1405
 10
0.0255
 20
-0.1348
 10
0.0197
 20
-0.1273
 10
0.017
 20
-0.1216
 10
0.015
 20
-0.1124
 10
0.0153
 20
-0.1035
 10
0.0203
 20
-0.0982
 10
0.0227
 20
-0.0941
 10
0.0244
 20
-0.0897
 10
0.0254
 20
-0.0836
 10
0.0303
 20
-0.0796
 10
0.0357
 20
-0.0764
 10
0.0416
 20
-0.0743
 10
0.0478
 20
-0.0732
 10
0.0565
 20
-0.0753
 10
0.0638
 20
-0.0754
 97
0
 92
2
 72
0
 73
1
 93
8
 10
0.048
 20
-0.1008
 10
0.0486
 20
-0.0993
 10
0.0479
 20
-0.0978
 10
0.0463
 20
-0.0972
 10
0.0448
 20
-0.0979
 10
0.0443
 20
-0.0995
 10
0.045
 20
-0.101
 10
0.0465
 20
-0.1015
 97
0
 75
1
 76
1
 98
0
  0
HATCH
  5
519
330
4FE
100
AcDbEntity
  8
VEG-RELLENO
 62
63
420
9878646
100
AcDbHatch
 10
0.0
 20
0.0
 30
0.0
210
0.0
220
0.0
230
1.0
  2
SOLID
 70
1
 71
0
 91
2
 92
3
 72
0
 73
1
 93
6
 10
-0.0021
 20
0.0163
 10
-0.0022
 20
0.0121
 10
-0.0064
 20
0.0132
 10
-0.0201
 20
0.0604
 10
-0.0162
 20
0.0561
 10
-0.0129
 20
0.0537
 97
0
 92
3
 72
0
 73
1
 93
4
 10
-0.0276
 20
0.0864
 10
-0.023
 20
0.0877
 10
-0.0243
 20
0.0842
 10
-0.0253
 20
0.0786
 97
0
 75
1
 76
1
 98
0
  0
HATCH
  5
51A
330
4FE
100
AcDbEntity
  8
VEG-RELLENO
 62
73
420
7902814
100
AcDbHatch
 10
0.0
 20
0.0
 30
0.0
210
0.0
220
0.0
230
1.0
  2
SOLID
 70
1
 71
0
 91
1
 92
3
 72
0
 73
1
 93
8
 10
-0.0323
 20
0.1146
 10
-0.0307
 20
0.1138
 10
-0.0303
 20
0.1121
 10
-0.0311
 20
0.1106
 10
-0.0328
 20
0.1101
 10
-0.0343
 20
0.111
 10
-0.0348
 20
0.1126
 10
-0.0339
 20
0.1142
 97
0
 75
1
 76
1
 98
0
  0
HATCH
  5
51B
330
4FE
100
AcDbEntity
  8
VEG-RELLENO
 62
73
420
8105313
100
AcDbHatch
 10
0.0
 20
0.0
 30
0.0
210
0.0
220
0.0
230
1.0
  2
SOLID
 70
1
 71
0
 91
2
 92
3
 72
0
 73
1
 93
33
 10
-0.0284
 20
0.0862
 10
-0.0349
 20
0.0855
 10
-0.0415
 20
0.086
 10
-0.0509
 20
0.0887
 10
-0.0567
 20
0.0919
 10
-0.0618
 20
0.096
 10
-0.0662
 20
0.101
 10
-0.0696
 20
0.1066
 10
-0.0719
 20
0.1128
 10
-0.0732
 20
0.1192
 10
-0.0733
 20
0.1258
 10
-0.0723
 20
0.1323
 10
-0.0688
 20
0.1416
 10
-0.0631
 20
0.15
 10
-0.0583
 20
0.155
 10
-0.0529
 20
0.1591
 10
-0.0468
 20
0.1617
 10
-0.0403
 20
0.1627
 10
-0.0335
 20
0.1622
 10
-0.0268
 20
0.1605
 10
-0.0175
 20
0.1564
 10
-0.0095
 20
0.1505
 10
-0.0052
 20
0.1455
 10
-0.0018
 20
0.1399
 10
0.0006
 20
0.1338
 10
0.0019
 20
0.1273
 10
0.002
 20
0.1207
 10
0.001
 20
0.1142
 10
-0.0026
 20
0.105
 10
-0.0091
 20
0.1022
 10
-0.0152
 20
0.098
 10
-0.0201
 20
0.0927
 10
-0.023
 20
0.0877
 97
0
 92
2
 72
0
 73
1
 93
8
 10
-0.0339
 20
0.1142
 10
-0.0348
 20
0.1126
 10
-0.0343
 20
0.111
 10
-0.0328
 20
0.1101
 10
-0.0311
 20
0.1106
 10
-0.0303
 20
0.1121
 10
-0.0307
 20
0.1138
 10
-0.0323
 20
0.1146
 97
0
 75
1
 76
1
 98
0
  0
HATCH
  5
51C
330
4FE
100
AcDbEntity
  8
VEG-RELLENO
 62
63
420
9878646
100
AcDbHatch
 10
0.0
 20
0.0
 30
0.0
210
0.0
220
0.0
230
1.0
  2
SOLID
 70
1
 71
0
 91
2
 92
3
 72
0
 73
1
 93
5
 10
0.09
 20
-0.0524
 10
0.0902
 20
-0.0498
 10
0.0902
 20
-0.0468
 10
0.0934
 20
-0.0486
 10
0.091
 20
-0.0529
 97
0
 92
3
 72
0
 73
1
 93
5
 10
0.0287
 20
-0.0186
 10
0.0091
 20
-0.0038
 10
0.0089
 20
-0.0021
 10
0.0435
 20
-0.0211
 10
0.0393
 20
-0.0245
 97
0
 75
1
 76
1
 98
0
  0
HATCH
  5
51D
330
4FE
100
AcDbEntity
  8
VEG-RELLENO
 62
73
420
7902814
100
AcDbHatch
 10
0.0
 20
0.0
 30
0.0
210
0.0
220
0.0
230
1.0
  2
SOLID
 70
1
 71
0
 91
1
 92
3
 72
0
 73
1
 93
8
 10
0.1191
 20
-0.0667
 10
0.1173
 20
-0.0672
 10
0.1156
 20
-0.0663
 10
0.1151
 20
-0.0645
 10
0.116
 20
-0.0628
 10
0.1178
 20
-0.0622
 10
0.1195
 20
-0.0632
 10
0.12
 20
-0.065
 97
0
 75
1
 76
1
 98
0
  0
HATCH
  5
51E
330
4FE
100
AcDbEntity
  8
VEG-RELLENO
 62
73
420
8105313
100
AcDbHatch
 10
0.0
 20
0.0
 30
0.0
210
0.0
220
0.0
230
1.0
  2
SOLID
 70
1
 71
0
 91
2
 92
3
 72
0
 73
1
 93
32
 10
0.1627
 20
-0.0978
 10
0.1571
 20
-0.1027
 10
0.1506
 20
-0.1066
 10
0.1401
 20
-0.1107
 10
0.1329
 20
-0.112
 10
0.1221
 20
-0.1118
 10
0.1151
 20
-0.1101
 10
0.1084
 20
-0.1071
 10
0.1024
 20
-0.1031
 10
0.0972
 20
-0.0981
 10
0.0912
 20
-0.0891
 10
0.0886
 20
-0.0823
 10
0.0872
 20
-0.0752
 10
0.0874
 20
-0.0644
 10
0.0891
 20
-0.0573
 10
0.0921
 20
-0.0507
 10
0.0961
 20
-0.0447
 10
0.1011
 20
-0.0395
 10
0.1101
 20
-0.0334
 10
0.1169
 20
-0.0308
 10
0.124
 20
-0.0294
 10
0.1348
 20
-0.0297
 10
0.1419
 20
-0.0314
 10
0.1485
 20
-0.0343
 10
0.1545
 20
-0.0384
 10
0.1597
 20
-0.0434
 10
0.164
 20
-0.0492
 10
0.1673
 20
-0.0558
 10
0.1701
 20
-0.0665
 10
0.1708
 20
-0.0778
 10
0.1697
 20
-0.0852
 10
0.167
 20
-0.092
 97
0
 92
2
 72
0
 73
1
 93
8
 10
0.12
 20
-0.065
 10
0.1195
 20
-0.0632
 10
0.1178
 20
-0.0622
 10
0.116
 20
-0.0628
 10
0.1151
 20
-0.0645
 10
0.1156
 20
-0.0663
 10
0.1173
 20
-0.0672
 10
0.1191
 20
-0.0667
 97
0
 75
1
 76
1
 98
0
  0
HATCH
  5
51F
330
4FE
100
AcDbEntity
  8
VEG-RELLENO
 62
63
420
9878646
100
AcDbHatch
 10
0.0
 20
0.0
 30
0.0
210
0.0
220
0.0
230
1.0
  2
SOLID
 70
1
 71
0
 91
2
 92
3
 72
0
 73
1
 93
4
 10
-0.0283
 20
-0.076
 10
-0.0288
 20
-0.0791
 10
-0.0289
 20
-0.0837
 10
-0.0307
 20
-0.0832
 97
0
 92
3
 72
0
 73
1
 93
5
 10
-0.0102
 20
-0.0225
 10
-0.0048
 20
-0.0221
 10
-0.0176
 20
-0.0599
 10
-0.0222
 20
-0.0641
 10
-0.0265
 20
-0.0709
 97
0
 75
1
 76
1
 98
0
  0
HATCH
  5
520
330
4FE
100
AcDbEntity
  8
VEG-RELLENO
 62
73
420
7902814
100
AcDbHatch
 10
0.0
 20
0.0
 30
0.0
210
0.0
220
0.0
230
1.0
  2
SOLID
 70
1
 71
0
 91
1
 92
3
 72
0
 73
1
 93
8
 10
-0.0383
 20
-0.1108
 10
-0.0391
 20
-0.1092
 10
-0.0385
 20
-0.1076
 10
-0.0369
 20
-0.1068
 10
-0.0353
 20
-0.1073
 10
-0.0345
 20
-0.1089
 10
-0.0351
 20
-0.1105
 10
-0.0366
 20
-0.1113
 97
0
 75
1
 76
1
 98
0
  0
HATCH
  5
521
330
4FE
100
AcDbEntity
  8
VEG-RELLENO
 62
73
420
8237154
100
AcDbHatch
 10
0.0
 20
0.0
 30
0.0
210
0.0
220
0.0
230
1.0
  2
SOLID
 70
1
 71
0
 91
2
 92
3
 72
0
 73
1
 93
34
 10
-0.0027
 20
-0.1156
 10
-0.0026
 20
-0.1222
 10
-0.0045
 20
-0.1319
 10
-0.0072
 20
-0.138
 10
-0.0108
 20
-0.1435
 10
-0.0154
 20
-0.1483
 10
-0.0236
 20
-0.1539
 10
-0.0332
 20
-0.1576
 10
-0.0399
 20
-0.1589
 10
-0.0467
 20
-0.1592
 10
-0.0533
 20
-0.1579
 10
-0.0592
 20
-0.155
 10
-0.0645
 20
-0.1507
 10
-0.0691
 20
-0.1455
 10
-0.0744
 20
-0.1368
 10
-0.0768
 20
-0.1305
 10
-0.0781
 20
-0.124
 10
-0.0779
 20
-0.1141
 10
-0.0763
 20
-0.1077
 10
-0.0737
 20
-0.1017
 10
-0.07
 20
-0.0962
 10
-0.0655
 20
-0.0914
 10
-0.0572
 20
-0.0859
 10
-0.0511
 20
-0.0835
 10
-0.0446
 20
-0.0822
 10
-0.038
 20
-0.082
 10
-0.0289
 20
-0.0837
 10
-0.0275
 20
-0.0909
 10
-0.0256
 20
-0.0952
 10
-0.023
 20
-0.0992
 10
-0.0197
 20
-0.1027
 10
-0.0138
 20
-0.1072
 10
-0.0094
 20
-0.1094
 10
-0.0036
 20
-0.1108
 97
0
 92
2
 72
0
 73
1
 93
8
 10
-0.0366
 20
-0.1113
 10
-0.0351
 20
-0.1105
 10
-0.0345
 20
-0.1089
 10
-0.0353
 20
-0.1073
 10
-0.0369
 20
-0.1068
 10
-0.0385
 20
-0.1076
 10
-0.0391
 20
-0.1092
 10
-0.0383
 20
-0.1108
 97
0
 75
1
 76
1
 98
0
  0
HATCH
  5
522
330
4FE
100
AcDbEntity
  8
VEG-RELLENO
 62
63
420
9878646
100
AcDbHatch
 10
0.0
 20
0.0
 30
0.0
210
0.0
220
0.0
230
1.0
  2
SOLID
 70
1
 71
0
 91
1
 92
3
 72
0
 73
1
 93
4
 10
0.0082
 20
0.001
 10
0.006
 20
0.0055
 10
0.0325
 20
0.0177
 10
0.0346
 20
0.0131
 97
0
 75
1
 76
1
 98
0
  0
HATCH
  5
523
330
4FE
100
AcDbEntity
  8
VEG-RELLENO
 62
73
420
7902814
100
AcDbHatch
 10
0.0
 20
0.0
 30
0.0
210
0.0
220
0.0
230
1.0
  2
SOLID
 70
1
 71
0
 91
1
 92
3
 72
0
 73
1
 93
8
 10
0.0564
 20
0.025
 10
0.0558
 20
0.0236
 10
0.0545
 20
0.023
 10
0.053
 20
0.0235
 10
0.0524
 20
0.0249
 10
0.0529
 20
0.0263
 10
0.0543
 20
0.0269
 10
0.0557
 20
0.0264
 97
0
 75
1
 76
1
 98
0
  0
HATCH
  5
524
330
4FE
100
AcDbEntity
  8
VEG-RELLENO
 62
63
420
8895596
100
AcDbHatch
 10
0.0
 20
0.0
 30
0.0
210
0.0
220
0.0
230
1.0
  2
SOLID
 70
1
 71
0
 91
2
 92
3
 72
0
 73
1
 93
32
 10
0.0967
 20
0.0381
 10
0.0971
 20
0.0322
 10
0.0965
 20
0.0262
 10
0.0942
 20
0.0177
 10
0.0917
 20
0.0125
 10
0.0864
 20
0.0057
 10
0.082
 20
0.002
 10
0.077
 20
-0.0008
 10
0.0717
 20
-0.0027
 10
0.066
 20
-0.0037
 10
0.0603
 20
-0.0036
 10
0.0546
 20
-0.0026
 10
0.0467
 20
0.0007
 10
0.0421
 20
0.004
 10
0.0363
 20
0.0104
 10
0.0335
 20
0.0154
 10
0.0316
 20
0.0208
 10
0.0306
 20
0.0264
 10
0.031
 20
0.035
 10
0.0325
 20
0.0405
 10
0.035
 20
0.0457
 10
0.0383
 20
0.0503
 10
0.0447
 20
0.0561
 10
0.0496
 20
0.0589
 10
0.055
 20
0.0609
 10
0.0607
 20
0.0618
 10
0.0664
 20
0.0618
 10
0.0721
 20
0.0608
 10
0.0802
 20
0.0576
 10
0.0877
 20
0.0526
 10
0.0919
 20
0.0485
 10
0.095
 20
0.0436
 97
0
 92
2
 72
0
 73
1
 93
8
 10
0.0557
 20
0.0264
 10
0.0543
 20
0.0269
 10
0.0529
 20
0.0263
 10
0.0524
 20
0.0249
 10
0.053
 20
0.0235
 10
0.0545
 20
0.023
 10
0.0558
 20
0.0236
 10
0.0564
 20
0.025
 97
0
 75
1
 76
1
 98
0
  0
HATCH
  5
525
330
4FE
100
AcDbEntity
  8
VEG-RELLENO
 62
63
420
9878646
100
AcDbHatch
 10
0.0
 20
0.0
 30
0.0
210
0.0
220
0.0
230
1.0
  2
SOLID
 70
1
 71
0
 91
1
 92
3
 72
0
 73
1
 93
4
 10
-0.0268
 20
-0.0107
 10
-0.0246
 20
-0.0152
 10
-0.0484
 20
-0.0271
 10
-0.0506
 20
-0.0226
 97
0
 75
1
 76
1
 98
0
  0
HATCH
  5
526
330
4FE
100
AcDbEntity
  8
VEG-RELLENO
 62
73
420
7902814
100
AcDbHatch
 10
0.0
 20
0.0
 30
0.0
210
0.0
220
0.0
230
1.0
  2
SOLID
 70
1
 71
0
 91
1
 92
3
 72
0
 73
1
 93
8
 10
-0.0692
 20
-0.034
 10
-0.0688
 20
-0.0328
 10
-0.0676
 20
-0.0322
 10
-0.0664
 20
-0.0326
 10
-0.0658
 20
-0.0338
 10
-0.0662
 20
-0.0351
 10
-0.0674
 20
-0.0356
 10
-0.0686
 20
-0.0352
 97
0
 75
1
 76
1
 98
0
  0
HATCH
  5
527
330
4FE
100
AcDbEntity
  8
VEG-RELLENO
 62
63
420
8961133
100
AcDbHatch
 10
0.0
 20
0.0
 30
0.0
210
0.0
220
0.0
230
1.0
  2
SOLID
 70
1
 71
0
 91
2
 92
3
 72
0
 73
1
 93
32
 10
-0.1043
 20
-0.0468
 10
-0.1049
 20
-0.0416
 10
-0.1046
 20
-0.0364
 10
-0.1028
 20
-0.0288
 10
-0.1007
 20
-0.0241
 10
-0.0963
 20
-0.018
 10
-0.0925
 20
-0.0146
 10
-0.0882
 20
-0.012
 10
-0.0836
 20
-0.0101
 10
-0.0786
 20
-0.0091
 10
-0.0736
 20
-0.0089
 10
-0.0662
 20
-0.0103
 10
-0.0615
 20
-0.0123
 10
-0.0573
 20
-0.0151
 10
-0.052
 20
-0.0205
 10
-0.0494
 20
-0.0248
 10
-0.0475
 20
-0.0295
 10
-0.0465
 20
-0.0344
 10
-0.0464
 20
-0.0395
 10
-0.0471
 20
-0.0445
 10
-0.0498
 20
-0.0515
 10
-0.0525
 20
-0.0558
 10
-0.058
 20
-0.061
 10
-0.0623
 20
-0.0637
 10
-0.0669
 20
-0.0655
 10
-0.0719
 20
-0.0666
 10
-0.0769
 20
-0.0667
 10
-0.0819
 20
-0.066
 10
-0.0892
 20
-0.0634
 10
-0.096
 20
-0.0593
 10
-0.0998
 20
-0.0558
 10
-0.1027
 20
-0.0516
 97
0
 92
2
 72
0
 73
1
 93
8
 10
-0.0686
 20
-0.0352
 10
-0.0674
 20
-0.0356
 10
-0.0662
 20
-0.0351
 10
-0.0658
 20
-0.0338
 10
-0.0664
 20
-0.0326
 10
-0.0676
 20
-0.0322
 10
-0.0688
 20
-0.0328
 10
-0.0692
 20
-0.034
 97
0
 75
1
 76
1
 98
0
  0
HATCH
  5
528
330
4FE
100
AcDbEntity
  8
VEG-RELLENO
 62
63
420
9878646
100
AcDbHatch
 10
0.0
 20
0.0
 30
0.0
210
0.0
220
0.0
230
1.0
  2
SOLID
 70
1
 71
0
 91
1
 92
3
 72
0
 73
1
 93
4
 10
-0.0112
 20
0.0133
 10
-0.0168
 20
0.0116
 10
-0.0406
 20
0.0327
 10
-0.0372
 20
0.0364
 97
0
 75
1
 76
1
 98
0
  0
HATCH
  5
529
330
4FE
100
AcDbEntity
  8
VEG-RELLENO
 62
73
420
7902814
100
AcDbHatch
 10
0.0
 20
0.0
 30
0.0
210
0.0
220
0.0
230
1.0
  2
SOLID
 70
1
 71
0
 91
1
 92
3
 72
0
 73
1
 93
8
 10
-0.0565
 20
0.0512
 10
-0.055
 20
0.0512
 10
-0.0539
 20
0.0503
 10
-0.0538
 20
0.0488
 10
-0.0548
 20
0.0477
 10
-0.0562
 20
0.0476
 10
-0.0574
 20
0.0486
 10
-0.0574
 20
0.0501
 97
0
 75
1
 76
1
 98
0
  0
HATCH
  5
52A
330
4FE
100
AcDbEntity
  8
VEG-RELLENO
 62
63
420
9092720
100
AcDbHatch
 10
0.0
 20
0.0
 30
0.0
210
0.0
220
0.0
230
1.0
  2
SOLID
 70
1
 71
0
 91
2
 92
3
 72
0
 73
1
 93
32
 10
-0.084
 20
0.0821
 10
-0.0789
 20
0.0848
 10
-0.0733
 20
0.0867
 10
-0.0648
 20
0.0879
 10
-0.0591
 20
0.0877
 10
-0.051
 20
0.0857
 10
-0.046
 20
0.0832
 10
-0.0415
 20
0.0798
 10
-0.0376
 20
0.0758
 10
-0.0346
 20
0.0711
 10
-0.0316
 20
0.0633
 10
-0.0308
 20
0.0577
 10
-0.0309
 20
0.0521
 10
-0.033
 20
0.044
 10
-0.0355
 20
0.039
 10
-0.0388
 20
0.0345
 10
-0.0429
 20
0.0307
 10
-0.0501
 20
0.0264
 10
-0.0554
 20
0.0246
 10
-0.0609
 20
0.0238
 10
-0.0665
 20
0.0239
 10
-0.0747
 20
0.026
 10
-0.0797
 20
0.0285
 10
-0.0841
 20
0.0318
 10
-0.088
 20
0.0359
 10
-0.0911
 20
0.0406
 10
-0.0933
 20
0.0457
 10
-0.0946
 20
0.0512
 10
-0.095
 20
0.0597
 10
-0.0935
 20
0.0684
 10
-0.0914
 20
0.0738
 10
-0.0883
 20
0.0784
 97
0
 92
2
 72
0
 73
1
 93
8
 10
-0.0574
 20
0.0501
 10
-0.0574
 20
0.0486
 10
-0.0562
 20
0.0476
 10
-0.0548
 20
0.0477
 10
-0.0538
 20
0.0488
 10
-0.0539
 20
0.0503
 10
-0.055
 20
0.0512
 10
-0.0565
 20
0.0512
 97
0
 75
1
 76
1
 98
0
  0
HATCH
  5
52B
330
4FE
100
AcDbEntity
  8
VEG-RELLENO
 62
63
420
9878646
100
AcDbHatch
 10
0.0
 20
0.0
 30
0.0
210
0.0
220
0.0
230
1.0
  2
SOLID
 70
1
 71
0
 91
1
 92
3
 72
0
 73
1
 93
4
 10
-0.003
 20
-0.0216
 10
0.0021
 20
-0.0189
 10
0.0013
 20
-0.055
 10
-0.0037
 20
-0.0549
 97
0
 75
1
 76
1
 98
0
  0
HATCH
  5
52C
330
4FE
100
AcDbEntity
  8
VEG-RELLENO
 62
63
420
9878646
100
AcDbHatch
 10
0.0
 20
0.0
 30
0.0
210
0.0
220
0.0
230
1.0
  2
SOLID
 70
1
 71
0
 91
1
 92
3
 72
0
 73
1
 93
4
 10
0.0027
 20
0.0091
 10
-0.0022
 20
0.0121
 10
-0.0013
 20
0.0495
 10
0.0037
 20
0.0494
 97
0
 75
1
 76
1
 98
0
  0
HATCH
  5
52D
330
4FE
100
AcDbEntity
  8
VEG-RELLENO
 62
73
420
7902814
100
AcDbHatch
 10
0.0
 20
0.0
 30
0.0
210
0.0
220
0.0
230
1.0
  2
SOLID
 70
1
 71
0
 91
1
 92
3
 72
0
 73
1
 93
8
 10
-0.0022
 20
-0.0754
 10
-0.0031
 20
-0.0745
 10
-0.0031
 20
-0.0732
 10
-0.0022
 20
-0.0724
 10
-0.0009
 20
-0.0724
 10
-0.0
 20
-0.0733
 10
-0.0001
 20
-0.0746
 10
-0.001
 20
-0.0754
 97
0
 75
1
 76
1
 98
0
  0
HATCH
  5
52E
330
4FE
100
AcDbEntity
  8
VEG-RELLENO
 62
63
420
9289587
100
AcDbHatch
 10
0.0
 20
0.0
 30
0.0
210
0.0
220
0.0
230
1.0
  2
SOLID
 70
1
 71
0
 91
2
 92
3
 72
0
 73
1
 93
32
 10
-0.0071
 20
-0.1102
 10
-0.0116
 20
-0.1084
 10
-0.0159
 20
-0.1058
 10
-0.0214
 20
-0.101
 10
-0.0244
 20
-0.0972
 10
-0.0275
 20
-0.0909
 10
-0.0287
 20
-0.0862
 10
-0.029
 20
-0.0815
 10
-0.0285
 20
-0.0768
 10
-0.0271
 20
-0.0722
 10
-0.0237
 20
-0.066
 10
-0.0206
 20
-0.0624
 10
-0.0169
 20
-0.0594
 10
-0.0127
 20
-0.0571
 10
-0.0082
 20
-0.0556
 10
-0.0035
 20
-0.0549
 10
0.0036
 20
-0.0553
 10
0.0103
 20
-0.0576
 10
0.0144
 20
-0.0601
 10
0.0179
 20
-0.0632
 10
0.0209
 20
-0.0669
 10
0.0232
 20
-0.0711
 10
0.0252
 20
-0.0779
 10
0.0255
 20
-0.0827
 10
0.025
 20
-0.0874
 10
0.0237
 20
-0.0919
 10
0.0216
 20
-0.0962
 10
0.0188
 20
-0.1001
 10
0.0134
 20
-0.105
 10
0.007
 20
-0.1088
 10
0.0024
 20
-0.1104
 10
-0.0023
 20
-0.111
 97
0
 92
2
 72
0
 73
1
 93
8
 10
-0.001
 20
-0.0754
 10
-0.0001
 20
-0.0746
 10
-0.0
 20
-0.0733
 10
-0.0009
 20
-0.0724
 10
-0.0022
 20
-0.0724
 10
-0.0031
 20
-0.0732
 10
-0.0031
 20
-0.0745
 10
-0.0022
 20
-0.0754
 97
0
 75
1
 76
1
 98
0
  0
HATCH
  5
52F
330
4FE
100
AcDbEntity
  8
VEG-RELLENO
 62
73
420
7902814
100
AcDbHatch
 10
0.0
 20
0.0
 30
0.0
210
0.0
220
0.0
230
1.0
  2
SOLID
 70
1
 71
0
 91
1
 92
3
 72
0
 73
1
 93
8
 10
0.0023
 20
0.0699
 10
0.0031
 20
0.069
 10
0.0031
 20
0.0677
 10
0.0022
 20
0.0669
 10
0.001
 20
0.0669
 10
0.0001
 20
0.0678
 10
0.0001
 20
0.0691
 10
0.001
 20
0.0699
 97
0
 75
1
 76
1
 98
0
  0
HATCH
  5
530
330
4FE
100
AcDbEntity
  8
VEG-RELLENO
 62
63
420
9289587
100
AcDbHatch
 10
0.0
 20
0.0
 30
0.0
210
0.0
220
0.0
230
1.0
  2
SOLID
 70
1
 71
0
 91
2
 92
3
 72
0
 73
1
 93
32
 10
0.0072
 20
0.1047
 10
0.0118
 20
0.1029
 10
0.016
 20
0.1003
 10
0.0215
 20
0.0954
 10
0.0245
 20
0.0917
 10
0.0276
 20
0.0853
 10
0.0287
 20
0.0807
 10
0.029
 20
0.0759
 10
0.0285
 20
0.0712
 10
0.0272
 20
0.0666
 10
0.0251
 20
0.0624
 10
0.0206
 20
0.0568
 10
0.0169
 20
0.0539
 10
0.0127
 20
0.0516
 10
0.0082
 20
0.0501
 10
0.0012
 20
0.0493
 10
-0.0036
 20
0.0499
 10
-0.0081
 20
0.0512
 10
-0.0143
 20
0.0546
 10
-0.0179
 20
0.0578
 10
-0.0209
 20
0.0615
 10
-0.0232
 20
0.0656
 10
-0.0251
 20
0.0725
 10
-0.0254
 20
0.0772
 10
-0.0249
 20
0.0819
 10
-0.0236
 20
0.0865
 10
-0.0215
 20
0.0907
 10
-0.0186
 20
0.0946
 10
-0.0133
 20
0.0995
 10
-0.0069
 20
0.1033
 10
-0.0023
 20
0.1049
 10
0.0025
 20
0.1054
 97
0
 92
2
 72
0
 73
1
 93
8
 10
0.001
 20
0.0699
 10
0.0001
 20
0.0691
 10
0.0001
 20
0.0678
 10
0.001
 20
0.0669
 10
0.0022
 20
0.0669
 10
0.0031
 20
0.0677
 10
0.0031
 20
0.069
 10
0.0023
 20
0.0699
 97
0
 75
1
 76
1
 98
0
  0
HATCH
  5
531
330
4FE
100
AcDbEntity
  8
VEG-RELLENO
 62
63
420
9878646
100
AcDbHatch
 10
0.0
 20
0.0
 30
0.0
210
0.0
220
0.0
230
1.0
  2
SOLID
 70
1
 71
0
 91
1
 92
3
 72
0
 73
1
 93
4
 10
0.0084
 20
-0.0095
 10
0.0091
 20
-0.0038
 10
0.0381
 20
-0.0258
 10
0.035
 20
-0.0298
 97
0
 75
1
 76
1
 98
0
  0
HATCH
  5
532
330
4FE
100
AcDbEntity
  8
VEG-RELLENO
 62
73
420
7902814
100
AcDbHatch
 10
0.0
 20
0.0
 30
0.0
210
0.0
220
0.0
230
1.0
  2
SOLID
 70
1
 71
0
 91
1
 92
3
 72
0
 73
1
 93
8
 10
0.054
 20
-0.0419
 10
0.0526
 20
-0.0421
 10
0.0515
 20
-0.0412
 10
0.0514
 20
-0.0399
 10
0.0522
 20
-0.0388
 10
0.0535
 20
-0.0386
 10
0.0546
 20
-0.0394
 10
0.0548
 20
-0.0408
 97
0
 75
1
 76
1
 98
0
  0
HATCH
  5
533
330
4FE
100
AcDbEntity
  8
VEG-RELLENO
 62
63
420
9420917
100
AcDbHatch
 10
0.0
 20
0.0
 30
0.0
210
0.0
220
0.0
230
1.0
  2
SOLID
 70
1
 71
0
 91
2
 92
3
 72
0
 73
1
 93
32
 10
0.0817
 20
-0.0686
 10
0.0772
 20
-0.0714
 10
0.0721
 20
-0.0735
 10
0.0643
 20
-0.0753
 10
0.0591
 20
-0.0755
 10
0.0514
 20
-0.0742
 10
0.0466
 20
-0.0723
 10
0.0422
 20
-0.0695
 10
0.0383
 20
-0.066
 10
0.0351
 20
-0.0619
 10
0.0327
 20
-0.0573
 10
0.0307
 20
-0.0498
 10
0.0304
 20
-0.0446
 10
0.0311
 20
-0.0394
 10
0.0337
 20
-0.0321
 10
0.0365
 20
-0.0277
 10
0.04
 20
-0.0239
 10
0.0441
 20
-0.0207
 10
0.0487
 20
-0.0183
 10
0.0536
 20
-0.0167
 10
0.0614
 20
-0.0159
 10
0.069
 20
-0.0173
 10
0.0739
 20
-0.0192
 10
0.0783
 20
-0.022
 10
0.0821
 20
-0.0255
 10
0.0853
 20
-0.0296
 10
0.0877
 20
-0.0342
 10
0.0893
 20
-0.0392
 10
0.0902
 20
-0.0471
 10
0.0895
 20
-0.0552
 10
0.088
 20
-0.0603
 10
0.0854
 20
-0.0649
 97
0
 92
2
 72
0
 73
1
 93
8
 10
0.0548
 20
-0.0408
 10
0.0546
 20
-0.0394
 10
0.0535
 20
-0.0386
 10
0.0522
 20
-0.0388
 10
0.0514
 20
-0.0399
 10
0.0515
 20
-0.0412
 10
0.0526
 20
-0.0421
 10
0.054
 20
-0.0419
 97
0
 75
1
 76
1
 98
0
  0
HATCH
  5
534
330
4FE
100
AcDbEntity
  8
VEG-RELLENO
 62
253
420
10012032
100
AcDbHatch
 10
0.0
 20
0.0
 30
0.0
210
0.0
220
0.0
230
1.0
  2
SOLID
 70
1
 71
0
 91
2
 92
3
 72
0
 73
1
 93
24
 10
-0.0265
 20
-0.0119
 10
-0.0273
 20
-0.0055
 10
-0.0255
 20
0.0023
 10
-0.0231
 20
0.0064
 10
-0.021
 20
0.0087
 10
-0.0157
 20
0.012
 10
-0.0096
 20
0.0134
 10
-0.0065
 20
0.0132
 10
-0.002
 20
0.012
 10
0.0008
 20
0.0106
 10
0.0044
 20
0.0075
 10
0.0078
 20
0.0023
 10
0.0091
 20
-0.0039
 10
0.009
 20
-0.007
 10
0.0077
 20
-0.0115
 10
0.0054
 20
-0.0156
 10
0.0033
 20
-0.0179
 10
-0.002
 20
-0.0212
 10
-0.0081
 20
-0.0226
 10
-0.0113
 20
-0.0224
 10
-0.0159
 20
-0.0213
 10
-0.0203
 20
-0.0191
 10
-0.0229
 20
-0.0171
 10
-0.025
 20
-0.0147
 97
0
 92
2
 72
0
 73
1
 93
4
 10
-0.0048
 20
-0.0029
 10
-0.0033
 20
-0.0028
 10
-0.0034
 20
-0.0013
 10
-0.0049
 20
-0.0014
 97
0
 75
1
 76
1
 98
0
  0
LWPOLYLINE
  5
535
330
4FE
100
AcDbEntity
  8
VEG-MACETA
100
AcDbPolyline
 90
3
 70
0
 10
-0.0609
 20
-0.0879
 10
-0.0706
 20
-0.0804
 10
-0.0746
 20
-0.0767
  0
LWPOLYLINE
  5
536
330
4FE
100
AcDbEntity
  8
VEG-MACETA
100
AcDbPolyline
 90
2
 70
0
 10
-0.061
 20
0.0879
 10
-0.0557
 20
0.0913
  0
LWPOLYLINE
  5
537
330
4FE
100
AcDbEntity
  8
VEG-MACETA
100
AcDbPolyline
 90
2
 70
0
 10
-0.0017
 20
0.1069
 10
0.0026
 20
0.1069
  0
LWPOLYLINE
  5
538
330
4FE
100
AcDbEntity
  8
VEG-MACETA
100
AcDbPolyline
 90
2
 70
0
 10
0.015
 20
-0.1059
 10
0.0115
 20
-0.1063
  0
LWPOLYLINE
  5
539
330
4FE
100
AcDbEntity
  8
VEG-MACETA
100
AcDbPolyline
 90
3
 70
0
 10
0.0646
 20
0.0853
 10
0.0706
 20
0.0804
 10
0.0773
 20
0.074
  0
LWPOLYLINE
  5
53A
330
4FE
100
AcDbEntity
  8
VEG-MACETA
100
AcDbPolyline
 90
2
 70
0
 10
0.083
 20
-0.0674
 10
0.0716
 20
-0.0794
  0
LWPOLYLINE
  5
53B
330
4FE
100
AcDbEntity
  8
VEG-MACETA
100
AcDbPolyline
 90
2
 70
0
 10
0.0882
 20
-0.0605
 10
0.0872
 20
-0.0619
  0
LWPOLYLINE
  5
53C
330
4FE
100
AcDbEntity
  8
VEG-MACETA
100
AcDbPolyline
 90
3
 70
0
 10
0.1038
 20
-0.026
 10
0.1013
 20
-0.0344
 10
0.0983
 20
-0.0422
  0
LWPOLYLINE
  5
53D
330
4FE
100
AcDbEntity
  8
VEG-MACETA
100
AcDbPolyline
 90
2
 70
0
 10
-0.0939
 20
0.0143
 10
-0.0905
 20
0.0288
  0
LWPOLYLINE
  5
53E
330
4FE
100
AcDbEntity
  8
VEG-MACETA
100
AcDbPolyline
 90
3
 70
0
 10
-0.047
 20
-0.0825
 10
-0.0578
 20
-0.0754
 10
-0.0684
 20
-0.0659
  0
LWPOLYLINE
  5
53F
330
4FE
100
AcDbEntity
  8
VEG-MACETA
100
AcDbPolyline
 90
2
 70
0
 10
-0.0459
 20
0.0831
 10
-0.0406
 20
0.0859
  0
LWPOLYLINE
  5
540
330
4FE
100
AcDbEntity
  8
VEG-MACETA
100
AcDbPolyline
 90
3
 70
0
 10
0.0517
 20
0.0797
 10
0.0626
 20
0.0714
 10
0.0733
 20
0.0604
  0
LWPOLYLINE
  5
541
330
4FE
100
AcDbEntity
  8
VEG-MACETA
100
AcDbPolyline
 90
3
 70
0
 10
0.0934
 20
-0.0174
 10
0.0918
 20
-0.0246
 10
0.0881
 20
-0.0354
  0
LWPOLYLINE
  5
542
330
4FE
100
AcDbEntity
  8
VEG-MACETA
100
AcDbPolyline
 90
4
 70
0
 10
-0.0869
 20
-0.0021
 10
-0.0863
 20
0.0114
 10
-0.084
 20
0.0225
 10
-0.0817
 20
0.0299
  0
LWPOLYLINE
  5
543
330
4FE
100
AcDbEntity
  8
VEG-MACETA
100
AcDbPolyline
 90
4
 70
0
 10
-0.0301
 20
-0.0816
 10
-0.0385
 20
-0.078
 10
-0.0483
 20
-0.0723
 10
-0.0604
 20
-0.0626
  0
LWPOLYLINE
  5
544
330
4FE
100
AcDbEntity
  8
VEG-MACETA
100
AcDbPolyline
 90
2
 70
0
 10
-0.0392
 20
0.0776
 10
-0.0266
 20
0.0828
  0
LWPOLYLINE
  5
545
330
4FE
100
AcDbEntity
  8
VEG-MACETA
100
AcDbPolyline
 90
4
 70
0
 10
0.0368
 20
0.0788
 10
0.0483
 20
0.0723
 10
0.053
 20
0.069
 10
0.0612
 20
0.0618
  0
LWPOLYLINE
  5
546
330
4FE
100
AcDbEntity
  8
VEG-MACETA
100
AcDbPolyline
 90
3
 70
0
 10
0.0866
 20
-0.0074
 10
0.0853
 20
-0.017
 10
0.0829
 20
-0.0264
  0
LWPOLYLINE
  5
547
330
4FE
100
AcDbEntity
  8
VEG-HOJAS
100
AcDbPolyline
 90
2
 70
0
 10
-0.0806
 20
-0.069
 10
-0.0779
 20
-0.0666
  0
LWPOLYLINE
  5
548
330
4FE
100
AcDbEntity
  8
VEG-HOJAS
100
AcDbPolyline
 90
2
 70
0
 10
-0.07
 20
-0.0662
 10
-0.0772
 20
-0.0728
  0
LWPOLYLINE
  5
549
330
4FE
100
AcDbEntity
  8
VEG-HOJAS
100
AcDbPolyline
 90
2
 70
0
 10
-0.0186
 20
-0.02
 10
-0.0475
 20
-0.0461
  0
LWPOLYLINE
  5
54A
330
4FE
100
AcDbEntity
  8
VEG-HOJAS
100
AcDbPolyline
 90
2
 70
0
 10
-0.0463
 20
-0.0383
 10
-0.0228
 20
-0.0171
  0
LWPOLYLINE
  5
54B
330
4FE
100
AcDbEntity
  8
VEG-NERVIOS
100
AcDbPolyline
 90
2
 70
0
 10
-0.098
 20
-0.0881
 10
-0.1355
 20
-0.0842
  0
LWPOLYLINE
  5
54C
330
4FE
100
AcDbEntity
  8
VEG-NERVIOS
100
AcDbPolyline
 90
2
 70
0
 10
-0.098
 20
-0.0881
 10
-0.1296
 20
-0.1164
  0
LWPOLYLINE
  5
54D
330
4FE
100
AcDbEntity
  8
VEG-NERVIOS
100
AcDbPolyline
 90
2
 70
0
 10
-0.098
 20
-0.0881
 10
-0.1095
 20
-0.0643
  0
LWPOLYLINE
  5
54E
330
4FE
100
AcDbEntity
  8
VEG-NERVIOS
100
AcDbPolyline
 90
2
 70
0
 10
-0.098
 20
-0.0881
 10
-0.0982
 20
-0.1257
  0
LWPOLYLINE
  5
54F
330
4FE
100
AcDbEntity
  8
VEG-NERVIOS
100
AcDbPolyline
 90
2
 70
0
 10
-0.098
 20
-0.0881
 10
-0.0756
 20
-0.102
  0
LWPOLYLINE
  5
550
330
4FE
100
AcDbEntity
  8
VEG-HOJAS
100
AcDbPolyline
 90
23
 70
0
 10
-0.094
 20
-0.0607
 10
-0.0979
 20
-0.0595
 10
-0.1043
 20
-0.0586
 10
-0.1139
 20
-0.0594
 10
-0.12
 20
-0.0613
 10
-0.1258
 20
-0.0642
 10
-0.1332
 20
-0.0703
 10
-0.1388
 20
-0.0781
 10
-0.1422
 20
-0.0871
 10
-0.1432
 20
-0.0968
 10
-0.1428
 20
-0.1035
 10
-0.1414
 20
-0.1101
 10
-0.139
 20
-0.1162
 10
-0.1373
 20
-0.119
 10
-0.133
 20
-0.1238
 10
-0.1304
 20
-0.1258
 10
-0.1245
 20
-0.1288
 10
-0.1149
 20
-0.1316
 10
-0.105
 20
-0.1323
 10
-0.0955
 20
-0.1307
 10
-0.0868
 20
-0.1267
 10
-0.0816
 20
-0.1229
 10
-0.0783
 20
-0.1194
  0
LWPOLYLINE
  5
551
330
4FE
100
AcDbEntity
  8
VEG-HOJAS
100
AcDbPolyline
 90
5
 70
0
 10
-0.0694
 20
-0.0955
 10
-0.0702
 20
-0.0878
 10
-0.0734
 20
-0.0788
 10
-0.0788
 20
-0.0708
 10
-0.0858
 20
-0.0648
  0
LWPOLYLINE
  5
552
330
4FE
100
AcDbEntity
  8
VEG-HOJAS
100
AcDbPolyline
 90
2
 70
0
 10
0.0052
 20
0.0066
 10
0.0309
 20
0.0241
  0
LWPOLYLINE
  5
553
330
4FE
100
AcDbEntity
  8
VEG-HOJAS
100
AcDbPolyline
 90
2
 70
0
 10
0.0321
 20
0.0189
 10
0.0257
 20
0.0146
  0
LWPOLYLINE
  5
554
330
4FE
100
AcDbEntity
  8
VEG-HOJAS
100
AcDbPolyline
 90
2
 70
0
 10
0.08
 20
0.0577
 10
0.0822
 20
0.0592
  0
LWPOLYLINE
  5
555
330
4FE
100
AcDbEntity
  8
VEG-NERVIOS
100
AcDbPolyline
 90
2
 70
0
 10
0.1051
 20
0.0719
 10
0.0844
 20
0.0888
  0
LWPOLYLINE
  5
556
330
4FE
100
AcDbEntity
  8
VEG-NERVIOS
100
AcDbPolyline
 90
2
 70
0
 10
0.1051
 20
0.0719
 10
0.1406
 20
0.0961
  0
LWPOLYLINE
  5
557
330
4FE
100
AcDbEntity
  8
VEG-NERVIOS
100
AcDbPolyline
 90
2
 70
0
 10
0.1051
 20
0.0719
 10
0.1103
 20
0.1097
  0
LWPOLYLINE
  5
558
330
4FE
100
AcDbEntity
  8
VEG-NERVIOS
100
AcDbPolyline
 90
2
 70
0
 10
0.1051
 20
0.0719
 10
0.1114
 20
0.0526
  0
LWPOLYLINE
  5
559
330
4FE
100
AcDbEntity
  8
VEG-NERVIOS
100
AcDbPolyline
 90
2
 70
0
 10
0.1051
 20
0.0719
 10
0.1422
 20
0.0629
  0
LWPOLYLINE
  5
55A
330
4FE
100
AcDbEntity
  8
VEG-HOJAS
100
AcDbPolyline
 90
24
 70
0
 10
0.1412
 20
0.0523
 10
0.1447
 20
0.0564
 10
0.148
 20
0.062
 10
0.1511
 20
0.0713
 10
0.152
 20
0.078
 10
0.152
 20
0.0848
 10
0.15
 20
0.0947
 10
0.147
 20
0.1005
 10
0.145
 20
0.1031
 10
0.1427
 20
0.1054
 10
0.1372
 20
0.1093
 10
0.131
 20
0.1122
 10
0.1246
 20
0.1143
 10
0.1148
 20
0.1155
 10
0.1083
 20
0.115
 10
0.102
 20
0.1134
 10
0.0933
 20
0.109
 10
0.086
 20
0.1025
 10
0.0807
 20
0.0943
 10
0.0784
 20
0.0882
 10
0.0772
 20
0.0818
 10
0.0775
 20
0.0721
 10
0.0803
 20
0.0628
 10
0.0858
 20
0.0541
  0
LWPOLYLINE
  5
55B
330
4FE
100
AcDbEntity
  8
VEG-HOJAS
100
AcDbPolyline
 90
2
 70
0
 10
0.0922
 20
0.0481
 10
0.0977
 20
0.0448
  0
LWPOLYLINE
  5
55C
330
4FE
100
AcDbEntity
  8
VEG-HOJAS
100
AcDbPolyline
 90
2
 70
0
 10
-0.0208
 20
0.0089
 10
-0.0509
 20
0.026
  0
LWPOLYLINE
  5
55D
330
4FE
100
AcDbEntity
  8
VEG-HOJAS
100
AcDbPolyline
 90
2
 70
0
 10
-0.0456
 20
0.0287
 10
-0.0193
 20
0.0138
  0
LWPOLYLINE
  5
55E
330
4FE
100
AcDbEntity
  8
VEG-NERVIOS
100
AcDbPolyline
 90
2
 70
0
 10
-0.1024
 20
0.0581
 10
-0.1449
 20
0.0822
  0
LWPOLYLINE
  5
55F
330
4FE
100
AcDbEntity
  8
VEG-NERVIOS
100
AcDbPolyline
 90
2
 70
0
 10
-0.1024
 20
0.0581
 10
-0.1436
 20
0.0445
  0
LWPOLYLINE
  5
560
330
4FE
100
AcDbEntity
  8
VEG-NERVIOS
100
AcDbPolyline
 90
2
 70
0
 10
-0.1024
 20
0.0581
 10
-0.1119
 20
0.1004
  0
LWPOLYLINE
  5
561
330
4FE
100
AcDbEntity
  8
VEG-NERVIOS
100
AcDbPolyline
 90
2
 70
0
 10
-0.1024
 20
0.0581
 10
-0.1094
 20
0.0285
  0
LWPOLYLINE
  5
562
330
4FE
100
AcDbEntity
  8
VEG-NERVIOS
100
AcDbPolyline
 90
2
 70
0
 10
-0.1024
 20
0.0581
 10
-0.094
 20
0.0663
  0
LWPOLYLINE
  5
563
330
4FE
100
AcDbEntity
  8
VEG-HOJAS
100
AcDbPolyline
 90
18
 70
0
 10
-0.0768
 20
0.0856
 10
-0.0812
 20
0.0919
 10
-0.0895
 20
0.0993
 10
-0.0959
 20
0.103
 10
-0.1065
 20
0.1062
 10
-0.1139
 20
0.1068
 10
-0.1249
 20
0.1053
 10
-0.1356
 20
0.1013
 10
-0.1454
 20
0.0951
 10
-0.1506
 20
0.0897
 10
-0.1526
 20
0.0866
 10
-0.1554
 20
0.0797
 10
-0.1566
 20
0.0721
 10
-0.1561
 20
0.0606
 10
-0.1533
 20
0.0496
 10
-0.1501
 20
0.0429
 10
-0.1458
 20
0.0369
 10
-0.138
 20
0.0297
  0
LWPOLYLINE
  5
564
330
4FE
100
AcDbEntity
  8
VEG-HOJAS
100
AcDbPolyline
 90
4
 70
0
 10
-0.1027
 20
0.0234
 10
-0.0987
 20
0.0246
 10
-0.092
 20
0.0278
 10
-0.0852
 20
0.0328
  0
LWPOLYLINE
  5
565
330
4FE
100
AcDbEntity
  8
VEG-HOJAS
100
AcDbPolyline
 90
2
 70
0
 10
-0.0867
 20
-0.0038
 10
-0.0261
 20
0.0006
  0
LWPOLYLINE
  5
566
330
4FE
100
AcDbEntity
  8
VEG-HOJAS
100
AcDbPolyline
 90
2
 70
0
 10
-0.0272
 20
-0.0045
 10
-0.0863
 20
-0.0088
  0
LWPOLYLINE
  5
567
330
4FE
100
AcDbEntity
  8
VEG-HOJAS
100
AcDbPolyline
 90
2
 70
0
 10
0.0029
 20
0.0158
 10
0.016
 20
0.0533
  0
LWPOLYLINE
  5
568
330
4FE
100
AcDbEntity
  8
VEG-HOJAS
100
AcDbPolyline
 90
2
 70
0
 10
0.0237
 20
0.0604
 10
0.005
 20
0.0068
  0
LWPOLYLINE
  5
569
330
4FE
100
AcDbEntity
  8
VEG-HOJAS
100
AcDbPolyline
 90
2
 70
0
 10
0.0306
 20
0.08
 10
0.029
 20
0.0755
  0
LWPOLYLINE
  5
56A
330
4FE
100
AcDbEntity
  8
VEG-NERVIOS
100
AcDbPolyline
 90
2
 70
0
 10
-0.1147
 20
-0.0084
 10
-0.1612
 20
-0.0117
  0
LWPOLYLINE
  5
56B
330
4FE
100
AcDbEntity
  8
VEG-NERVIOS
100
AcDbPolyline
 90
2
 70
0
 10
-0.1147
 20
-0.0084
 10
-0.1447
 20
0.0203
  0
LWPOLYLINE
  5
56C
330
4FE
100
AcDbEntity
  8
VEG-NERVIOS
100
AcDbPolyline
 90
2
 70
0
 10
-0.1147
 20
-0.0084
 10
-0.1402
 20
-0.041
  0
LWPOLYLINE
  5
56D
330
4FE
100
AcDbEntity
  8
VEG-NERVIOS
100
AcDbPolyline
 90
2
 70
0
 10
-0.1147
 20
-0.0084
 10
-0.1086
 20
0.02
  0
LWPOLYLINE
  5
56E
330
4FE
100
AcDbEntity
  8
VEG-NERVIOS
100
AcDbPolyline
 90
2
 70
0
 10
-0.1147
 20
-0.0084
 10
-0.1046
 20
-0.0356
  0
LWPOLYLINE
  5
56F
330
4FE
100
AcDbEntity
  8
VEG-HOJAS
100
AcDbPolyline
 90
32
 70
0
 10
-0.0864
 20
-0.0111
 10
-0.0864
 20
-0.0063
 10
-0.0875
 20
0.0007
 10
-0.0898
 20
0.0074
 10
-0.0933
 20
0.0135
 10
-0.0977
 20
0.019
 10
-0.1031
 20
0.0236
 10
-0.1092
 20
0.0273
 10
-0.1158
 20
0.0298
 10
-0.1227
 20
0.0311
 10
-0.1298
 20
0.0312
 10
-0.1368
 20
0.0301
 10
-0.1434
 20
0.0278
 10
-0.1496
 20
0.0243
 10
-0.1551
 20
0.0198
 10
-0.1599
 20
0.0145
 10
-0.164
 20
0.0084
 10
-0.1672
 20
0.0017
 10
-0.1693
 20
-0.0053
 10
-0.1697
 20
-0.0124
 10
-0.1692
 20
-0.0159
 10
-0.1669
 20
-0.0227
 10
-0.1632
 20
-0.0291
 10
-0.1587
 20
-0.0349
 10
-0.1534
 20
-0.0399
 10
-0.1476
 20
-0.0441
 10
-0.1412
 20
-0.0471
 10
-0.1309
 20
-0.0496
 10
-0.1239
 20
-0.0497
 10
-0.1169
 20
-0.0486
 10
-0.1102
 20
-0.0462
 10
-0.1048
 20
-0.0432
  0
LWPOLYLINE
  5
570
330
4FE
100
AcDbEntity
  8
VEG-NERVIOS
100
AcDbPolyline
 90
2
 70
0
 10
0.0378
 20
0.1081
 10
0.0082
 20
0.1096
  0
LWPOLYLINE
  5
571
330
4FE
100
AcDbEntity
  8
VEG-NERVIOS
100
AcDbPolyline
 90
2
 70
0
 10
0.0378
 20
0.1081
 10
0.0175
 20
0.1452
  0
LWPOLYLINE
  5
572
330
4FE
100
AcDbEntity
  8
VEG-NERVIOS
100
AcDbPolyline
 90
2
 70
0
 10
0.0378
 20
0.1081
 10
0.0767
 20
0.1245
  0
LWPOLYLINE
  5
573
330
4FE
100
AcDbEntity
  8
VEG-NERVIOS
100
AcDbPolyline
 90
2
 70
0
 10
0.0378
 20
0.1081
 10
0.0534
 20
0.153
  0
LWPOLYLINE
  5
574
330
4FE
100
AcDbEntity
  8
VEG-NERVIOS
100
AcDbPolyline
 90
2
 70
0
 10
0.0378
 20
0.1081
 10
0.0619
 20
0.0909
  0
LWPOLYLINE
  5
575
330
4FE
100
AcDbEntity
  8
VEG-HOJAS
100
AcDbPolyline
 90
2
 70
0
 10
0.0009
 20
0.114
 10
0.0031
 20
0.1054
  0
LWPOLYLINE
  5
576
330
4FE
100
AcDbEntity
  8
VEG-HOJAS
100
AcDbPolyline
 90
27
 70
0
 10
0.0288
 20
0.0806
 10
0.0352
 20
0.079
 10
0.0424
 20
0.0784
 10
0.0531
 20
0.08
 10
0.063
 20
0.0842
 10
0.0688
 20
0.0885
 10
0.0739
 20
0.0936
 10
0.0779
 20
0.0996
 10
0.0809
 20
0.1062
 10
0.0831
 20
0.1167
 10
0.0825
 20
0.1275
 10
0.0805
 20
0.1345
 10
0.0775
 20
0.1412
 10
0.0734
 20
0.1474
 10
0.0685
 20
0.1532
 10
0.0628
 20
0.1579
 10
0.0596
 20
0.1598
 10
0.0563
 20
0.1612
 10
0.0492
 20
0.1627
 10
0.038
 20
0.1619
 10
0.0308
 20
0.16
 10
0.0239
 20
0.1572
 10
0.0148
 20
0.1511
 10
0.0098
 20
0.146
 10
0.0058
 20
0.14
 10
0.0028
 20
0.1334
 10
0.0016
 20
0.1292
  0
LWPOLYLINE
  5
577
330
4FE
100
AcDbEntity
  8
VEG-HOJAS
100
AcDbPolyline
 90
2
 70
0
 10
0.0453
 20
0.0016
 10
0.0089
 20
-0.0017
  0
LWPOLYLINE
  5
578
330
4FE
100
AcDbEntity
  8
VEG-HOJAS
100
AcDbPolyline
 90
2
 70
0
 10
0.0143
 20
0.0038
 10
0.0398
 20
0.0062
  0
LWPOLYLINE
  5
579
330
4FE
100
AcDbEntity
  8
VEG-NERVIOS
100
AcDbPolyline
 90
2
 70
0
 10
0.1128
 20
0.0103
 10
0.1014
 20
0.0393
  0
LWPOLYLINE
  5
57A
330
4FE
100
AcDbEntity
  8
VEG-NERVIOS
100
AcDbPolyline
 90
2
 70
0
 10
0.1128
 20
0.0103
 10
0.1069
 20
-0.0203
  0
LWPOLYLINE
  5
57B
330
4FE
100
AcDbEntity
  8
VEG-NERVIOS
100
AcDbPolyline
 90
2
 70
0
 10
0.1128
 20
0.0103
 10
0.1627
 20
0.0149
  0
LWPOLYLINE
  5
57C
330
4FE
100
AcDbEntity
  8
VEG-NERVIOS
100
AcDbPolyline
 90
2
 70
0
 10
0.1128
 20
0.0103
 10
0.1396
 20
0.0459
  0
LWPOLYLINE
  5
57D
330
4FE
100
AcDbEntity
  8
VEG-NERVIOS
100
AcDbPolyline
 90
2
 70
0
 10
0.1128
 20
0.0103
 10
0.1456
 20
-0.0198
  0
LWPOLYLINE
  5
57E
330
4FE
100
AcDbEntity
  8
VEG-HOJAS
100
AcDbPolyline
 90
7
 70
0
 10
0.0832
 20
0.0029
 10
0.085
 20
-0.0035
 10
0.0882
 20
-0.0104
 10
0.0952
 20
-0.0194
 10
0.1042
 20
-0.0263
 10
0.1111
 20
-0.0294
 10
0.1165
 20
-0.031
  0
LWPOLYLINE
  5
57F
330
4FE
100
AcDbEntity
  8
VEG-HOJAS
100
AcDbPolyline
 90
18
 70
0
 10
0.1379
 20
-0.0303
 10
0.1478
 20
-0.0261
 10
0.154
 20
-0.0217
 10
0.1619
 20
-0.0133
 10
0.1679
 20
-0.0031
 10
0.1707
 20
0.0043
 10
0.1715
 20
0.0081
 10
0.1718
 20
0.0157
 10
0.1701
 20
0.0232
 10
0.1667
 20
0.0302
 10
0.1595
 20
0.0397
 10
0.1507
 20
0.0473
 10
0.1406
 20
0.0525
 10
0.1332
 20
0.0544
 10
0.1219
 20
0.0549
 10
0.1144
 20
0.0535
 10
0.1039
 20
0.0491
 10
0.0954
 20
0.0426
  0
LWPOLYLINE
  5
580
330
4FE
100
AcDbEntity
  8
VEG-HOJAS
100
AcDbPolyline
 90
2
 70
0
 10
0.0335
 20
-0.0776
 10
0.0048
 20
-0.0162
  0
LWPOLYLINE
  5
581
330
4FE
100
AcDbEntity
  8
VEG-HOJAS
100
AcDbPolyline
 90
2
 70
0
 10
0.0079
 20
-0.011
 10
0.038
 20
-0.0755
  0
LWPOLYLINE
  5
582
330
4FE
100
AcDbEntity
  8
VEG-NERVIOS
100
AcDbPolyline
 90
2
 70
0
 10
0.0464
 20
-0.0994
 10
0.0208
 20
-0.1033
  0
LWPOLYLINE
  5
583
330
4FE
100
AcDbEntity
  8
VEG-NERVIOS
100
AcDbPolyline
 90
2
 70
0
 10
0.0464
 20
-0.0994
 10
0.0321
 20
-0.1334
  0
LWPOLYLINE
  5
584
330
4FE
100
AcDbEntity
  8
VEG-NERVIOS
100
AcDbPolyline
 90
2
 70
0
 10
0.0464
 20
-0.0994
 10
0.0659
 20
-0.0823
  0
LWPOLYLINE
  5
585
330
4FE
100
AcDbEntity
  8
VEG-NERVIOS
100
AcDbPolyline
 90
2
 70
0
 10
0.0464
 20
-0.0994
 10
0.0641
 20
-0.137
  0
LWPOLYLINE
  5
586
330
4FE
100
AcDbEntity
  8
VEG-NERVIOS
100
AcDbPolyline
 90
2
 70
0
 10
0.0464
 20
-0.0994
 10
0.0818
 20
-0.1102
  0
LWPOLYLINE
  5
587
330
4FE
100
AcDbEntity
  8
VEG-HOJAS
100
AcDbPolyline
 90
22
 70
0
 10
0.0153
 20
-0.1035
 10
0.0149
 20
-0.1092
 10
0.0154
 20
-0.1155
 10
0.0183
 20
-0.1245
 10
0.0233
 20
-0.1325
 10
0.0303
 20
-0.1388
 10
0.0387
 20
-0.1433
 10
0.0449
 20
-0.1451
 10
0.0514
 20
-0.1462
 10
0.0612
 20
-0.1458
 10
0.0673
 20
-0.1439
 10
0.07
 20
-0.1424
 10
0.0772
 20
-0.1359
 10
0.0809
 20
-0.1305
 10
0.0839
 20
-0.1246
 10
0.0867
 20
-0.1155
 10
0.0871
 20
-0.106
 10
0.085
 20
-0.0968
 10
0.0806
 20
-0.0884
 10
0.0743
 20
-0.0815
 10
0.0691
 20
-0.0778
 10
0.0638
 20
-0.0754
  0
LWPOLYLINE
  5
588
330
4FE
100
AcDbEntity
  8
VEG-HOJAS
100
AcDbPolyline
 90
5
 70
0
 10
0.0484
 20
-0.0731
 10
0.0416
 20
-0.0743
 10
0.0357
 20
-0.0764
 10
0.0303
 20
-0.0796
 10
0.0254
 20
-0.0836
  0
LWPOLYLINE
  5
589
330
4FE
100
AcDbEntity
  8
VEG-HOJAS
100
AcDbPolyline
 90
2
 70
0
 10
-0.0253
 20
0.0786
 10
-0.0276
 20
0.0864
  0
LWPOLYLINE
  5
58A
330
4FE
100
AcDbEntity
  8
VEG-HOJAS
100
AcDbPolyline
 90
2
 70
0
 10
-0.0064
 20
0.0132
 10
-0.0201
 20
0.0604
  0
LWPOLYLINE
  5
58B
330
4FE
100
AcDbEntity
  8
VEG-HOJAS
100
AcDbPolyline
 90
2
 70
0
 10
-0.0129
 20
0.0537
 10
-0.0021
 20
0.0163
  0
LWPOLYLINE
  5
58C
330
4FE
100
AcDbEntity
  8
VEG-NERVIOS
100
AcDbPolyline
 90
2
 70
0
 10
-0.0325
 20
0.1124
 10
-0.0672
 20
0.1293
  0
LWPOLYLINE
  5
58D
330
4FE
100
AcDbEntity
  8
VEG-NERVIOS
100
AcDbPolyline
 90
2
 70
0
 10
-0.0325
 20
0.1124
 10
-0.0553
 20
0.0979
  0
LWPOLYLINE
  5
58E
330
4FE
100
AcDbEntity
  8
VEG-NERVIOS
100
AcDbPolyline
 90
2
 70
0
 10
-0.0325
 20
0.1124
 10
-0.0446
 20
0.1541
  0
LWPOLYLINE
  5
58F
330
4FE
100
AcDbEntity
  8
VEG-NERVIOS
100
AcDbPolyline
 90
2
 70
0
 10
-0.0325
 20
0.1124
 10
-0.0122
 20
0.1452
  0
LWPOLYLINE
  5
590
330
4FE
100
AcDbEntity
  8
VEG-NERVIOS
100
AcDbPolyline
 90
2
 70
0
 10
-0.0325
 20
0.1124
 10
-0.0055
 20
0.1123
  0
LWPOLYLINE
  5
591
330
4FE
100
AcDbEntity
  8
VEG-HOJAS
100
AcDbPolyline
 90
32
 70
0
 10
-0.0028
 20
0.1048
 10
0.001
 20
0.1142
 10
0.002
 20
0.1207
 10
0.0019
 20
0.1273
 10
0.0006
 20
0.1338
 10
-0.0018
 20
0.1399
 10
-0.0052
 20
0.1455
 10
-0.0095
 20
0.1505
 10
-0.0146
 20
0.1547
 10
-0.0204
 20
0.158
 10
-0.0301
 20
0.1615
 10
-0.0369
 20
0.1626
 10
-0.0436
 20
0.1624
 10
-0.0468
 20
0.1617
 10
-0.0529
 20
0.1591
 10
-0.0583
 20
0.155
 10
-0.0631
 20
0.15
 10
-0.0671
 20
0.1445
 10
-0.0702
 20
0.1386
 10
-0.0723
 20
0.1323
 10
-0.0733
 20
0.1258
 10
-0.0732
 20
0.1192
 10
-0.0719
 20
0.1128
 10
-0.0696
 20
0.1066
 10
-0.0662
 20
0.101
 10
-0.0618
 20
0.096
 10
-0.0567
 20
0.0919
 10
-0.0509
 20
0.0887
 10
-0.0447
 20
0.0866
 10
-0.0382
 20
0.0856
 10
-0.0316
 20
0.0857
 10
-0.023
 20
0.0877
  0
LWPOLYLINE
  5
592
330
4FE
100
AcDbEntity
  8
VEG-HOJAS
100
AcDbPolyline
 90
2
 70
0
 10
0.0089
 20
-0.0021
 10
0.0435
 20
-0.0211
  0
LWPOLYLINE
  5
593
330
4FE
100
AcDbEntity
  8
VEG-HOJAS
100
AcDbPolyline
 90
2
 70
0
 10
0.0393
 20
-0.0245
 10
0.0287
 20
-0.0186
  0
LWPOLYLINE
  5
594
330
4FE
100
AcDbEntity
  8
VEG-HOJAS
100
AcDbPolyline
 90
2
 70
0
 10
0.0902
 20
-0.0468
 10
0.0934
 20
-0.0486
  0
LWPOLYLINE
  5
595
330
4FE
100
AcDbEntity
  8
VEG-NERVIOS
100
AcDbPolyline
 90
2
 70
0
 10
0.1175
 20
-0.0647
 10
0.0965
 20
-0.0857
  0
LWPOLYLINE
  5
596
330
4FE
100
AcDbEntity
  8
VEG-NERVIOS
100
AcDbPolyline
 90
2
 70
0
 10
0.1175
 20
-0.0647
 10
0.1577
 20
-0.0509
  0
LWPOLYLINE
  5
597
330
4FE
100
AcDbEntity
  8
VEG-NERVIOS
100
AcDbPolyline
 90
2
 70
0
 10
0.1175
 20
-0.0647
 10
0.124
 20
-0.0357
  0
LWPOLYLINE
  5
598
330
4FE
100
AcDbEntity
  8
VEG-NERVIOS
100
AcDbPolyline
 90
2
 70
0
 10
0.1175
 20
-0.0647
 10
0.1273
 20
-0.106
  0
LWPOLYLINE
  5
599
330
4FE
100
AcDbEntity
  8
VEG-NERVIOS
100
AcDbPolyline
 90
2
 70
0
 10
0.1175
 20
-0.0647
 10
0.1594
 20
-0.0878
  0
LWPOLYLINE
  5
59A
330
4FE
100
AcDbEntity
  8
VEG-HOJAS
100
AcDbPolyline
 90
32
 70
1
 10
0.167
 20
-0.092
 10
0.1697
 20
-0.0852
 10
0.1708
 20
-0.0778
 10
0.1706
 20
-0.0702
 10
0.1685
 20
-0.0592
 10
0.164
 20
-0.0492
 10
0.1597
 20
-0.0434
 10
0.1545
 20
-0.0384
 10
0.1485
 20
-0.0343
 10
0.1419
 20
-0.0314
 10
0.1348
 20
-0.0297
 10
0.124
 20
-0.0294
 10
0.1169
 20
-0.0308
 10
0.1101
 20
-0.0334
 10
0.1011
 20
-0.0395
 10
0.0961
 20
-0.0447
 10
0.0921
 20
-0.0507
 10
0.0891
 20
-0.0573
 10
0.0874
 20
-0.0644
 10
0.0869
 20
-0.0716
 10
0.0886
 20
-0.0823
 10
0.0912
 20
-0.0891
 10
0.0972
 20
-0.0981
 10
0.1024
 20
-0.1031
 10
0.1084
 20
-0.1071
 10
0.1151
 20
-0.1101
 10
0.1221
 20
-0.1118
 10
0.1293
 20
-0.1123
 10
0.1401
 20
-0.1107
 10
0.1506
 20
-0.1066
 10
0.1571
 20
-0.1027
 10
0.1627
 20
-0.0978
  0
LWPOLYLINE
  5
59B
330
4FE
100
AcDbEntity
  8
VEG-HOJAS
100
AcDbPolyline
 90
2
 70
0
 10
-0.0307
 20
-0.0832
 10
-0.0283
 20
-0.076
  0
LWPOLYLINE
  5
59C
330
4FE
100
AcDbEntity
  8
VEG-HOJAS
100
AcDbPolyline
 90
2
 70
0
 10
-0.0265
 20
-0.0709
 10
-0.0102
 20
-0.0225
  0
LWPOLYLINE
  5
59D
330
4FE
100
AcDbEntity
  8
VEG-HOJAS
100
AcDbPolyline
 90
2
 70
0
 10
-0.0048
 20
-0.0221
 10
-0.0176
 20
-0.0599
  0
LWPOLYLINE
  5
59E
330
4FE
100
AcDbEntity
  8
VEG-NERVIOS
100
AcDbPolyline
 90
2
 70
0
 10
-0.0368
 20
-0.1091
 10
-0.0723
 20
-0.1245
  0
LWPOLYLINE
  5
59F
330
4FE
100
AcDbEntity
  8
VEG-NERVIOS
100
AcDbPolyline
 90
2
 70
0
 10
-0.0368
 20
-0.1091
 10
-0.059
 20
-0.0935
  0
LWPOLYLINE
  5
5A0
330
4FE
100
AcDbEntity
  8
VEG-NERVIOS
100
AcDbPolyline
 90
2
 70
0
 10
-0.0368
 20
-0.1091
 10
-0.0507
 20
-0.1504
  0
LWPOLYLINE
  5
5A1
330
4FE
100
AcDbEntity
  8
VEG-NERVIOS
100
AcDbPolyline
 90
2
 70
0
 10
-0.0368
 20
-0.1091
 10
-0.0179
 20
-0.1428
  0
LWPOLYLINE
  5
5A2
330
4FE
100
AcDbEntity
  8
VEG-NERVIOS
100
AcDbPolyline
 90
2
 70
0
 10
-0.0368
 20
-0.1091
 10
-0.0097
 20
-0.1102
  0
LWPOLYLINE
  5
5A3
330
4FE
100
AcDbEntity
  8
VEG-HOJAS
100
AcDbPolyline
 90
31
 70
0
 10
-0.0289
 20
-0.0837
 10
-0.0347
 20
-0.0824
 10
-0.0413
 20
-0.0819
 10
-0.0479
 20
-0.0827
 10
-0.0542
 20
-0.0845
 10
-0.0601
 20
-0.0875
 10
-0.0655
 20
-0.0914
 10
-0.07
 20
-0.0962
 10
-0.0737
 20
-0.1017
 10
-0.0773
 20
-0.1109
 10
-0.0782
 20
-0.1174
 10
-0.0781
 20
-0.124
 10
-0.0768
 20
-0.1305
 10
-0.0744
 20
-0.1368
 10
-0.0711
 20
-0.1427
 10
-0.0669
 20
-0.1481
 10
-0.0619
 20
-0.153
 10
-0.0563
 20
-0.1566
 10
-0.0533
 20
-0.1579
 10
-0.0467
 20
-0.1592
 10
-0.0399
 20
-0.1589
 10
-0.0332
 20
-0.1576
 10
-0.0267
 20
-0.1553
 10
-0.0207
 20
-0.1522
 10
-0.0154
 20
-0.1483
 10
-0.0108
 20
-0.1435
 10
-0.0057
 20
-0.135
 10
-0.0036
 20
-0.1288
 10
-0.0026
 20
-0.1222
 10
-0.0027
 20
-0.1156
 10
-0.0036
 20
-0.1108
  0
LWPOLYLINE
  5
5A4
330
4FE
100
AcDbEntity
  8
VEG-HOJAS
100
AcDbPolyline
 90
2
 70
0
 10
0.006
 20
0.0055
 10
0.0325
 20
0.0177
  0
LWPOLYLINE
  5
5A5
330
4FE
100
AcDbEntity
  8
VEG-HOJAS
100
AcDbPolyline
 90
2
 70
0
 10
0.0346
 20
0.0131
 10
0.0082
 20
0.001
  0
LWPOLYLINE
  5
5A6
330
4FE
100
AcDbEntity
  8
VEG-NERVIOS
100
AcDbPolyline
 90
2
 70
0
 10
0.0544
 20
0.025
 10
0.039
 20
0.0427
  0
LWPOLYLINE
  5
5A7
330
4FE
100
AcDbEntity
  8
VEG-NERVIOS
100
AcDbPolyline
 90
2
 70
0
 10
0.0544
 20
0.025
 10
0.0887
 20
0.0407
  0
LWPOLYLINE
  5
5A8
330
4FE
100
AcDbEntity
  8
VEG-NERVIOS
100
AcDbPolyline
 90
2
 70
0
 10
0.0544
 20
0.025
 10
0.0645
 20
0.057
  0
LWPOLYLINE
  5
5A9
330
4FE
100
AcDbEntity
  8
VEG-NERVIOS
100
AcDbPolyline
 90
2
 70
0
 10
0.0544
 20
0.025
 10
0.0578
 20
0.0017
  0
LWPOLYLINE
  5
5AA
330
4FE
100
AcDbEntity
  8
VEG-NERVIOS
100
AcDbPolyline
 90
2
 70
0
 10
0.0544
 20
0.025
 10
0.0852
 20
0.0117
  0
LWPOLYLINE
  5
5AB
330
4FE
100
AcDbEntity
  8
VEG-HOJAS
100
AcDbPolyline
 90
32
 70
1
 10
0.095
 20
0.0436
 10
0.0919
 20
0.0485
 10
0.0877
 20
0.0526
 10
0.0828
 20
0.0561
 10
0.0748
 20
0.0599
 10
0.0664
 20
0.0618
 10
0.0607
 20
0.0618
 10
0.055
 20
0.0609
 10
0.0496
 20
0.0589
 10
0.0424
 20
0.0544
 10
0.0383
 20
0.0503
 10
0.035
 20
0.0457
 10
0.0325
 20
0.0405
 10
0.031
 20
0.035
 10
0.0305
 20
0.0293
 10
0.0309
 20
0.0236
 10
0.0335
 20
0.0154
 10
0.0363
 20
0.0104
 10
0.0421
 20
0.004
 10
0.0467
 20
0.0007
 10
0.0519
 20
-0.0017
 10
0.0574
 20
-0.0032
 10
0.066
 20
-0.0037
 10
0.0717
 20
-0.0027
 10
0.077
 20
-0.0008
 10
0.082
 20
0.002
 10
0.0864
 20
0.0057
 10
0.0901
 20
0.0101
 10
0.0942
 20
0.0177
 10
0.0965
 20
0.0262
 10
0.0971
 20
0.0322
 10
0.0967
 20
0.0381
  0
LWPOLYLINE
  5
5AC
330
4FE
100
AcDbEntity
  8
VEG-HOJAS
100
AcDbPolyline
 90
2
 70
0
 10
-0.0506
 20
-0.0226
 10
-0.0268
 20
-0.0107
  0
LWPOLYLINE
  5
5AD
330
4FE
100
AcDbEntity
  8
VEG-HOJAS
100
AcDbPolyline
 90
2
 70
0
 10
-0.0246
 20
-0.0152
 10
-0.0484
 20
-0.0271
  0
LWPOLYLINE
  5
5AE
330
4FE
100
AcDbEntity
  8
VEG-NERVIOS
100
AcDbPolyline
 90
2
 70
0
 10
-0.0675
 20
-0.0339
 10
-0.0972
 20
-0.0489
  0
LWPOLYLINE
  5
5AF
330
4FE
100
AcDbEntity
  8
VEG-NERVIOS
100
AcDbPolyline
 90
2
 70
0
 10
-0.0675
 20
-0.0339
 10
-0.0951
 20
-0.0232
  0
LWPOLYLINE
  5
5B0
330
4FE
100
AcDbEntity
  8
VEG-NERVIOS
100
AcDbPolyline
 90
2
 70
0
 10
-0.0675
 20
-0.0339
 10
-0.0754
 20
-0.0624
  0
LWPOLYLINE
  5
5B1
330
4FE
100
AcDbEntity
  8
VEG-NERVIOS
100
AcDbPolyline
 90
2
 70
0
 10
-0.0675
 20
-0.0339
 10
-0.0712
 20
-0.0135
  0
LWPOLYLINE
  5
5B2
330
4FE
100
AcDbEntity
  8
VEG-NERVIOS
100
AcDbPolyline
 90
2
 70
0
 10
-0.0675
 20
-0.0339
 10
-0.0534
 20
-0.0491
  0
LWPOLYLINE
  5
5B3
330
4FE
100
AcDbEntity
  8
VEG-HOJAS
100
AcDbPolyline
 90
32
 70
1
 10
-0.1027
 20
-0.0516
 10
-0.0998
 20
-0.0558
 10
-0.096
 20
-0.0593
 10
-0.0916
 20
-0.0622
 10
-0.0844
 20
-0.0653
 10
-0.0769
 20
-0.0667
 10
-0.0719
 20
-0.0666
 10
-0.0669
 20
-0.0655
 10
-0.0623
 20
-0.0637
 10
-0.058
 20
-0.061
 10
-0.0525
 20
-0.0558
 10
-0.0498
 20
-0.0515
 10
-0.0478
 20
-0.0469
 10
-0.0466
 20
-0.042
 10
-0.0463
 20
-0.037
 10
-0.0475
 20
-0.0295
 10
-0.0494
 20
-0.0248
 10
-0.052
 20
-0.0205
 10
-0.0573
 20
-0.0151
 10
-0.0615
 20
-0.0123
 10
-0.0662
 20
-0.0103
 10
-0.0736
 20
-0.0089
 10
-0.0786
 20
-0.0091
 10
-0.0836
 20
-0.0101
 10
-0.0882
 20
-0.012
 10
-0.0925
 20
-0.0146
 10
-0.0963
 20
-0.018
 10
-0.0994
 20
-0.0219
 10
-0.1028
 20
-0.0288
 10
-0.1046
 20
-0.0364
 10
-0.1049
 20
-0.0416
 10
-0.1043
 20
-0.0468
  0
LWPOLYLINE
  5
5B4
330
4FE
100
AcDbEntity
  8
VEG-HOJAS
100
AcDbPolyline
 90
2
 70
0
 10
-0.0168
 20
0.0116
 10
-0.0406
 20
0.0327
  0
LWPOLYLINE
  5
5B5
330
4FE
100
AcDbEntity
  8
VEG-HOJAS
100
AcDbPolyline
 90
2
 70
0
 10
-0.0372
 20
0.0364
 10
-0.0112
 20
0.0133
  0
LWPOLYLINE
  5
5B6
330
4FE
100
AcDbEntity
  8
VEG-NERVIOS
100
AcDbPolyline
 90
2
 70
0
 10
-0.0556
 20
0.0494
 10
-0.0882
 20
0.0459
  0
LWPOLYLINE
  5
5B7
330
4FE
100
AcDbEntity
  8
VEG-NERVIOS
100
AcDbPolyline
 90
2
 70
0
 10
-0.0556
 20
0.0494
 10
-0.0832
 20
0.074
  0
LWPOLYLINE
  5
5B8
330
4FE
100
AcDbEntity
  8
VEG-NERVIOS
100
AcDbPolyline
 90
2
 70
0
 10
-0.0556
 20
0.0494
 10
-0.0655
 20
0.0287
  0
LWPOLYLINE
  5
5B9
330
4FE
100
AcDbEntity
  8
VEG-NERVIOS
100
AcDbPolyline
 90
2
 70
0
 10
-0.0556
 20
0.0494
 10
-0.0559
 20
0.0822
  0
LWPOLYLINE
  5
5BA
330
4FE
100
AcDbEntity
  8
VEG-NERVIOS
100
AcDbPolyline
 90
2
 70
0
 10
-0.0556
 20
0.0494
 10
-0.0362
 20
0.0617
  0
LWPOLYLINE
  5
5BB
330
4FE
100
AcDbEntity
  8
VEG-HOJAS
100
AcDbPolyline
 90
32
 70
1
 10
-0.0883
 20
0.0784
 10
-0.0914
 20
0.0738
 10
-0.0935
 20
0.0684
 10
-0.0947
 20
0.0627
 10
-0.0949
 20
0.054
 10
-0.0933
 20
0.0457
 10
-0.0911
 20
0.0406
 10
-0.088
 20
0.0359
 10
-0.0841
 20
0.0318
 10
-0.0797
 20
0.0285
 10
-0.0747
 20
0.026
 10
-0.0665
 20
0.0239
 10
-0.0609
 20
0.0238
 10
-0.0554
 20
0.0246
 10
-0.0501
 20
0.0264
 10
-0.0429
 20
0.0307
 10
-0.0388
 20
0.0345
 10
-0.0355
 20
0.039
 10
-0.033
 20
0.044
 10
-0.0314
 20
0.0494
 10
-0.0308
 20
0.0577
 10
-0.0316
 20
0.0633
 10
-0.0346
 20
0.0711
 10
-0.0376
 20
0.0758
 10
-0.0415
 20
0.0798
 10
-0.046
 20
0.0832
 10
-0.051
 20
0.0857
 10
-0.0563
 20
0.0873
 10
-0.0648
 20
0.0879
 10
-0.0733
 20
0.0867
 10
-0.0789
 20
0.0848
 10
-0.084
 20
0.0821
  0
LWPOLYLINE
  5
5BC
330
4FE
100
AcDbEntity
  8
VEG-HOJAS
100
AcDbPolyline
 90
2
 70
0
 10
-0.0037
 20
-0.0549
 10
-0.003
 20
-0.0216
  0
LWPOLYLINE
  5
5BD
330
4FE
100
AcDbEntity
  8
VEG-HOJAS
100
AcDbPolyline
 90
2
 70
0
 10
0.0021
 20
-0.0189
 10
0.0013
 20
-0.055
  0
LWPOLYLINE
  5
5BE
330
4FE
100
AcDbEntity
  8
VEG-HOJAS
100
AcDbPolyline
 90
2
 70
0
 10
-0.0022
 20
0.0121
 10
-0.0013
 20
0.0495
  0
LWPOLYLINE
  5
5BF
330
4FE
100
AcDbEntity
  8
VEG-HOJAS
100
AcDbPolyline
 90
2
 70
0
 10
0.0037
 20
0.0494
 10
0.0027
 20
0.0091
  0
LWPOLYLINE
  5
5C0
330
4FE
100
AcDbEntity
  8
VEG-NERVIOS
100
AcDbPolyline
 90
2
 70
0
 10
-0.0016
 20
-0.0739
 10
-0.0226
 20
-0.0921
  0
LWPOLYLINE
  5
5C1
330
4FE
100
AcDbEntity
  8
VEG-NERVIOS
100
AcDbPolyline
 90
2
 70
0
 10
-0.0016
 20
-0.0739
 10
-0.0202
 20
-0.0681
  0
LWPOLYLINE
  5
5C2
330
4FE
100
AcDbEntity
  8
VEG-NERVIOS
100
AcDbPolyline
 90
2
 70
0
 10
-0.0016
 20
-0.0739
 10
-0.0022
 20
-0.1052
  0
LWPOLYLINE
  5
5C3
330
4FE
100
AcDbEntity
  8
VEG-NERVIOS
100
AcDbPolyline
 90
2
 70
0
 10
-0.0016
 20
-0.0739
 10
0.0173
 20
-0.0688
  0
LWPOLYLINE
  5
5C4
330
4FE
100
AcDbEntity
  8
VEG-NERVIOS
100
AcDbPolyline
 90
2
 70
0
 10
-0.0016
 20
-0.0739
 10
0.0187
 20
-0.093
  0
LWPOLYLINE
  5
5C5
330
4FE
100
AcDbEntity
  8
VEG-HOJAS
100
AcDbPolyline
 90
32
 70
1
 10
-0.0023
 20
-0.111
 10
0.0024
 20
-0.1104
 10
0.007
 20
-0.1088
 10
0.0114
 20
-0.1064
 10
0.0171
 20
-0.1018
 10
0.0216
 20
-0.0962
 10
0.0237
 20
-0.0919
 10
0.025
 20
-0.0874
 10
0.0255
 20
-0.0827
 10
0.0252
 20
-0.0779
 10
0.0232
 20
-0.0711
 10
0.0209
 20
-0.0669
 10
0.0179
 20
-0.0632
 10
0.0144
 20
-0.0601
 10
0.0103
 20
-0.0576
 10
0.0036
 20
-0.0553
 10
-0.0012
 20
-0.0548
 10
-0.0059
 20
-0.0551
 10
-0.0105
 20
-0.0563
 10
-0.0149
 20
-0.0582
 10
-0.0206
 20
-0.0624
 10
-0.0237
 20
-0.066
 10
-0.0271
 20
-0.0722
 10
-0.0285
 20
-0.0768
 10
-0.029
 20
-0.0815
 10
-0.0287
 20
-0.0862
 10
-0.0275
 20
-0.0909
 10
-0.0256
 20
-0.0952
 10
-0.0214
 20
-0.101
 10
-0.0159
 20
-0.1058
 10
-0.0116
 20
-0.1084
 10
-0.0071
 20
-0.1102
  0
LWPOLYLINE
  5
5C6
330
4FE
100
AcDbEntity
  8
VEG-NERVIOS
100
AcDbPolyline
 90
2
 70
0
 10
0.0016
 20
0.0684
 10
-0.0186
 20
0.0876
  0
LWPOLYLINE
  5
5C7
330
4FE
100
AcDbEntity
  8
VEG-NERVIOS
100
AcDbPolyline
 90
2
 70
0
 10
0.0016
 20
0.0684
 10
-0.0172
 20
0.0634
  0
LWPOLYLINE
  5
5C8
330
4FE
100
AcDbEntity
  8
VEG-NERVIOS
100
AcDbPolyline
 90
2
 70
0
 10
0.0016
 20
0.0684
 10
0.0227
 20
0.0866
  0
LWPOLYLINE
  5
5C9
330
4FE
100
AcDbEntity
  8
VEG-NERVIOS
100
AcDbPolyline
 90
2
 70
0
 10
0.0016
 20
0.0684
 10
0.0024
 20
0.0997
  0
LWPOLYLINE
  5
5CA
330
4FE
100
AcDbEntity
  8
VEG-NERVIOS
100
AcDbPolyline
 90
2
 70
0
 10
0.0016
 20
0.0684
 10
0.0202
 20
0.0625
  0
LWPOLYLINE
  5
5CB
330
4FE
100
AcDbEntity
  8
VEG-HOJAS
100
AcDbPolyline
 90
32
 70
1
 10
0.0025
 20
0.1054
 10
-0.0023
 20
0.1049
 10
-0.0069
 20
0.1033
 10
-0.0112
 20
0.1009
 10
-0.017
 20
0.0964
 10
-0.0215
 20
0.0907
 10
-0.0236
 20
0.0865
 10
-0.0249
 20
0.0819
 10
-0.0254
 20
0.0772
 10
-0.0251
 20
0.0725
 10
-0.0232
 20
0.0656
 10
-0.0209
 20
0.0615
 10
-0.0179
 20
0.0578
 10
-0.0143
 20
0.0546
 10
-0.0081
 20
0.0512
 10
-0.0036
 20
0.0499
 10
0.0012
 20
0.0493
 10
0.0059
 20
0.0496
 10
0.0127
 20
0.0516
 10
0.0169
 20
0.0539
 10
0.0206
 20
0.0568
 10
0.0238
 20
0.0604
 10
0.0262
 20
0.0645
 10
0.028
 20
0.0689
 10
0.029
 20
0.0759
 10
0.0287
 20
0.0807
 10
0.0276
 20
0.0853
 10
0.0257
 20
0.0896
 10
0.0215
 20
0.0954
 10
0.016
 20
0.1003
 10
0.0118
 20
0.1029
 10
0.0072
 20
0.1047
  0
LWPOLYLINE
  5
5CC
330
4FE
100
AcDbEntity
  8
VEG-HOJAS
100
AcDbPolyline
 90
2
 70
0
 10
0.035
 20
-0.0298
 10
0.0084
 20
-0.0095
  0
LWPOLYLINE
  5
5CD
330
4FE
100
AcDbEntity
  8
VEG-HOJAS
100
AcDbPolyline
 90
2
 70
0
 10
0.0091
 20
-0.0038
 10
0.0381
 20
-0.0258
  0
LWPOLYLINE
  5
5CE
330
4FE
100
AcDbEntity
  8
VEG-NERVIOS
100
AcDbPolyline
 90
2
 70
0
 10
0.0531
 20
-0.0403
 10
0.0359
 20
-0.053
  0
LWPOLYLINE
  5
5CF
330
4FE
100
AcDbEntity
  8
VEG-NERVIOS
100
AcDbPolyline
 90
2
 70
0
 10
0.0531
 20
-0.0403
 10
0.083
 20
-0.0347
  0
LWPOLYLINE
  5
5D0
330
4FE
100
AcDbEntity
  8
VEG-NERVIOS
100
AcDbPolyline
 90
2
 70
0
 10
0.0531
 20
-0.0403
 10
0.0607
 20
-0.0204
  0
LWPOLYLINE
  5
5D1
330
4FE
100
AcDbEntity
  8
VEG-NERVIOS
100
AcDbPolyline
 90
2
 70
0
 10
0.0531
 20
-0.0403
 10
0.0557
 20
-0.0707
  0
LWPOLYLINE
  5
5D2
330
4FE
100
AcDbEntity
  8
VEG-NERVIOS
100
AcDbPolyline
 90
2
 70
0
 10
0.0531
 20
-0.0403
 10
0.0804
 20
-0.0611
  0
LWPOLYLINE
  5
5D3
330
4FE
100
AcDbEntity
  8
VEG-HOJAS
100
AcDbPolyline
 90
32
 70
1
 10
0.0854
 20
-0.0649
 10
0.088
 20
-0.0603
 10
0.0895
 20
-0.0552
 10
0.0902
 20
-0.0498
 10
0.0898
 20
-0.0418
 10
0.0877
 20
-0.0342
 10
0.0853
 20
-0.0296
 10
0.0821
 20
-0.0255
 10
0.0783
 20
-0.022
 10
0.0739
 20
-0.0192
 10
0.0665
 20
-0.0166
 10
0.0614
 20
-0.0159
 10
0.0562
 20
-0.0162
 10
0.0511
 20
-0.0174
 10
0.0463
 20
-0.0194
 10
0.0419
 20
-0.0222
 10
0.0365
 20
-0.0277
 10
0.0337
 20
-0.0321
 10
0.0311
 20
-0.0394
 10
0.0304
 20
-0.0446
 10
0.0307
 20
-0.0498
 10
0.0318
 20
-0.0548
 10
0.0338
 20
-0.0596
 10
0.0366
 20
-0.064
 10
0.0422
 20
-0.0695
 10
0.0466
 20
-0.0723
 10
0.0514
 20
-0.0742
 10
0.0565
 20
-0.0753
 10
0.0643
 20
-0.0753
 10
0.0721
 20
-0.0735
 10
0.0772
 20
-0.0714
 10
0.0817
 20
-0.0686
  0
LWPOLYLINE
  5
5D4
330
4FE
100
AcDbEntity
  8
VEG-NERVIOS
100
AcDbPolyline
 90
2
 70
0
 10
-0.0041
 20
-0.0021
 10
-0.0225
 20
-0.0116
  0
LWPOLYLINE
  5
5D5
330
4FE
100
AcDbEntity
  8
VEG-NERVIOS
100
AcDbPolyline
 90
2
 70
0
 10
-0.0041
 20
-0.0021
 10
-0.0213
 20
0.0043
  0
LWPOLYLINE
  5
5D6
330
4FE
100
AcDbEntity
  8
VEG-NERVIOS
100
AcDbPolyline
 90
2
 70
0
 10
-0.0041
 20
-0.0021
 10
-0.0088
 20
-0.0199
  0
LWPOLYLINE
  5
5D7
330
4FE
100
AcDbEntity
  8
VEG-NERVIOS
100
AcDbPolyline
 90
2
 70
0
 10
-0.0041
 20
-0.0021
 10
-0.0066
 20
0.0105
  0
LWPOLYLINE
  5
5D8
330
4FE
100
AcDbEntity
  8
VEG-NERVIOS
100
AcDbPolyline
 90
2
 70
0
 10
-0.0041
 20
-0.0021
 10
0.0048
 20
-0.0114
  0
LWPOLYLINE
  5
5D9
330
4FE
100
AcDbEntity
  8
VEG-HOJAS
100
AcDbPolyline
 90
24
 70
1
 10
-0.0258
 20
-0.0134
 10
-0.024
 20
-0.016
 10
-0.0216
 20
-0.0181
 10
-0.0144
 20
-0.0218
 10
-0.0097
 20
-0.0226
 10
-0.0066
 20
-0.0224
 10
-0.0006
 20
-0.0206
 10
0.0044
 20
-0.0168
 10
0.0071
 20
-0.0129
 10
0.0083
 20
-0.01
 10
0.0091
 20
-0.0039
 10
0.0083
 20
0.0008
 10
0.0071
 20
0.0037
 10
0.0033
 20
0.0086
 10
-0.0005
 20
0.0113
 10
-0.0034
 20
0.0126
 10
-0.0065
 20
0.0132
 10
-0.0112
 20
0.0133
 10
-0.0172
 20
0.0114
 10
-0.0221
 20
0.0076
 10
-0.024
 20
0.0051
 10
-0.0261
 20
0.0008
 10
-0.0273
 20
-0.0072
 10
-0.0269
 20
-0.0104
  0
ENDBLK
  5
500
330
4FE
100
AcDbEntity
  8
0
100
AcDbBlockEnd
  0
BLOCK
  5
631
330
630
100
AcDbEntity
  8
0
100
AcDbBlockBegin
  2
*D1
 70
1
 10
0.0
 20
0.0
 30
0.0
  3
*D1
  1

  0
LINE
  5
633
330
630
100
AcDbEntity
  8
0
 62
3
100
AcDbLine
 10
0.0
 20
-0.04
 30
0.0
 11
0.0
 21
-1.45
 31
0.0
  0
LINE
  5
634
330
630
100
AcDbEntity
  8
0
 62
3
100
AcDbLine
 10
4.8
 20
-0.04
 30
0.0
 11
4.8
 21
-1.45
 31
0.0
  0
INSERT
  5
635
330
630
100
AcDbEntity
  8
A-COTAS
 62
3
100
AcDbBlockReference
  2
_ARCHTICK
 10
0.0
 20
-1.4
 30
0.0
 41
0.06
 42
0.06
 50
180.0
  0
INSERT
  5
637
330
630
100
AcDbEntity
  8
A-COTAS
 62
3
100
AcDbBlockReference
  2
_ARCHTICK
 10
4.8
 20
-1.4
 30
0.0
 41
0.06
 42
0.06
  0
LINE
  5
639
330
630
100
AcDbEntity
  8
0
 62
3
100
AcDbLine
 10
0.0
 20
-1.4
 30
0.0
 11
4.8
 21
-1.4
 31
0.0
  0
MTEXT
  5
63A
330
630
100
AcDbEntity
  8
A-COTAS
 62
7
100
AcDbMText
 10
2.4
 20
-1.315
 30
0.0
 40
0.11
 71
5
  1
4,8
  7
A-TEXTO
  0
POINT
  5
63B
330
630
100
AcDbEntity
  8
Defpoints
100
AcDbPoint
 10
0.0
 20
-1.4
 30
0.0
  0
POINT
  5
63C
330
630
100
AcDbEntity
  8
Defpoints
100
AcDbPoint
 10
0.0
 20
0.0
 30
0.0
  0
POINT
  5
63D
330
630
100
AcDbEntity
  8
Defpoints
100
AcDbPoint
 10
4.8
 20
0.0
 30
0.0
  0
ENDBLK
  5
632
330
630
100
AcDbEntity
  8
0
100
AcDbBlockEnd
  0
BLOCK
  5
640
330
63F
100
AcDbEntity
  8
0
100
AcDbBlockBegin
  2
*D2
 70
1
 10
0.0
 20
0.0
 30
0.0
  3
*D2
  1

  0
LINE
  5
642
330
63F
100
AcDbEntity
  8
0
 62
3
100
AcDbLine
 10
4.8
 20
-0.04
 30
0.0
 11
4.8
 21
-1.45
 31
0.0
  0
LINE
  5
643
330
63F
100
AcDbEntity
  8
0
 62
3
100
AcDbLine
 10
5.7
 20
-0.04
 30
0.0
 11
5.7
 21
-1.45
 31
0.0
  0
INSERT
  5
644
330
63F
100
AcDbEntity
  8
A-COTAS
 62
3
100
AcDbBlockReference
  2
_ARCHTICK
 10
4.8
 20
-1.4
 30
0.0
 41
0.06
 42
0.06
 50
180.0
  0
INSERT
  5
646
330
63F
100
AcDbEntity
  8
A-COTAS
 62
3
100
AcDbBlockReference
  2
_ARCHTICK
 10
5.7
 20
-1.4
 30
0.0
 41
0.06
 42
0.06
  0
LINE
  5
648
330
63F
100
AcDbEntity
  8
0
 62
3
100
AcDbLine
 10
4.8
 20
-1.4
 30
0.0
 11
5.7
 21
-1.4
 31
0.0
  0
MTEXT
  5
649
330
63F
100
AcDbEntity
  8
A-COTAS
 62
7
100
AcDbMText
 10
5.25
 20
-1.315
 30
0.0
 40
0.11
 71
5
  1
0,9
  7
A-TEXTO
  0
POINT
  5
64A
330
63F
100
AcDbEntity
  8
Defpoints
100
AcDbPoint
 10
4.8
 20
-1.4
 30
0.0
  0
POINT
  5
64B
330
63F
100
AcDbEntity
  8
Defpoints
100
AcDbPoint
 10
4.8
 20
0.0
 30
0.0
  0
POINT
  5
64C
330
63F
100
AcDbEntity
  8
Defpoints
100
AcDbPoint
 10
5.7
 20
0.0
 30
0.0
  0
ENDBLK
  5
641
330
63F
100
AcDbEntity
  8
0
100
AcDbBlockEnd
  0
BLOCK
  5
64F
330
64E
100
AcDbEntity
  8
0
100
AcDbBlockBegin
  2
*D3
 70
1
 10
0.0
 20
0.0
 30
0.0
  3
*D3
  1

  0
LINE
  5
651
330
64E
100
AcDbEntity
  8
0
 62
3
100
AcDbLine
 10
5.7
 20
-0.04
 30
0.0
 11
5.7
 21
-1.45
 31
0.0
  0
LINE
  5
652
330
64E
100
AcDbEntity
  8
0
 62
3
100
AcDbLine
 10
8.5
 20
-0.04
 30
0.0
 11
8.5
 21
-1.45
 31
0.0
  0
INSERT
  5
653
330
64E
100
AcDbEntity
  8
A-COTAS
 62
3
100
AcDbBlockReference
  2
_ARCHTICK
 10
5.7
 20
-1.4
 30
0.0
 41
0.06
 42
0.06
 50
180.0
  0
INSERT
  5
655
330
64E
100
AcDbEntity
  8
A-COTAS
 62
3
100
AcDbBlockReference
  2
_ARCHTICK
 10
8.5
 20
-1.4
 30
0.0
 41
0.06
 42
0.06
  0
LINE
  5
657
330
64E
100
AcDbEntity
  8
0
 62
3
100
AcDbLine
 10
5.7
 20
-1.4
 30
0.0
 11
8.5
 21
-1.4
 31
0.0
  0
MTEXT
  5
658
330
64E
100
AcDbEntity
  8
A-COTAS
 62
7
100
AcDbMText
 10
7.1
 20
-1.315
 30
0.0
 40
0.11
 71
5
  1
2,8
  7
A-TEXTO
  0
POINT
  5
659
330
64E
100
AcDbEntity
  8
Defpoints
100
AcDbPoint
 10
5.7
 20
-1.4
 30
0.0
  0
POINT
  5
65A
330
64E
100
AcDbEntity
  8
Defpoints
100
AcDbPoint
 10
5.7
 20
0.0
 30
0.0
  0
POINT
  5
65B
330
64E
100
AcDbEntity
  8
Defpoints
100
AcDbPoint
 10
8.5
 20
0.0
 30
0.0
  0
ENDBLK
  5
650
330
64E
100
AcDbEntity
  8
0
100
AcDbBlockEnd
  0
BLOCK
  5
65E
330
65D
100
AcDbEntity
  8
0
100
AcDbBlockBegin
  2
*D4
 70
1
 10
0.0
 20
0.0
 30
0.0
  3
*D4
  1

  0
LINE
  5
660
330
65D
100
AcDbEntity
  8
0
 62
3
100
AcDbLine
 10
8.5
 20
-0.04
 30
0.0
 11
8.5
 21
-1.45
 31
0.0
  0
LINE
  5
661
330
65D
100
AcDbEntity
  8
0
 62
3
100
AcDbLine
 10
9.3
 20
-0.04
 30
0.0
 11
9.3
 21
-1.45
 31
0.0
  0
INSERT
  5
662
330
65D
100
AcDbEntity
  8
A-COTAS
 62
3
100
AcDbBlockReference
  2
_ARCHTICK
 10
8.5
 20
-1.4
 30
0.0
 41
0.06
 42
0.06
 50
180.0
  0
INSERT
  5
664
330
65D
100
AcDbEntity
  8
A-COTAS
 62
3
100
AcDbBlockReference
  2
_ARCHTICK
 10
9.3
 20
-1.4
 30
0.0
 41
0.06
 42
0.06
  0
LINE
  5
666
330
65D
100
AcDbEntity
  8
0
 62
3
100
AcDbLine
 10
8.5
 20
-1.4
 30
0.0
 11
9.3
 21
-1.4
 31
0.0
  0
MTEXT
  5
667
330
65D
100
AcDbEntity
  8
A-COTAS
 62
7
100
AcDbMText
 10
8.9
 20
-1.315
 30
0.0
 40
0.11
 71
5
  1
0,8
  7
A-TEXTO
  0
POINT
  5
668
330
65D
100
AcDbEntity
  8
Defpoints
100
AcDbPoint
 10
8.5
 20
-1.4
 30
0.0
  0
POINT
  5
669
330
65D
100
AcDbEntity
  8
Defpoints
100
AcDbPoint
 10
8.5
 20
0.0
 30
0.0
  0
POINT
  5
66A
330
65D
100
AcDbEntity
  8
Defpoints
100
AcDbPoint
 10
9.3
 20
0.0
 30
0.0
  0
ENDBLK
  5
65F
330
65D
100
AcDbEntity
  8
0
100
AcDbBlockEnd
  0
BLOCK
  5
66D
330
66C
100
AcDbEntity
  8
0
100
AcDbBlockBegin
  2
*D5
 70
1
 10
0.0
 20
0.0
 30
0.0
  3
*D5
  1

  0
LINE
  5
66F
330
66C
100
AcDbEntity
  8
0
 62
3
100
AcDbLine
 10
9.3
 20
-0.04
 30
0.0
 11
9.3
 21
-1.45
 31
0.0
  0
LINE
  5
670
330
66C
100
AcDbEntity
  8
0
 62
3
100
AcDbLine
 10
13.7
 20
-0.04
 30
0.0
 11
13.7
 21
-1.45
 31
0.0
  0
INSERT
  5
671
330
66C
100
AcDbEntity
  8
A-COTAS
 62
3
100
AcDbBlockReference
  2
_ARCHTICK
 10
9.3
 20
-1.4
 30
0.0
 41
0.06
 42
0.06
 50
180.0
  0
INSERT
  5
673
330
66C
100
AcDbEntity
  8
A-COTAS
 62
3
100
AcDbBlockReference
  2
_ARCHTICK
 10
13.7
 20
-1.4
 30
0.0
 41
0.06
 42
0.06
  0
LINE
  5
675
330
66C
100
AcDbEntity
  8
0
 62
3
100
AcDbLine
 10
9.3
 20
-1.4
 30
0.0
 11
13.7
 21
-1.4
 31
0.0
  0
MTEXT
  5
676
330
66C
100
AcDbEntity
  8
A-COTAS
 62
7
100
AcDbMText
 10
11.5
 20
-1.315
 30
0.0
 40
0.11
 71
5
  1
4,4
  7
A-TEXTO
  0
POINT
  5
677
330
66C
100
AcDbEntity
  8
Defpoints
100
AcDbPoint
 10
9.3
 20
-1.4
 30
0.0
  0
POINT
  5
678
330
66C
100
AcDbEntity
  8
Defpoints
100
AcDbPoint
 10
9.3
 20
0.0
 30
0.0
  0
POINT
  5
679
330
66C
100
AcDbEntity
  8
Defpoints
100
AcDbPoint
 10
13.7
 20
0.0
 30
0.0
  0
ENDBLK
  5
66E
330
66C
100
AcDbEntity
  8
0
100
AcDbBlockEnd
  0
BLOCK
  5
67C
330
67B
100
AcDbEntity
  8
0
100
AcDbBlockBegin
  2
*D6
 70
1
 10
0.0
 20
0.0
 30
0.0
  3
*D6
  1

  0
LINE
  5
67E
330
67B
100
AcDbEntity
  8
0
 62
3
100
AcDbLine
 10
13.7
 20
-0.04
 30
0.0
 11
13.7
 21
-1.45
 31
0.0
  0
LINE
  5
67F
330
67B
100
AcDbEntity
  8
0
 62
3
100
AcDbLine
 10
17.9
 20
-0.04
 30
0.0
 11
17.9
 21
-1.45
 31
0.0
  0
INSERT
  5
680
330
67B
100
AcDbEntity
  8
A-COTAS
 62
3
100
AcDbBlockReference
  2
_ARCHTICK
 10
13.7
 20
-1.4
 30
0.0
 41
0.06
 42
0.06
 50
180.0
  0
INSERT
  5
682
330
67B
100
AcDbEntity
  8
A-COTAS
 62
3
100
AcDbBlockReference
  2
_ARCHTICK
 10
17.9
 20
-1.4
 30
0.0
 41
0.06
 42
0.06
  0
LINE
  5
684
330
67B
100
AcDbEntity
  8
0
 62
3
100
AcDbLine
 10
13.7
 20
-1.4
 30
0.0
 11
17.9
 21
-1.4
 31
0.0
  0
MTEXT
  5
685
330
67B
100
AcDbEntity
  8
A-COTAS
 62
7
100
AcDbMText
 10
15.799999999999999
 20
-1.315
 30
0.0
 40
0.11
 71
5
  1
4,2
  7
A-TEXTO
  0
POINT
  5
686
330
67B
100
AcDbEntity
  8
Defpoints
100
AcDbPoint
 10
13.7
 20
-1.4
 30
0.0
  0
POINT
  5
687
330
67B
100
AcDbEntity
  8
Defpoints
100
AcDbPoint
 10
13.7
 20
0.0
 30
0.0
  0
POINT
  5
688
330
67B
100
AcDbEntity
  8
Defpoints
100
AcDbPoint
 10
17.9
 20
0.0
 30
0.0
  0
ENDBLK
  5
67D
330
67B
100
AcDbEntity
  8
0
100
AcDbBlockEnd
  0
BLOCK
  5
68B
330
68A
100
AcDbEntity
  8
0
100
AcDbBlockBegin
  2
*D7
 70
1
 10
0.0
 20
0.0
 30
0.0
  3
*D7
  1

  0
LINE
  5
68D
330
68A
100
AcDbEntity
  8
0
 62
3
100
AcDbLine
 10
0.0
 20
-0.039999999999999994
 30
0.0
 11
0.0
 21
-1.9000000000000001
 31
0.0
  0
LINE
  5
68E
330
68A
100
AcDbEntity
  8
0
 62
3
100
AcDbLine
 10
13.7
 20
-0.039999999999999994
 30
0.0
 11
13.7
 21
-1.9000000000000001
 31
0.0
  0
INSERT
  5
68F
330
68A
100
AcDbEntity
  8
A-COTAS
 62
3
100
AcDbBlockReference
  2
_ARCHTICK
 10
0.0
 20
-1.85
 30
0.0
 41
0.06
 42
0.06
 50
180.0
  0
INSERT
  5
691
330
68A
100
AcDbEntity
  8
A-COTAS
 62
3
100
AcDbBlockReference
  2
_ARCHTICK
 10
13.7
 20
-1.85
 30
0.0
 41
0.06
 42
0.06
  0
LINE
  5
693
330
68A
100
AcDbEntity
  8
0
 62
3
100
AcDbLine
 10
0.0
 20
-1.85
 30
0.0
 11
13.7
 21
-1.85
 31
0.0
  0
MTEXT
  5
694
330
68A
100
AcDbEntity
  8
A-COTAS
 62
7
100
AcDbMText
 10
6.85
 20
-1.7650000000000001
 30
0.0
 40
0.11
 71
5
  1
13,7
  7
A-TEXTO
  0
POINT
  5
695
330
68A
100
AcDbEntity
  8
Defpoints
100
AcDbPoint
 10
0.0
 20
-1.85
 30
0.0
  0
POINT
  5
696
330
68A
100
AcDbEntity
  8
Defpoints
100
AcDbPoint
 10
0.0
 20
0.0
 30
0.0
  0
POINT
  5
697
330
68A
100
AcDbEntity
  8
Defpoints
100
AcDbPoint
 10
13.7
 20
0.0
 30
0.0
  0
ENDBLK
  5
68C
330
68A
100
AcDbEntity
  8
0
100
AcDbBlockEnd
  0
BLOCK
  5
69A
330
699
100
AcDbEntity
  8
0
100
AcDbBlockBegin
  2
*D8
 70
1
 10
0.0
 20
0.0
 30
0.0
  3
*D8
  1

  0
LINE
  5
69C
330
699
100
AcDbEntity
  8
0
 62
3
100
AcDbLine
 10
13.7
 20
-0.039999999999999994
 30
0.0
 11
13.7
 21
-1.9000000000000001
 31
0.0
  0
LINE
  5
69D
330
699
100
AcDbEntity
  8
0
 62
3
100
AcDbLine
 10
17.9
 20
-0.039999999999999994
 30
0.0
 11
17.9
 21
-1.9000000000000001
 31
0.0
  0
INSERT
  5
69E
330
699
100
AcDbEntity
  8
A-COTAS
 62
3
100
AcDbBlockReference
  2
_ARCHTICK
 10
13.7
 20
-1.85
 30
0.0
 41
0.06
 42
0.06
 50
180.0
  0
INSERT
  5
6A0
330
699
100
AcDbEntity
  8
A-COTAS
 62
3
100
AcDbBlockReference
  2
_ARCHTICK
 10
17.9
 20
-1.85
 30
0.0
 41
0.06
 42
0.06
  0
LINE
  5
6A2
330
699
100
AcDbEntity
  8
0
 62
3
100
AcDbLine
 10
13.7
 20
-1.85
 30
0.0
 11
17.9
 21
-1.85
 31
0.0
  0
MTEXT
  5
6A3
330
699
100
AcDbEntity
  8
A-COTAS
 62
7
100
AcDbMText
 10
15.799999999999999
 20
-1.7650000000000001
 30
0.0
 40
0.11
 71
5
  1
4,2
  7
A-TEXTO
  0
POINT
  5
6A4
330
699
100
AcDbEntity
  8
Defpoints
100
AcDbPoint
 10
13.7
 20
-1.85
 30
0.0
  0
POINT
  5
6A5
330
699
100
AcDbEntity
  8
Defpoints
100
AcDbPoint
 10
13.7
 20
0.0
 30
0.0
  0
POINT
  5
6A6
330
699
100
AcDbEntity
  8
Defpoints
100
AcDbPoint
 10
17.9
 20
0.0
 30
0.0
  0
ENDBLK
  5
69B
330
699
100
AcDbEntity
  8
0
100
AcDbBlockEnd
  0
BLOCK
  5
6A9
330
6A8
100
AcDbEntity
  8
0
100
AcDbBlockBegin
  2
*D9
 70
1
 10
0.0
 20
0.0
 30
0.0
  3
*D9
  1

  0
LINE
  5
6AB
330
6A8
100
AcDbEntity
  8
0
 62
3
100
AcDbLine
 10
0.0
 20
5.84
 30
0.0
 11
0.0
 21
6.45
 31
0.0
  0
LINE
  5
6AC
330
6A8
100
AcDbEntity
  8
0
 62
3
100
AcDbLine
 10
3.0
 20
5.84
 30
0.0
 11
3.0
 21
6.45
 31
0.0
  0
INSERT
  5
6AD
330
6A8
100
AcDbEntity
  8
A-COTAS
 62
3
100
AcDbBlockReference
  2
_ARCHTICK
 10
0.0
 20
6.4
 30
0.0
 41
0.06
 42
0.06
 50
180.0
  0
INSERT
  5
6AF
330
6A8
100
AcDbEntity
  8
A-COTAS
 62
3
100
AcDbBlockReference
  2
_ARCHTICK
 10
3.0
 20
6.4
 30
0.0
 41
0.06
 42
0.06
  0
LINE
  5
6B1
330
6A8
100
AcDbEntity
  8
0
 62
3
100
AcDbLine
 10
0.0
 20
6.4
 30
0.0
 11
3.0
 21
6.4
 31
0.0
  0
MTEXT
  5
6B2
330
6A8
100
AcDbEntity
  8
A-COTAS
 62
7
100
AcDbMText
 10
1.5
 20
6.485
 30
0.0
 40
0.11
 71
5
  1
3
  7
A-TEXTO
  0
POINT
  5
6B3
330
6A8
100
AcDbEntity
  8
Defpoints
100
AcDbPoint
 10
0.0
 20
6.4
 30
0.0
  0
POINT
  5
6B4
330
6A8
100
AcDbEntity
  8
Defpoints
100
AcDbPoint
 10
0.0
 20
5.8
 30
0.0
  0
POINT
  5
6B5
330
6A8
100
AcDbEntity
  8
Defpoints
100
AcDbPoint
 10
3.0
 20
5.8
 30
0.0
  0
ENDBLK
  5
6AA
330
6A8
100
AcDbEntity
  8
0
100
AcDbBlockEnd
  0
BLOCK
  5
6B8
330
6B7
100
AcDbEntity
  8
0
100
AcDbBlockBegin
  2
*D10
 70
1
 10
0.0
 20
0.0
 30
0.0
  3
*D10
  1

  0
LINE
  5
6BA
330
6B7
100
AcDbEntity
  8
0
 62
3
100
AcDbLine
 10
3.0
 20
5.84
 30
0.0
 11
3.0
 21
6.45
 31
0.0
  0
LINE
  5
6BB
330
6B7
100
AcDbEntity
  8
0
 62
3
100
AcDbLine
 10
4.8
 20
5.84
 30
0.0
 11
4.8
 21
6.45
 31
0.0
  0
INSERT
  5
6BC
330
6B7
100
AcDbEntity
  8
A-COTAS
 62
3
100
AcDbBlockReference
  2
_ARCHTICK
 10
3.0
 20
6.4
 30
0.0
 41
0.06
 42
0.06
 50
180.0
  0
INSERT
  5
6BE
330
6B7
100
AcDbEntity
  8
A-COTAS
 62
3
100
AcDbBlockReference
  2
_ARCHTICK
 10
4.8
 20
6.4
 30
0.0
 41
0.06
 42
0.06
  0
LINE
  5
6C0
330
6B7
100
AcDbEntity
  8
0
 62
3
100
AcDbLine
 10
3.0
 20
6.4
 30
0.0
 11
4.8
 21
6.4
 31
0.0
  0
MTEXT
  5
6C1
330
6B7
100
AcDbEntity
  8
A-COTAS
 62
7
100
AcDbMText
 10
3.9
 20
6.485
 30
0.0
 40
0.11
 71
5
  1
1,8
  7
A-TEXTO
  0
POINT
  5
6C2
330
6B7
100
AcDbEntity
  8
Defpoints
100
AcDbPoint
 10
3.0
 20
6.4
 30
0.0
  0
POINT
  5
6C3
330
6B7
100
AcDbEntity
  8
Defpoints
100
AcDbPoint
 10
3.0
 20
5.8
 30
0.0
  0
POINT
  5
6C4
330
6B7
100
AcDbEntity
  8
Defpoints
100
AcDbPoint
 10
4.8
 20
5.8
 30
0.0
  0
ENDBLK
  5
6B9
330
6B7
100
AcDbEntity
  8
0
100
AcDbBlockEnd
  0
BLOCK
  5
6C7
330
6C6
100
AcDbEntity
  8
0
100
AcDbBlockBegin
  2
*D11
 70
1
 10
0.0
 20
0.0
 30
0.0
  3
*D11
  1

  0
LINE
  5
6C9
330
6C6
100
AcDbEntity
  8
0
 62
3
100
AcDbLine
 10
4.8
 20
5.84
 30
0.0
 11
4.8
 21
6.45
 31
0.0
  0
LINE
  5
6CA
330
6C6
100
AcDbEntity
  8
0
 62
3
100
AcDbLine
 10
8.6
 20
5.84
 30
0.0
 11
8.6
 21
6.45
 31
0.0
  0
INSERT
  5
6CB
330
6C6
100
AcDbEntity
  8
A-COTAS
 62
3
100
AcDbBlockReference
  2
_ARCHTICK
 10
4.8
 20
6.4
 30
0.0
 41
0.06
 42
0.06
 50
180.0
  0
INSERT
  5
6CD
330
6C6
100
AcDbEntity
  8
A-COTAS
 62
3
100
AcDbBlockReference
  2
_ARCHTICK
 10
8.6
 20
6.4
 30
0.0
 41
0.06
 42
0.06
  0
LINE
  5
6CF
330
6C6
100
AcDbEntity
  8
0
 62
3
100
AcDbLine
 10
4.8
 20
6.4
 30
0.0
 11
8.6
 21
6.4
 31
0.0
  0
MTEXT
  5
6D0
330
6C6
100
AcDbEntity
  8
A-COTAS
 62
7
100
AcDbMText
 10
6.699999999999999
 20
6.485
 30
0.0
 40
0.11
 71
5
  1
3,8
  7
A-TEXTO
  0
POINT
  5
6D1
330
6C6
100
AcDbEntity
  8
Defpoints
100
AcDbPoint
 10
4.8
 20
6.4
 30
0.0
  0
POINT
  5
6D2
330
6C6
100
AcDbEntity
  8
Defpoints
100
AcDbPoint
 10
4.8
 20
5.8
 30
0.0
  0
POINT
  5
6D3
330
6C6
100
AcDbEntity
  8
Defpoints
100
AcDbPoint
 10
8.6
 20
5.8
 30
0.0
  0
ENDBLK
  5
6C8
330
6C6
100
AcDbEntity
  8
0
100
AcDbBlockEnd
  0
BLOCK
  5
6D6
330
6D5
100
AcDbEntity
  8
0
100
AcDbBlockBegin
  2
*D12
 70
1
 10
0.0
 20
0.0
 30
0.0
  3
*D12
  1

  0
LINE
  5
6D8
330
6D5
100
AcDbEntity
  8
0
 62
3
100
AcDbLine
 10
8.6
 20
5.84
 30
0.0
 11
8.6
 21
6.45
 31
0.0
  0
LINE
  5
6D9
330
6D5
100
AcDbEntity
  8
0
 62
3
100
AcDbLine
 10
9.4
 20
5.84
 30
0.0
 11
9.4
 21
6.45
 31
0.0
  0
INSERT
  5
6DA
330
6D5
100
AcDbEntity
  8
A-COTAS
 62
3
100
AcDbBlockReference
  2
_ARCHTICK
 10
8.6
 20
6.4
 30
0.0
 41
0.06
 42
0.06
 50
180.0
  0
INSERT
  5
6DC
330
6D5
100
AcDbEntity
  8
A-COTAS
 62
3
100
AcDbBlockReference
  2
_ARCHTICK
 10
9.4
 20
6.4
 30
0.0
 41
0.06
 42
0.06
  0
LINE
  5
6DE
330
6D5
100
AcDbEntity
  8
0
 62
3
100
AcDbLine
 10
8.6
 20
6.4
 30
0.0
 11
9.4
 21
6.4
 31
0.0
  0
MTEXT
  5
6DF
330
6D5
100
AcDbEntity
  8
A-COTAS
 62
7
100
AcDbMText
 10
9.0
 20
6.485
 30
0.0
 40
0.11
 71
5
  1
0,8
  7
A-TEXTO
  0
POINT
  5
6E0
330
6D5
100
AcDbEntity
  8
Defpoints
100
AcDbPoint
 10
8.6
 20
6.4
 30
0.0
  0
POINT
  5
6E1
330
6D5
100
AcDbEntity
  8
Defpoints
100
AcDbPoint
 10
8.6
 20
5.8
 30
0.0
  0
POINT
  5
6E2
330
6D5
100
AcDbEntity
  8
Defpoints
100
AcDbPoint
 10
9.4
 20
5.8
 30
0.0
  0
ENDBLK
  5
6D7
330
6D5
100
AcDbEntity
  8
0
100
AcDbBlockEnd
  0
BLOCK
  5
6E5
330
6E4
100
AcDbEntity
  8
0
100
AcDbBlockBegin
  2
*D13
 70
1
 10
0.0
 20
0.0
 30
0.0
  3
*D13
  1

  0
LINE
  5
6E7
330
6E4
100
AcDbEntity
  8
0
 62
3
100
AcDbLine
 10
9.4
 20
5.84
 30
0.0
 11
9.4
 21
6.45
 31
0.0
  0
LINE
  5
6E8
330
6E4
100
AcDbEntity
  8
0
 62
3
100
AcDbLine
 10
13.7
 20
5.84
 30
0.0
 11
13.7
 21
6.45
 31
0.0
  0
INSERT
  5
6E9
330
6E4
100
AcDbEntity
  8
A-COTAS
 62
3
100
AcDbBlockReference
  2
_ARCHTICK
 10
9.4
 20
6.4
 30
0.0
 41
0.06
 42
0.06
 50
180.0
  0
INSERT
  5
6EB
330
6E4
100
AcDbEntity
  8
A-COTAS
 62
3
100
AcDbBlockReference
  2
_ARCHTICK
 10
13.7
 20
6.4
 30
0.0
 41
0.06
 42
0.06
  0
LINE
  5
6ED
330
6E4
100
AcDbEntity
  8
0
 62
3
100
AcDbLine
 10
9.4
 20
6.4
 30
0.0
 11
13.7
 21
6.4
 31
0.0
  0
MTEXT
  5
6EE
330
6E4
100
AcDbEntity
  8
A-COTAS
 62
7
100
AcDbMText
 10
11.55
 20
6.485
 30
0.0
 40
0.11
 71
5
  1
4,3
  7
A-TEXTO
  0
POINT
  5
6EF
330
6E4
100
AcDbEntity
  8
Defpoints
100
AcDbPoint
 10
9.4
 20
6.4
 30
0.0
  0
POINT
  5
6F0
330
6E4
100
AcDbEntity
  8
Defpoints
100
AcDbPoint
 10
9.4
 20
5.8
 30
0.0
  0
POINT
  5
6F1
330
6E4
100
AcDbEntity
  8
Defpoints
100
AcDbPoint
 10
13.7
 20
5.8
 30
0.0
  0
ENDBLK
  5
6E6
330
6E4
100
AcDbEntity
  8
0
100
AcDbBlockEnd
  0
BLOCK
  5
6F4
330
6F3
100
AcDbEntity
  8
0
100
AcDbBlockBegin
  2
*D14
 70
1
 10
0.0
 20
0.0
 30
0.0
  3
*D14
  1

  0
LINE
  5
6F6
330
6F3
100
AcDbEntity
  8
0
 62
3
100
AcDbLine
 10
-0.04
 20
0.0
 30
0.0
 11
-0.65
 21
0.0
 31
0.0
  0
LINE
  5
6F7
330
6F3
100
AcDbEntity
  8
0
 62
3
100
AcDbLine
 10
-0.04
 20
5.8
 30
0.0
 11
-0.65
 21
5.8
 31
0.0
  0
INSERT
  5
6F8
330
6F3
100
AcDbEntity
  8
A-COTAS
 62
3
100
AcDbBlockReference
  2
_ARCHTICK
 10
-0.6
 20
0.0
 30
0.0
 41
0.06
 42
0.06
 50
270.0
  0
INSERT
  5
6FA
330
6F3
100
AcDbEntity
  8
A-COTAS
 62
3
100
AcDbBlockReference
  2
_ARCHTICK
 10
-0.6
 20
5.8
 30
0.0
 41
0.06
 42
0.06
 50
90.0
  0
LINE
  5
6FC
330
6F3
100
AcDbEntity
  8
0
 62
3
100
AcDbLine
 10
-0.6
 20
0.0
 30
0.0
 11
-0.6
 21
5.8
 31
0.0
  0
MTEXT
  5
6FD
330
6F3
100
AcDbEntity
  8
A-COTAS
 62
7
100
AcDbMText
 10
-0.6849999999999999
 20
2.9
 30
0.0
 40
0.11
 71
5
  1
5,8
  7
A-TEXTO
 50
90.0
  0
POINT
  5
6FE
330
6F3
100
AcDbEntity
  8
Defpoints
100
AcDbPoint
 10
-0.6
 20
0.0
 30
0.0
  0
POINT
  5
6FF
330
6F3
100
AcDbEntity
  8
Defpoints
100
AcDbPoint
 10
0.0
 20
0.0
 30
0.0
  0
POINT
  5
700
330
6F3
100
AcDbEntity
  8
Defpoints
100
AcDbPoint
 10
0.0
 20
5.8
 30
0.0
  0
ENDBLK
  5
6F5
330
6F3
100
AcDbEntity
  8
0
100
AcDbBlockEnd
  0
BLOCK
  5
703
330
702
100
AcDbEntity
  8
0
100
AcDbBlockBegin
  2
*D15
 70
1
 10
0.0
 20
0.0
 30
0.0
  3
*D15
  1

  0
LINE
  5
705
330
702
100
AcDbEntity
  8
0
 62
3
100
AcDbLine
 10
17.939999999999998
 20
0.0
 30
0.0
 11
18.55
 21
0.0
 31
0.0
  0
LINE
  5
706
330
702
100
AcDbEntity
  8
0
 62
3
100
AcDbLine
 10
17.939999999999998
 20
4.15
 30
0.0
 11
18.55
 21
4.15
 31
0.0
  0
INSERT
  5
707
330
702
100
AcDbEntity
  8
A-COTAS
 62
3
100
AcDbBlockReference
  2
_ARCHTICK
 10
18.5
 20
0.0
 30
0.0
 41
0.06
 42
0.06
 50
270.0
  0
INSERT
  5
709
330
702
100
AcDbEntity
  8
A-COTAS
 62
3
100
AcDbBlockReference
  2
_ARCHTICK
 10
18.5
 20
4.15
 30
0.0
 41
0.06
 42
0.06
 50
90.0
  0
LINE
  5
70B
330
702
100
AcDbEntity
  8
0
 62
3
100
AcDbLine
 10
18.5
 20
0.0
 30
0.0
 11
18.5
 21
4.15
 31
0.0
  0
MTEXT
  5
70C
330
702
100
AcDbEntity
  8
A-COTAS
 62
7
100
AcDbMText
 10
18.415
 20
2.075
 30
0.0
 40
0.11
 71
5
  1
4,15
  7
A-TEXTO
 50
90.0
  0
POINT
  5
70D
330
702
100
AcDbEntity
  8
Defpoints
100
AcDbPoint
 10
18.5
 20
0.0
 30
0.0
  0
POINT
  5
70E
330
702
100
AcDbEntity
  8
Defpoints
100
AcDbPoint
 10
17.9
 20
0.0
 30
0.0
  0
POINT
  5
70F
330
702
100
AcDbEntity
  8
Defpoints
100
AcDbPoint
 10
17.9
 20
4.15
 30
0.0
  0
ENDBLK
  5
704
330
702
100
AcDbEntity
  8
0
100
AcDbBlockEnd
  0
BLOCK
  5
712
330
711
100
AcDbEntity
  8
0
100
AcDbBlockBegin
  2
*D16
 70
1
 10
0.0
 20
0.0
 30
0.0
  3
*D16
  1

  0
LINE
  5
714
330
711
100
AcDbEntity
  8
0
 62
3
100
AcDbLine
 10
17.939999999999998
 20
4.15
 30
0.0
 11
18.55
 21
4.15
 31
0.0
  0
LINE
  5
715
330
711
100
AcDbEntity
  8
0
 62
3
100
AcDbLine
 10
17.939999999999998
 20
4.25
 30
0.0
 11
18.55
 21
4.25
 31
0.0
  0
INSERT
  5
716
330
711
100
AcDbEntity
  8
A-COTAS
 62
3
100
AcDbBlockReference
  2
_ARCHTICK
 10
18.5
 20
4.15
 30
0.0
 41
0.06
 42
0.06
 50
90.0
  0
INSERT
  5
718
330
711
100
AcDbEntity
  8
A-COTAS
 62
3
100
AcDbBlockReference
  2
_ARCHTICK
 10
18.5
 20
4.25
 30
0.0
 41
0.06
 42
0.06
 50
270.0
  0
LINE
  5
71A
330
711
100
AcDbEntity
  8
0
 62
3
100
AcDbLine
 10
18.5
 20
4.15
 30
0.0
 11
18.5
 21
4.25
 31
0.0
  0
MTEXT
  5
71B
330
711
100
AcDbEntity
  8
A-COTAS
 62
7
100
AcDbMText
 10
18.365
 20
4.2
 30
0.0
 40
0.11
 71
5
  1
0,1
  7
A-TEXTO
 50
90.0
  0
POINT
  5
71C
330
711
100
AcDbEntity
  8
Defpoints
100
AcDbPoint
 10
18.5
 20
4.15
 30
0.0
  0
POINT
  5
71D
330
711
100
AcDbEntity
  8
Defpoints
100
AcDbPoint
 10
17.9
 20
4.15
 30
0.0
  0
POINT
  5
71E
330
711
100
AcDbEntity
  8
Defpoints
100
AcDbPoint
 10
17.9
 20
4.25
 30
0.0
  0
ENDBLK
  5
713
330
711
100
AcDbEntity
  8
0
100
AcDbBlockEnd
  0
BLOCK
  5
721
330
720
100
AcDbEntity
  8
0
100
AcDbBlockBegin
  2
*D17
 70
1
 10
0.0
 20
0.0
 30
0.0
  3
*D17
  1

  0
LINE
  5
723
330
720
100
AcDbEntity
  8
0
 62
3
100
AcDbLine
 10
17.939999999999998
 20
4.25
 30
0.0
 11
18.55
 21
4.25
 31
0.0
  0
LINE
  5
724
330
720
100
AcDbEntity
  8
0
 62
3
100
AcDbLine
 10
17.939999999999998
 20
5.8
 30
0.0
 11
18.55
 21
5.8
 31
0.0
  0
INSERT
  5
725
330
720
100
AcDbEntity
  8
A-COTAS
 62
3
100
AcDbBlockReference
  2
_ARCHTICK
 10
18.5
 20
4.25
 30
0.0
 41
0.06
 42
0.06
 50
270.0
  0
INSERT
  5
727
330
720
100
AcDbEntity
  8
A-COTAS
 62
3
100
AcDbBlockReference
  2
_ARCHTICK
 10
18.5
 20
5.8
 30
0.0
 41
0.06
 42
0.06
 50
90.0
  0
LINE
  5
729
330
720
100
AcDbEntity
  8
0
 62
3
100
AcDbLine
 10
18.5
 20
4.25
 30
0.0
 11
18.5
 21
5.8
 31
0.0
  0
MTEXT
  5
72A
330
720
100
AcDbEntity
  8
A-COTAS
 62
7
100
AcDbMText
 10
18.415
 20
5.025
 30
0.0
 40
0.11
 71
5
  1
1,55
  7
A-TEXTO
 50
90.0
  0
POINT
  5
72B
330
720
100
AcDbEntity
  8
Defpoints
100
AcDbPoint
 10
18.5
 20
4.25
 30
0.0
  0
POINT
  5
72C
330
720
100
AcDbEntity
  8
Defpoints
100
AcDbPoint
 10
17.9
 20
4.25
 30
0.0
  0
POINT
  5
72D
330
720
100
AcDbEntity
  8
Defpoints
100
AcDbPoint
 10
17.9
 20
5.8
 30
0.0
  0
ENDBLK
  5
722
330
720
100
AcDbEntity
  8
0
100
AcDbBlockEnd
  0
ENDSEC
  0
SECTION
  2
ENTITIES
  0
HATCH
  5
4E
330
17
100
AcDbEntity
  8
A-POCHE
100
AcDbHatch
 10
0.0
 20
0.0
 30
0.0
210
0.0
220
0.0
230
1.0
  2
SOLID
 70
1
 71
0
 91
5
 92
3
 72
0
 73
1
 93
8
 10
3.0
 20
5.8
 10
3.0
 20
5.6
 10
0.2
 20
5.6
 10
0.2
 20
0.2
 10
4.8
 20
0.2
 10
4.8
 20
0.0
 10
0.0
 20
0.0
 10
0.0
 20
5.8
 97
0
 92
3
 72
0
 73
1
 93
4
 10
8.6
 20
5.8
 10
8.6
 20
5.6
 10
4.8
 20
5.6
 10
4.8
 20
5.8
 97
0
 92
3
 72
0
 73
1
 93
11
 10
13.7
 20
5.8
 10
17.9
 20
5.8
 10
17.9
 20
0.0
 10
17.7
 20
0.0
 10
17.7
 20
5.6
 10
13.7
 20
5.6
 10
13.7
 20
1.62
 10
13.5
 20
1.62
 10
13.5
 20
5.6
 10
9.4
 20
5.6
 10
9.4
 20
5.8
 97
0
 92
3
 72
0
 73
1
 93
6
 10
13.7
 20
0.0
 10
9.3
 20
0.0
 10
9.3
 20
0.2
 10
13.5
 20
0.2
 10
13.5
 20
0.8
 10
13.7
 20
0.8
 97
0
 92
3
 72
0
 73
1
 93
4
 10
5.7
 20
0.0
 10
5.7
 20
0.2
 10
8.5
 20
0.2
 10
8.5
 20
0.0
 97
0
 75
0
 76
1
 98
0
  0
HATCH
  5
4F
330
17
100
AcDbEntity
  8
A-POCHE
100
AcDbHatch
 10
0.0
 20
0.0
 30
0.0
210
0.0
220
0.0
230
1.0
  2
SOLID
 70
1
 71
0
 91
5
 92
3
 72
0
 73
1
 93
4
 10
13.33
 20
1.8
 10
13.33
 20
1.9
 10
13.4
 20
1.9
 10
13.4
 20
1.8
 97
0
 92
3
 72
0
 73
1
 93
19
 10
11.7
 20
1.8
 10
11.7
 20
1.9
 10
12.3
 20
1.9
 10
12.3
 20
4.4
 10
9.5
 20
4.4
 10
9.5
 20
4.5
 10
9.5
 20
4.6
 10
9.6
 20
4.6
 10
9.6
 20
4.5
 10
12.3
 20
4.5
 10
12.4
 20
4.5
 10
12.4
 20
4.4
 10
12.4
 20
3.9
 10
13.4
 20
3.9
 10
13.4
 20
3.8
 10
12.4
 20
3.8
 10
12.4
 20
1.9
 10
12.6
 20
1.9
 10
12.6
 20
1.8
 97
0
 92
3
 72
0
 73
1
 93
4
 10
9.5
 20
5.5
 10
9.6
 20
5.5
 10
9.6
 20
5.4
 10
9.5
 20
5.4
 97
0
 92
3
 72
0
 73
1
 93
4
 10
13.9
 20
4.25
 10
13.9
 20
4.15
 10
13.7
 20
4.15
 10
13.7
 20
4.25
 97
0
 92
3
 72
0
 73
1
 93
4
 10
17.7
 20
4.25
 10
17.7
 20
4.15
 10
14.7
 20
4.15
 10
14.7
 20
4.25
 97
0
 75
0
 76
1
 98
0
  0
LWPOLYLINE
  5
50
330
17
100
AcDbEntity
  8
A-MURO-BLOQUE
100
AcDbPolyline
 90
8
 70
1
 10
3.0
 20
5.8
 10
3.0
 20
5.6
 10
0.2
 20
5.6
 10
0.2
 20
0.2
 10
4.8
 20
0.2
 10
4.8
 20
0.0
 10
0.0
 20
0.0
 10
0.0
 20
5.8
  0
LWPOLYLINE
  5
51
330
17
100
AcDbEntity
  8
A-MURO-BLOQUE
100
AcDbPolyline
 90
4
 70
1
 10
8.6
 20
5.8
 10
8.6
 20
5.6
 10
4.8
 20
5.6
 10
4.8
 20
5.8
  0
LWPOLYLINE
  5
52
330
17
100
AcDbEntity
  8
A-MURO-BLOQUE
100
AcDbPolyline
 90
11
 70
1
 10
13.7
 20
5.8
 10
17.9
 20
5.8
 10
17.9
 20
0.0
 10
17.7
 20
0.0
 10
17.7
 20
5.6
 10
13.7
 20
5.6
 10
13.7
 20
1.62
 10
13.5
 20
1.62
 10
13.5
 20
5.6
 10
9.4
 20
5.6
 10
9.4
 20
5.8
  0
LWPOLYLINE
  5
53
330
17
100
AcDbEntity
  8
A-MURO-BLOQUE
100
AcDbPolyline
 90
6
 70
1
 10
13.7
 20
0.0
 10
9.3
 20
0.0
 10
9.3
 20
0.2
 10
13.5
 20
0.2
 10
13.5
 20
0.8
 10
13.7
 20
0.8
  0
LWPOLYLINE
  5
54
330
17
100
AcDbEntity
  8
A-MURO-BLOQUE
100
AcDbPolyline
 90
4
 70
1
 10
5.7
 20
0.0
 10
5.7
 20
0.2
 10
8.5
 20
0.2
 10
8.5
 20
0.0
  0
LWPOLYLINE
  5
55
330
17
100
AcDbEntity
  8
A-MURO-TRASDOSADO
100
AcDbPolyline
 90
8
 70
1
 10
0.2
 20
5.6
 10
3.0
 20
5.6
 10
3.0
 20
5.5
 10
0.3
 20
5.5
 10
0.3
 20
0.3
 10
4.8
 20
0.3
 10
4.8
 20
0.2
 10
0.2
 20
0.2
  0
LWPOLYLINE
  5
56
330
17
100
AcDbEntity
  8
A-MURO-TRASDOSADO
100
AcDbPolyline
 90
4
 70
1
 10
8.6
 20
5.6
 10
8.6
 20
5.5
 10
4.8
 20
5.5
 10
4.8
 20
5.6
  0
LWPOLYLINE
  5
57
330
17
100
AcDbEntity
  8
A-MURO-TRASDOSADO
100
AcDbPolyline
 90
6
 70
1
 10
13.5
 20
5.6
 10
13.5
 20
1.62
 10
13.4
 20
1.62
 10
13.4
 20
5.5
 10
9.4
 20
5.5
 10
9.4
 20
5.6
  0
LWPOLYLINE
  5
58
330
17
100
AcDbEntity
  8
A-MURO-TRASDOSADO
100
AcDbPolyline
 90
6
 70
1
 10
13.5
 20
0.2
 10
9.3
 20
0.2
 10
9.3
 20
0.3
 10
13.4
 20
0.3
 10
13.4
 20
0.8
 10
13.5
 20
0.8
  0
LWPOLYLINE
  5
59
330
17
100
AcDbEntity
  8
A-MURO-TRASDOSADO
100
AcDbPolyline
 90
4
 70
1
 10
5.7
 20
0.2
 10
5.7
 20
0.3
 10
8.5
 20
0.3
 10
8.5
 20
0.2
  0
LWPOLYLINE
  5
5A
330
17
100
AcDbEntity
  8
A-TABIQUE
100
AcDbPolyline
 90
4
 70
1
 10
13.33
 20
1.8
 10
13.33
 20
1.9
 10
13.4
 20
1.9
 10
13.4
 20
1.8
  0
LWPOLYLINE
  5
5B
330
17
100
AcDbEntity
  8
A-TABIQUE
100
AcDbPolyline
 90
19
 70
1
 10
11.7
 20
1.8
 10
11.7
 20
1.9
 10
12.3
 20
1.9
 10
12.3
 20
4.4
 10
9.5
 20
4.4
 10
9.5
 20
4.5
 10
9.5
 20
4.6
 10
9.6
 20
4.6
 10
9.6
 20
4.5
 10
12.3
 20
4.5
 10
12.4
 20
4.5
 10
12.4
 20
4.4
 10
12.4
 20
3.9
 10
13.4
 20
3.9
 10
13.4
 20
3.8
 10
12.4
 20
3.8
 10
12.4
 20
1.9
 10
12.6
 20
1.9
 10
12.6
 20
1.8
  0
LWPOLYLINE
  5
5C
330
17
100
AcDbEntity
  8
A-TABIQUE
100
AcDbPolyline
 90
4
 70
1
 10
9.5
 20
5.5
 10
9.6
 20
5.5
 10
9.6
 20
5.4
 10
9.5
 20
5.4
  0
LWPOLYLINE
  5
5D
330
17
100
AcDbEntity
  8
A-TABIQUE
100
AcDbPolyline
 90
4
 70
1
 10
13.9
 20
4.25
 10
13.9
 20
4.15
 10
13.7
 20
4.15
 10
13.7
 20
4.25
  0
LWPOLYLINE
  5
5E
330
17
100
AcDbEntity
  8
A-TABIQUE
100
AcDbPolyline
 90
4
 70
1
 10
17.7
 20
4.25
 10
17.7
 20
4.15
 10
14.7
 20
4.15
 10
14.7
 20
4.25
  0
LWPOLYLINE
  5
5F
330
17
100
AcDbEntity
  8
A-CARPINTERIA
100
AcDbPolyline
 90
4
 70
1
 10
4.78
 20
0.3
 10
4.78
 20
1.2
 10
4.82
 20
1.2
 10
4.82
 20
0.3
  0
ARC
  5
60
330
17
100
AcDbEntity
  8
A-CARPINTERIA
100
AcDbCircle
 10
4.8
 20
0.3
 30
0.0
 40
0.9
100
AcDbArc
 50
0.0
 51
90.0
  0
LINE
  5
61
330
17
100
AcDbEntity
  8
A-CARPINTERIA
100
AcDbLine
 10
8.5
 20
0.12
 30
0.0
 11
9.3
 21
0.12
 31
0.0
  0
LINE
  5
62
330
17
100
AcDbEntity
  8
A-CARPINTERIA
100
AcDbLine
 10
8.5
 20
0.18
 30
0.0
 11
9.3
 21
0.18
 31
0.0
  0
LINE
  5
63
330
17
100
AcDbEntity
  8
A-CARPINTERIA
100
AcDbLine
 10
8.45
 20
-0.03
 30
0.0
 11
9.35
 21
-0.03
 31
0.0
  0
LINE
  5
64
330
17
100
AcDbEntity
  8
A-CARPINTERIA
100
AcDbLine
 10
3.0
 20
5.62
 30
0.0
 11
4.8
 21
5.62
 31
0.0
  0
LINE
  5
65
330
17
100
AcDbEntity
  8
A-CARPINTERIA
100
AcDbLine
 10
3.0
 20
5.68
 30
0.0
 11
4.8
 21
5.68
 31
0.0
  0
LINE
  5
66
330
17
100
AcDbEntity
  8
A-CARPINTERIA
100
AcDbLine
 10
2.95
 20
5.83
 30
0.0
 11
4.85
 21
5.83
 31
0.0
  0
LWPOLYLINE
  5
67
330
17
100
AcDbEntity
  8
A-CARPINTERIA
100
AcDbPolyline
 90
4
 70
1
 10
9.42
 20
5.5
 10
9.42
 20
4.7
 10
9.38
 20
4.7
 10
9.38
 20
5.5
  0
ARC
  5
68
330
17
100
AcDbEntity
  8
A-CARPINTERIA
100
AcDbCircle
 10
9.4
 20
5.5
 30
0.0
 40
0.8
100
AcDbArc
 50
180.0
 51
270.0
  0
LWPOLYLINE
  5
69
330
17
100
AcDbEntity
  8
A-CARPINTERIA
100
AcDbPolyline
 90
4
 70
1
 10
9.6
 20
5.42
 10
10.4
 20
5.42
 10
10.4
 20
5.38
 10
9.6
 20
5.38
  0
ARC
  5
6A
330
17
100
AcDbEntity
  8
A-CARPINTERIA
100
AcDbCircle
 10
9.6
 20
5.4
 30
0.0
 40
0.8
100
AcDbArc
 50
270.0
 51
360.0
  0
LWPOLYLINE
  5
6B
330
17
100
AcDbEntity
  8
A-CARPINTERIA
100
AcDbPolyline
 90
4
 70
1
 10
13.7
 20
0.82
 10
14.52
 20
0.82
 10
14.52
 20
0.78
 10
13.7
 20
0.78
  0
ARC
  5
6C
330
17
100
AcDbEntity
  8
A-CARPINTERIA
100
AcDbCircle
 10
13.7
 20
0.8
 30
0.0
 40
0.8200000000000001
100
AcDbArc
 50
0.0
 51
90.0
  0
LWPOLYLINE
  5
6D
330
17
100
AcDbEntity
  8
A-CARPINTERIA
100
AcDbPolyline
 90
4
 70
1
 10
13.88
 20
4.25
 10
13.88
 20
5.05
 10
13.92
 20
5.05
 10
13.92
 20
4.25
  0
ARC
  5
6E
330
17
100
AcDbEntity
  8
A-CARPINTERIA
100
AcDbCircle
 10
13.9
 20
4.25
 30
0.0
 40
0.8
100
AcDbArc
 50
0.0
 51
90.0
  0
LWPOLYLINE
  5
6F
330
17
100
AcDbEntity
  8
A-CARPINTERIA
  6
OCULTA
100
AcDbPolyline
 90
4
 70
1
 10
11.87
 20
1.83
 10
12.62
 20
1.83
 10
12.62
 20
1.87
 10
11.87
 20
1.87
  0
LINE
  5
70
330
17
100
AcDbEntity
  8
A-CARPINTERIA
  6
OCULTA
100
AcDbLine
 10
12.62
 20
1.85
 30
0.0
 11
13.33
 21
1.85
 31
0.0
  0
LWPOLYLINE
  5
71
330
17
100
AcDbEntity
  8
A-CARPINTERIA
100
AcDbPolyline
 90
4
 70
1
 10
13.9
 20
0.08
 10
17.5
 20
0.08
 10
17.5
 20
0.12
 10
13.9
 20
0.12
  0
TEXT
  5
72
330
17
100
AcDbEntity
  8
A-TEXTO
100
AcDbText
 10
15.7
 20
-0.14
 30
0.0
 40
0.09
  1
PUERTA SECCIONAL
  7
A-TEXTO
 72
1
 11
15.7
 21
-0.14
 31
0.0
100
AcDbText
 73
2
  0
LINE
  5
73
330
17
100
AcDbEntity
  8
A-ESCALERA
100
AcDbLine
 10
11.1
 20
4.5
 30
0.0
 11
11.1
 21
5.5
 31
0.0
  0
LINE
  5
74
330
17
100
AcDbEntity
  8
A-ESCALERA
100
AcDbLine
 10
11.36
 20
4.5
 30
0.0
 11
11.36
 21
5.5
 31
0.0
  0
LINE
  5
75
330
17
100
AcDbEntity
  8
A-ESCALERA
100
AcDbLine
 10
11.62
 20
4.5
 30
0.0
 11
11.62
 21
5.5
 31
0.0
  0
LINE
  5
76
330
17
100
AcDbEntity
  8
A-ESCALERA
100
AcDbLine
 10
11.88
 20
4.5
 30
0.0
 11
11.88
 21
5.5
 31
0.0
  0
LINE
  5
77
330
17
100
AcDbEntity
  8
A-ESCALERA
100
AcDbLine
 10
12.14
 20
4.5
 30
0.0
 11
12.14
 21
5.5
 31
0.0
  0
LINE
  5
78
330
17
100
AcDbEntity
  8
A-ESCALERA
100
AcDbLine
 10
12.4
 20
4.5
 30
0.0
 11
12.4
 21
5.5
 31
0.0
  0
LINE
  5
79
330
17
100
AcDbEntity
  8
A-ESCALERA
100
AcDbLine
 10
12.4
 20
4.5
 30
0.0
 11
12.81
 21
5.5
 31
0.0
  0
LINE
  5
7A
330
17
100
AcDbEntity
  8
A-ESCALERA
100
AcDbLine
 10
12.4
 20
4.5
 30
0.0
 11
13.4
 21
5.5
 31
0.0
  0
LINE
  5
7B
330
17
100
AcDbEntity
  8
A-ESCALERA
100
AcDbLine
 10
12.4
 20
4.5
 30
0.0
 11
13.4
 21
4.91
 31
0.0
  0
LINE
  5
7C
330
17
100
AcDbEntity
  8
A-ESCALERA
100
AcDbLine
 10
12.4
 20
4.5
 30
0.0
 11
13.4
 21
4.5
 31
0.0
  0
LINE
  5
7D
330
17
100
AcDbEntity
  8
A-ESCALERA
100
AcDbLine
 10
12.4
 20
4.24
 30
0.0
 11
13.4
 21
4.24
 31
0.0
  0
LINE
  5
7E
330
17
100
AcDbEntity
  8
A-ESCALERA
100
AcDbLine
 10
12.4
 20
3.98
 30
0.0
 11
13.4
 21
3.98
 31
0.0
  0
LINE
  5
7F
330
17
100
AcDbEntity
  8
A-ESCALERA-OCULTA
100
AcDbLine
 10
12.4
 20
3.72
 30
0.0
 11
13.4
 21
3.72
 31
0.0
  0
LINE
  5
80
330
17
100
AcDbEntity
  8
A-ESCALERA-OCULTA
100
AcDbLine
 10
12.4
 20
3.46
 30
0.0
 11
13.4
 21
3.46
 31
0.0
  0
LINE
  5
81
330
17
100
AcDbEntity
  8
A-ESCALERA-OCULTA
100
AcDbLine
 10
12.4
 20
3.2
 30
0.0
 11
13.4
 21
3.2
 31
0.0
  0
LINE
  5
82
330
17
100
AcDbEntity
  8
A-ESCALERA-OCULTA
100
AcDbLine
 10
12.4
 20
2.94
 30
0.0
 11
13.4
 21
2.94
 31
0.0
  0
LINE
  5
83
330
17
100
AcDbEntity
  8
A-ESCALERA-OCULTA
100
AcDbLine
 10
12.4
 20
2.68
 30
0.0
 11
13.4
 21
2.68
 31
0.0
  0
LINE
  5
84
330
17
100
AcDbEntity
  8
A-ESCALERA-OCULTA
100
AcDbLine
 10
12.4
 20
3.9
 30
0.0
 11
12.4
 21
2.68
 31
0.0
  0
LWPOLYLINE
  5
85
330
17
100
AcDbEntity
  8
A-ESCALERA
100
AcDbPolyline
 90
6
 70
0
 10
12.32
 20
4.02
 10
12.82
 20
4.14
 10
12.86
 20
4.24
 10
12.94
 20
4.04
 10
12.98
 20
4.14
 10
13.48
 20
4.26
  0
CIRCLE
  5
86
330
17
100
AcDbEntity
  8
A-ESCALERA
100
AcDbCircle
 10
11.23
 20
5.0
 30
0.0
 40
0.05
  0
LWPOLYLINE
  5
87
330
17
100
AcDbEntity
  8
A-ESCALERA
100
AcDbPolyline
 90
3
 70
0
 10
11.28
 20
5.0
 10
12.9
 20
5.0
 10
12.9
 20
4.1
  0
LWPOLYLINE
  5
88
330
17
100
AcDbEntity
  8
A-ESCALERA
100
AcDbPolyline
 90
3
 70
0
 10
12.82
 20
4.24
 10
12.9
 20
4.1
 10
12.98
 20
4.24
  0
TEXT
  5
89
330
17
100
AcDbEntity
  8
A-ESCALERA
100
AcDbText
 10
11.75
 20
4.85
 30
0.0
 40
0.1
  1
SUBE
  7
A-TEXTO
 72
1
 11
11.75
 21
4.85
 31
0.0
100
AcDbText
 73
2
  0
LWPOLYLINE
  5
8A
330
17
100
AcDbEntity
  8
A-ESCALERA
100
AcDbPolyline
 90
5
 70
1
 10
0.3
 20
5.5
 10
1.55
 20
5.5
 10
1.55
 20
5.15
 10
0.95
 20
4.25
 10
0.3
 20
4.25
  0
TEXT
  5
8B
330
17
100
AcDbEntity
  8
A-TEXTO
100
AcDbText
 10
0.82
 20
4.8
 30
0.0
 40
0.1
  1
CHIMENEA
  7
A-TEXTO
 72
1
 11
0.82
 21
4.8
 31
0.0
100
AcDbText
 73
2
  0
LWPOLYLINE
  5
8C
330
17
100
AcDbEntity
  8
A-MOBILIARIO
100
AcDbPolyline
 90
4
 70
1
 10
0.3
 20
1.75
 10
0.75
 20
1.75
 10
0.75
 20
3.55
 10
0.3
 20
3.55
  0
LWPOLYLINE
  5
8D
330
17
100
AcDbEntity
  8
A-MOBILIARIO
100
AcDbPolyline
 90
4
 70
1
 10
0.7
 20
2.0
 10
0.76
 20
2.0
 10
0.76
 20
3.3
 10
0.7
 20
3.3
  0
TEXT
  5
8E
330
17
100
AcDbEntity
  8
A-TEXTO
100
AcDbText
 10
0.52
 20
2.65
 30
0.0
 40
0.1
  1
TV
 50
90.0
  7
A-TEXTO
 72
1
 11
0.52
 21
2.65
 31
0.0
100
AcDbText
 73
2
  0
LWPOLYLINE
  5
8F
330
17
100
AcDbEntity
  8
A-MOBILIARIO
  6
OCULTA
100
AcDbPolyline
 90
4
 70
1
 10
1.2
 20
1.1
 10
4.0
 20
1.1
 10
4.0
 20
3.85
 10
1.2
 20
3.85
  0
LWPOLYLINE
  5
90
330
17
100
AcDbEntity
  8
A-MOBILIARIO
100
AcDbPolyline
 90
7
 70
1
 10
1.8
 20
0.6
 10
1.8
 20
1.5
 10
3.4
 20
1.5
 10
3.4
 20
3.4
 10
4.3
 20
3.4
 10
4.3
 20
0.6
 10
3.4
 20
0.6
  0
LWPOLYLINE
  5
91
330
17
100
AcDbEntity
  8
A-MOBILIARIO
100
AcDbPolyline
 90
3
 70
0
 10
4.1
 20
3.4
 10
4.1
 20
0.8
 10
1.8
 20
0.8
  0
LWPOLYLINE
  5
92
330
17
100
AcDbEntity
  8
A-MOBILIARIO
100
AcDbPolyline
 90
2
 70
0
 10
3.4
 20
3.2
 10
4.1
 20
3.2
  0
LWPOLYLINE
  5
93
330
17
100
AcDbEntity
  8
A-MOBILIARIO
100
AcDbPolyline
 90
2
 70
0
 10
2.0
 20
0.8
 10
2.0
 20
1.5
  0
LINE
  5
94
330
17
100
AcDbEntity
  8
A-MOBILIARIO
100
AcDbLine
 10
3.4
 20
1.4
 30
0.0
 11
4.1
 21
1.4
 31
0.0
  0
LINE
  5
95
330
17
100
AcDbEntity
  8
A-MOBILIARIO
100
AcDbLine
 10
3.4
 20
2.3
 30
0.0
 11
4.1
 21
2.3
 31
0.0
  0
LINE
  5
96
330
17
100
AcDbEntity
  8
A-MOBILIARIO
100
AcDbLine
 10
2.6
 20
0.8
 30
0.0
 11
2.6
 21
1.5
 31
0.0
  0
LWPOLYLINE
  5
97
330
17
100
AcDbEntity
  8
A-MOBILIARIO
100
AcDbPolyline
 90
4
 70
1
 10
2.25
 20
1.7
 10
2.85
 20
1.7
 10
2.85
 20
2.9
 10
2.25
 20
2.9
  0
LWPOLYLINE
  5
98
330
17
100
AcDbEntity
  8
A-MOBILIARIO
100
AcDbPolyline
 90
4
 70
1
 10
3.0071
 20
4.4518
 10
2.5482
 20
5.1071
 10
1.8929
 20
4.6482
 10
2.3518
 20
3.9929
  0
LWPOLYLINE
  5
99
330
17
100
AcDbEntity
  8
A-MOBILIARIO
100
AcDbPolyline
 90
4
 70
1
 10
2.64
 20
4.976
 10
2.5482
 20
5.1071
 10
1.8929
 20
4.6482
 10
1.9847
 20
4.5172
  0
LWPOLYLINE
  5
9A
330
17
100
AcDbEntity
  8
A-MOBILIARIO
100
AcDbPolyline
 90
4
 70
1
 10
2.4501
 20
4.0617
 10
2.083
 20
4.586
 10
1.9847
 20
4.5172
 10
2.3518
 20
3.9929
  0
LWPOLYLINE
  5
9B
330
17
100
AcDbEntity
  8
A-MOBILIARIO
100
AcDbPolyline
 90
4
 70
1
 10
3.0071
 20
4.4518
 10
2.64
 20
4.976
 10
2.5417
 20
4.9072
 10
2.9088
 20
4.3829
  0
LWPOLYLINE
  5
9C
330
17
100
AcDbEntity
  8
A-MOBILIARIO
100
AcDbPolyline
 90
4
 70
1
 10
4.35
 20
0.9
 10
4.65
 20
0.9
 10
4.65
 20
2.7
 10
4.35
 20
2.7
  0
TEXT
  5
9D
330
17
100
AcDbEntity
  8
A-TEXTO
100
AcDbText
 10
4.5
 20
1.8
 30
0.0
 40
0.08
  1
CONSOLA
 50
90.0
  7
A-TEXTO
 72
1
 11
4.5
 21
1.8
 31
0.0
100
AcDbText
 73
2
  0
LWPOLYLINE
  5
9E
330
17
100
AcDbEntity
  8
A-MOBILIARIO
100
AcDbPolyline
 90
4
 70
1
 10
5.8
 20
0.3
 10
7.2
 20
0.3
 10
7.2
 20
0.9
 10
5.8
 20
0.9
  0
LINE
  5
9F
330
17
100
AcDbEntity
  8
A-MOBILIARIO
100
AcDbLine
 10
6.5
 20
0.3
 30
0.0
 11
6.5
 21
0.9
 31
0.0
  0
LINE
  5
A0
330
17
100
AcDbEntity
  8
A-MOBILIARIO
  6
OCULTA
100
AcDbLine
 10
5.85
 20
0.6
 30
0.0
 11
7.15
 21
0.6
 31
0.0
  0
TEXT
  5
A1
330
17
100
AcDbEntity
  8
A-TEXTO
100
AcDbText
 10
6.5
 20
0.48
 30
0.0
 40
0.08
  1
ARMARIO
  7
A-TEXTO
 72
1
 11
6.5
 21
0.48
 31
0.0
100
AcDbText
 73
2
  0
LWPOLYLINE
  5
A2
330
17
100
AcDbEntity
  8
A-MOBILIARIO
100
AcDbPolyline
 90
4
 70
1
 10
5.8
 20
3.3
 10
8.2
 20
3.3
 10
8.2
 20
4.3
 10
5.8
 20
4.3
  0
LWPOLYLINE
  5
A3
330
17
100
AcDbEntity
  8
A-MOBILIARIO
100
AcDbPolyline
 90
4
 70
1
 10
5.88
 20
4.84
 10
5.88
 20
4.4
 10
6.32
 20
4.4
 10
6.32
 20
4.84
  0
LWPOLYLINE
  5
A4
330
17
100
AcDbEntity
  8
A-MOBILIARIO
100
AcDbPolyline
 90
4
 70
1
 10
5.88
 20
4.88
 10
5.88
 20
4.81
 10
6.32
 20
4.81
 10
6.32
 20
4.88
  0
LWPOLYLINE
  5
A5
330
17
100
AcDbEntity
  8
A-MOBILIARIO
100
AcDbPolyline
 90
4
 70
1
 10
6.32
 20
2.76
 10
6.32
 20
3.2
 10
5.88
 20
3.2
 10
5.88
 20
2.76
  0
LWPOLYLINE
  5
A6
330
17
100
AcDbEntity
  8
A-MOBILIARIO
100
AcDbPolyline
 90
4
 70
1
 10
6.32
 20
2.72
 10
6.32
 20
2.79
 10
5.88
 20
2.79
 10
5.88
 20
2.72
  0
LWPOLYLINE
  5
A7
330
17
100
AcDbEntity
  8
A-MOBILIARIO
100
AcDbPolyline
 90
4
 70
1
 10
6.48
 20
4.84
 10
6.48
 20
4.4
 10
6.92
 20
4.4
 10
6.92
 20
4.84
  0
LWPOLYLINE
  5
A8
330
17
100
AcDbEntity
  8
A-MOBILIARIO
100
AcDbPolyline
 90
4
 70
1
 10
6.48
 20
4.88
 10
6.48
 20
4.81
 10
6.92
 20
4.81
 10
6.92
 20
4.88
  0
LWPOLYLINE
  5
A9
330
17
100
AcDbEntity
  8
A-MOBILIARIO
100
AcDbPolyline
 90
4
 70
1
 10
6.92
 20
2.76
 10
6.92
 20
3.2
 10
6.48
 20
3.2
 10
6.48
 20
2.76
  0
LWPOLYLINE
  5
AA
330
17
100
AcDbEntity
  8
A-MOBILIARIO
100
AcDbPolyline
 90
4
 70
1
 10
6.92
 20
2.72
 10
6.92
 20
2.79
 10
6.48
 20
2.79
 10
6.48
 20
2.72
  0
LWPOLYLINE
  5
AB
330
17
100
AcDbEntity
  8
A-MOBILIARIO
100
AcDbPolyline
 90
4
 70
1
 10
7.08
 20
4.84
 10
7.08
 20
4.4
 10
7.52
 20
4.4
 10
7.52
 20
4.84
  0
LWPOLYLINE
  5
AC
330
17
100
AcDbEntity
  8
A-MOBILIARIO
100
AcDbPolyline
 90
4
 70
1
 10
7.08
 20
4.88
 10
7.08
 20
4.81
 10
7.52
 20
4.81
 10
7.52
 20
4.88
  0
LWPOLYLINE
  5
AD
330
17
100
AcDbEntity
  8
A-MOBILIARIO
100
AcDbPolyline
 90
4
 70
1
 10
7.52
 20
2.76
 10
7.52
 20
3.2
 10
7.08
 20
3.2
 10
7.08
 20
2.76
  0
LWPOLYLINE
  5
AE
330
17
100
AcDbEntity
  8
A-MOBILIARIO
100
AcDbPolyline
 90
4
 70
1
 10
7.52
 20
2.72
 10
7.52
 20
2.79
 10
7.08
 20
2.79
 10
7.08
 20
2.72
  0
LWPOLYLINE
  5
AF
330
17
100
AcDbEntity
  8
A-MOBILIARIO
100
AcDbPolyline
 90
4
 70
1
 10
7.68
 20
4.84
 10
7.68
 20
4.4
 10
8.12
 20
4.4
 10
8.12
 20
4.84
  0
LWPOLYLINE
  5
B0
330
17
100
AcDbEntity
  8
A-MOBILIARIO
100
AcDbPolyline
 90
4
 70
1
 10
7.68
 20
4.88
 10
7.68
 20
4.81
 10
8.12
 20
4.81
 10
8.12
 20
4.88
  0
LWPOLYLINE
  5
B1
330
17
100
AcDbEntity
  8
A-MOBILIARIO
100
AcDbPolyline
 90
4
 70
1
 10
8.12
 20
2.76
 10
8.12
 20
3.2
 10
7.68
 20
3.2
 10
7.68
 20
2.76
  0
LWPOLYLINE
  5
B2
330
17
100
AcDbEntity
  8
A-MOBILIARIO
100
AcDbPolyline
 90
4
 70
1
 10
8.12
 20
2.72
 10
8.12
 20
2.79
 10
7.68
 20
2.79
 10
7.68
 20
2.72
  0
INSERT
  5
31D
330
17
100
AcDbEntity
  8
0
100
AcDbBlockReference
  2
VEG_Kentia_PLANTA
 10
1.0
 20
1.0
 30
0.0
  0
INSERT
  5
4B9
330
17
100
AcDbEntity
  8
0
100
AcDbBlockReference
  2
VEG_Monstera_PLANTA
 10
4.45
 20
4.92
 30
0.0
  0
INSERT
  5
4FC
330
17
100
AcDbEntity
  8
0
100
AcDbBlockReference
  2
VEG_Sansevieria_PLANTA
 10
4.5
 20
2.95
 30
0.0
  0
INSERT
  5
5DA
330
17
100
AcDbEntity
  8
0
100
AcDbBlockReference
  2
VEG_Pilea_PLANTA
 10
7.0
 20
3.8
 30
0.0
  0
LWPOLYLINE
  5
5DC
330
17
100
AcDbEntity
  8
A-COCINA
100
AcDbPolyline
 90
4
 70
1
 10
7.2
 20
0.3
 10
11.7
 20
0.3
 10
11.7
 20
0.9
 10
7.2
 20
0.9
  0
LINE
  5
5DD
330
17
100
AcDbEntity
  8
A-COCINA
  6
OCULTA
100
AcDbLine
 10
7.8
 20
0.3
 30
0.0
 11
7.8
 21
0.9
 31
0.0
  0
LINE
  5
5DE
330
17
100
AcDbEntity
  8
A-COCINA
  6
OCULTA
100
AcDbLine
 10
8.4
 20
0.3
 30
0.0
 11
8.4
 21
0.9
 31
0.0
  0
LINE
  5
5DF
330
17
100
AcDbEntity
  8
A-COCINA
  6
OCULTA
100
AcDbLine
 10
9.4
 20
0.3
 30
0.0
 11
9.4
 21
0.9
 31
0.0
  0
LINE
  5
5E0
330
17
100
AcDbEntity
  8
A-COCINA
  6
OCULTA
100
AcDbLine
 10
10.0
 20
0.3
 30
0.0
 11
10.0
 21
0.9
 31
0.0
  0
LINE
  5
5E1
330
17
100
AcDbEntity
  8
A-COCINA
  6
OCULTA
100
AcDbLine
 10
10.4
 20
0.3
 30
0.0
 11
10.4
 21
0.9
 31
0.0
  0
LINE
  5
5E2
330
17
100
AcDbEntity
  8
A-COCINA
  6
OCULTA
100
AcDbLine
 10
11.3
 20
0.3
 30
0.0
 11
11.3
 21
0.9
 31
0.0
  0
TEXT
  5
5E3
330
17
100
AcDbEntity
  8
A-TEXTO
100
AcDbText
 10
7.5
 20
0.6
 30
0.0
 40
0.07
  1
VINOTECA
 50
90.0
  7
A-TEXTO
 72
1
 11
7.5
 21
0.6
 31
0.0
100
AcDbText
 73
2
  0
LWPOLYLINE
  5
5E4
330
17
100
AcDbEntity
  8
A-COCINA
100
AcDbPolyline
 90
4
 70
1
 10
8.46
 20
0.36
 10
9.34
 20
0.36
 10
9.34
 20
0.84
 10
8.46
 20
0.84
  0
LWPOLYLINE
  5
5E5
330
17
100
AcDbEntity
  8
A-COCINA
100
AcDbPolyline
 90
4
 70
1
 10
8.52
 20
0.42
 10
8.96
 20
0.42
 10
8.96
 20
0.78
 10
8.52
 20
0.78
  0
LINE
  5
5E6
330
17
100
AcDbEntity
  8
A-COCINA
100
AcDbLine
 10
9.02
 20
0.48
 30
0.0
 11
9.28
 21
0.48
 31
0.0
  0
LINE
  5
5E7
330
17
100
AcDbEntity
  8
A-COCINA
100
AcDbLine
 10
9.02
 20
0.56
 30
0.0
 11
9.28
 21
0.56
 31
0.0
  0
LINE
  5
5E8
330
17
100
AcDbEntity
  8
A-COCINA
100
AcDbLine
 10
9.02
 20
0.64
 30
0.0
 11
9.28
 21
0.64
 31
0.0
  0
LINE
  5
5E9
330
17
100
AcDbEntity
  8
A-COCINA
100
AcDbLine
 10
9.02
 20
0.72
 30
0.0
 11
9.28
 21
0.72
 31
0.0
  0
CIRCLE
  5
5EA
330
17
100
AcDbEntity
  8
A-COCINA
100
AcDbCircle
 10
8.74
 20
0.81
 30
0.0
 40
0.025
  0
TEXT
  5
5EB
330
17
100
AcDbEntity
  8
A-TEXTO
100
AcDbText
 10
9.7
 20
0.6
 30
0.0
 40
0.09
  1
LV
  7
A-TEXTO
 72
1
 11
9.7
 21
0.6
 31
0.0
100
AcDbText
 73
2
  0
LWPOLYLINE
  5
5EC
330
17
100
AcDbEntity
  8
A-COCINA
100
AcDbPolyline
 90
4
 70
1
 10
10.42
 20
0.37
 10
11.28
 20
0.37
 10
11.28
 20
0.85
 10
10.42
 20
0.85
  0
CIRCLE
  5
5ED
330
17
100
AcDbEntity
  8
A-COCINA
100
AcDbCircle
 10
10.62
 20
0.5
 30
0.0
 40
0.08
  0
CIRCLE
  5
5EE
330
17
100
AcDbEntity
  8
A-COCINA
100
AcDbCircle
 10
10.62
 20
0.72
 30
0.0
 40
0.08
  0
CIRCLE
  5
5EF
330
17
100
AcDbEntity
  8
A-COCINA
100
AcDbCircle
 10
10.85
 20
0.61
 30
0.0
 40
0.11
  0
CIRCLE
  5
5F0
330
17
100
AcDbEntity
  8
A-COCINA
100
AcDbCircle
 10
11.1
 20
0.5
 30
0.0
 40
0.08
  0
CIRCLE
  5
5F1
330
17
100
AcDbEntity
  8
A-COCINA
100
AcDbCircle
 10
11.1
 20
0.72
 30
0.0
 40
0.08
  0
LWPOLYLINE
  5
5F2
330
17
100
AcDbEntity
  8
A-COCINA
100
AcDbPolyline
 90
4
 70
1
 10
8.8
 20
1.9
 10
10.8
 20
1.9
 10
10.8
 20
2.8
 10
8.8
 20
2.8
  0
LINE
  5
5F3
330
17
100
AcDbEntity
  8
A-COCINA
  6
OCULTA
100
AcDbLine
 10
8.8
 20
2.5
 30
0.0
 11
10.8
 21
2.5
 31
0.0
  0
CIRCLE
  5
5F4
330
17
100
AcDbEntity
  8
A-MOBILIARIO
100
AcDbCircle
 10
9.2
 20
3.02
 30
0.0
 40
0.19
  0
CIRCLE
  5
5F5
330
17
100
AcDbEntity
  8
A-MOBILIARIO
100
AcDbCircle
 10
9.8
 20
3.02
 30
0.0
 40
0.19
  0
CIRCLE
  5
5F6
330
17
100
AcDbEntity
  8
A-MOBILIARIO
100
AcDbCircle
 10
10.4
 20
3.02
 30
0.0
 40
0.19
  0
TEXT
  5
5F7
330
17
100
AcDbEntity
  8
A-TEXTO
100
AcDbText
 10
9.8
 20
2.2
 30
0.0
 40
0.1
  1
ISLA
  7
A-TEXTO
 72
1
 11
9.8
 21
2.2
 31
0.0
100
AcDbText
 73
2
  0
LWPOLYLINE
  5
5F8
330
17
100
AcDbEntity
  8
A-COCINA
100
AcDbPolyline
 90
4
 70
1
 10
11.7
 20
1.9
 10
12.3
 20
1.9
 10
12.3
 20
4.4
 10
11.7
 20
4.4
  0
LINE
  5
5F9
330
17
100
AcDbEntity
  8
A-COCINA
100
AcDbLine
 10
11.7
 20
2.6
 30
0.0
 11
12.3
 21
2.6
 31
0.0
  0
LINE
  5
5FA
330
17
100
AcDbEntity
  8
A-COCINA
100
AcDbLine
 10
11.7
 20
3.2
 30
0.0
 11
12.3
 21
3.2
 31
0.0
  0
LINE
  5
5FB
330
17
100
AcDbEntity
  8
A-COCINA
100
AcDbLine
 10
11.7
 20
3.8
 30
0.0
 11
12.3
 21
3.8
 31
0.0
  0
LINE
  5
5FC
330
17
100
AcDbEntity
  8
A-COCINA
  6
OCULTA
100
AcDbLine
 10
11.7
 20
1.9
 30
0.0
 11
12.3
 21
2.6
 31
0.0
  0
TEXT
  5
5FD
330
17
100
AcDbEntity
  8
A-TEXTO
100
AcDbText
 10
12.0
 20
2.25
 30
0.0
 40
0.07
  1
FRIGO
 50
90.0
  7
A-TEXTO
 72
1
 11
12.0
 21
2.25
 31
0.0
100
AcDbText
 73
2
  0
LINE
  5
5FE
330
17
100
AcDbEntity
  8
A-COCINA
  6
OCULTA
100
AcDbLine
 10
11.7
 20
2.6
 30
0.0
 11
12.3
 21
3.2
 31
0.0
  0
TEXT
  5
5FF
330
17
100
AcDbEntity
  8
A-TEXTO
100
AcDbText
 10
12.0
 20
2.9
 30
0.0
 40
0.07
  1
HORNO
 50
90.0
  7
A-TEXTO
 72
1
 11
12.0
 21
2.9
 31
0.0
100
AcDbText
 73
2
  0
LINE
  5
600
330
17
100
AcDbEntity
  8
A-COCINA
  6
OCULTA
100
AcDbLine
 10
11.7
 20
3.2
 30
0.0
 11
12.3
 21
3.8
 31
0.0
  0
TEXT
  5
601
330
17
100
AcDbEntity
  8
A-TEXTO
100
AcDbText
 10
12.0
 20
3.5
 30
0.0
 40
0.07
  1
DESPENSA
 50
90.0
  7
A-TEXTO
 72
1
 11
12.0
 21
3.5
 31
0.0
100
AcDbText
 73
2
  0
LINE
  5
602
330
17
100
AcDbEntity
  8
A-COCINA
  6
OCULTA
100
AcDbLine
 10
11.7
 20
3.8
 30
0.0
 11
12.3
 21
4.4
 31
0.0
  0
TEXT
  5
603
330
17
100
AcDbEntity
  8
A-TEXTO
100
AcDbText
 10
12.0
 20
4.1
 30
0.0
 40
0.07
  1
ESCOBERO
 50
90.0
  7
A-TEXTO
 72
1
 11
12.0
 21
4.1
 31
0.0
100
AcDbText
 73
2
  0
LWPOLYLINE
  5
604
330
17
100
AcDbEntity
  8
A-SANITARIOS
100
AcDbPolyline
 90
4
 70
1
 10
12.72
 20
3.62
 10
13.1
 20
3.62
 10
13.1
 20
3.8
 10
12.72
 20
3.8
  0
ELLIPSE
  5
605
330
17
100
AcDbEntity
  8
A-SANITARIOS
100
AcDbEllipse
 10
12.91
 20
3.35
 30
0.0
 11
0.0
 21
0.26
 31
0.0
 40
0.6923076923076923
 41
0.0
 42
6.283185307179586
  0
LWPOLYLINE
  5
606
330
17
100
AcDbEntity
  8
A-SANITARIOS
100
AcDbPolyline
 90
4
 70
1
 10
12.95
 20
2.15
 10
13.4
 20
2.15
 10
13.4
 20
2.75
 10
12.95
 20
2.75
  0
ELLIPSE
  5
607
330
17
100
AcDbEntity
  8
A-SANITARIOS
100
AcDbEllipse
 10
13.18
 20
2.45
 30
0.0
 11
0.0
 21
0.2
 31
0.0
 40
0.75
 41
0.0
 42
6.283185307179586
  0
LWPOLYLINE
  5
608
330
17
100
AcDbEntity
  8
A-MOBILIARIO
100
AcDbPolyline
 90
4
 70
1
 10
11.8
 20
0.3
 10
12.95
 20
0.3
 10
12.95
 20
0.7
 10
11.8
 20
0.7
  0
TEXT
  5
609
330
17
100
AcDbEntity
  8
A-TEXTO
100
AcDbText
 10
12.37
 20
0.5
 30
0.0
 40
0.08
  1
BANCO
  7
A-TEXTO
 72
1
 11
12.37
 21
0.5
 31
0.0
100
AcDbText
 73
2
  0
LWPOLYLINE
  5
60A
330
17
100
AcDbEntity
  8
A-SANEAMIENTO
  6
CONTINUOUS
100
AcDbPolyline
 90
4
 70
1
 10
13.05
 20
0.3
 10
13.4
 20
0.3
 10
13.4
 20
0.65
 10
13.05
 20
0.65
  0
CIRCLE
  5
60B
330
17
100
AcDbEntity
  8
A-SANEAMIENTO
  6
CONTINUOUS
100
AcDbCircle
 10
13.22
 20
0.47
 30
0.0
 40
0.06
  0
LWPOLYLINE
  5
60C
330
17
100
AcDbEntity
  8
A-SANEAMIENTO
  6
CONTINUOUS
100
AcDbPolyline
 90
4
 70
1
 10
0.3
 20
0.3
 10
0.65
 20
0.3
 10
0.65
 20
0.65
 10
0.3
 20
0.65
  0
CIRCLE
  5
60D
330
17
100
AcDbEntity
  8
A-SANEAMIENTO
  6
CONTINUOUS
100
AcDbCircle
 10
0.47
 20
0.47
 30
0.0
 40
0.06
  0
LWPOLYLINE
  5
60E
330
17
100
AcDbEntity
  8
A-COCINA
100
AcDbPolyline
 90
4
 70
1
 10
14.9
 20
4.9
 10
15.6
 20
4.9
 10
15.6
 20
5.6
 10
14.9
 20
5.6
  0
CIRCLE
  5
60F
330
17
100
AcDbEntity
  8
A-COCINA
100
AcDbCircle
 10
15.25
 20
5.25
 30
0.0
 40
0.28
  0
TEXT
  5
610
330
17
100
AcDbEntity
  8
A-TEXTO
100
AcDbText
 10
15.25
 20
4.78
 30
0.0
 40
0.07
  1
AEROTERMIA
  7
A-TEXTO
 72
1
 11
15.25
 21
4.78
 31
0.0
100
AcDbText
 73
2
  0
LWPOLYLINE
  5
611
330
17
100
AcDbEntity
  8
A-COCINA
100
AcDbPolyline
 90
4
 70
1
 10
15.7
 20
4.95
 10
16.35
 20
4.95
 10
16.35
 20
5.6
 10
15.7
 20
5.6
  0
CIRCLE
  5
612
330
17
100
AcDbEntity
  8
A-COCINA
100
AcDbCircle
 10
16.02
 20
5.27
 30
0.0
 40
0.24
  0
TEXT
  5
613
330
17
100
AcDbEntity
  8
A-TEXTO
100
AcDbText
 10
16.02
 20
4.83
 30
0.0
 40
0.07
  1
LAV+SEC
  7
A-TEXTO
 72
1
 11
16.02
 21
4.83
 31
0.0
100
AcDbText
 73
2
  0
LWPOLYLINE
  5
614
330
17
100
AcDbEntity
  8
A-COCINA
100
AcDbPolyline
 90
4
 70
1
 10
16.45
 20
5.0
 10
17.7
 20
5.0
 10
17.7
 20
5.6
 10
16.45
 20
5.6
  0
LWPOLYLINE
  5
615
330
17
100
AcDbEntity
  8
A-COCINA
100
AcDbPolyline
 90
4
 70
1
 10
17.0
 20
5.07
 10
17.6
 20
5.07
 10
17.6
 20
5.53
 10
17.0
 20
5.53
  0
TEXT
  5
616
330
17
100
AcDbEntity
  8
A-TEXTO
100
AcDbText
 10
16.72
 20
5.3
 30
0.0
 40
0.08
  1
PILA
  7
A-TEXTO
 72
1
 11
16.72
 21
5.3
 31
0.0
100
AcDbText
 73
2
  0
LWPOLYLINE
  5
617
330
17
100
AcDbEntity
  8
A-SANEAMIENTO
100
AcDbPolyline
 90
3
 70
0
 10
12.91
 20
3.72
 10
13.95
 20
3.72
 10
13.95
 20
-0.6
  0
LWPOLYLINE
  5
618
330
17
100
AcDbEntity
  8
A-SANEAMIENTO
100
AcDbPolyline
 90
2
 70
0
 10
13.18
 20
2.5
 10
13.95
 20
2.5
  0
LWPOLYLINE
  5
619
330
17
100
AcDbEntity
  8
A-SANEAMIENTO
100
AcDbPolyline
 90
2
 70
0
 10
8.74
 20
0.45
 10
13.22
 20
0.45
  0
LWPOLYLINE
  5
61A
330
17
100
AcDbEntity
  8
A-SANEAMIENTO
100
AcDbPolyline
 90
3
 70
0
 10
13.22
 20
0.45
 10
13.22
 20
-0.4
 10
13.75
 20
-0.6
  0
LWPOLYLINE
  5
61B
330
17
100
AcDbEntity
  8
A-SANEAMIENTO
100
AcDbPolyline
 90
5
 70
0
 10
17.4
 20
5.3
 10
17.55
 20
5.3
 10
17.55
 20
0.3
 10
16.4
 20
-0.55
 10
14.15
 20
-0.6
  0
LWPOLYLINE
  5
61C
330
17
100
AcDbEntity
  8
A-SANEAMIENTO
  6
CONTINUOUS
100
AcDbPolyline
 90
4
 70
1
 10
13.75
 20
-0.8
 10
14.15
 20
-0.8
 10
14.15
 20
-0.4
 10
13.75
 20
-0.4
  0
LINE
  5
61D
330
17
100
AcDbEntity
  8
A-SANEAMIENTO
  6
CONTINUOUS
100
AcDbLine
 10
13.75
 20
-0.8
 30
0.0
 11
14.15
 21
-0.4
 31
0.0
  0
LINE
  5
61E
330
17
100
AcDbEntity
  8
A-SANEAMIENTO
  6
CONTINUOUS
100
AcDbLine
 10
13.75
 20
-0.4
 30
0.0
 11
14.15
 21
-0.8
 31
0.0
  0
TEXT
  5
61F
330
17
100
AcDbEntity
  8
A-SANEAMIENTO
100
AcDbText
 10
13.95
 20
-0.95
 30
0.0
 40
0.08
  1
ARQUETA
  7
A-TEXTO
 72
1
 11
13.95
 21
-0.95
 31
0.0
100
AcDbText
 73
2
  0
TEXT
  5
620
330
17
100
AcDbEntity
  8
A-TEXTO
100
AcDbText
 10
2.15
 20
3.95
 30
0.0
 40
0.14
  1
SALÓN
  7
A-TEXTO
 72
1
 11
2.15
 21
3.95
 31
0.0
100
AcDbText
 73
2
  0
TEXT
  5
621
330
17
100
AcDbEntity
  8
A-TEXTO
100
AcDbText
 10
7.0
 20
5.2
 30
0.0
 40
0.14
  1
COMEDOR
  7
A-TEXTO
 72
1
 11
7.0
 21
5.2
 31
0.0
100
AcDbText
 73
2
  0
TEXT
  5
622
330
17
100
AcDbEntity
  8
A-TEXTO
100
AcDbText
 10
9.8
 20
1.3
 30
0.0
 40
0.14
  1
COCINA
  7
A-TEXTO
 72
1
 11
9.8
 21
1.3
 31
0.0
100
AcDbText
 73
2
  0
TEXT
  5
623
330
17
100
AcDbEntity
  8
A-TEXTO
100
AcDbText
 10
5.25
 20
2.5
 30
0.0
 40
0.12
  1
RECIBIDOR
  7
A-TEXTO
 72
1
 11
5.25
 21
2.5
 31
0.0
100
AcDbText
 73
2
  0
TEXT
  5
624
330
17
100
AcDbEntity
  8
A-TEXTO
100
AcDbText
 10
10.5
 20
4.82
 30
0.0
 40
0.1
  1
ESCALERA
  7
A-TEXTO
 72
1
 11
10.5
 21
4.82
 31
0.0
100
AcDbText
 73
2
  0
TEXT
  5
625
330
17
100
AcDbEntity
  8
A-TEXTO
100
AcDbText
 10
10.5
 20
4.68
 30
0.0
 40
0.08
  1
1,50 m²
  7
A-TEXTO
 72
1
 11
10.5
 21
4.68
 31
0.0
100
AcDbText
 73
2
  0
TEXT
  5
626
330
17
100
AcDbEntity
  8
A-TEXTO
100
AcDbText
 10
12.7
 20
3.0
 30
0.0
 40
0.1
  1
ASEO
  7
A-TEXTO
 72
1
 11
12.7
 21
3.0
 31
0.0
100
AcDbText
 73
2
  0
TEXT
  5
627
330
17
100
AcDbEntity
  8
A-TEXTO
100
AcDbText
 10
12.7
 20
2.86
 30
0.0
 40
0.08
  1
1,90 m²
  7
A-TEXTO
 72
1
 11
12.7
 21
2.86
 31
0.0
100
AcDbText
 73
2
  0
TEXT
  5
628
330
17
100
AcDbEntity
  8
A-TEXTO
100
AcDbText
 10
12.62
 20
1.5
 30
0.0
 40
0.11
  1
VESTÍBULO
  7
A-TEXTO
 72
1
 11
12.62
 21
1.5
 31
0.0
100
AcDbText
 73
2
  0
TEXT
  5
629
330
17
100
AcDbEntity
  8
A-TEXTO
100
AcDbText
 10
12.62
 20
1.35
 30
0.0
 40
0.08
  1
2,55 m²
  7
A-TEXTO
 72
1
 11
12.62
 21
1.35
 31
0.0
100
AcDbText
 73
2
  0
TEXT
  5
62A
330
17
100
AcDbEntity
  8
A-TEXTO
100
AcDbText
 10
14.4
 20
5.4
 30
0.0
 40
0.14
  1
LAVADERO
  7
A-TEXTO
 72
1
 11
14.4
 21
5.4
 31
0.0
100
AcDbText
 73
2
  0
TEXT
  5
62B
330
17
100
AcDbEntity
  8
A-TEXTO
100
AcDbText
 10
14.4
 20
5.22
 30
0.0
 40
0.08
  1
5,40 m²
  7
A-TEXTO
 72
1
 11
14.4
 21
5.22
 31
0.0
100
AcDbText
 73
2
  0
TEXT
  5
62C
330
17
100
AcDbEntity
  8
A-TEXTO
100
AcDbText
 10
15.7
 20
2.5
 30
0.0
 40
0.14
  1
GARAJE / ALMACÉN
  7
A-TEXTO
 72
1
 11
15.7
 21
2.5
 31
0.0
100
AcDbText
 73
2
  0
TEXT
  5
62D
330
17
100
AcDbEntity
  8
A-TEXTO
100
AcDbText
 10
15.7
 20
2.32
 30
0.0
 40
0.08
  1
16,20 m²
  7
A-TEXTO
 72
1
 11
15.7
 21
2.32
 31
0.0
100
AcDbText
 73
2
  0
TEXT
  5
62E
330
17
100
AcDbEntity
  8
A-TEXTO
100
AcDbText
 10
7.0
 20
2.35
 30
0.0
 40
0.09
  1
SALÓN-COMEDOR-COCINA: 58,36 m²
  7
A-TEXTO
 72
1
 11
7.0
 21
2.35
 31
0.0
100
AcDbText
 73
2
  0
DIMENSION
  5
62F
330
17
100
AcDbEntity
  8
A-COTAS
100
AcDbDimension
280
0
  2
*D1
  3
COTAS
 10
0.0
 20
-1.4
 30
0.0
 11
2.4
 21
-1.315
 31
0.0
 70
32
 71
5
  1
<>
100
AcDbAlignedDimension
 13
0.0
 23
0.0
 33
0.0
 14
4.8
 24
0.0
 34
0.0
 50
0.0
100
AcDbRotatedDimension
  0
DIMENSION
  5
63E
330
17
100
AcDbEntity
  8
A-COTAS
100
AcDbDimension
280
0
  2
*D2
  3
COTAS
 10
4.8
 20
-1.4
 30
0.0
 11
5.25
 21
-1.315
 31
0.0
 70
32
 71
5
  1
<>
100
AcDbAlignedDimension
 13
4.8
 23
0.0
 33
0.0
 14
5.7
 24
0.0
 34
0.0
 50
0.0
100
AcDbRotatedDimension
  0
DIMENSION
  5
64D
330
17
100
AcDbEntity
  8
A-COTAS
100
AcDbDimension
280
0
  2
*D3
  3
COTAS
 10
5.7
 20
-1.4
 30
0.0
 11
7.1
 21
-1.315
 31
0.0
 70
32
 71
5
  1
<>
100
AcDbAlignedDimension
 13
5.7
 23
0.0
 33
0.0
 14
8.5
 24
0.0
 34
0.0
 50
0.0
100
AcDbRotatedDimension
  0
DIMENSION
  5
65C
330
17
100
AcDbEntity
  8
A-COTAS
100
AcDbDimension
280
0
  2
*D4
  3
COTAS
 10
8.5
 20
-1.4
 30
0.0
 11
8.9
 21
-1.315
 31
0.0
 70
32
 71
5
  1
<>
100
AcDbAlignedDimension
 13
8.5
 23
0.0
 33
0.0
 14
9.3
 24
0.0
 34
0.0
 50
0.0
100
AcDbRotatedDimension
  0
DIMENSION
  5
66B
330
17
100
AcDbEntity
  8
A-COTAS
100
AcDbDimension
280
0
  2
*D5
  3
COTAS
 10
9.3
 20
-1.4
 30
0.0
 11
11.5
 21
-1.315
 31
0.0
 70
32
 71
5
  1
<>
100
AcDbAlignedDimension
 13
9.3
 23
0.0
 33
0.0
 14
13.7
 24
0.0
 34
0.0
 50
0.0
100
AcDbRotatedDimension
  0
DIMENSION
  5
67A
330
17
100
AcDbEntity
  8
A-COTAS
100
AcDbDimension
280
0
  2
*D6
  3
COTAS
 10
13.7
 20
-1.4
 30
0.0
 11
15.799999999999999
 21
-1.315
 31
0.0
 70
32
 71
5
  1
<>
100
AcDbAlignedDimension
 13
13.7
 23
0.0
 33
0.0
 14
17.9
 24
0.0
 34
0.0
 50
0.0
100
AcDbRotatedDimension
  0
DIMENSION
  5
689
330
17
100
AcDbEntity
  8
A-COTAS
100
AcDbDimension
280
0
  2
*D7
  3
COTAS
 10
0.0
 20
-1.85
 30
0.0
 11
6.85
 21
-1.7650000000000001
 31
0.0
 70
32
 71
5
  1
<>
100
AcDbAlignedDimension
 13
0.0
 23
0.0
 33
0.0
 14
13.7
 24
0.0
 34
0.0
 50
0.0
100
AcDbRotatedDimension
  0
DIMENSION
  5
698
330
17
100
AcDbEntity
  8
A-COTAS
100
AcDbDimension
280
0
  2
*D8
  3
COTAS
 10
13.7
 20
-1.85
 30
0.0
 11
15.799999999999999
 21
-1.7650000000000001
 31
0.0
 70
32
 71
5
  1
<>
100
AcDbAlignedDimension
 13
13.7
 23
0.0
 33
0.0
 14
17.9
 24
0.0
 34
0.0
 50
0.0
100
AcDbRotatedDimension
  0
DIMENSION
  5
6A7
330
17
100
AcDbEntity
  8
A-COTAS
100
AcDbDimension
280
0
  2
*D9
  3
COTAS
 10
0.0
 20
6.4
 30
0.0
 11
1.5
 21
6.485
 31
0.0
 70
32
 71
5
  1
<>
100
AcDbAlignedDimension
 13
0.0
 23
5.8
 33
0.0
 14
3.0
 24
5.8
 34
0.0
 50
0.0
100
AcDbRotatedDimension
  0
DIMENSION
  5
6B6
330
17
100
AcDbEntity
  8
A-COTAS
100
AcDbDimension
280
0
  2
*D10
  3
COTAS
 10
3.0
 20
6.4
 30
0.0
 11
3.9
 21
6.485
 31
0.0
 70
32
 71
5
  1
<>
100
AcDbAlignedDimension
 13
3.0
 23
5.8
 33
0.0
 14
4.8
 24
5.8
 34
0.0
 50
0.0
100
AcDbRotatedDimension
  0
DIMENSION
  5
6C5
330
17
100
AcDbEntity
  8
A-COTAS
100
AcDbDimension
280
0
  2
*D11
  3
COTAS
 10
4.8
 20
6.4
 30
0.0
 11
6.699999999999999
 21
6.485
 31
0.0
 70
32
 71
5
  1
<>
100
AcDbAlignedDimension
 13
4.8
 23
5.8
 33
0.0
 14
8.6
 24
5.8
 34
0.0
 50
0.0
100
AcDbRotatedDimension
  0
DIMENSION
  5
6D4
330
17
100
AcDbEntity
  8
A-COTAS
100
AcDbDimension
280
0
  2
*D12
  3
COTAS
 10
8.6
 20
6.4
 30
0.0
 11
9.0
 21
6.485
 31
0.0
 70
32
 71
5
  1
<>
100
AcDbAlignedDimension
 13
8.6
 23
5.8
 33
0.0
 14
9.4
 24
5.8
 34
0.0
 50
0.0
100
AcDbRotatedDimension
  0
DIMENSION
  5
6E3
330
17
100
AcDbEntity
  8
A-COTAS
100
AcDbDimension
280
0
  2
*D13
  3
COTAS
 10
9.4
 20
6.4
 30
0.0
 11
11.55
 21
6.485
 31
0.0
 70
32
 71
5
  1
<>
100
AcDbAlignedDimension
 13
9.4
 23
5.8
 33
0.0
 14
13.7
 24
5.8
 34
0.0
 50
0.0
100
AcDbRotatedDimension
  0
DIMENSION
  5
6F2
330
17
100
AcDbEntity
  8
A-COTAS
100
AcDbDimension
280
0
  2
*D14
  3
COTAS
 10
-0.6
 20
0.0
 30
0.0
 11
-0.6849999999999999
 21
2.9
 31
0.0
 70
32
 71
5
  1
<>
100
AcDbAlignedDimension
 13
0.0
 23
0.0
 33
0.0
 14
0.0
 24
5.8
 34
0.0
 50
90.0
100
AcDbRotatedDimension
  0
DIMENSION
  5
701
330
17
100
AcDbEntity
  8
A-COTAS
100
AcDbDimension
280
0
  2
*D15
  3
COTAS
 10
18.5
 20
0.0
 30
0.0
 11
18.415
 21
2.075
 31
0.0
 70
32
 71
5
  1
<>
100
AcDbAlignedDimension
 13
17.9
 23
0.0
 33
0.0
 14
17.9
 24
4.15
 34
0.0
 50
90.0
100
AcDbRotatedDimension
  0
DIMENSION
  5
710
330
17
100
AcDbEntity
  8
A-COTAS
100
AcDbDimension
280
0
  2
*D16
  3
COTAS
 10
18.5
 20
4.15
 30
0.0
 11
18.365
 21
4.2
 31
0.0
 70
32
 71
5
  1
<>
100
AcDbAlignedDimension
 13
17.9
 23
4.15
 33
0.0
 14
17.9
 24
4.25
 34
0.0
 50
90.0
100
AcDbRotatedDimension
  0
DIMENSION
  5
71F
330
17
100
AcDbEntity
  8
A-COTAS
100
AcDbDimension
280
0
  2
*D17
  3
COTAS
 10
18.5
 20
4.25
 30
0.0
 11
18.415
 21
5.025
 31
0.0
 70
32
 71
5
  1
<>
100
AcDbAlignedDimension
 13
17.9
 23
4.25
 33
0.0
 14
17.9
 24
5.8
 34
0.0
 50
90.0
100
AcDbRotatedDimension
  0
CIRCLE
  5
72E
330
17
100
AcDbEntity
  8
A-MEJORAS
100
AcDbCircle
 10
5.25
 20
0.6
 30
0.0
 40
0.16
  0
TEXT
  5
72F
330
17
100
AcDbEntity
  8
A-MEJORAS
100
AcDbText
 10
5.25
 20
0.6
 30
0.0
 40
0.16
  1
1
  7
A-TEXTO
 72
1
 11
5.25
 21
0.6
 31
0.0
100
AcDbText
 73
2
  0
CIRCLE
  5
730
330
17
100
AcDbEntity
  8
A-MEJORAS
100
AcDbCircle
 10
3.0
 20
3.45
 30
0.0
 40
0.16
  0
TEXT
  5
731
330
17
100
AcDbEntity
  8
A-MEJORAS
100
AcDbText
 10
3.0
 20
3.45
 30
0.0
 40
0.16
  1
2
  7
A-TEXTO
 72
1
 11
3.0
 21
3.45
 31
0.0
100
AcDbText
 73
2
  0
CIRCLE
  5
732
330
17
100
AcDbEntity
  8
A-MEJORAS
100
AcDbCircle
 10
5.25
 20
3.8
 30
0.0
 40
0.16
  0
TEXT
  5
733
330
17
100
AcDbEntity
  8
A-MEJORAS
100
AcDbText
 10
5.25
 20
3.8
 30
0.0
 40
0.16
  1
3
  7
A-TEXTO
 72
1
 11
5.25
 21
3.8
 31
0.0
100
AcDbText
 73
2
  0
CIRCLE
  5
734
330
17
100
AcDbEntity
  8
A-MEJORAS
100
AcDbCircle
 10
10.0
 20
3.5
 30
0.0
 40
0.16
  0
TEXT
  5
735
330
17
100
AcDbEntity
  8
A-MEJORAS
100
AcDbText
 10
10.0
 20
3.5
 30
0.0
 40
0.16
  1
4
  7
A-TEXTO
 72
1
 11
10.0
 21
3.5
 31
0.0
100
AcDbText
 73
2
  0
CIRCLE
  5
736
330
17
100
AcDbEntity
  8
A-MEJORAS
100
AcDbCircle
 10
7.5
 20
1.1
 30
0.0
 40
0.16
  0
TEXT
  5
737
330
17
100
AcDbEntity
  8
A-MEJORAS
100
AcDbText
 10
7.5
 20
1.1
 30
0.0
 40
0.16
  1
5
  7
A-TEXTO
 72
1
 11
7.5
 21
1.1
 31
0.0
100
AcDbText
 73
2
  0
CIRCLE
  5
738
330
17
100
AcDbEntity
  8
A-MEJORAS
100
AcDbCircle
 10
11.5
 20
4.2
 30
0.0
 40
0.16
  0
TEXT
  5
739
330
17
100
AcDbEntity
  8
A-MEJORAS
100
AcDbText
 10
11.5
 20
4.2
 30
0.0
 40
0.16
  1
6
  7
A-TEXTO
 72
1
 11
11.5
 21
4.2
 31
0.0
100
AcDbText
 73
2
  0
CIRCLE
  5
73A
330
17
100
AcDbEntity
  8
A-MEJORAS
100
AcDbCircle
 10
12.0
 20
1.05
 30
0.0
 40
0.16
  0
TEXT
  5
73B
330
17
100
AcDbEntity
  8
A-MEJORAS
100
AcDbText
 10
12.0
 20
1.05
 30
0.0
 40
0.16
  1
7
  7
A-TEXTO
 72
1
 11
12.0
 21
1.05
 31
0.0
100
AcDbText
 73
2
  0
CIRCLE
  5
73C
330
17
100
AcDbEntity
  8
A-MEJORAS
100
AcDbCircle
 10
12.97
 20
2.05
 30
0.0
 40
0.16
  0
TEXT
  5
73D
330
17
100
AcDbEntity
  8
A-MEJORAS
100
AcDbText
 10
12.97
 20
2.05
 30
0.0
 40
0.16
  1
8
  7
A-TEXTO
 72
1
 11
12.97
 21
2.05
 31
0.0
100
AcDbText
 73
2
  0
CIRCLE
  5
73E
330
17
100
AcDbEntity
  8
A-MEJORAS
100
AcDbCircle
 10
16.9
 20
4.7
 30
0.0
 40
0.16
  0
TEXT
  5
73F
330
17
100
AcDbEntity
  8
A-MEJORAS
100
AcDbText
 10
16.9
 20
4.7
 30
0.0
 40
0.16
  1
9
  7
A-TEXTO
 72
1
 11
16.9
 21
4.7
 31
0.0
100
AcDbText
 73
2
  0
TEXT
  5
740
330
17
100
AcDbEntity
  8
A-TEXTO
100
AcDbText
 10
0.0
 20
-3.0
 30
0.0
 40
0.3
  1
PLANTA BAJA - PROPUESTA OPTIMIZADA
  7
A-TEXTO
 11
0.0
 21
-3.0
 31
0.0
100
AcDbText
  0
TEXT
  5
741
330
17
100
AcDbEntity
  8
A-TEXTO
100
AcDbText
 10
0.0
 20
-3.45
 30
0.0
 40
0.12
  1
Redibujada a partir de una captura: cotas aproximadas (escala estimada con el mobiliario). Ajustar con las medidas reales antes de usar.
  7
A-TEXTO
 11
0.0
 21
-3.45
 31
0.0
100
AcDbText
  0
TEXT
  5
742
330
17
100
AcDbEntity
  8
A-TEXTO
100
AcDbText
 10
0.0
 20
-3.9
 30
0.0
 40
0.12
  1
1  Entrada: puerta abriendo hacia dentro, recibidor con armario 140x60 y consola que separa el salón.
  7
A-TEXTO
 11
0.0
 21
-3.9
 31
0.0
100
AcDbText
  0
TEXT
  5
743
330
17
100
AcDbEntity
  8
A-TEXTO
100
AcDbText
 10
0.0
 20
-4.16
 30
0.0
 40
0.12
  1
2  Salón: sofá en L orientado a la TV (2,6 m) y butaca hacia la chimenea; paso libre de 1,3 m desde la entrada.
  7
A-TEXTO
 11
0.0
 21
-4.16
 31
0.0
100
AcDbText
  0
TEXT
  5
744
330
17
100
AcDbEntity
  8
A-TEXTO
100
AcDbText
 10
0.0
 20
-4.42
 30
0.0
 40
0.12
  1
3  Comedor 8 plazas (240x100) separado 60 cm del muro trasero: antes las sillas quedaban pegadas a la pared.
  7
A-TEXTO
 11
0.0
 21
-4.42
 31
0.0
100
AcDbText
  0
TEXT
  5
745
330
17
100
AcDbEntity
  8
A-TEXTO
100
AcDbText
 10
0.0
 20
-4.68
 30
0.0
 40
0.12
  1
4  Cocina en L + isla: fregadero bajo ventana, placa y columnas; pasillos de 90-100 cm; barra de 3 taburetes hacia el comedor.
  7
A-TEXTO
 11
0.0
 21
-4.68
 31
0.0
100
AcDbText
  0
TEXT
  5
746
330
17
100
AcDbEntity
  8
A-TEXTO
100
AcDbText
 10
0.0
 20
-4.94
 30
0.0
 40
0.12
  1
5  Vinoteca bajo encimera en el extremo de la cocina más cercano al comedor.
  7
A-TEXTO
 11
0.0
 21
-4.94
 31
0.0
100
AcDbText
  0
TEXT
  5
747
330
17
100
AcDbEntity
  8
A-TEXTO
100
AcDbText
 10
0.0
 20
-5.2
 30
0.0
 40
0.12
  1
6  Columnas de frigorífico, horno+micro, despensa y escobero en lugar de la despensa con puertas plegables.
  7
A-TEXTO
 11
0.0
 21
-5.2
 31
0.0
100
AcDbText
  0
TEXT
  5
748
330
17
100
AcDbEntity
  8
A-TEXTO
100
AcDbText
 10
0.0
 20
-5.46
 30
0.0
 40
0.12
  1
7  Vestíbulo de servicio con banco: la puerta del garaje ya no choca con la encimera ni con la bajante (recomendado EI2 45-C5).
  7
A-TEXTO
 11
0.0
 21
-5.46
 31
0.0
100
AcDbText
  0
TEXT
  5
749
330
17
100
AcDbEntity
  8
A-TEXTO
100
AcDbText
 10
0.0
 20
-5.72
 30
0.0
 40
0.12
  1
8  Aseo con puerta corredera empotrada al vestíbulo (en el plano original no tenía acceso).
  7
A-TEXTO
 11
0.0
 21
-5.72
 31
0.0
100
AcDbText
  0
TEXT
  5
74A
330
17
100
AcDbEntity
  8
A-TEXTO
100
AcDbText
 10
0.0
 20
-5.98
 30
0.0
 40
0.12
  1
9  Lavadero: lavadora+secadora en columna, pila con encimera y espacio de mantenimiento para la aerotermia.
  7
A-TEXTO
 11
0.0
 21
-5.98
 31
0.0
100
AcDbText
  0
TEXT
  5
74B
330
17
100
AcDbEntity
  8
A-TEXTO
100
AcDbText
 10
0.0
 20
-6.34
 30
0.0
 40
0.12
  1
Escalera existente sin cambios: comprobar número de peldaños y altura libre del aseo bajo el tramo superior.
  7
A-TEXTO
 11
0.0
 21
-6.34
 31
0.0
100
AcDbText
  0
TEXT
  5
74C
330
17
100
AcDbEntity
  8
A-TEXTO
100
AcDbText
 10
0.0
 20
-6.6
 30
0.0
 40
0.12
  1
Garaje: fondo útil aprox. 4,0 m (solo coche pequeño); comprobar con medidas reales.
  7
A-TEXTO
 11
0.0
 21
-6.6
 31
0.0
100
AcDbText
  0
ENDSEC
  0
SECTION
  2
OBJECTS
  0
DICTIONARY
  5
A
330
0
100
AcDbDictionary
281
1
  3
ACAD_COLOR
350
B
  3
ACAD_GROUP
350
C
  3
ACAD_LAYOUT
350
D
  3
ACAD_MATERIAL
350
E
  3
ACAD_MLEADERSTYLE
350
F
  3
ACAD_MLINESTYLE
350
10
  3
ACAD_PLOTSETTINGS
350
11
  3
ACAD_PLOTSTYLENAME
350
12
  3
ACAD_SCALELIST
350
14
  3
ACAD_TABLESTYLE
350
15
  3
ACAD_VISUALSTYLE
350
16
  3
EZDXF_META
350
2D
  0
DICTIONARY
  5
B
330
A
100
AcDbDictionary
281
1
  0
DICTIONARY
  5
C
330
A
100
AcDbDictionary
281
1
  0
DICTIONARY
  5
D
330
A
100
AcDbDictionary
281
1
  3
Model
350
1A
  3
Layout1
350
1E
  0
DICTIONARY
  5
E
330
A
100
AcDbDictionary
281
1
  3
ByBlock
350
1F
  3
ByLayer
350
20
  3
Global
350
21
  0
DICTIONARY
  5
F
330
A
100
AcDbDictionary
281
1
  3
Standard
350
2C
  0
DICTIONARY
  5
10
330
A
100
AcDbDictionary
281
1
  3
Standard
350
22
  0
DICTIONARY
  5
11
330
A
100
AcDbDictionary
281
1
  0
ACDBDICTIONARYWDFLT
  5
12
330
A
100
AcDbDictionary
281
1
  3
Normal
350
13
100
AcDbDictionaryWithDefault
340
13
  0
ACDBPLACEHOLDER
  5
13
330
12
  0
DICTIONARY
  5
14
330
A
100
AcDbDictionary
281
1
  0
DICTIONARY
  5
15
330
A
100
AcDbDictionary
281
1
  0
DICTIONARY
  5
16
330
A
100
AcDbDictionary
281
1
  0
LAYOUT
  5
1A
330
D
100
AcDbPlotSettings
  1

  4
A3
  6

 40
7.5
 41
20.0
 42
7.5
 43
20.0
 44
420.0
 45
297.0
 46
0.0
 47
0.0
 48
0.0
 49
0.0
140
0.0
141
0.0
142
1.0
143
1.0
 70
1024
 72
1
 73
0
 74
5
  7

 75
16
 76
0
 77
2
 78
300
147
1.0
148
0.0
149
0.0
100
AcDbLayout
  1
Model
 70
1
 71
0
 10
0.0
 20
0.0
 11
420.0
 21
297.0
 12
0.0
 22
0.0
 32
0.0
 14
1e+20
 24
1e+20
 34
1e+20
 15
-1e+20
 25
-1e+20
 35
-1e+20
146
0.0
 13
0.0
 23
0.0
 33
0.0
 16
1.0
 26
0.0
 36
0.0
 17
0.0
 27
1.0
 37
0.0
 76
1
330
17
  0
LAYOUT
  5
1E
330
D
100
AcDbPlotSettings
  1

  4
A3
  6

 40
7.5
 41
20.0
 42
7.5
 43
20.0
 44
420.0
 45
297.0
 46
0.0
 47
0.0
 48
0.0
 49
0.0
140
0.0
141
0.0
142
1.0
143
1.0
 70
0
 72
1
 73
0
 74
5
  7

 75
16
 76
0
 77
2
 78
300
147
1.0
148
0.0
149
0.0
100
AcDbLayout
  1
Layout1
 70
1
 71
1
 10
0.0
 20
0.0
 11
420.0
 21
297.0
 12
0.0
 22
0.0
 32
0.0
 14
1e+20
 24
1e+20
 34
1e+20
 15
-1e+20
 25
-1e+20
 35
-1e+20
146
0.0
 13
0.0
 23
0.0
 33
0.0
 16
1.0
 26
0.0
 36
0.0
 17
0.0
 27
1.0
 37
0.0
 76
1
330
1B
  0
MATERIAL
  5
1F
102
{ACAD_REACTORS
330
E
102
}
330
E
100
AcDbMaterial
  1
ByBlock
  2

 70
0
 40
1.0
 71
1
 41
1.0
 91
-1023410177
 42
1.0
 72
1
  3

 73
1
 74
1
 75
1
 44
0.5
 73
0
 45
1.0
 46
1.0
 77
1
  4

 78
1
 79
1
170
1
 48
1.0
171
1
  6

172
1
173
1
174
1
140
1.0
141
1.0
175
1
  7

176
1
177
1
178
1
143
1.0
179
1
  8

270
1
271
1
272
1
145
1.0
146
1.0
273
1
  9

274
1
275
1
276
1
 42
1.0
 72
1
  3

 73
1
 74
1
 75
1
 94
63
  0
MATERIAL
  5
20
102
{ACAD_REACTORS
330
E
102
}
330
E
100
AcDbMaterial
  1
ByLayer
  2

 70
0
 40
1.0
 71
1
 41
1.0
 91
-1023410177
 42
1.0
 72
1
  3

 73
1
 74
1
 75
1
 44
0.5
 73
0
 45
1.0
 46
1.0
 77
1
  4

 78
1
 79
1
170
1
 48
1.0
171
1
  6

172
1
173
1
174
1
140
1.0
141
1.0
175
1
  7

176
1
177
1
178
1
143
1.0
179
1
  8

270
1
271
1
272
1
145
1.0
146
1.0
273
1
  9

274
1
275
1
276
1
 42
1.0
 72
1
  3

 73
1
 74
1
 75
1
 94
63
  0
MATERIAL
  5
21
102
{ACAD_REACTORS
330
E
102
}
330
E
100
AcDbMaterial
  1
Global
  2

 70
0
 40
1.0
 71
1
 41
1.0
 91
-1023410177
 42
1.0
 72
1
  3

 73
1
 74
1
 75
1
 44
0.5
 73
0
 45
1.0
 46
1.0
 77
1
  4

 78
1
 79
1
170
1
 48
1.0
171
1
  6

172
1
173
1
174
1
140
1.0
141
1.0
175
1
  7

176
1
177
1
178
1
143
1.0
179
1
  8

270
1
271
1
272
1
145
1.0
146
1.0
273
1
  9

274
1
275
1
276
1
 42
1.0
 72
1
  3

 73
1
 74
1
 75
1
 94
63
  0
MLINESTYLE
  5
22
102
{ACAD_REACTORS
330
10
102
}
330
10
100
AcDbMlineStyle
  2
Standard
 70
0
  3

 62
256
 51
90.0
 52
90.0
 71
2
 49
0.5
 62
256
  6
BYLAYER
 49
-0.5
 62
256
  6
BYLAYER
  0
MLEADERSTYLE
  5
2C
102
{ACAD_REACTORS
330
F
102
}
330
F
100
AcDbMLeaderStyle
179
2
170
2
171
1
172
0
 90
2
 40
0.0
 41
0.0
173
1
 91
-1056964608
 92
-2
290
1
 42
2.0
291
1
 43
8.0
  3
Standard
 44
4.0
300

342
29
174
1
175
1
176
0
178
1
 93
-1056964608
 45
4.0
292
0
297
0
 46
4.0
 94
-1056964608
 47
1.0
 49
1.0
140
1.0
294
1
141
0.0
177
0
142
1.0
295
0
296
0
143
3.75
271
0
272
9
273
9
  0
DICTIONARY
  5
2D
330
A
100
AcDbDictionary
280
1
281
1
  3
CREATED_BY_EZDXF
350
2E
  3
WRITTEN_BY_EZDXF
350
750
  0
DICTIONARYVAR
  5
2E
330
2D
100
DictionaryVariables
280
0
  1
1.4.4 @ 2026-09-24T14:14:31.825965+00:00
  0
DICTIONARYVAR
  5
750
330
2D
100
DictionaryVariables
280
0
  1
1.4.4 @ 2026-09-24T14:14:32.740668+00:00
  0
ENDSEC
  0
EOF
